time,x,y,z,vx,vy,vz,Fx,Fy,Fz,min_contact_distance,mechanical_energy,base_load,left_edge_load,right_edge_load
8.004999999999672378e-01,1.980247619858251616e-03,7.977818593238229393e-04,2.341333175491274593e-02,3.999335585300415552e+00,2.806343323801494829e-04,1.663319268135247594e-02,-4.517877085792685676e+01,1.499554660191719080e+01,8.232314750838302189e+02,-2.546978724202401262e-04,1.623035017464354155e+02,0.000000000000000000e+00,0.000000000000000000e+00,8.232314750838302189e+02
8.054999999999666871e-01,2.196910073436150052e-02,8.088557465714676584e-04,2.368190703594139079e-02,3.997808747385685368e+00,1.695789259051500584e-03,4.445090661482947042e-02,0.000000000000000000e+00,0.000000000000000000e+00,0.000000000000000000e+00,0.000000000000000000e+00,1.619441083825997509e+02,0.000000000000000000e+00,0.000000000000000000e+00,0.000000000000000000e+00
8.104999999999661364e-01,4.195868919619365200e-02,8.138251873779937719e-04,2.378534621808490665e-02,3.999096051863402224e+00,2.650612801496402340e-03,2.391615400491328182e-03,-4.027360947908253053e+00,1.564479581794087615e+01,3.421651865533206660e+01,-7.400609397825003676e-05,1.618869968561328960e+02,0.000000000000000000e+00,0.000000000000000000e+00,3.421651865533206660e+01
8.154999999999655858e-01,6.195594248019411360e-02,8.436959948681221205e-04,2.369563134982344971e-02,3.999592184075817070e+00,7.730168898323947282e-03,-3.512899407950530184e-02,-5.905694888472277526e+00,3.165361793014321989e+01,7.530357178208478786e+01,-8.451178047824345341e-05,1.618146228740791344e+02,0.000000000000000000e+00,0.000000000000000000e+00,7.530357178208478786e+01
8.204999999999650351e-01,8.195463743620771957e-02,9.008304917707639012e-04,2.343166758447710885e-02,3.999410054771814771e+00,1.278479890574987093e-02,-4.807367419967487066e-02,-5.045337606203454328e+01,4.577053295785383114e+01,9.735152242785138696e+02,-4.365220939758253371e-05,1.617360601825785693e+02,0.000000000000000000e+00,0.000000000000000000e+00,9.735152242785138696e+02
8.254999999999644844e-01,1.019232746505561726e-01,9.350960251805210321e-04,2.359280682907690524e-02,3.992398476157561493e+00,4.748639594897284023e-03,5.136394367241228776e-02,-1.956406243518892030e+00,7.056461474216622065e+00,1.813600312022595062e+01,-5.251291404873557368e-05,1.610536647528772392e+02,0.000000000000000000e+00,0.000000000000000000e+00,1.813600312022595062e+01
8.304999999999639337e-01,1.218854344832531605e-01,9.726397760986990560e-04,2.374171146985733921e-02,3.991980770543767765e+00,1.073967741082621288e-02,1.299234545598168186e-02,-6.406212987826740424e+00,2.761398038382699482e+01,8.351059637283537995e+01,-5.022116662519587882e-05,1.609895208833447668e+02,0.000000000000000000e+00,0.000000000000000000e+00,8.351059637283537995e+01
8.354999999999633831e-01,1.418483343493852078e-01,1.024491343284871002e-03,2.369410424598552417e-02,3.992286803363082726e+00,1.219977289749010763e-02,-2.681923625552491003e-02,-4.683345490121649135e+00,3.131740062820924919e+01,7.363608840968879576e+01,-1.401759229281394903e-04,1.609389231605588861e+02,0.000000000000000000e+00,0.000000000000000000e+00,7.363608840968879576e+01
8.404999999999628324e-01,1.618073932143591631e-01,1.111329745190512471e-03,2.346372857408831475e-02,3.992216013277597675e+00,1.774290042281667992e-02,-6.379239754532103901e-02,-1.311448838996178257e+00,3.419003831064324928e+00,1.471478085457912854e+01,-2.399367688584418123e-05,1.608682958809731076e+02,0.000000000000000000e+00,0.000000000000000000e+00,1.471478085457912854e+01
8.454999999999622817e-01,1.817359529803205809e-01,1.133694085317821145e-03,2.356844847163596171e-02,3.983110946115507645e+00,-1.280398128196561522e-03,4.213948732907812911e-02,-9.512401204524773002e-01,2.969331304398327820e+00,1.020859862755451175e+01,-1.484934676115965552e-05,1.602232284341867512e+02,0.000000000000000000e+00,0.000000000000000000e+00,1.020859862755451175e+01
8.504999999999617311e-01,2.016524302122769674e-01,1.134189474676225483e-03,2.366849698212243960e-02,3.983005981222193181e+00,1.514115591478799004e-03,2.229175612100316953e-03,0.000000000000000000e+00,0.000000000000000000e+00,0.000000000000000000e+00,0.000000000000000000e+00,1.601715434395449620e+02,0.000000000000000000e+00,0.000000000000000000e+00,0.000000000000000000e+00
8.554999999999611804e-01,2.215667745978110170e-01,1.151926109622066364e-03,2.357394626029242837e-02,3.982985245373293459e+00,4.681489428020172740e-03,-3.658029119700904885e-02,-1.008954938566540394e+00,-6.266153025936922916e+00,2.134194493784440283e+01,-1.206638516882546641e-05,1.601151922293294376e+02,0.000000000000000000e+00,0.000000000000000000e+00,2.134194493784440283e+01
8.604999999999606297e-01,2.414691170446886248e-01,1.164491346075895726e-03,2.350580455213279601e-02,3.977158646423069488e+00,-3.421963365411831957e-03,4.411051299583462759e-02,-3.492152696179502414e+01,-3.893387230829827672e+01,6.526876772616533344e+02,-1.609277783446924626e-05,1.596577881764377480e+02,0.000000000000000000e+00,0.000000000000000000e+00,6.526876772616533344e+02
8.654999999999600790e-01,2.613523550430585374e-01,1.148083096938162188e-03,2.360897157288779913e-02,3.976130978549007100e+00,-3.945574871314696912e-03,1.313538807780836740e-03,-2.408095027906512975e+00,-5.414537138099240643e+00,1.773148408825834110e+01,-4.658193552850055374e-05,1.595583691884405368e+02,0.000000000000000000e+00,0.000000000000000000e+00,1.773148408825834110e+01
8.704999999999595284e-01,2.812318073609823554e-01,1.130326819212175383e-03,2.350267862531313021e-02,3.975512534365819750e+00,-3.665933836811991788e-03,-3.982053809023339969e-02,-2.393946498163093572e+00,-4.846076039469766172e+00,1.854094362665536977e+01,-9.208036407879166378e-05,1.594978013970625170e+02,0.000000000000000000e+00,0.000000000000000000e+00,1.854094362665536977e+01
8.754999999999589777e-01,3.010910802430492028e-01,1.067160126090050450e-03,2.354977227987753788e-02,3.970629948682374177e+00,-1.689867845988662215e-02,1.931078112924297999e-02,0.000000000000000000e+00,0.000000000000000000e+00,0.000000000000000000e+00,0.000000000000000000e+00,1.590471369887204673e+02,0.000000000000000000e+00,0.000000000000000000e+00,0.000000000000000000e+00
8.804999999999584270e-01,3.209413347200384958e-01,9.781872749549404798e-04,2.352790054441821627e-02,3.969110159928980419e+00,-1.799701365933883968e-02,-2.358958429661257503e-02,-4.840959731671470756e+00,-1.360807961868831839e+01,4.554287527258362189e+01,-8.087034475744506179e-05,1.589937471595195859e+02,0.000000000000000000e+00,0.000000000000000000e+00,4.554287527258362189e+01
8.854999999999578764e-01,3.407779436133214213e-01,8.560526378521311893e-04,2.352103473861218846e-02,3.965519234214387012e+00,-2.957122489566562512e-02,1.537233437125815928e-02,-3.101108806722995048e+00,-8.965572760119467688e+00,2.877422100763661916e+01,-1.064190623935130572e-04,1.586291423684433539e+02,0.000000000000000000e+00,0.000000000000000000e+00,2.877422100763661916e+01
8.904999999999573257e-01,3.606017813172099906e-01,7.060397265456950198e-04,2.347984714099778103e-02,3.964596006401137185e+00,-3.130460017018742158e-02,-2.737155825382451418e-02,0.000000000000000000e+00,0.000000000000000000e+00,0.000000000000000000e+00,0.000000000000000000e+00,1.585635650442747533e+02,0.000000000000000000e+00,0.000000000000000000e+00,0.000000000000000000e+00
8.954999999999567750e-01,3.804092529843036141e-01,5.055160021992633574e-04,2.350426001738381565e-02,3.960564267336321720e+00,-4.152110007643025624e-02,-8.574228990023280081e-03,0.000000000000000000e+00,0.000000000000000000e+00,0.000000000000000000e+00,0.000000000000000000e+00,1.582534630857473132e+02,0.000000000000000000e+00,0.000000000000000000e+00,0.000000000000000000e+00
9.004999999999562244e-01,4.002034320782381083e-01,2.619123511644124314e-04,2.352735431394111301e-02,3.956906300157924328e+00,-5.306164370427689236e-02,9.291205688928581147e-03,-4.467978078360229865e+00,-1.075315524135799627e+01,2.598180158504332482e+01,-1.079866576843366982e-04,1.579620155723471555e+02,0.000000000000000000e+00,0.000000000000000000e+00,2.598180158504332482e+01
9.054999999999556737e-01,4.199859886236771978e-01,-1.632444676212186342e-05,2.348793629146630341e-02,3.955111410578806552e+00,-6.284033257560386887e-02,8.913779784037347345e-03,-4.933252078872358481e+01,-1.372819588023085657e+02,8.179597354716214568e+02,-7.043982120012422590e-05,1.578132269862015278e+02,0.000000000000000000e+00,0.000000000000000000e+00,8.179597354716214568e+02
9.104999999999551230e-01,4.397505709341026914e-01,-3.527185283142848099e-04,2.351109216232785681e-02,3.952748501674449688e+00,-6.824963943191429683e-02,-1.483979252748703244e-02,-1.144319972853325540e+00,-1.000808514848493047e+01,1.955739170376588731e+01,-1.140983478014742300e-04,1.575984749733639489e+02,0.000000000000000000e+00,0.000000000000000000e+00,1.955739170376588731e+01
9.154999999999545723e-01,4.595015429116972028e-01,-7.422874508796981638e-04,2.354750217780863034e-02,3.947438395405555411e+00,-8.557049296300971164e-02,2.415476554086991648e-02,-4.780414253125346846e+00,-1.068626645985058232e+01,2.743870152184885569e+01,-6.807321827629470024e-05,1.572071763482327071e+02,0.000000000000000000e+00,0.000000000000000000e+00,2.743870152184885569e+01
9.204999999999540217e-01,4.792376845269091246e-01,-1.176399495860758334e-03,2.354930086487468099e-02,3.946661363715803450e+00,-8.713400136956431230e-02,-1.897006738305478946e-02,-5.368181534914841180e+00,-2.030490569341012375e+01,5.475023003354763773e+01,-8.181246612940992757e-05,1.571474227620864212e+02,0.000000000000000000e+00,0.000000000000000000e+00,5.475023003354763773e+01
9.254999999999534710e-01,4.989596229687864870e-01,-1.654009043941819489e-03,2.350147927475104009e-02,3.940231059064966956e+00,-1.118503285293914046e-01,4.325896033884180092e-02,-5.115670111051250757e+01,-1.549340107621503080e+02,7.331391832037643326e+02,-5.037021811006158097e-05,1.567173717163981053e+02,0.000000000000000000e+00,0.000000000000000000e+00,7.331391832037643326e+02
9.304999999999529203e-01,5.186589666430679868e-01,-2.217812263673713934e-03,2.359781069099760320e-02,3.939363661031765940e+00,-1.136477192420454335e-01,-1.830252677900036493e-04,-1.205811665459342263e+00,-8.999918059230228806e+00,1.709624940424052397e+01,-2.634522991059283503e-05,1.565874348266655431e+02,0.000000000000000000e+00,0.000000000000000000e+00,1.709624940424052397e+01
9.354999999999523697e-01,5.383523005352257584e-01,-2.791668554691331249e-03,2.347914821169036839e-02,3.938418363199396310e+00,-1.157291711706280035e-01,-4.298252958424486625e-02,-2.035656532886118253e+00,-1.455735730497714897e+01,2.760151161340346704e+01,-2.111203743927585197e-05,1.565141773682772453e+02,0.000000000000000000e+00,0.000000000000000000e+00,2.760151161340346704e+01
9.404999999999518190e-01,5.580179772041242714e-01,-3.475751731230022727e-03,2.357982921348070193e-02,3.931809152183060707e+00,-1.425452096662154500e-01,2.056872229898185425e-02,0.000000000000000000e+00,0.000000000000000000e+00,0.000000000000000000e+00,0.000000000000000000e+00,1.559945483226659348e+02,0.000000000000000000e+00,0.000000000000000000e+00,0.000000000000000000e+00
9.454999999999512683e-01,5.776720784178559498e-01,-4.191973031879685403e-03,2.356450659875504797e-02,3.930408661891309663e+00,-1.442475541795654181e-01,-2.241325546278311390e-02,-1.495818969733578419e+00,-9.897581153863340475e+00,1.853178707849171758e+01,-1.421511374298176089e-05,1.559271199685052807e+02,0.000000000000000000e+00,0.000000000000000000e+00,1.853178707849171758e+01
9.504999999999507176e-01,5.973110220465279729e-01,-4.960091597222751093e-03,2.350449230338549564e-02,3.923270563425185209e+00,-1.729844033172778517e-01,4.318197874778902101e-02,-5.909422439817613082e+01,-1.847774450648684876e+02,7.541317961928901923e+02,-3.352789318708006283e-05,1.554486957069338473e+02,0.000000000000000000e+00,0.000000000000000000e+00,7.541317961928901923e+02
9.554999999999501670e-01,6.169234187581452700e-01,-5.828574366386771177e-03,2.360105892109052791e-02,3.921672511197247690e+00,-1.742426905570320650e-01,-7.055765055343064687e-05,-5.458161286395452727e+00,-1.622385242467672128e+01,4.367943030886206657e+01,-2.196348918464575972e-05,1.553091322604941240e+02,0.000000000000000000e+00,0.000000000000000000e+00,4.367943030886206657e+01
9.604999999999496163e-01,6.365288931147211615e-01,-6.706354996981241795e-03,2.348279476889923376e-02,3.920223061291101541e+00,-1.762998957084470908e-01,-4.288506615656450388e-02,-6.394340547542936903e+00,-1.833671232612266522e+01,4.379766479073840912e+01,-9.128847477682562606e-05,1.552337928570663053e+02,0.000000000000000000e+00,0.000000000000000000e+00,4.379766479073840912e+01
9.654999999999490656e-01,6.561043346573003365e-01,-7.699046412534749605e-03,2.353981389696419360e-02,3.913716312734924152e+00,-2.024872386782682887e-01,4.707853883399690763e-03,-4.982674205065617201e+00,-1.427338447363387886e+01,4.190156973886628577e+01,-5.760848990480835208e-05,1.547316487921073360e+02,0.000000000000000000e+00,0.000000000000000000e+00,4.190156973886628577e+01
9.704999999999485150e-01,6.756673244314550519e-01,-8.727538289989431736e-03,2.348038833080883306e-02,3.909504464695723769e+00,-2.180180837212717104e-01,8.558509780877474396e-03,-7.830297135165453426e+01,-2.363837003245550932e+02,8.754772025653477385e+02,-6.783358854421293015e-05,1.545373574229961662e+02,0.000000000000000000e+00,0.000000000000000000e+00,8.754772025653477385e+02
9.754999999999479643e-01,6.952035617734650952e-01,-9.852508285248326100e-03,2.351203676057083899e-02,3.906657545627515660e+00,-2.259799271869080417e-01,-1.297590029331591698e-02,-3.972524060047132544e+00,-1.147885608755940012e+01,3.521524666281173666e+01,-5.310582732740635852e-05,1.542633672409216956e+02,0.000000000000000000e+00,0.000000000000000000e+00,3.521524666281173666e+01
9.804999999999474136e-01,7.147186731975522234e-01,-1.104609719841651884e-02,2.353440441162116606e-02,3.900566487645676261e+00,-2.470991381567842204e-01,1.178369713206859314e-02,-5.197760894667672105e+00,-1.269808029008117245e+01,4.087887784311371320e+01,-4.858797171624273589e-05,1.538564841052037195e+02,0.000000000000000000e+00,0.000000000000000000e+00,4.087887784311371320e+01
9.854999999999468629e-01,7.342181010500355987e-01,-1.228671036276938675e-02,2.347501937841788011e-02,3.898777477109347522e+00,-2.486851988584593831e-01,-3.103931051969332708e-02,-7.202143579484977742e+00,-1.794878115583804146e+01,4.496195456782843536e+01,-1.149805460753244857e-05,1.537711264221213412e+02,0.000000000000000000e+00,0.000000000000000000e+00,4.496195456782843536e+01
9.904999999999463123e-01,7.536882682606048656e-01,-1.364604088488310593e-02,2.357646353709914877e-02,3.892376171736110280e+00,-2.758769764399236490e-01,1.365041425058998587e-02,-3.051596446636733351e+00,-1.446045055474180074e+01,2.594590714794942699e+01,-3.025541407232360328e-05,1.532638679586970909e+02,0.000000000000000000e+00,0.000000000000000000e+00,2.594590714794942699e+01
9.954999999999457616e-01,7.731446534804169435e-01,-1.503045129992066839e-02,2.352778243363322364e-02,3.890711153042522241e+00,-2.776702454233734851e-01,-2.893561175259439996e-02,-4.328818785711069594e+00,-1.498466831611819750e+01,4.648132253176567730e+01,-4.463178130346447114e-05,1.531864813370216041e+02,0.000000000000000000e+00,0.000000000000000000e+00,4.648132253176567730e+01
1.000499999999945322e+00,7.925712863809101227e-01,-1.650911525179029823e-02,2.353230845866632892e-02,3.881331023534665636e+00,-3.096497452409385787e-01,2.332936102888958155e-02,-2.790249559558626746e+00,-1.901572492233473355e+00,2.453256719478823555e+01,-8.025446404857569660e-06,1.525897686845018200e+02,0.000000000000000000e+00,0.000000000000000000e+00,2.453256719478823555e+01
1.005499999999944771e+00,8.119735993546783881e-01,-1.806121923154909575e-02,2.353105616576422685e-02,3.879741887526330757e+00,-3.111445771928071924e-01,-1.946183264572256405e-02,-4.750358687429470095e+00,-1.360141594173922286e+01,4.211886465923593903e+01,-3.957649318905333280e-05,1.525170432074449707e+02,0.000000000000000000e+00,0.000000000000000000e+00,4.211886465923593903e+01
1.010499999999944221e+00,8.313495435769331365e-01,-1.969410051993484775e-02,2.353331377202478453e-02,3.870384913168170460e+00,-3.448052497999744004e-01,3.266532826332309986e-02,0.000000000000000000e+00,0.000000000000000000e+00,0.000000000000000000e+00,0.000000000000000000e+00,1.519012176959404314e+02,0.000000000000000000e+00,0.000000000000000000e+00,0.000000000000000000e+00
1.015499999999943670e+00,8.506952712151300000e-01,-2.141938724976197653e-02,2.357957633117230278e-02,3.868306441036058363e+00,-3.455643687742195325e-01,-9.913125219831266099e-03,-5.657643412393646543e+00,-1.498889668890196347e+01,4.591193460335462362e+01,-3.310526735112243046e-05,1.518201978252436959e+02,0.000000000000000000e+00,0.000000000000000000e+00,4.591193460335462362e+01
1.020499999999943119e+00,8.700244575466886676e-01,-2.318010494209836111e-02,2.349004117047850601e-02,3.859735603746841992e+00,-3.746717636491897485e-01,2.369413960894223986e-02,-1.218330716741466659e+02,-3.241642050049760542e+02,9.615945815623238104e+02,-7.322654480355038353e-05,1.514018826819015828e+02,0.000000000000000000e+00,0.000000000000000000e+00,9.615945815623238104e+02
1.025499999999942569e+00,8.893169074815301389e-01,-2.505642476202125241e-02,2.349024203601554270e-02,3.857933887345759150e+00,-3.762699308545046084e-01,-1.922297093091355352e-02,-3.716101016516502931e+00,-9.683865960072882473e+00,3.723671542805792711e+01,-4.562462409400148966e-05,1.511883271461339859e+02,0.000000000000000000e+00,0.000000000000000000e+00,3.723671542805792711e+01
1.030499999999942018e+00,9.085697727956235648e-01,-2.704948871368071175e-02,2.357999808647525189e-02,3.848240550624995926e+00,-4.044864737535904253e-01,1.360667077080440421e-02,-3.877997676788607961e+00,-9.384391209058504657e+00,3.978565677874830442e+01,-2.960565661148288966e-05,1.506494604471690764e+02,0.000000000000000000e+00,0.000000000000000000e+00,3.978565677874830442e+01
1.035499999999941467e+00,9.278048822997589928e-01,-2.907562053611709163e-02,2.353097275188603330e-02,3.845898838851307566e+00,-4.058753909958016104e-01,-2.899934007375568057e-02,-4.746643077329515847e+00,-6.017521668864171502e+00,2.257298069079323710e+01,-6.396464921248554147e-05,1.505434038471750284e+02,0.000000000000000000e+00,0.000000000000000000e+00,2.257298069079323710e+01
1.040499999999940917e+00,9.470051141505833048e-01,-3.121327186567711062e-02,2.354278803491982250e-02,3.834484617489363867e+00,-4.441634765473776447e-01,2.753273539216077523e-02,-3.112130293194698361e+00,-4.752659117733797345e-01,3.311057921820727756e+01,-1.094516043627664220e-04,1.498347363578482714e+02,0.000000000000000000e+00,0.000000000000000000e+00,3.311057921820727756e+01
1.045499999999940366e+00,9.661727061512020986e-01,-3.343603763163882636e-02,2.356335495170782876e-02,3.832526114233173242e+00,-4.452854816239835145e-01,-1.499859590051511038e-02,-1.168481319575966682e+00,8.099224202217665258e-01,1.782858475079176941e+01,-7.302138342062049377e-05,1.497363216423563586e+02,0.000000000000000000e+00,0.000000000000000000e+00,1.782858475079176941e+01
1.050499999999939815e+00,9.853149179770042121e-01,-3.571590922196754558e-02,2.350331409308546032e-02,3.819825712276174290e+00,-4.866793523421878986e-01,4.440636584218209809e-02,-1.346414767120217562e+02,-2.971689261190786624e+02,8.015200006972363553e+02,-7.082698523553938169e-06,1.490619593868435402e+02,0.000000000000000000e+00,0.000000000000000000e+00,8.015200006972363553e+02
1.055499999999939265e+00,1.004403256687883994e+00,-3.814527971110965449e-02,2.361031407709705474e-02,3.816984222657903381e+00,-4.861336809111599933e-01,2.093241586918021153e-03,-5.769507208270565179e+00,-1.664099403104223640e+01,3.006066395357652965e+01,-5.592380960132352190e-05,1.488740752385598398e+02,0.000000000000000000e+00,0.000000000000000000e+00,3.006066395357652965e+01
1.060499999999938714e+00,1.023480484568641158e+00,-4.057803783823805271e-02,2.350441818408705724e-02,3.814308739410586124e+00,-4.870993492497826538e-01,-4.017804768251379693e-02,-5.072239546143092248e+00,-1.404848868659783712e+01,2.553698349169769699e+01,-3.686565803813143805e-05,1.487488211353249028e+02,0.000000000000000000e+00,0.000000000000000000e+00,2.553698349169769699e+01
1.065499999999938163e+00,1.042495347532436778e+00,-4.318225710708743087e-02,2.359703275719116089e-02,3.798003872086882726e+00,-5.315035957586871085e-01,2.654544409323358195e-02,0.000000000000000000e+00,0.000000000000000000e+00,0.000000000000000000e+00,0.000000000000000000e+00,1.478601696444329150e+02,0.000000000000000000e+00,0.000000000000000000e+00,0.000000000000000000e+00
1.070499999999937613e+00,1.061481261703681733e+00,-4.584388706507981637e-02,2.361156289848324180e-02,3.795867935147160477e+00,-5.317905287750138710e-01,-1.622444101209829376e-02,-3.815634843286731748e+00,-2.641684704778223480e+00,2.546353622937577654e+01,-7.536641914889473381e-05,1.477369858470637212e+02,0.000000000000000000e+00,0.000000000000000000e+00,2.546353622937577654e+01
1.075499999999937062e+00,1.080446954283621919e+00,-4.852921825586439808e-02,2.346253059820588641e-02,3.784059285299285147e+00,-5.599642731489622438e-01,5.124478888888285913e-03,-2.252213006267861033e+02,-4.564393677627377315e+02,1.200478926321373820e+03,-7.451324409507055491e-05,1.473545958647035263e+02,0.000000000000000000e+00,0.000000000000000000e+00,1.200478926321373820e+03
1.080499999999936511e+00,1.099320008550118688e+00,-5.144277656219069239e-02,2.364534801095857092e-02,3.773088399632097634e+00,-5.838083292053516393e-01,2.016014608657931348e-02,-6.138287239803458917e+00,-1.078537039679564202e+01,4.791199724560767947e+01,-1.109319508472185467e-04,1.466022382184417552e+02,0.000000000000000000e+00,0.000000000000000000e+00,4.791199724560767947e+01
1.085499999999935961e+00,1.118178054642793962e+00,-5.436298619542351274e-02,2.362911560567012778e-02,3.770402545663100291e+00,-5.849653313030430679e-01,-2.228337056332260063e-02,-3.416076762510582565e+00,-2.867459145521213504e+00,1.753679449882513097e+01,-1.361472367862083532e-05,1.464813986773681904e+02,0.000000000000000000e+00,0.000000000000000000e+00,1.753679449882513097e+01
1.090499999999935410e+00,1.137012401696056774e+00,-5.731906293095286736e-02,2.345756537272490269e-02,3.748594527717666214e+00,-6.235995927483183321e-01,1.572047546695244657e-02,-4.481920541238700366e+02,-8.822296076018628810e+02,1.774996956019173012e+03,-7.062653838712379395e-05,1.460133903589666318e+02,0.000000000000000000e+00,0.000000000000000000e+00,1.774996956019173012e+03
1.095499999999934859e+00,1.155709082256473508e+00,-6.055707191611988532e-02,2.368025403630881140e-02,3.737862185655063119e+00,-6.489683665771716070e-01,2.742663052666947238e-02,-5.260667801709461244e+00,-4.651927812566277964e+00,2.315026470735686104e+01,-4.544056335763907439e-05,1.448752862761518543e+02,0.000000000000000000e+00,0.000000000000000000e+00,2.315026470735686104e+01
1.100499999999934309e+00,1.174393514272853656e+00,-6.380786325893507416e-02,2.369871080150003778e-02,3.735675327079012398e+00,-6.508610858664228838e-01,-1.566233252410683535e-02,-7.943208856274184271e+00,-8.336370131557302443e+00,2.391224144196192825e+01,-1.006478271294887483e-05,1.447569238137645300e+02,0.000000000000000000e+00,0.000000000000000000e+00,2.391224144196192825e+01
1.105499999999933758e+00,1.193067042694716751e+00,-6.707022365187383095e-02,2.350229894151574517e-02,3.733772220488422278e+00,-6.536061279123966949e-01,-5.864573495539389392e-02,-6.048378018516836541e+00,-1.217286301788712244e+01,2.303102535025956499e+01,-1.833729012440041273e-05,1.446391554758780842e+02,0.000000000000000000e+00,0.000000000000000000e+00,2.303102535025956499e+01
1.110499999999933207e+00,1.211609166625406742e+00,-7.058533531737803957e-02,2.362849276145139593e-02,3.699030031774241944e+00,-7.194697828705570730e-01,4.111330575123835207e-02,0.000000000000000000e+00,0.000000000000000000e+00,0.000000000000000000e+00,0.000000000000000000e+00,1.429600963069978548e+02,0.000000000000000000e+00,0.000000000000000000e+00,0.000000000000000000e+00
1.115499999999932657e+00,1.230099242727614950e+00,-7.418931061426520257e-02,2.371448497068405492e-02,3.696669143170361771e+00,-7.213173238811098065e-01,-2.259057242769589666e-03,-7.648824573449767961e+00,-7.260318421288847190e+00,2.299010415189140133e+01,-9.590378764188188521e-05,1.428595237344549673e+02,0.000000000000000000e+00,0.000000000000000000e+00,2.299010415189140133e+01
1.120499999999932106e+00,1.248577241794713855e+00,-7.780324815195056865e-02,2.358519012566099443e-02,3.694366075953207762e+00,-7.241567011071615712e-01,-4.508647231633426677e-02,-6.370200522448935310e+00,-6.003775204559643086e+00,1.792375513663601794e+01,-7.870445386275702615e-05,1.427384012100497159e+02,0.000000000000000000e+00,0.000000000000000000e+00,1.792375513663601794e+01
1.125499999999931555e+00,1.266980590582723387e+00,-8.156332715645311926e-02,2.355206285176715195e-02,3.664175441847727921e+00,-7.837890952150093904e-01,4.842800012386517389e-02,-4.379440858859650731e+00,-2.119082171014099458e-01,4.214252824912993844e+01,-1.011198943981495013e-05,1.412385493638306286e+02,0.000000000000000000e+00,0.000000000000000000e+00,4.214252824912993844e+01
1.130499999999931005e+00,1.285295615024874660e+00,-8.548682281493998059e-02,2.367604987605873013e-02,3.661670952140927415e+00,-7.842769546764368771e-01,5.657671633745026477e-03,-7.891437512671309662e+00,-9.684872337902175943e+00,4.662965716255453685e+01,-1.075583120828012273e-04,1.412118924747050528e+02,0.000000000000000000e+00,0.000000000000000000e+00,4.662965716255453685e+01
1.135499999999930454e+00,1.303597372707122837e+00,-8.940978287040662886e-02,2.358750428156426368e-02,3.659284928119157954e+00,-7.856463817039174291e-01,-3.673694583096544231e-02,-1.274946322158258205e+01,-1.881410626078292481e+01,5.496756024577727828e+01,-6.490751870159676418e-05,1.410221855916656182e+02,0.000000000000000000e+00,0.000000000000000000e+00,5.496756024577727828e+01
1.140499999999929903e+00,1.321810999079678473e+00,-9.345555359842226684e-02,2.354143178179765247e-02,3.620398397290354175e+00,-8.439159740817427924e-01,4.500555930835412055e-02,0.000000000000000000e+00,0.000000000000000000e+00,0.000000000000000000e+00,0.000000000000000000e+00,1.391755882244995917e+02,0.000000000000000000e+00,0.000000000000000000e+00,0.000000000000000000e+00
1.145499999999929353e+00,1.339905238598157133e+00,-9.767664720783403309e-02,2.364711414910972490e-02,3.617812800867168832e+00,-8.444358295607486964e-01,1.571971616899173370e-03,-1.814621213841181557e+01,-2.145409822790310983e+01,5.969857346162294220e+01,-7.686376656896795612e-05,1.390816736832104255e+02,0.000000000000000000e+00,0.000000000000000000e+00,5.969857346162294220e+01
1.150499999999928802e+00,1.357987635375301094e+00,-1.019077030465053713e-01,2.353707317567985818e-02,3.615165113172690958e+00,-8.476440771078788128e-01,-4.133206288932685796e-02,-5.741592468011507577e+00,-4.456321254131379028e+00,1.492793214110346334e+01,-1.194903431312676310e-04,1.389550671204932542e+02,0.000000000000000000e+00,0.000000000000000000e+00,1.492793214110346334e+01
1.155499999999928251e+00,1.375964846149578813e+00,-1.062993192105634865e-01,2.357670342955516668e-02,3.582339512856099972e+00,-8.990430891438622174e-01,3.669200535716890532e-02,0.000000000000000000e+00,0.000000000000000000e+00,0.000000000000000000e+00,0.000000000000000000e+00,1.374311405399752175e+02,0.000000000000000000e+00,0.000000000000000000e+00,0.000000000000000000e+00
1.160499999999927701e+00,1.393869048840189695e+00,-1.107958495524194037e-01,2.364267642719260556e-02,3.579614360690448471e+00,-8.990655764257922122e-01,-6.114024266240691841e-03,-1.603434876284668320e+01,-1.731717090109029300e+01,5.552819459263037061e+01,-8.951408565762916658e-05,1.373229680246484747e+02,0.000000000000000000e+00,0.000000000000000000e+00,5.552819459263037061e+01
1.165499999999927150e+00,1.411759264771024203e+00,-1.152972886736948616e-01,2.349483036361744298e-02,3.576653716924149240e+00,-9.011153201171830940e-01,-4.878211383567299109e-02,-7.254620612453727801e+00,-4.895081840899413450e+00,1.962737274976405288e+01,-8.317840728148950813e-05,1.371285514195618873e+02,0.000000000000000000e+00,0.000000000000000000e+00,1.962737274976405288e+01
1.170499999999926599e+00,1.429504466093210135e+00,-1.200079746995169200e-01,2.361240550732651711e-02,3.541655129951873704e+00,-9.510110701152351131e-01,2.714663196240337667e-02,-8.275423743535199606e+00,-7.482951173207416318e+00,5.376066863983790967e+01,-4.497912397313091892e-05,1.356213820496435574e+02,0.000000000000000000e+00,0.000000000000000000e+00,5.376066863983790967e+01
1.175499999999926048e+00,1.447205872824749218e+00,-1.247664457589464232e-01,2.363053382441233571e-02,3.538811613523361821e+00,-9.516492024527736238e-01,-1.544929411778592568e-02,-3.504435573178660057e+00,-8.067859477431067461e-01,2.218424228718173907e+01,-8.972519442889022312e-05,1.354466088842529814e+02,0.000000000000000000e+00,0.000000000000000000e+00,2.218424228718173907e+01
1.180499999999925498e+00,1.464884987807269612e+00,-1.295378213959868241e-01,2.345913371864873781e-02,3.522456954761250536e+00,-9.721955174595691140e-01,-1.282963962975374600e-02,-5.883399301152779799e+02,-6.288267532726725904e+02,1.716864233619278139e+03,-5.815429429219427793e-05,1.352733322763563422e+02,0.000000000000000000e+00,0.000000000000000000e+00,1.716864233619278139e+03
1.185499999999924947e+00,1.482368839535894711e+00,-1.345593895500432624e-01,2.368533896640271155e-02,3.494437231691605916e+00,-1.005095061117081245e+00,3.042155298064394900e-02,-1.213640845240851363e+01,-1.199782351770934952e+01,6.253395699908796246e+01,-1.117273722946315884e-04,1.334919714781803179e+02,0.000000000000000000e+00,0.000000000000000000e+00,6.253395699908796246e+01
1.190499999999924396e+00,1.499832354377572008e+00,-1.395848779322737543e-01,2.372071118390551084e-02,3.491148946169724709e+00,-1.006121696441587554e+00,-1.202874413212600205e-02,4.472093017200104992e-01,1.385385332046544349e+00,1.016362250039714787e+01,-3.124236850796623111e-05,1.333115449556324279e+02,0.000000000000000000e+00,0.000000000000000000e+00,1.016362250039714787e+01
1.195499999999923846e+00,1.517279197070641628e+00,-1.446167425905283965e-01,2.354270277752381832e-02,3.487884610923878803e+00,-1.006625835425821069e+00,-5.490634406136997436e-02,-1.076557913785378595e+01,-5.686709352411487117e+00,2.633130364167370630e+01,-2.464480540938923658e-05,1.331030206291903255e+02,0.000000000000000000e+00,0.000000000000000000e+00,2.633130364167370630e+01
1.200499999999923295e+00,1.534561801629082289e+00,-1.498449260934503202e-01,2.360931719303471094e-02,3.442007222090834873e+00,-1.059981736057961532e+00,3.431897326564306572e-02,-1.414765313954950976e+00,2.802109382962585826e+00,3.948188205851360522e+01,-1.401753994418816762e-05,1.310941149975838300e+02,0.000000000000000000e+00,0.000000000000000000e+00,3.948188205851360522e+01
1.205499999999922744e+00,1.551763726635118967e+00,-1.551545997474604033e-01,2.366221388050639141e-02,3.438862092776195922e+00,-1.061908809034439738e+00,-8.681285385841102514e-03,2.478454610534168268e+00,3.732912751271435070e+00,2.061392616248395981e+01,-1.225401812294337790e-04,1.310771694735859683e+02,0.000000000000000000e+00,0.000000000000000000e+00,2.061392616248395981e+01
1.210499999999922194e+00,1.568951291354845123e+00,-1.604595657627274630e-01,2.350187931898923763e-02,3.435803504284000720e+00,-1.061133814274064946e+00,-5.075208185787857124e-02,0.000000000000000000e+00,0.000000000000000000e+00,0.000000000000000000e+00,0.000000000000000000e+00,1.307303862180451119e+02,0.000000000000000000e+00,0.000000000000000000e+00,0.000000000000000000e+00
1.215499999999921643e+00,1.585927301375521958e+00,-1.659829170636004103e-01,2.367698545247119007e-02,3.384175598591963485e+00,-1.113749596776748341e+00,4.375938220121830535e-02,0.000000000000000000e+00,0.000000000000000000e+00,0.000000000000000000e+00,0.000000000000000000e+00,1.286121036793601888e+02,0.000000000000000000e+00,0.000000000000000000e+00,0.000000000000000000e+00
1.220499999999921092e+00,1.602840302294319397e+00,-1.715565831568536259e-01,2.377713973049931651e-02,3.381513256600215289e+00,-1.113740943767545177e+00,9.714688732514430158e-04,-1.575236985835428172e+01,-1.196321945254855734e+01,6.714977728792445077e+01,-7.869908828289141380e-05,1.284933189330729419e+02,0.000000000000000000e+00,0.000000000000000000e+00,6.714977728792445077e+01
1.225499999999920542e+00,1.619737461656934663e+00,-1.771242682747125319e-01,2.366666720667001678e-02,3.377609599362485060e+00,-1.113870560392491660e+00,-4.103485391116559744e-02,-2.144639440778995709e+00,1.782224522793671717e-01,1.554425284559986054e+01,-6.425290279330050577e-05,1.281940727609473640e+02,0.000000000000000000e+00,0.000000000000000000e+00,1.554425284559986054e+01
1.230499999999919991e+00,1.636557418478430614e+00,-1.827533796226448459e-01,2.349360401862895381e-02,3.318844473333147249e+00,-1.172152244509780727e+00,5.739841630574291781e-02,-7.159907232842156191e+02,-5.005174208545231522e+02,1.514635881960862662e+03,-2.328879821185056431e-05,1.262314775918275984e+02,0.000000000000000000e+00,0.000000000000000000e+00,1.514635881960862662e+03
1.235499999999919440e+00,1.653142008626505843e+00,-1.885933201857908637e-01,2.367072401200405810e-02,3.315494571432734627e+00,-1.165352272010679258e+00,1.713359017822118843e-02,4.521296221052439002e+00,4.968056273291988845e+00,2.978683630340204758e+01,-5.778708846682772959e-04,1.255324482771979859e+02,0.000000000000000000e+00,0.000000000000000000e+00,2.978683630340204758e+01
1.240499999999918890e+00,1.669710546760642789e+00,-1.944134320517250658e-01,2.364175864163656909e-02,3.312358513940510285e+00,-1.163553359197276871e+00,-2.469205678088871522e-02,-2.005657685417794767e+01,-1.101807664420919863e+01,6.075399497227179069e+01,-2.347845821865247179e-04,1.255072538824502715e+02,0.000000000000000000e+00,0.000000000000000000e+00,6.075399497227179069e+01
1.245499999999918339e+00,1.686232358425638456e+00,-2.002640010301007800e-01,2.347525624465148647e-02,3.267011052033555352e+00,-1.204390707960165008e+00,2.832858362999603197e-02,-8.454171203655063209e+02,-5.065479017096428720e+02,1.693542341801036173e+03,-2.710165585142945005e-05,1.241313606912622163e+02,0.000000000000000000e+00,0.000000000000000000e+00,1.693542341801036173e+03
1.250499999999917788e+00,1.702457544457079530e+00,-2.063445177430891786e-01,2.375334951098554206e-02,3.244086675545813758e+00,-1.212816944204971659e+00,3.738416159573991482e-02,7.643102925916792856e+00,5.975649691184933054e+00,3.208723653095495365e+01,-2.668131941118024458e-04,1.224344326223121726e+02,0.000000000000000000e+00,0.000000000000000000e+00,3.208723653095495365e+01
1.255499999999917238e+00,1.718670421281830452e+00,-2.124054678800448570e-01,2.382553906520611456e-02,3.241147465296311925e+00,-1.213189562171482327e+00,-5.043541435268992200e-03,0.000000000000000000e+00,0.000000000000000000e+00,0.000000000000000000e+00,0.000000000000000000e+00,1.221964848846878340e+02,0.000000000000000000e+00,0.000000000000000000e+00,0.000000000000000000e+00
1.260499999999916687e+00,1.734863932618315729e+00,-2.184681498167203029e-01,2.368500569433726333e-02,3.236931258426003488e+00,-1.211806740649475689e+00,-4.707015235887430232e-02,-5.938922905128999119e+00,-2.126318551578516569e-01,2.327499967636925859e+01,-1.393959056748810682e-04,1.219274059431936479e+02,0.000000000000000000e+00,0.000000000000000000e+00,2.327499967636925859e+01
1.265499999999916136e+00,1.750933243088566904e+00,-2.245854962468116500e-01,2.353929267129642455e-02,3.131901704401280462e+00,-1.267873659850389689e+00,1.082484011542738100e-01,-9.030335230818532182e+02,-4.263385057900344464e+02,1.696255228850574667e+03,-3.025137968647607228e-06,1.179395139894466098e+02,0.000000000000000000e+00,0.000000000000000000e+00,1.696255228850574667e+03
1.270499999999915586e+00,1.766586610585431538e+00,-2.309174836591778301e-01,2.396000760743449004e-02,3.129519516807105717e+00,-1.265589660438566355e+00,6.456501750341511747e-02,-3.861615842602036164e+00,4.972661120552650527e-01,2.049027047919241440e+01,-1.736075731610144113e-05,1.169786734363309222e+02,0.000000000000000000e+00,0.000000000000000000e+00,2.049027047919241440e+01
1.275499999999915035e+00,1.782222373521885617e+00,-2.372483273569742368e-01,2.416431125470755101e-02,3.125202039887036598e+00,-1.266098762785376586e+00,2.144907542868786446e-02,-8.776949811100482890e+00,-8.769411414035861441e-01,1.947969294168106913e+01,-2.072052399674367829e-05,1.168378508767704318e+02,0.000000000000000000e+00,0.000000000000000000e+00,1.947969294168106913e+01
1.280499999999914484e+00,1.797837318614415647e+00,-2.435827589638202284e-01,2.415205851708795981e-02,3.120987090280009202e+00,-1.267062213367547541e+00,-2.204382685900509176e-02,-9.681579001027909470e+00,-8.952688206560004414e-01,1.934849085947243807e+01,-1.018912184027036955e-04,1.165841255603180002e+02,0.000000000000000000e+00,0.000000000000000000e+00,1.934849085947243807e+01
1.285499999999913934e+00,1.813430641384625952e+00,-2.499211528181041475e-01,2.392262245262418568e-02,3.116610255351289993e+00,-1.268517914294191362e+00,-6.535036307119192200e-02,-2.487652047665660859e+01,-7.869399467999366848e+00,4.640832485773194094e+01,-3.912333522162678157e-05,1.164407976037127241e+02,0.000000000000000000e+00,0.000000000000000000e+00,4.640832485773194094e+01
1.290499999999913383e+00,1.829002225209166665e+00,-2.562655280550959480e-01,2.347594660043886283e-02,3.112160367713020293e+00,-1.269504535255562283e+00,-1.087196567915161838e-01,0.000000000000000000e+00,0.000000000000000000e+00,0.000000000000000000e+00,0.000000000000000000e+00,1.161728974857504966e+02,0.000000000000000000e+00,0.000000000000000000e+00,0.000000000000000000e+00
1.295499999999912832e+00,1.844143417029658005e+00,-2.628127035188637661e-01,2.365763290438515146e-02,3.019172676909661401e+00,-1.310995439314201816e+00,3.486896473709244493e-02,1.123851490850238477e+01,4.177194319889090401e+00,2.848239721080129883e+01,-2.617590608358921767e-04,1.121530333173573126e+02,0.000000000000000000e+00,0.000000000000000000e+00,2.848239721080129883e+01
1.300499999999912282e+00,1.859232261125508323e+00,-2.693574705614442677e-01,2.371876361710949579e-02,3.016781889358425950e+00,-1.307912154164244445e+00,-6.545897880468305209e-03,-2.937495895755841602e+01,-7.815432674520271128e+00,8.185079182062362690e+01,-9.972922136251664849e-05,1.120647372530303159e+02,0.000000000000000000e+00,0.000000000000000000e+00,8.185079182062362690e+01
1.305499999999911731e+00,1.874303303611868809e+00,-2.758958317999349874e-01,2.357038626846178278e-02,3.011844798239762255e+00,-1.307554388404267742e+00,-4.857124789319163666e-02,-2.295916329764831687e+01,-5.096180448350818182e+00,5.341191562376695856e+01,-8.652063800575898744e-05,1.116883930959097313e+02,0.000000000000000000e+00,0.000000000000000000e+00,5.341191562376695856e+01
1.310499999999911180e+00,1.889134539721290640e+00,-2.825100230365465981e-01,2.364620945930338142e-02,2.940826750775187293e+00,-1.331653822292066636e+00,4.265901394933355878e-02,0.000000000000000000e+00,0.000000000000000000e+00,0.000000000000000000e+00,0.000000000000000000e+00,1.085532648965940723e+02,0.000000000000000000e+00,0.000000000000000000e+00,0.000000000000000000e+00
1.315499999999910630e+00,1.903830828379252882e+00,-2.891590093000139250e-01,2.374487782726533019e-02,2.938164914815559747e+00,-1.328163363874906855e+00,7.820810878511739355e-04,3.029957831291132386e+00,1.918971236429366733e+00,2.224028040377544002e+01,-1.944309199962742513e-04,1.085295489440908909e+02,0.000000000000000000e+00,0.000000000000000000e+00,2.224028040377544002e+01
1.320499999999910079e+00,1.918514848027671471e+00,-2.957933856866404865e-01,2.363350118395782934e-02,2.934923827542391006e+00,-1.325977689369370882e+00,-4.091898994499856140e-02,-5.188343453211954781e+00,1.514486539918985741e+00,2.102003933342473729e+01,-5.253243508328286904e-06,1.080741603227581180e+02,0.000000000000000000e+00,0.000000000000000000e+00,2.102003933342473729e+01
1.325499999999909528e+00,1.933049359693267855e+00,-3.024578799838646970e-01,2.355377348121546338e-02,2.859122419535618853e+00,-1.344547270630012337e+00,5.403988738871372960e-02,0.000000000000000000e+00,0.000000000000000000e+00,0.000000000000000000e+00,0.000000000000000000e+00,1.048005756157856752e+02,0.000000000000000000e+00,0.000000000000000000e+00,0.000000000000000000e+00
1.330499999999908978e+00,1.947338166754286615e+00,-3.091722565703760583e-01,2.370930559493580198e-02,2.857286386637467590e+00,-1.341292658064419774e+00,1.242499255516089050e-02,-2.442139827277193831e+01,-3.008114004794145480e+00,8.151977710025769852e+01,-1.259649413576056920e-04,1.047060891575294619e+02,0.000000000000000000e+00,0.000000000000000000e+00,8.151977710025769852e+01
1.335499999999908427e+00,1.961615706896222777e+00,-3.158690271969784025e-01,2.365707077846796944e-02,2.853713735939530149e+00,-1.338318924869620563e+00,-2.907920784651868429e-02,-2.512310803385900115e+01,-5.813332142795388791e-01,6.023646946973371996e+01,-2.042687183392150052e-05,1.044235460074505539e+02,0.000000000000000000e+00,0.000000000000000000e+00,6.023646946973371996e+01
1.340499999999907876e+00,1.975814384704175364e+00,-3.225685819425754275e-01,2.350162408249922494e-02,2.774749443855938580e+00,-1.349576378019607059e+00,6.999457729861832678e-02,-1.378427803149021656e+03,-5.316655498190024787e+01,2.676446102088802945e+03,-7.713114945751518847e-05,1.023643909733380042e+02,0.000000000000000000e+00,0.000000000000000000e+00,2.676446102088802945e+03
1.345499999999907326e+00,1.989677503713217277e+00,-3.293128076149781647e-01,2.373372334992091340e-02,2.771195376388034148e+00,-1.347584312790720551e+00,2.749898462223432025e-02,1.118041200894039022e+01,1.926216653493914577e-01,2.047946269093681337e+01,-1.404974542936320708e-04,1.008018369825449554e+02,0.000000000000000000e+00,0.000000000000000000e+00,2.047946269093681337e+01
1.350499999999906775e+00,2.003530677421778261e+00,-3.360389884149159734e-01,2.375646208655380828e-02,2.769868646838763215e+00,-1.343582304623268220e+00,-1.414891413508926471e-02,-2.712114209416270683e+01,1.001965009689209207e+00,7.281324874975436501e+01,-2.267722018807691309e-04,1.005185317751388823e+02,0.000000000000000000e+00,0.000000000000000000e+00,7.281324874975436501e+01
1.355499999999906224e+00,2.017369408153538934e+00,-3.427484520062661355e-01,2.357214854342568749e-02,2.765974770347847222e+00,-1.341054563855851756e+00,-5.550639690371846763e-02,-3.491535505397568073e+01,2.512788049806259139e+00,7.779734536400314937e+01,-3.897527762539675089e-05,1.001762411899255625e+02,0.000000000000000000e+00,0.000000000000000000e+00,7.779734536400314937e+01
1.360499999999905674e+00,2.030947493064802600e+00,-3.494721548794820776e-01,2.360069253882622273e-02,2.690075047828044852e+00,-1.344374655078055536e+00,3.313882845547379968e-02,1.394411037242979923e+01,-7.224847830719638431e-03,3.781657169516855532e+01,-2.229619082378137690e-04,9.691725834856005406e+01,0.000000000000000000e+00,0.000000000000000000e+00,3.781657169516855532e+01
1.365499999999905123e+00,2.044397853515434349e+00,-3.561802120466871502e-01,2.365530118363477416e-02,2.689339288610239631e+00,-1.340040533938308576e+00,-7.641080471895514599e-03,0.000000000000000000e+00,0.000000000000000000e+00,0.000000000000000000e+00,0.000000000000000000e+00,9.671011868125144417e+01,0.000000000000000000e+00,0.000000000000000000e+00,0.000000000000000000e+00
1.370499999999904572e+00,2.057833581439740378e+00,-3.628736444170170827e-01,2.350208796315527218e-02,2.685912772276076055e+00,-1.336820666035193783e+00,-4.929264018066224773e-02,1.421791813569182938e+00,1.001884997619871598e+00,1.711373831671683376e+01,-1.395364998350381597e-04,9.635039960384770552e+01,0.000000000000000000e+00,0.000000000000000000e+00,1.711373831671683376e+01
1.375499999999904022e+00,2.070928548242593870e+00,-3.695441995732675067e-01,2.374695860233485070e-02,2.605759485544377085e+00,-1.332912346094419886e+00,5.121428294496090106e-02,9.981564892980552273e+00,-1.960724834092124835e+00,1.708116646059721333e+01,-5.826899315276336255e-05,9.291929619224229953e+01,0.000000000000000000e+00,0.000000000000000000e+00,1.708116646059721333e+01
1.380499999999903471e+00,2.083958264225325152e+00,-3.761955132399674162e-01,2.388940207923042833e-02,2.606344067082237093e+00,-1.327871820012805015e+00,9.989237528698628049e-03,8.819565900261018498e+00,-1.369327023429140811e+00,2.083676379304960236e+01,-1.959345584634925030e-04,9.256934925717803253e+01,0.000000000000000000e+00,0.000000000000000000e+00,2.083676379304960236e+01
1.385499999999902920e+00,2.096984364822207958e+00,-3.828228177851684677e-01,2.382720339689527872e-02,2.604516757856373932e+00,-1.323681132876972644e+00,-3.109558014663359876e-02,1.509821203159370739e+00,8.449324407639422496e-01,1.690282516458972140e+01,-1.234011071052521641e-04,9.225384085695374381e+01,0.000000000000000000e+00,0.000000000000000000e+00,1.690282516458972140e+01
1.390499999999902370e+00,2.109997518268890371e+00,-3.894326033463881842e-01,2.355702127883921304e-02,2.601280515167977647e+00,-1.320678908856276479e+00,-7.300000494635759674e-02,-1.387952836351733499e+00,1.989736558489368701e+00,1.670289496826544706e+01,-1.607573920993192462e-05,9.200969342633932513e+01,0.000000000000000000e+00,0.000000000000000000e+00,1.670289496826544706e+01
1.395499999999901819e+00,2.122713406194748575e+00,-3.959968327523592513e-01,2.357860065212195530e-02,2.525436737574468182e+00,-1.308160128356971930e+00,1.861632761162451688e-02,1.567068978886873865e+01,-5.031651124280316800e+00,2.785924182594964904e+01,-3.879711472314691795e-04,8.865953997371272521e+01,0.000000000000000000e+00,0.000000000000000000e+00,2.785924182594964904e+01
1.400499999999901268e+00,2.135344151451052497e+00,-4.025226861700548775e-01,2.355989182894470749e-02,2.526660897186150834e+00,-1.303337750430916264e+00,-2.221168041366587340e-02,-2.376788492683464327e+01,6.867089256754185023e+00,8.613145901433605900e+01,-5.907785010652172319e-04,8.855527820223457525e+01,0.000000000000000000e+00,0.000000000000000000e+00,8.613145901433605900e+01
1.405499999999900718e+00,2.147811678983440942e+00,-4.089896846450402079e-01,2.365296619961676158e-02,2.453930327093360564e+00,-1.281750315287046416e+00,7.774806121776450807e-02,3.777829157560690376e+00,2.836204562769272464e+00,5.521512790913401147e+01,-2.948302072864946582e-04,8.490940009722828563e+01,0.000000000000000000e+00,0.000000000000000000e+00,5.521512790913401147e+01
1.410499999999900167e+00,2.160070041708698430e+00,-4.153917197781170079e-01,2.392852116281981439e-02,2.448932900896699127e+00,-1.280292572835610931e+00,3.545052218894351181e-02,-3.339860856897542618e+01,1.208946642713541486e+01,5.923476406550994966e+01,-1.680282519398801702e-05,8.483379012938787866e+01,0.000000000000000000e+00,0.000000000000000000e+00,5.923476406550994966e+01
1.415499999999899616e+00,2.172300728860752983e+00,-4.217853578035811180e-01,2.398344010579676541e-02,2.443922685598095779e+00,-1.277609274903493963e+00,-9.065892894452204018e-03,0.000000000000000000e+00,0.000000000000000000e+00,0.000000000000000000e+00,0.000000000000000000e+00,8.455002865809922241e+01,0.000000000000000000e+00,0.000000000000000000e+00,0.000000000000000000e+00
1.420499999999899066e+00,2.184519867291482953e+00,-4.281611632539601420e-01,2.382359017302858664e-02,2.445299018426871918e+00,-1.273171881703214936e+00,-4.996284834987328727e-02,-2.183088289189594988e+01,4.759497938996487321e+00,9.436789358618501922e+01,-4.145869832918446397e-04,8.426611797656921965e+01,0.000000000000000000e+00,0.000000000000000000e+00,9.436789358618501922e+01
1.425499999999898515e+00,2.196747836581631308e+00,-4.345141268067892470e-01,2.346414733023549984e-02,2.445535793418703641e+00,-1.269269912644738652e+00,-9.002028652835443456e-02,-2.847431973160360386e+01,9.313410122487681519e+00,8.471915030068080910e+01,-5.567659319475996849e-04,8.391354492925948705e+01,0.000000000000000000e+00,0.000000000000000000e+00,8.471915030068080910e+01
1.430499999999897964e+00,2.208504206849107199e+00,-4.406745351112044129e-01,2.385506785506323613e-02,2.339771956568121869e+00,-1.227210260509918882e+00,8.025015805412391567e-02,0.000000000000000000e+00,0.000000000000000000e+00,0.000000000000000000e+00,0.000000000000000000e+00,7.908334671735174481e+01,0.000000000000000000e+00,0.000000000000000000e+00,0.000000000000000000e+00
1.435499999999897414e+00,2.220187038989034800e+00,-4.468033126043403080e-01,2.413559015854133821e-02,2.334291366783924460e+00,-1.224426852690853718e+00,3.600909755980108429e-02,0.000000000000000000e+00,0.000000000000000000e+00,0.000000000000000000e+00,0.000000000000000000e+00,7.907105664791725985e+01,0.000000000000000000e+00,0.000000000000000000e+00,0.000000000000000000e+00
1.440499999999896863e+00,2.231845669969564572e+00,-4.529182373542437468e-01,2.419181097829977908e-02,2.329782845001051594e+00,-1.222053338234427633e+00,-9.047271886428984861e-03,0.000000000000000000e+00,0.000000000000000000e+00,0.000000000000000000e+00,0.000000000000000000e+00,7.874135655778344756e+01,0.000000000000000000e+00,0.000000000000000000e+00,0.000000000000000000e+00
1.445499999999896312e+00,2.243499982898858214e+00,-4.590138672305790757e-01,2.403644686778910744e-02,2.333612526290756328e+00,-1.216940655545234895e+00,-4.819792888283409155e-02,-1.052265708830048219e+01,-1.993058250000611764e+00,8.652201119928349726e+01,-5.695392530852636664e-04,7.843096588516087309e+01,0.000000000000000000e+00,0.000000000000000000e+00,8.652201119928349726e+01
1.450499999999895762e+00,2.255179878331452947e+00,-4.650874684974589668e-01,2.368957190991222150e-02,2.337237414871730756e+00,-1.212928726232559207e+00,-8.701571372535318871e-02,6.293541433010469532e+00,-8.429950264362556567e+00,2.364664180186168352e+01,-5.904300493794669563e-04,7.798310922331043571e+01,0.000000000000000000e+00,0.000000000000000000e+00,2.364664180186168352e+01
1.455499999999895211e+00,2.266615905082476345e+00,-4.709379767848573262e-01,2.368678873585620612e-02,2.216683818297013886e+00,-1.113930409440046398e+00,1.314306037711708008e-01,-1.055574122402348891e+01,7.977268440744553324e+00,2.416315284531831864e+01,-8.912466465771547164e-05,7.025222366038164523e+01,0.000000000000000000e+00,0.000000000000000000e+00,2.416315284531831864e+01
1.460499999999894660e+00,2.277687835545784356e+00,-4.765014439328320028e-01,2.422166376063081272e-02,2.212568400142751468e+00,-1.111825849566715707e+00,8.690553317916617504e-02,-1.811099278262043555e+01,1.134976671033969353e+01,3.573361977330053207e+01,-2.891428204309341721e-07,7.019771653795022814e+01,0.000000000000000000e+00,0.000000000000000000e+00,3.573361977330053207e+01
1.465499999999894110e+00,2.288741045959909570e+00,-4.820528761465175394e-01,2.453360985012091600e-02,2.209093874358269094e+00,-1.108932473579971489e+00,4.239243646678060584e-02,0.000000000000000000e+00,0.000000000000000000e+00,0.000000000000000000e+00,0.000000000000000000e+00,7.002070605536258086e+01,0.000000000000000000e+00,0.000000000000000000e+00,0.000000000000000000e+00
1.470499999999893559e+00,2.299784094692732594e+00,-4.875904840221543801e-01,2.462507626946863759e-02,2.208665185314371282e+00,-1.106637897048949659e+00,-1.222881156572705854e-03,-2.664184065371678400e+01,1.620508264368123719e+01,7.584672598708468172e+01,-5.259565518433532982e-04,6.983244869561752921e+01,0.000000000000000000e+00,0.000000000000000000e+00,7.584672598708468172e+01
1.475499999999893008e+00,2.310826428004453703e+00,-4.931159836746304981e-01,2.450139207286218881e-02,2.208074604239692373e+00,-1.104036334240714012e+00,-4.388109256915716933e-02,-4.022712866623217920e+00,1.995338644006268147e+00,2.310381534790641211e+01,-6.238262159392327089e-04,6.959532260489366706e+01,0.000000000000000000e+00,0.000000000000000000e+00,2.310381534790641211e+01
1.480499999999892458e+00,2.321863375505171856e+00,-4.986302149677938611e-01,2.416487610878561426e-02,2.206893904726827227e+00,-1.101708505008691441e+00,-8.653025750970173846e-02,-1.685798976779789848e+00,2.599368731092419615e-01,1.473426036044114085e+01,-3.397207376329060974e-04,6.937803923572101894e+01,0.000000000000000000e+00,0.000000000000000000e+00,1.473426036044114085e+01
1.485499999999891907e+00,2.332893804964104145e+00,-5.041315692217790412e-01,2.361468693598164220e-02,2.205527531168469224e+00,-1.099035059208891774e+00,-1.292344339613677728e-01,-1.467302764382977909e+00,6.921220427654972696e-02,1.430844601135090954e+01,-2.453430749066584302e-05,6.922122957634658746e+01,0.000000000000000000e+00,0.000000000000000000e+00,1.430844601135090954e+01
1.490499999999891356e+00,2.343516264340531841e+00,-5.092297849953276723e-01,2.378593654906197355e-02,2.083179200879864634e+00,-9.776273606939107630e-01,1.130314161195897088e-01,-1.383089872522671193e+01,1.005154913156616026e+01,2.851676019888622449e+01,-1.861931542703138334e-05,6.211312954299964417e+01,0.000000000000000000e+00,0.000000000000000000e+00,2.851676019888622449e+01
1.495499999999890806e+00,2.353927223502559229e+00,-5.141115217172619323e-01,2.422974795329982042e-02,2.082376397812943036e+00,-9.752622288926990901e-01,6.948794701063594481e-02,1.199496424304141273e+00,-4.223139095035190138e+00,1.807709827366262445e+01,-1.286508140580387618e-04,6.190790070916717980e+01,0.000000000000000000e+00,0.000000000000000000e+00,1.807709827366262445e+01
1.500499999999890255e+00,2.364340382204945801e+00,-5.189811366946021076e-01,2.446111237872540534e-02,2.082756215445550563e+00,-9.727793555886922183e-01,2.732776260057438386e-02,-2.586105712929549494e+00,8.972369081236459820e-01,2.106548254652683738e+01,-1.180332320994646744e-04,6.168784678500570351e+01,0.000000000000000000e+00,0.000000000000000000e+00,2.106548254652683738e+01
1.505499999999889704e+00,2.374750918165647207e+00,-5.238387030794515731e-01,2.448066983219311654e-02,2.081810428162475635e+00,-9.705825329527284495e-01,-1.543592960201736058e-02,9.825509396454140676e-01,-3.474139317923516046e+00,1.321167491924243365e+01,-3.921305584165916958e-05,6.149933485161844260e+01,0.000000000000000000e+00,0.000000000000000000e+00,1.321167491924243365e+01
1.510499999999889154e+00,2.385160297341779145e+00,-5.286854964624155828e-01,2.428461832400438322e-02,2.081913378269072634e+00,-9.685363029426561354e-01,-5.863048157384276315e-02,-1.850150570064110545e+00,1.867799650376995579e-01,1.881992187637504799e+01,-4.225469416678159784e-05,6.132280929416033644e+01,0.000000000000000000e+00,0.000000000000000000e+00,1.881992187637504799e+01
1.515499999999888603e+00,2.395566288652437148e+00,-5.335210036590876115e-01,2.387390552314723816e-02,2.080868751242360926e+00,-9.662463902991630382e-01,-1.013087404526688273e-01,-1.908606901282248813e+01,1.434533807293531993e+01,6.048333520058545787e+01,-1.093475874272976500e-04,6.119553863567231389e+01,0.000000000000000000e+00,0.000000000000000000e+00,6.048333520058545787e+01
1.520499999999888052e+00,2.405896361311079090e+00,-5.382504689604854509e-01,2.345965079261150624e-02,2.005597756738078274e+00,-8.614842925738116497e-01,7.293422078940517417e-02,-1.035045948480187690e+03,1.346664608779639138e+03,2.837296810264540454e+03,-6.500992647113352195e-05,5.787868720411768919e+01,0.000000000000000000e+00,0.000000000000000000e+00,2.837296810264540454e+03
1.525499999999887502e+00,2.415829461300152303e+00,-5.424748873278033567e-01,2.389566397755167604e-02,1.986993209417488693e+00,-8.437188221808653577e-01,6.748124931095927925e-02,1.384946041590670029e+00,-4.997553362506619301e+00,1.446605039031915396e+01,-1.564006509290820184e-04,5.549969655010352909e+01,0.000000000000000000e+00,0.000000000000000000e+00,1.446605039031915396e+01
1.530499999999886951e+00,2.425767164140764098e+00,-5.466899027238411035e-01,2.411503870636856617e-02,1.987722230242672028e+00,-8.423743894104173124e-01,2.483081963371994508e-02,-2.121646755564515630e+01,1.826885921134237378e+01,6.935874280521053947e+01,-2.023015571633018234e-04,5.529668553111378060e+01,0.000000000000000000e+00,0.000000000000000000e+00,6.935874280521053947e+01
1.535499999999886400e+00,2.435704991074591153e+00,-5.508940190459429287e-01,2.412378973392333495e-02,1.986760918933632381e+00,-8.395910944027071832e-01,-1.738031654365565157e-02,0.000000000000000000e+00,0.000000000000000000e+00,0.000000000000000000e+00,0.000000000000000000e+00,5.511732341528610846e+01,0.000000000000000000e+00,0.000000000000000000e+00,0.000000000000000000e+00
1.540499999999885850e+00,2.445639675814647696e+00,-5.550864087509217448e-01,2.391942740229226205e-02,1.987244844199224536e+00,-8.374568233602549538e-01,-6.021746534442550675e-02,-2.190128314640709561e+00,1.216914951836437275e+00,1.846974195166453825e+01,-1.163785438259635260e-04,5.496831828021338140e+01,0.000000000000000000e+00,0.000000000000000000e+00,1.846974195166453825e+01
1.545499999999885299e+00,2.455574383161029939e+00,-5.592688410735454640e-01,2.350143923846773758e-02,1.986361807847226491e+00,-8.353175291423613480e-01,-1.026494651959056481e-01,5.960505508315360190e-01,-3.478191787551480729e+00,1.143142807924115445e+01,-1.501157836468307305e-05,5.479497276457971822e+01,0.000000000000000000e+00,0.000000000000000000e+00,1.143142807924115445e+01
1.550499999999884748e+00,2.465260328291873471e+00,-5.629972692979854365e-01,2.370389908240750840e-02,1.924834149953690288e+00,-7.235577506943325909e-01,6.064112186264564858e-02,0.000000000000000000e+00,0.000000000000000000e+00,0.000000000000000000e+00,0.000000000000000000e+00,5.033715163228438172e+01,0.000000000000000000e+00,0.000000000000000000e+00,0.000000000000000000e+00
1.555499999999884198e+00,2.474880684775300654e+00,-5.666042690823833716e-01,2.388737012343124244e-02,1.923495555985903716e+00,-7.200635537377712003e-01,1.676379096575776606e-02,-5.834953561714147696e+00,9.702394054745306917e+00,2.052888504177215623e+01,-1.582995572537253520e-04,5.031490730070306938e+01,0.000000000000000000e+00,0.000000000000000000e+00,2.052888504177215623e+01
1.560499999999883647e+00,2.484491723016581943e+00,-5.702005586033714879e-01,2.385012690254706413e-02,1.920961226074558548e+00,-7.180563257489781526e-01,-2.671572504542760879e-02,0.000000000000000000e+00,0.000000000000000000e+00,0.000000000000000000e+00,0.000000000000000000e+00,5.015643833643947147e+01,0.000000000000000000e+00,0.000000000000000000e+00,0.000000000000000000e+00
1.565499999999883096e+00,2.494090183413065986e+00,-5.737829070875779536e-01,2.359773004065159746e-02,1.918929530120440541e+00,-7.154209468967208663e-01,-7.015284895125840914e-02,-1.731901404510439946e+01,2.278462384347440661e+01,5.099657151138586642e+01,-1.923753862485746285e-04,5.003471855584975003e+01,0.000000000000000000e+00,0.000000000000000000e+00,5.099657151138586642e+01
1.570499999999882546e+00,2.503528592201199388e+00,-5.771496523128416545e-01,2.361855861772859180e-02,1.862710295425701990e+00,-6.399743956563811453e-01,6.287483362537815701e-02,0.000000000000000000e+00,0.000000000000000000e+00,0.000000000000000000e+00,0.000000000000000000e+00,4.760484756010981044e+01,0.000000000000000000e+00,0.000000000000000000e+00,0.000000000000000000e+00
1.575499999999881995e+00,2.512844818563632732e+00,-5.803437289997066539e-01,2.381499367542182569e-02,1.864793696917553145e+00,-6.384339919892274562e-01,2.036467551217105432e-02,-6.687734215822628947e+00,-5.280971136952157252e-01,4.726035655158928961e+01,-1.449672938002037528e-04,4.758164208745844803e+01,0.000000000000000000e+00,0.000000000000000000e+00,4.726035655158928961e+01
1.580499999999881444e+00,2.522177475233222665e+00,-5.835350101170055925e-01,2.380401270650533974e-02,1.867573442562350694e+00,-6.371807127073697563e-01,-2.039686376537459822e-02,-8.310708369672227036e+00,6.164891700567368460e+00,4.323600733508533267e+01,-1.544740999637021772e-05,4.735806103011083223e+01,0.000000000000000000e+00,0.000000000000000000e+00,4.323600733508533267e+01
1.585499999999880893e+00,2.531513090496696705e+00,-5.867151744527026036e-01,2.358546915910161509e-02,1.867751293342308827e+00,-6.354255421701494599e-01,-6.252451087488669623e-02,-1.393503354487997825e+01,1.321989324577500113e+01,5.983646401378916124e+01,-1.302249230478217355e-04,4.718132551595196844e+01,0.000000000000000000e+00,0.000000000000000000e+00,5.983646401378916124e+01
1.590499999999880343e+00,2.540727857589056615e+00,-5.897042730761031804e-01,2.357968695014479518e-02,1.824212384361798112e+00,-5.689644692292555872e-01,4.547016434995420492e-02,3.028901108020744637e+00,-1.743957262182555112e+01,3.254956016713611433e+01,-3.509731056854439868e-05,4.529809053793836426e+01,0.000000000000000000e+00,0.000000000000000000e+00,3.254956016713611433e+01
1.595499999999879792e+00,2.549857228854279345e+00,-5.925475953267825835e-01,2.369321410950751133e-02,1.826872225454514664e+00,-5.682212122841640012e-01,3.835469954274133876e-03,1.840339938134104125e+00,-1.100220093422521117e+01,1.981040947745672298e+01,-1.755743004016674727e-05,4.518474208895938915e+01,0.000000000000000000e+00,0.000000000000000000e+00,1.981040947745672298e+01
1.600499999999879241e+00,2.558999030999825397e+00,-5.953861175265725558e-01,2.360022758568243104e-02,1.829107612927960869e+00,-5.671095146029805356e-01,-3.709441821527046518e-02,-1.234805494370011836e+01,8.800995161961495228e+00,6.116125523889938620e+01,-4.582710168340650703e-05,4.500811911725834591e+01,0.000000000000000000e+00,0.000000000000000000e+00,6.116125523889938620e+01
1.605499999999878691e+00,2.568081757433180901e+00,-5.981104718875732695e-01,2.354056191306448317e-02,1.792607337936084066e+00,-5.064187661612280511e-01,5.379099035101841952e-02,1.086351225231191542e+00,-1.711450376021544173e+01,4.676576532178373924e+01,-4.639423606956141755e-05,4.347899748968502820e+01,0.000000000000000000e+00,0.000000000000000000e+00,4.676576532178373924e+01
1.610499999999878140e+00,2.577055737588750617e+00,-6.006427452799784072e-01,2.369674554547160708e-02,1.796251592992139656e+00,-5.064878440582243346e-01,1.258471996613718877e-02,1.815728839883001156e+00,-1.418240216819994437e+01,2.554045564434044024e+01,-3.320264470930284206e-05,4.336756514897326298e+01,0.000000000000000000e+00,0.000000000000000000e+00,2.554045564434044024e+01
1.615499999999877589e+00,2.586044273680190742e+00,-6.031727382239997493e-01,2.364711857690401584e-02,1.798943757380996988e+00,-5.054547286941053486e-01,-2.834463722728866944e-02,1.167578767133730766e+00,-1.130368256741547306e+01,2.144844077376647817e+01,-2.178567879231995547e-05,4.320288439294113658e+01,0.000000000000000000e+00,0.000000000000000000e+00,2.144844077376647817e+01
1.620499999999877039e+00,2.595032341720574731e+00,-6.056681151143541442e-01,2.345116651510878100e-02,1.782917307810049090e+00,-4.617699755397562389e-01,1.179014765019012652e-02,-4.046185150666325967e+02,9.767027813348612426e+02,1.783954206215673594e+03,-4.292216740424447188e-05,4.269948503647645310e+01,0.000000000000000000e+00,0.000000000000000000e+00,1.783954206215673594e+03
1.625499999999876488e+00,2.603873961690993610e+00,-6.077998801139705698e-01,2.370887327771692421e-02,1.768736726990045804e+00,-4.249962198284431003e-01,3.464928717454769658e-02,-7.302594057026902341e+00,4.219681412912558827e+00,4.422995252657970155e+01,-1.780837247175718653e-04,4.126376541968076594e+01,0.000000000000000000e+00,0.000000000000000000e+00,4.422995252657970155e+01
1.630499999999875937e+00,2.612723380737941525e+00,-6.099235293514622125e-01,2.376658240401731056e-02,1.770577072327024215e+00,-4.242652130248634190e-01,-7.213149427827963457e-03,-2.109930268057411240e+00,9.653724316017537888e-01,2.345459415504205580e+01,-8.692062511403073066e-05,4.112067238074357789e+01,0.000000000000000000e+00,0.000000000000000000e+00,2.345459415504205580e+01
1.635499999999875387e+00,2.621574795745703401e+00,-6.120378431176051182e-01,2.361487783800934187e-02,1.770519077104877548e+00,-4.218643810313976727e-01,-4.931507380973389199e-02,-6.041301798237346254e+00,6.618261913327641466e+00,3.337433229742251228e+01,-9.582687010454031193e-05,4.104492823038835070e+01,0.000000000000000000e+00,0.000000000000000000e+00,3.337433229742251228e+01
1.640499999999874836e+00,2.630373411070143774e+00,-6.139982592823993723e-01,2.352399565222133490e-02,1.734967624629114136e+00,-3.281307338913453941e-01,7.885720582360350450e-02,-1.614706167020811165e+02,4.123638686590793441e+02,7.731656423217712018e+02,-4.295045627379645570e-05,3.932125393740388120e+01,0.000000000000000000e+00,0.000000000000000000e+00,7.731656423217712018e+02
1.645499999999874285e+00,2.639046283372862067e+00,-6.156326750128453540e-01,2.379665873113984489e-02,1.735024654468150240e+00,-3.262238196924467371e-01,3.492545119063948655e-02,-9.843840637071925581e-01,-1.605556782646246461e+00,1.624164207515972436e+01,-1.426107020110810395e-04,3.910186229006553305e+01,0.000000000000000000e+00,0.000000000000000000e+00,1.624164207515972436e+01
1.650499999999873735e+00,2.647724086526709986e+00,-6.172604665714895855e-01,2.385359569952829467e-02,1.735701999731838807e+00,-3.250927093697568160e-01,-7.672774472593858405e-03,-1.256477960596906485e+01,2.053171147700721733e+01,5.820187472446177424e+01,-1.312622236363161082e-04,3.901065830298019677e+01,0.000000000000000000e+00,0.000000000000000000e+00,5.820187472446177424e+01
1.655499999999873184e+00,2.656401611143569319e+00,-6.188787457548982074e-01,2.369945686005751201e-02,1.735369501531332181e+00,-3.227525478554792437e-01,-4.986724116219792141e-02,-9.018600673024891989e+00,1.326121703509145711e+01,4.282307632642289974e+01,-4.447054894253163471e-05,3.893032877712462181e+01,0.000000000000000000e+00,0.000000000000000000e+00,4.282307632642289974e+01
1.660499999999872633e+00,2.665058495580173048e+00,-6.204364846855714433e-01,2.342752123860811914e-02,1.715482214997944288e+00,-2.661190182171819796e-01,7.067472522487936587e-03,-2.582164019669944537e+02,7.341927867665505119e+02,1.329997052299454708e+03,-6.420610634105252887e-05,3.821025648195270463e+01,0.000000000000000000e+00,0.000000000000000000e+00,1.329997052299454708e+03
1.665499999999872083e+00,2.673566147400088688e+00,-6.215553071121668882e-01,2.372268123164171863e-02,1.699675783616937608e+00,-2.192172698395285502e-01,4.632880332336100637e-02,-4.811141389738042839e+00,4.841939044616440313e+00,2.498155488252327316e+01,-3.941033983349741948e-05,3.716684615663329794e+01,0.000000000000000000e+00,0.000000000000000000e+00,2.498155488252327316e+01
1.670499999999871532e+00,2.682066156513919442e+00,-6.226473843626582072e-01,2.383538102911273923e-02,1.700281542510029720e+00,-2.175844971720048704e-01,3.216145391698335774e-03,-2.982544645844070974e+00,6.900364316519272734e+00,2.222368705903071628e+01,-1.632972534202532799e-04,3.708412804397144669e+01,0.000000000000000000e+00,0.000000000000000000e+00,2.222368705903071628e+01
1.675499999999870981e+00,2.690565382615006662e+00,-6.237299474140720612e-01,2.373473811243570486e-02,1.699378583052367997e+00,-2.152385321375353544e-01,-3.919972074842332371e-02,-3.664682598764535948e-01,-1.819375320517584882e+00,8.479389343978910532e+00,-1.225969154919175075e-05,3.701262342216615764e+01,0.000000000000000000e+00,0.000000000000000000e+00,8.479389343978910532e+00
1.680499999999870431e+00,2.699060016826432928e+00,-6.247952595076879945e-01,2.343464394771535217e-02,1.693621751518077589e+00,-2.011111641439121966e-01,-5.447707897843338809e-02,-1.776450298803016778e+02,4.827029217881836303e+02,1.058829578534674511e+03,-1.487837108910209510e-04,3.694399121934689134e+01,0.000000000000000000e+00,0.000000000000000000e+00,1.058829578534674511e+03
1.685499999999869880e+00,2.707418894837119616e+00,-6.254705936879553230e-01,2.363250672485472242e-02,1.665217330833406839e+00,-1.184800819807814848e-01,4.998432756527001336e-02,-2.179141479470731169e-01,-4.480960494457578491e+00,1.178237127417812680e+01,-6.568890506711538152e-05,3.560837615991681560e+01,0.000000000000000000e+00,0.000000000000000000e+00,1.178237127417812680e+01
1.690499999999869329e+00,2.715748893668969099e+00,-6.260592518085605906e-01,2.376410831992579673e-02,1.666339435390724599e+00,-1.175198362339827940e-01,6.944815975231426880e-03,-1.030670670415966583e+01,1.692307643410612172e+01,5.253693516496655036e+01,-1.787405193937816050e-04,3.556164387741660704e+01,0.000000000000000000e+00,0.000000000000000000e+00,5.253693516496655036e+01
1.695499999999868779e+00,2.724081031497445959e+00,-6.266415636790764188e-01,2.368323908902937938e-02,1.665693723597110099e+00,-1.152831341245774410e-01,-3.523614809852839563e-02,-7.231092672069050487e+00,1.364749413060888728e+01,2.600189045575720215e+01,-7.323939559638475982e-05,3.549180860523402714e+01,0.000000000000000000e+00,0.000000000000000000e+00,2.600189045575720215e+01
1.700499999999868228e+00,2.732403606485858560e+00,-6.271932598291486416e-01,2.342834758311892335e-02,1.656535538302572386e+00,-8.691800967366011821e-02,-2.531263458901671093e-02,-1.966624002680504475e+02,5.951833863173221744e+02,1.103491410276362785e+03,-2.019782802498170694e-04,3.527297745691937791e+01,0.000000000000000000e+00,0.000000000000000000e+00,1.103491410276362785e+03
1.705499999999867677e+00,2.740610963973745484e+00,-6.273779800040473198e-01,2.363619366641362546e-02,1.637492778443489838e+00,-2.556325350975391722e-02,4.169474582937276325e-02,-2.063128009037776600e+00,3.907697357190585308e+00,7.466713865326628508e+00,-2.049731389887950866e-06,3.440155145112800028e+01,0.000000000000000000e+00,0.000000000000000000e+00,7.466713865326628508e+00
1.710499999999867127e+00,2.748797171337121537e+00,-6.275002693750937333e-01,2.372420437498646770e-02,1.637560247799167756e+00,-2.364682255664201857e-02,-1.933185339740986020e-03,-6.038955958350415543e+00,1.143616189865825561e+01,3.402723835178188949e+01,-2.179512954142465327e-04,3.435700782633068684e+01,0.000000000000000000e+00,0.000000000000000000e+00,3.402723835178188949e+01
1.715499999999866576e+00,2.756985241427809541e+00,-6.276149610390632239e-01,2.359723087022551000e-02,1.637635733083605771e+00,-2.186804777964256388e-02,-4.429296190894843610e-02,-5.470507261122111053e+00,1.241503378779158950e+01,3.264460158087259600e+01,-8.669962394366841074e-05,3.429565162220846730e+01,0.000000000000000000e+00,0.000000000000000000e+00,3.264460158087259600e+01
1.720499999999866025e+00,2.765127022160916326e+00,-6.276170800843255959e-01,2.346710021689636314e-02,1.614680804598125796e+00,4.107932774684604216e-02,3.290308226328036989e-02,-1.213231277507667727e+02,3.708451103473562398e+02,7.108884106881941989e+02,-2.211882571103288876e-04,3.371393851935141583e+01,0.000000000000000000e+00,0.000000000000000000e+00,7.108884106881941989e+02
1.725499999999865475e+00,2.773190199067562478e+00,-6.273816819083274376e-01,2.358233921442709491e-02,1.613344656639782437e+00,4.752735794682050319e-02,3.750676573208100006e-03,-2.174665141522702960e+00,3.281189107876580913e+00,2.148856147947887507e+01,-2.970739258611691108e-04,3.353367393152807097e+01,0.000000000000000000e+00,0.000000000000000000e+00,2.148856147947887507e+01
1.730499999999864924e+00,2.781256473223131298e+00,-6.271404126980385518e-01,2.348568483063822807e-02,1.612657113954027999e+00,4.903957148971881813e-02,-3.824859121340846990e-02,-7.784007133457206962e+00,1.496189802796253865e+01,2.878360740048301025e+01,-1.410235854698918545e-05,3.348191356194453761e+01,0.000000000000000000e+00,0.000000000000000000e+00,2.878360740048301025e+01
1.735499999999864373e+00,2.789250179256674400e+00,-6.267465962373017785e-01,2.353317686972515241e-02,1.595560741931704607e+00,8.803670429675362896e-02,1.303359264937716498e-02,-3.674716589558444380e+00,5.837310451536401601e-01,3.355931502959127499e+01,-2.660976095923434787e-05,3.309826029348263887e+01,0.000000000000000000e+00,0.000000000000000000e+00,3.355931502959127499e+01
1.740499999999863823e+00,2.797226874862401402e+00,-6.263035208463981762e-01,2.347980184342457477e-02,1.596361972799152706e+00,8.898619833223594955e-02,-2.947909625683845306e-02,-1.312837958397895521e+00,-1.869507056834720071e+00,1.968425284062455205e+01,-1.187713692014037616e-04,3.304125519739249484e+01,0.000000000000000000e+00,0.000000000000000000e+00,1.968425284062455205e+01
1.745499999999863272e+00,2.805154604098645699e+00,-6.257350107783509197e-01,2.352611859986434434e-02,1.582746619734868743e+00,1.201994267951645434e-01,4.656245818452312696e-03,-3.894235834012330422e+00,7.564703218777108162e+00,1.452923015806926621e+01,-5.254393652394731551e-05,3.273849672221671625e+01,0.000000000000000000e+00,0.000000000000000000e+00,1.452923015806926621e+01
1.750499999999862721e+00,2.813065418974538545e+00,-6.251150730012908774e-01,2.348049215613379204e-02,1.576427815375794239e+00,1.380314911601418504e-01,7.979200798701239356e-03,-8.378616803361147447e+01,2.136065141372904748e+02,5.797708688609445744e+02,-1.282167700563732748e-04,3.258537792234140795e+01,0.000000000000000000e+00,0.000000000000000000e+00,5.797708688609445744e+02
1.755499999999862171e+00,2.820936671076923030e+00,-6.243942437682455937e-01,2.347979681150233824e-02,1.571490441456258713e+00,1.496986471712792310e-01,-6.787251624925902047e-03,-7.771539821748517340e+01,1.958000877820782932e+02,5.497360107083138701e+02,-5.059084453338386078e-05,3.246472000551221981e+01,0.000000000000000000e+00,0.000000000000000000e+00,5.497360107083138701e+02
1.760499999999861620e+00,2.828768667376270862e+00,-6.235802389997586737e-01,2.350741133699180488e-02,1.566777291572065245e+00,1.643193292552978801e-01,-9.412669100208829326e-03,-5.694319213780369537e+00,5.007426333298410803e+00,4.022390246444708595e+01,-8.776364055454411936e-05,3.227186512881090152e+01,0.000000000000000000e+00,0.000000000000000000e+00,4.022390246444708595e+01
1.765499999999861069e+00,2.836572762447432616e+00,-6.226965037792526747e-01,2.351089257339061822e-02,1.556224854732824792e+00,1.885899410980059476e-01,1.430857966547121468e-02,-1.882871859229279465e+00,-1.254536201281489127e+00,2.577552544942217949e+01,-6.145721434239539982e-06,3.204792409695863853e+01,0.000000000000000000e+00,0.000000000000000000e+00,2.577552544942217949e+01
1.770499999999860519e+00,2.844354173658004026e+00,-6.217472311112742789e-01,2.347311505595036513e-02,1.554764402587012428e+00,1.942639705285096885e-01,-1.356352024242922331e-02,-8.018646727524485129e+01,1.938987652027797708e+02,5.812200312889308407e+02,-1.953721132556419243e-04,3.201340675267150715e+01,0.000000000000000000e+00,0.000000000000000000e+00,5.812200312889308407e+02
1.775499999999859968e+00,2.852094762600879463e+00,-6.206991540174207067e-01,2.350907020797625424e-02,1.547347078737508985e+00,2.131002822353834647e-01,-4.194508064397399309e-03,-3.940781126597148187e-01,-5.238034601855169115e+00,1.346832260640818824e+01,-2.836435094743204599e-05,3.180607544593667768e+01,0.000000000000000000e+00,0.000000000000000000e+00,1.346832260640818824e+01
1.780499999999859417e+00,2.859813715158280534e+00,-6.195890127297261074e-01,2.350101141770237489e-02,1.538251870017715683e+00,2.342328269015545306e-01,1.647873690917572159e-02,-7.334026466258237953e+00,9.220053412478071309e+00,4.761811049462731660e+01,-1.596017182770703008e-04,3.161905808368146609e+01,0.000000000000000000e+00,0.000000000000000000e+00,4.761811049462731660e+01
1.785499999999858867e+00,2.867504829347308881e+00,-6.184119668419880700e-01,2.347450284048801031e-02,1.536700716881501227e+00,2.401092666742672410e-01,-1.204834358548441745e-02,-6.838053066907299637e+01,1.593453230249918420e+02,5.275072731262516754e+02,-7.025859220723563309e-05,3.159216124475551624e+01,0.000000000000000000e+00,0.000000000000000000e+00,5.275072731262516754e+02
1.790499999999858316e+00,2.875158107205585623e+00,-6.171459937517943528e-01,2.350267282568690649e-02,1.529377274202808445e+00,2.557570277238581102e-01,-6.639757658504021748e-03,-5.040276654317845662e+00,9.458878277266329349e+00,1.957949756544059738e+01,-5.375325082073757754e-05,3.141847122857491925e+01,0.000000000000000000e+00,0.000000000000000000e+00,1.957949756544059738e+01
1.795499999999857765e+00,2.882785131090790820e+00,-6.158187520479616595e-01,2.350474342322299987e-02,1.521483768501536327e+00,2.744343126348786077e-01,1.032707260811546214e-02,-5.235235000802207495e+00,6.225379030871151187e+00,3.791329709461314224e+01,-8.073504652668893333e-05,3.126578705388971713e+01,0.000000000000000000e+00,0.000000000000000000e+00,3.791329709461314224e+01
1.800499999999857215e+00,2.890386786094299776e+00,-6.144344969923964950e-01,2.347650117964803981e-02,1.515863263379875203e+00,2.853322621700529749e-01,3.775434841303529701e-03,-5.685897320152544410e+01,1.210873495200607692e+02,4.596280234541748655e+02,-8.491282867184048698e-05,3.118730906695355998e+01,0.000000000000000000e+00,0.000000000000000000e+00,4.596280234541748655e+02
1.805499999999856664e+00,2.897955124856066877e+00,-6.129802445553181878e-01,2.348294052827843217e-02,1.514038913509339279e+00,2.902855583775108550e-01,-1.588747439091317548e-02,-3.534382125914165229e+00,-3.543727949684043921e+00,5.006664834166166855e+01,-9.699086038405559107e-05,3.109684077123914392e+01,0.000000000000000000e+00,0.000000000000000000e+00,5.006664834166166855e+01
1.810499999999856113e+00,2.905496804645272046e+00,-6.114747099391452112e-01,2.348231190815995226e-02,1.507781783066400427e+00,3.029555793766885996e-01,-1.234884951789502576e-02,6.356586882890868928e-03,-1.126299446173624830e+01,3.335027083222736621e+01,-9.162154208747826795e-05,3.098729479830658562e+01,0.000000000000000000e+00,0.000000000000000000e+00,3.335027083222736621e+01
1.815499999999855563e+00,2.913011118001813227e+00,-6.099146296841304604e-01,2.349711498113464178e-02,1.502430692308141857e+00,3.118442728049591328e-01,-8.370024779442493401e-03,-2.390198342058496017e+00,-9.924162206836408373e+00,5.731125871838358421e+01,-1.871506030432408541e-04,3.087538492117045053e+01,0.000000000000000000e+00,0.000000000000000000e+00,5.731125871838358421e+01
1.820499999999855012e+00,2.920500640347284182e+00,-6.083227869798401022e-01,2.350576503791576913e-02,1.495533851911468703e+00,3.238227308179161823e-01,3.777827517997671761e-03,-1.521397899905512663e+00,1.570315864988458543e-02,1.909466533745905537e+01,-8.630778791441674758e-05,3.076099266362749773e+01,0.000000000000000000e+00,0.000000000000000000e+00,1.909466533745905537e+01
1.825499999999854461e+00,2.927970090285835880e+00,-6.066923972990575509e-01,2.349359909958261688e-02,1.489896143987333055e+00,3.325973912511481223e-01,7.428193996117798958e-03,-4.264132333341133396e+00,7.508898619835892241e+00,1.740705736364465750e+01,-1.803672552141751678e-04,3.065502258740626118e+01,0.000000000000000000e+00,0.000000000000000000e+00,1.740705736364465750e+01
1.830499999999853911e+00,2.935411915683008743e+00,-6.050193440683844237e-01,2.348596946261872695e-02,1.486410139394644947e+00,3.385106594528146662e-01,2.447986156029010761e-04,-4.882319441217775591e+01,9.431185388107218159e+01,4.366878986215041891e+02,-1.035704447109805915e-04,3.059289774047002908e+01,0.000000000000000000e+00,0.000000000000000000e+00,4.366878986215041891e+02
1.835499999999853360e+00,2.942830391347571961e+00,-6.033079496039793765e-01,2.348917469282811241e-02,1.480593528967081296e+00,3.460134999563891367e-01,2.050707540812220231e-03,-3.827943916472413122e+01,6.011883904185278737e+01,4.049274226363467051e+02,-6.483508923995837114e-05,3.049723129254127230e+01,0.000000000000000000e+00,0.000000000000000000e+00,4.049274226363467051e+02
1.840499999999852809e+00,2.950223197332065617e+00,-6.015569686987718434e-01,2.349231677593855566e-02,1.476458510596002860e+00,3.545510884234812088e-01,3.142696788947112446e-03,1.232682775397059949e+00,-1.816396121310357969e+01,4.999605222041993358e+01,-1.905363968930130769e-04,3.038764323674016055e+01,0.000000000000000000e+00,0.000000000000000000e+00,4.999605222041993358e+01
1.845499999999852259e+00,2.957595651124068414e+00,-5.997788968745471072e-01,2.349733868255937663e-02,1.472846433431291624e+00,3.563498522993411299e-01,-3.963950395677554896e-03,-4.112502387559721306e+00,6.524626904030542462e+00,1.996571729355263614e+01,-2.070911832307044398e-04,3.030853908355147297e+01,0.000000000000000000e+00,0.000000000000000000e+00,1.996571729355263614e+01
1.850499999999851708e+00,2.964942483770031778e+00,-5.979696706524093575e-01,2.349891178160121510e-02,1.468367237532056002e+00,3.646883786119518578e-01,-4.024466622636294934e-03,-1.736967527170954817e+00,1.154903981315411610e+00,1.970719988587700300e+01,-1.472460158528999044e-04,3.022244104506423668e+01,0.000000000000000000e+00,0.000000000000000000e+00,1.970719988587700300e+01
1.855499999999851157e+00,2.972270186272471193e+00,-5.961285404375237240e-01,2.350211013464506560e-02,1.462697174082095319e+00,3.713036894337393146e-01,8.501880358807918994e-03,1.973370688498930381e+00,-2.509014438945236236e+01,6.403642495398729295e+01,-1.223387766520413374e-04,3.011552589926593981e+01,0.000000000000000000e+00,0.000000000000000000e+00,6.403642495398729295e+01
1.860499999999850607e+00,2.979574016156229632e+00,-5.942635343286127858e-01,2.348633667516985060e-02,1.457444501735249753e+00,3.786958713790907205e-01,1.011338385037748554e-02,-3.986654956399890182e+01,6.635304359481355618e+01,3.906975625605911659e+02,-1.367117528448039392e-04,3.004012321701751631e+01,0.000000000000000000e+00,0.000000000000000000e+00,3.906975625605911659e+02
1.865499999999850056e+00,2.986859650000288635e+00,-5.923795584324279551e-01,2.348012563054848942e-02,1.457784825183420230e+00,3.724382429775029979e-01,-1.703446069576669553e-02,3.236243688706645472e+00,-3.153367664722987485e+01,7.106427355855710459e+01,-1.404201760643007668e-04,2.998472647009933212e+01,0.000000000000000000e+00,0.000000000000000000e+00,7.106427355855710459e+01
1.870499999999849505e+00,2.994121651193113465e+00,-5.904814304424798044e-01,2.351110328362376878e-02,1.451413300203172829e+00,3.815016499521473037e-01,2.305420097409190388e-03,2.018809096804539571e+00,-1.968887694657658471e+01,4.604153632652479189e+01,-1.101145703670770512e-04,2.987268166008012571e+01,0.000000000000000000e+00,0.000000000000000000e+00,4.604153632652479189e+01
1.875499999999848955e+00,3.001375440190518606e+00,-5.885842584690561541e-01,2.347591960912487688e-02,1.446945459410387880e+00,3.827879477826878762e-01,6.892169722733887567e-03,-3.362640374850773384e+01,4.329325484646300737e+01,3.855359940391244322e+02,-4.082157173521984428e-05,2.979013221775488773e+01,0.000000000000000000e+00,0.000000000000000000e+00,3.855359940391244322e+02
1.880499999999848404e+00,3.008604075816062373e+00,-5.866624035996165221e-01,2.348968828499057096e-02,1.446408457526709546e+00,3.811517360254712550e-01,-1.288551683909149211e-02,3.788249154457130619e+00,-3.130175055581762678e+01,6.589845461377294100e+01,-1.274060766974730724e-04,2.972748421731755286e+01,0.000000000000000000e+00,0.000000000000000000e+00,6.589845461377294100e+01
1.885499999999847853e+00,3.015816118958116743e+00,-5.847330235079286620e-01,2.349906285431842268e-02,1.440677344266100945e+00,3.885207925580632660e-01,-1.649435103483614133e-03,-2.049644309768010320e-01,-4.560945572378050983e+00,1.148075629082848259e+01,-1.496580229287496067e-05,2.962578714862443263e+01,0.000000000000000000e+00,0.000000000000000000e+00,1.148075629082848259e+01
1.890499999999847303e+00,3.023008789047311407e+00,-5.827819114489561914e-01,2.349717713505821565e-02,1.436999950546495430e+00,3.902101508185684131e-01,8.387262260879165422e-04,3.723297427647161317e+00,-3.175758289091903208e+01,6.947702477107003460e+01,-1.754674451331858509e-04,2.953472247735755118e+01,0.000000000000000000e+00,0.000000000000000000e+00,6.947702477107003460e+01
1.895499999999846752e+00,3.030185167209384467e+00,-5.808330176081064611e-01,2.348591435061711877e-02,1.433894846379536903e+00,3.908642137735350852e-01,-6.925381399402509748e-03,-8.386419212193159112e-01,-2.889308443337831100e+00,1.626435804229473803e+01,-6.209156115964502287e-05,2.946439225460861522e+01,0.000000000000000000e+00,0.000000000000000000e+00,1.626435804229473803e+01
1.900499999999846201e+00,3.037340067174932212e+00,-5.788557884286793520e-01,2.349299920359437105e-02,1.429135822470753547e+00,3.966136154383454460e-01,3.940957730941020525e-03,3.635272060822898332e+00,-2.967697865990157879e+01,6.583722775471204613e+01,-1.557525649921824833e-04,2.936374235168442937e+01,0.000000000000000000e+00,0.000000000000000000e+00,6.583722775471204613e+01
1.905499999999845651e+00,3.044476238434491666e+00,-5.768752221471554753e-01,2.349879944371645324e-02,1.425066414379656754e+00,3.975195649850558621e-01,5.313769243647991844e-03,3.110125204993960946e+00,-2.839107771780324896e+01,6.240616356250541230e+01,-9.526516843338418694e-05,2.928086243737362437e+01,0.000000000000000000e+00,0.000000000000000000e+00,6.240616356250541230e+01
1.910499999999845100e+00,3.051596834784370049e+00,-5.748793462266873489e-01,2.349282405930223569e-02,1.420400161907621417e+00,4.040970825389225141e-01,1.504648545182344158e-02,-3.628387476956562097e+01,4.825375374138799600e+01,3.825784713769687642e+02,-1.424070819061548122e-04,2.919487239849548388e+01,0.000000000000000000e+00,0.000000000000000000e+00,3.825784713769687642e+02
1.915499999999844549e+00,3.058695858011395874e+00,-5.728696716983688875e-01,2.347789958702965751e-02,1.418134349611922529e+00,4.024091665877603252e-01,-1.867657824754900874e-03,-4.204453639803358556e+01,5.506201840545958248e+01,4.372984868002286021e+02,-1.045949839594915304e-04,2.913818503560721140e+01,0.000000000000000000e+00,0.000000000000000000e+00,4.372984868002286021e+02
1.920499999999843999e+00,3.065774293257376382e+00,-5.708412336243332552e-01,2.348616943389231562e-02,1.415145657403579227e+00,4.054136944020355626e-01,-1.365186186611526929e-02,2.940620020053574812e+00,-2.051039809083304277e+01,4.105260673389058468e+01,-5.896590931426062311e-05,2.906392336104380192e+01,0.000000000000000000e+00,0.000000000000000000e+00,4.105260673389058468e+01
1.925499999999843448e+00,3.072834579052226012e+00,-5.688026827292504972e-01,2.348439911190643853e-02,1.412335214569718111e+00,4.042183155138068251e-01,-1.040156540961955853e-02,4.725000986361546751e+00,-3.434997039415155484e+01,7.124923241938071783e+01,-9.344026911761206533e-05,2.897400891219508168e+01,0.000000000000000000e+00,0.000000000000000000e+00,7.124923241938071783e+01
1.930499999999842897e+00,3.079876987907962160e+00,-5.667542613331307821e-01,2.349040605700707454e-02,1.407704820995992812e+00,4.089580283700408603e-01,-1.075803668196246600e-02,3.847928371847227247e+00,-2.728969107695240837e+01,5.463249564498647004e+01,-1.547423666890038445e-04,2.889577457156286755e+01,0.000000000000000000e+00,0.000000000000000000e+00,5.463249564498647004e+01
1.935499999999842347e+00,3.086899871768796988e+00,-5.646984978567902713e-01,2.350636945866402955e-02,1.403808670723528218e+00,4.096193438673749743e-01,1.257919792132554783e-03,4.174019553296577811e+00,-3.268414211836498851e+01,7.144179837408657363e+01,-8.324576415381923500e-05,2.879400935526756200e+01,0.000000000000000000e+00,0.000000000000000000e+00,7.144179837408657363e+01
1.940499999999841796e+00,3.093910639666690443e+00,-5.626423510331334255e-01,2.348206785788300305e-02,1.398582354091234103e+00,4.159272947726947445e-01,1.195849836678689049e-02,-3.552699315857358187e+01,4.263707294982004470e+01,3.867317553696647678e+02,-1.269128357138181017e-04,2.870746655349949350e+01,0.000000000000000000e+00,0.000000000000000000e+00,3.867317553696647678e+02
1.945499999999841245e+00,3.100903776828805913e+00,-5.605793090555953873e-01,2.348588999539212574e-02,1.399478732773420386e+00,4.092547908617556462e-01,-1.544797301348830969e-02,3.035135527121595178e+00,-2.288801331004964368e+01,5.454831627299381580e+01,-2.739157306230234623e-05,2.865698531995646903e+01,0.000000000000000000e+00,0.000000000000000000e+00,5.454831627299381580e+01
1.950499999999840695e+00,3.107878208460138847e+00,-5.585100206109712140e-01,2.349617867790789946e-02,1.394483862877289315e+00,4.131580790720047469e-01,-6.093595290189745758e-03,4.358047824000004233e+00,-2.874041694563466720e+01,5.589170798253270078e+01,-1.462832318288292272e-04,2.856493927672441302e+01,0.000000000000000000e+00,0.000000000000000000e+00,5.589170798253270078e+01
1.955499999999840144e+00,3.114839849699556851e+00,-5.564398010263803540e-01,2.349269967477994256e-02,1.391454428224214057e+00,4.147070263881976193e-01,-4.508639910395207187e-03,-2.261973169240938386e+00,2.426985186951188034e+00,2.288381246815681891e+01,-1.125736589523505110e-04,2.847700962600180219e+01,0.000000000000000000e+00,0.000000000000000000e+00,2.288381246815681891e+01
1.960499999999839593e+00,3.121782675872486923e+00,-5.543582406038428667e-01,2.349188887143814630e-02,1.387334293782390482e+00,4.155536379206887787e-01,-3.757000699779696785e-03,4.345436532661814510e+00,-3.004101591404850780e+01,6.185663169147385076e+01,-1.345597380119564757e-04,2.839808870377382277e+01,0.000000000000000000e+00,0.000000000000000000e+00,6.185663169147385076e+01
1.965499999999839043e+00,3.128708510530889608e+00,-5.522747149942077716e-01,2.349687599467202223e-02,1.383835726847240988e+00,4.182445508584977656e-01,-3.669136048853283323e-03,2.955106905095029601e-01,-2.063867625282389540e+00,8.426186124789609266e+00,-1.620050867385570970e-05,2.831800741472792993e+01,0.000000000000000000e+00,0.000000000000000000e+00,8.426186124789609266e+00
1.970499999999838492e+00,3.135613828438323036e+00,-5.501723268390762422e-01,2.349817742300611828e-02,1.380352674738957619e+00,4.190171429178707330e-01,-2.847370835449739880e-03,5.147618122315265055e+00,-3.373368891647517387e+01,6.887688756125160694e+01,-1.149731213526197782e-04,2.823591638673884319e+01,0.000000000000000000e+00,0.000000000000000000e+00,6.887688756125160694e+01
1.975499999999837941e+00,3.142505974462523888e+00,-5.480758275728412343e-01,2.349201025752884961e-02,1.376222187388723039e+00,4.218035903906409700e-01,-1.681649317527358477e-03,2.732599880362196920e+00,-1.699570869130863215e+01,3.245567544038515706e+01,-2.589814781361020335e-05,2.815492364596988395e+01,0.000000000000000000e+00,0.000000000000000000e+00,3.245567544038515706e+01
1.980499999999837391e+00,3.149378470424014420e+00,-5.459653940332668265e-01,2.348779722090292912e-02,1.373240130657738645e+00,4.215254318623466445e-01,3.026637997627011048e-04,-4.120424450465512933e+01,5.108894440571565809e+01,4.232180068038738909e+02,-1.029037855234862103e-04,2.808249501892838396e+01,0.000000000000000000e+00,0.000000000000000000e+00,4.232180068038738909e+02
1.985499999999836840e+00,3.156235119244216847e+00,-5.438543115304962372e-01,2.349175127876234823e-02,1.369143763540680014e+00,4.241385148732651489e-01,5.945898565383498453e-05,2.604446382187047160e+00,-1.603172261394266229e+01,3.141252376079637543e+01,-7.008882125175436989e-05,2.799429846644853370e+01,0.000000000000000000e+00,0.000000000000000000e+00,3.141252376079637543e+01
1.990499999999836289e+00,3.163073522149644656e+00,-5.417349676985352414e-01,2.348982093760340617e-02,1.367730271053507307e+00,4.208965459680322208e-01,-7.781951852923741676e-03,5.279415630834524364e+00,-3.474968544440422136e+01,7.362727925385676997e+01,-1.779138700238932363e-04,2.792037284053488122e+01,0.000000000000000000e+00,0.000000000000000000e+00,7.362727925385676997e+01
1.995499999999835739e+00,3.169897894807594874e+00,-5.396180557996281824e-01,2.349226274536918638e-02,1.363546358828086946e+00,4.247872373788030287e-01,-8.259962522263859797e-03,-2.266625033805511613e-01,-9.551787430286000635e-01,8.821309386216688253e+00,-2.733555599542490666e-05,2.784444366995615994e+01,0.000000000000000000e+00,0.000000000000000000e+00,8.821309386216688253e+00
2.000499999999835410e+00,3.176701576512661163e+00,-5.374833456810116372e-01,2.349163614249468943e-02,1.360543885120278462e+00,4.245907908271001618e-01,-7.004903899580044828e-03,5.526006345108039675e+00,-3.383343607438747824e+01,6.800234938897561676e+01,-9.606602976719100240e-05,2.776217077633672758e+01,0.000000000000000000e+00,0.000000000000000000e+00,6.800234938897561676e+01
2.005499999999837080e+00,3.183489635188489153e+00,-5.353456199988552155e-01,2.349145837613942148e-02,1.355607397597499375e+00,4.300847757173770769e-01,2.186212809591442808e-03,3.720599850225005056e+00,-2.305264312663248205e+01,4.787013202569634984e+01,-4.771120610462878386e-05,2.767099516837777529e+01,0.000000000000000000e+00,0.000000000000000000e+00,4.787013202569634984e+01
2.010499999999838749e+00,3.190259977939612579e+00,-5.331978165239955603e-01,2.348592437513333589e-02,1.353114903936129654e+00,4.284875395626822625e-01,-6.382374803025193770e-03,5.018794062061731509e+00,-3.130021618905900027e+01,6.467271589257576636e+01,-7.548262622169947533e-05,2.760246597289617654e+01,0.000000000000000000e+00,0.000000000000000000e+00,6.467271589257576636e+01
2.015499999999840419e+00,3.197011707089990384e+00,-5.310410099381781546e-01,2.349238025790643600e-02,1.347986935628653571e+00,4.333450555754260747e-01,2.365048487238741778e-03,-1.866800656717337858e+00,1.745284760127030710e+00,1.382176140639031559e+01,-7.109177062939613968e-05,2.751217944430652551e+01,0.000000000000000000e+00,0.000000000000000000e+00,1.382176140639031559e+01
2.020499999999842089e+00,3.203745236082141457e+00,-5.288780191122104402e-01,2.348833661949111321e-02,1.346340837553344771e+00,4.304911977982199267e-01,-5.462628456067112649e-03,5.614528802491804527e+00,-3.383883510307100551e+01,7.084141725472581186e+01,-1.391942310264935451e-04,2.744276383815755338e+01,0.000000000000000000e+00,0.000000000000000000e+00,7.084141725472581186e+01
2.025499999999843759e+00,3.210462621257017979e+00,-5.267106009874168437e-01,2.349660451034577685e-02,1.342142788873423420e+00,4.332925114138638234e-01,-6.609886542597347842e-03,-2.779283879476581731e+00,3.194804089976743811e+00,1.676295883255244945e+01,-5.998758309193330529e-06,2.736851184352037336e+01,0.000000000000000000e+00,0.000000000000000000e+00,1.676295883255244945e+01
2.030499999999845429e+00,3.217158463438292593e+00,-5.245281662342192730e-01,2.350036034672391139e-02,1.337909666703486433e+00,4.362273877808387490e-01,2.695703643621448486e-03,5.641151924593127198e+00,-3.303973123161066638e+01,6.744000062755432623e+01,-1.714333535278098064e-04,2.727633901824192719e+01,0.000000000000000000e+00,0.000000000000000000e+00,6.744000062755432623e+01
2.035499999999847098e+00,3.223844271574268117e+00,-5.223504179020549421e-01,2.348577825364270982e-02,1.333568867018086745e+00,4.396017661902350548e-01,1.271826701402058168e-02,-3.515340834393512637e+01,3.972124936877092694e+01,3.738397658847890170e+02,-1.293323976988270101e-04,2.719344473861283618e+01,0.000000000000000000e+00,0.000000000000000000e+00,3.738397658847890170e+02
2.040499999999848768e+00,3.230504504563406432e+00,-5.201535216068171597e-01,2.348078572126603356e-02,1.332606646799156191e+00,4.361402137728299655e-01,-1.760039610942290556e-02,5.902072257926078258e+00,-3.414018614267818919e+01,6.926205870809313581e+01,-1.495625415319345314e-04,2.714872151477613471e+01,0.000000000000000000e+00,0.000000000000000000e+00,6.926205870809313581e+01
2.045499999999850438e+00,3.237146332290433026e+00,-5.179474409010217384e-01,2.350256610923303485e-02,1.327457892333788747e+00,4.428519981083824941e-01,-2.947786423869248927e-04,1.556434737084067210e+00,-1.322915016987942494e+01,4.051268979323827324e+01,-3.035532561893733439e-05,2.704799387000368682e+01,0.000000000000000000e+00,0.000000000000000000e+00,4.051268979323827324e+01
2.050499999999852108e+00,3.243769236882573015e+00,-5.157232758225011038e-01,2.349225673261059674e-02,1.320809954258114427e+00,4.484902488017104560e-01,1.600132269953178504e-02,-3.197035689871772490e+01,2.956710809628414793e+01,3.634025095664916876e+02,-1.453626417875168025e-04,2.695794877020251334e+01,0.000000000000000000e+00,0.000000000000000000e+00,3.634025095664916876e+02
2.055499999999853777e+00,3.250380121465134220e+00,-5.135068036733925201e-01,2.348117113436455974e-02,1.321963902299579274e+00,4.425508027220869112e-01,-9.562187671770722153e-03,-3.992301875019790458e+01,4.554200510467238416e+01,4.304725142906313522e+02,-1.140827604618963043e-04,2.692005072160576873e+01,0.000000000000000000e+00,0.000000000000000000e+00,4.304725142906313522e+02
2.060499999999855447e+00,3.256969566086668433e+00,-5.112762310857928982e-01,2.348300159860607778e-02,1.317018335027219544e+00,4.453817328142291032e-01,-1.208946093755779334e-02,4.459991551180566560e+00,-2.591762559714409520e+01,5.463952708494786492e+01,-1.375434519337928596e-04,2.683233218783951202e+01,0.000000000000000000e+00,0.000000000000000000e+00,5.463952708494786492e+01
2.065499999999857117e+00,3.263538676488513257e+00,-5.090370159022439278e-01,2.350539431167403270e-02,1.313855697912385878e+00,4.471145588478080413e-01,-3.864785780866351970e-03,-2.006315592304689144e+00,1.092952043309042942e+00,2.203419640858526662e+01,-1.296045251574090562e-04,2.674343975575157373e+01,0.000000000000000000e+00,0.000000000000000000e+00,2.203419640858526662e+01
2.070499999999858787e+00,3.270098510916739087e+00,-5.068011996876083947e-01,2.348587337023450711e-02,1.307963604004318325e+00,4.505938893035962289e-01,1.464320688432559948e-02,-3.257500750683698953e+01,3.166143624833724957e+01,3.579437242142404898e+02,-5.487657843654750178e-05,2.665319282349229724e+01,0.000000000000000000e+00,0.000000000000000000e+00,3.579437242142404898e+02
2.075499999999860457e+00,3.276639049611788312e+00,-5.045556025259559929e-01,2.349373377053287637e-02,1.308988694776401118e+00,4.462662407547989818e-01,-1.517230354161319336e-02,5.920166887757902785e+00,-3.097311574248166011e+01,6.464802277444567835e+01,-9.212914109342365890e-05,2.661042682647779145e+01,0.000000000000000000e+00,0.000000000000000000e+00,6.464802277444567835e+01
2.080499999999862126e+00,3.283163386770251879e+00,-5.023115185313309361e-01,2.350140050344114856e-02,1.303150953611870166e+00,4.488564389163750001e-01,3.639625176634700855e-03,5.415961324523509646e+00,-2.997390294241691322e+01,6.248691139999427691e+01,-1.026419251559469639e-04,2.650807667820400582e+01,0.000000000000000000e+00,0.000000000000000000e+00,6.248691139999427691e+01
2.085499999999863796e+00,3.289674916136111182e+00,-5.000630233887787268e-01,2.348486487522032096e-02,1.298837208866500781e+00,4.526971725061813001e-01,1.219393425014942203e-02,-3.491240251582146925e+01,3.628607748279284806e+01,3.740465258468693719e+02,-7.855727396390531359e-05,2.642704180134927583e+01,0.000000000000000000e+00,0.000000000000000000e+00,3.740465258468693719e+02
2.090499999999865466e+00,3.296164094415702461e+00,-4.978034797529756750e-01,2.347971034105930666e-02,1.298349147616653321e+00,4.508258344795853523e-01,-1.871943252321515982e-02,3.547828251362627583e+00,-1.955384686505445302e+01,4.317630989346504577e+01,-9.348400112409952639e-05,2.638802950914440260e+01,0.000000000000000000e+00,0.000000000000000000e+00,4.317630989346504577e+01
2.095499999999867136e+00,3.302631653244874066e+00,-4.955280203240040593e-01,2.351306553659507706e-02,1.292134402171720930e+00,4.543315137416600313e-01,8.360295877214075910e-03,6.060080123732725532e+00,-3.211660150820822679e+01,6.856330513917460223e+01,-1.088887424329706977e-04,2.627472956401566861e+01,0.000000000000000000e+00,0.000000000000000000e+00,6.856330513917460223e+01
2.100499999999868805e+00,3.309087763351702183e+00,-4.932593858249973429e-01,2.347796496204046166e-02,1.289019572899800847e+00,4.559627500654925836e-01,-2.035567423893582678e-04,-3.617004144947362221e+01,3.649553877583748829e+01,4.006232594103760789e+02,-1.015693515438332445e-04,2.621970258538961929e+01,0.000000000000000000e+00,0.000000000000000000e+00,4.006232594103760789e+02
2.105499999999870475e+00,3.315522678828295433e+00,-4.909793248116394726e-01,2.349209898175040959e-02,1.287085240802534836e+00,4.532186461187260873e-01,-1.121890375174740967e-02,4.973056237999316842e+00,-2.714376280299826760e+01,5.794248064336336768e+01,-1.087704749124941001e-04,2.614863512915054145e+01,0.000000000000000000e+00,0.000000000000000000e+00,5.794248064336336768e+01
2.110499999999872145e+00,3.321942246878445637e+00,-4.886992894079559280e-01,2.349512273572669507e-02,1.282940564606824596e+00,4.575817442220599385e-01,-4.065806282379257064e-03,3.049912970579495841e+00,-1.669304952150682197e+01,3.627416690595700999e+01,-4.905703419139269272e-05,2.606551423852961236e+01,0.000000000000000000e+00,0.000000000000000000e+00,3.627416690595700999e+01
2.115499999999873815e+00,3.328346765256909201e+00,-4.864106471569084045e-01,2.349369925060124445e-02,1.280259709776282229e+00,4.556256992513666448e-01,-3.588286158383969561e-03,6.729144935860792209e+00,-3.386530413705817466e+01,7.133202496753318655e+01,-1.511545472278209151e-04,2.598620773496347169e+01,0.000000000000000000e+00,0.000000000000000000e+00,7.133202496753318655e+01
2.120499999999875484e+00,3.334734832974320273e+00,-4.841258403904487584e-01,2.349163219135836159e-02,1.276932767655109657e+00,4.573342338618143765e-01,-5.007025549209897196e-03,-1.935036983367264263e+00,1.219870006202866008e+00,2.047625561313030573e+01,-2.069453634997650560e-05,2.591371963949509549e+01,0.000000000000000000e+00,0.000000000000000000e+00,2.047625561313030573e+01
2.125499999999877154e+00,3.341106789235815722e+00,-4.818308299862298916e-01,2.348565465173517094e-02,1.272460570828430892e+00,4.593636050268992133e-01,3.412598966787317931e-03,-3.730544876396993459e+01,3.717665489761854047e+01,3.969480771930760739e+02,-1.723299439419588141e-04,2.583807134923772963e+01,0.000000000000000000e+00,0.000000000000000000e+00,3.969480771930760739e+02
2.130499999999878824e+00,3.347461393490354098e+00,-4.795394482302883787e-01,2.349202707014977701e-02,1.268071260407948486e+00,4.602461479383567755e-01,1.135619894657069646e-02,-3.479584373780663498e+01,3.405594632028444124e+01,3.671504111561107493e+02,-4.651757430786628011e-05,2.575203457994307854e+01,0.000000000000000000e+00,0.000000000000000000e+00,3.671504111561107493e+02
2.135499999999880494e+00,3.353799858107155529e+00,-4.772374612576579245e-01,2.348786768638502775e-02,1.264460854261141520e+00,4.630948265933076957e-01,8.981628176007654812e-03,-3.314385863084881123e+01,3.184526185338357607e+01,3.600795219722251659e+02,-1.199879600422692084e-04,2.568345660630186700e+01,0.000000000000000000e+00,0.000000000000000000e+00,3.600795219722251659e+02
2.140499999999882164e+00,3.360122501994661448e+00,-4.749385208519927848e-01,2.347952668168667642e-02,1.264507113467183030e+00,4.570065182717722441e-01,-8.337248196349383161e-03,-4.331128280927822516e+01,4.676039747599523366e+01,4.344529618797445778e+02,-1.528920819797406627e-04,2.563240052432344385e+01,0.000000000000000000e+00,0.000000000000000000e+00,4.344529618797445778e+02
2.145499999999883833e+00,3.366428025222725218e+00,-4.726338019848673189e-01,2.348479961577370351e-02,1.260081480158261602e+00,4.615331829560702648e-01,-1.197145835808830806e-02,-9.178950969921800818e-01,-1.144760278642036333e-01,1.261646398387165213e+01,-8.419111949605319681e-05,2.555230011772373899e+01,0.000000000000000000e+00,0.000000000000000000e+00,1.261646398387165213e+01
2.150499999999885503e+00,3.372710049075817285e+00,-4.703145596385315264e-01,2.350194304743929291e-02,1.256531071546785894e+00,4.610666016402593104e-01,-4.135995986871050106e-03,7.392942231994975799e+00,-3.491087549265226642e+01,7.037170678610023344e+01,-1.675277226119652706e-04,2.546710103074808984e+01,0.000000000000000000e+00,0.000000000000000000e+00,7.037170678610023344e+01
2.155499999999887173e+00,3.378983736238485580e+00,-4.680087929948310577e-01,2.349966539323153705e-02,1.252514674793603344e+00,4.631427910975448037e-01,5.164564990628539229e-03,3.990543198845688089e+00,-2.098368536883542745e+01,5.234757680018901738e+01,-3.833107452172988816e-05,2.538155202654305853e+01,0.000000000000000000e+00,0.000000000000000000e+00,5.234757680018901738e+01
2.160499999999888843e+00,3.385235433768481350e+00,-4.656887664160030416e-01,2.348679929516702541e-02,1.246868359152728756e+00,4.672281464497206604e-01,1.169511094574187879e-02,-3.412096176918302604e+01,3.120435625693620096e+01,3.658670758369525515e+02,-1.420836478481873021e-04,2.530785650457321623e+01,0.000000000000000000e+00,0.000000000000000000e+00,3.658670758369525515e+02
2.165499999999890512e+00,3.391471064299287796e+00,-4.633592081575075294e-01,2.347991519270658384e-02,1.248115237504533681e+00,4.626515539101040408e-01,-1.775871529578525176e-02,7.131732643341379685e+00,-3.259933231407748622e+01,6.817358526871132085e+01,-1.079130925929813051e-04,2.526451012197693302e+01,0.000000000000000000e+00,0.000000000000000000e+00,6.817358526871132085e+01
2.170499999999892182e+00,3.397685298232897111e+00,-4.610247553574441937e-01,2.351132434399364271e-02,1.241104282733382691e+00,4.670451903297426210e-01,6.847174484805337510e-03,5.083778505543079973e+00,-2.575466714274459434e+01,5.634043740247172138e+01,-5.188814579368803727e-05,2.516280333113698120e+01,0.000000000000000000e+00,0.000000000000000000e+00,5.634043740247172138e+01
2.175499999999893852e+00,3.403891984923207215e+00,-4.586898455603626301e-01,2.346640631344561190e-02,1.239006694826793931e+00,4.682426428677458063e-01,-2.041585896703119150e-03,-3.896573518419173610e+01,3.785811874040585678e+01,4.115747771747426782e+02,-1.537384642353407591e-04,2.510644641958267442e+01,0.000000000000000000e+00,0.000000000000000000e+00,4.115747771747426782e+02
2.180499999999895522e+00,3.410069314518510808e+00,-4.563401093758782667e-01,2.352054121727461047e-02,1.235486206734714099e+00,4.673096302235180133e-01,2.698532214171541627e-03,7.078760243528455121e+00,-3.231455963184860991e+01,6.636259066265009210e+01,-5.572608642406828849e-05,2.502281427049950224e+01,0.000000000000000000e+00,0.000000000000000000e+00,6.636259066265009210e+01
2.185499999999897192e+00,3.416245515232698260e+00,-4.540072789075545456e-01,2.345958417251458109e-02,1.232512507310118410e+00,4.691661422467631182e-01,-5.175157937432915689e-03,-3.916343680578958697e+01,3.762944732199451892e+01,4.151079800347326341e+02,-1.225136873717422997e-04,2.496711780602582564e+01,0.000000000000000000e+00,0.000000000000000000e+00,4.151079800347326341e+02
2.190499999999898861e+00,3.422388793486799585e+00,-4.516489895528756904e-01,2.352176166023769305e-02,1.228178658633711784e+00,4.696044844027984499e-01,8.188340508039989099e-03,6.654490368988377647e+00,-3.113160610533775241e+01,6.922242460820271504e+01,-1.270963632207453009e-04,2.486751407871790320e+01,0.000000000000000000e+00,0.000000000000000000e+00,6.922242460820271504e+01
2.195499999999900531e+00,3.428531920630859098e+00,-4.493151178941267032e-01,2.346724529590962782e-02,1.227185490565812609e+00,4.676678949077704428e-01,-1.895068921501914805e-02,-4.220571815121303416e+01,4.179276517839804939e+01,4.415641860538132732e+02,-5.481444964973436473e-05,2.484932341817135892e+01,0.000000000000000000e+00,0.000000000000000000e+00,4.415641860538132732e+02
2.200499999999902201e+00,3.434642849638037454e+00,-4.469537449791393668e-01,2.350622138688438639e-02,1.220294806925236841e+00,4.726730255144896420e-01,1.415684266247556160e-02,6.631865383128152658e+00,-3.078381677706271802e+01,6.731551973643965425e+01,-1.807957501482569673e-04,2.471343145798804386e+01,0.000000000000000000e+00,0.000000000000000000e+00,6.731551973643965425e+01
2.205499999999903871e+00,3.440750288872822971e+00,-4.446082693081429005e-01,2.347711544299786041e-02,1.221696581696205541e+00,4.675770200999281312e-01,-2.305293053518537097e-02,-1.069688070490012466e+00,-1.771653531196344389e-01,1.492327052756838235e+01,-6.086683497768217987e-05,2.469216551763449985e+01,0.000000000000000000e+00,0.000000000000000000e+00,1.492327052756838235e+01
2.210499999999905540e+00,3.446829719617662491e+00,-4.422450764073247442e-01,2.350641211464914865e-02,1.213043113486071300e+00,4.746875160670727678e-01,1.837201472154293899e-02,6.584381378897314896e+00,-3.013922225892594753e+01,6.429334227951919445e+01,-1.792140432377291748e-04,2.456782512998657353e+01,0.000000000000000000e+00,0.000000000000000000e+00,6.429334227951919445e+01
2.215499999999907210e+00,3.452900772751036573e+00,-4.398830182133696698e-01,2.349255428356551365e-02,1.214996665663577557e+00,4.699360481103867504e-01,-1.960198911814757874e-02,7.059536686540258899e+00,-3.019977918749320267e+01,6.521704733181294955e+01,-1.381594931939827270e-04,2.454505238617686302e+01,0.000000000000000000e+00,0.000000000000000000e+00,6.521704733181294955e+01
2.220499999999908880e+00,3.458951513656391974e+00,-4.375177971741012750e-01,2.349791725776001136e-02,1.206786858537560736e+00,4.753939693198470096e-01,1.456535030752429717e-02,5.635462695329856331e+00,-2.662551647774679608e+01,5.883212586383780263e+01,-1.119439604990776077e-04,2.442798475641891187e+01,0.000000000000000000e+00,0.000000000000000000e+00,5.883212586383780263e+01
2.225499999999910550e+00,3.464991315493362922e+00,-4.351553244490998784e-01,2.347302618013851275e-02,1.207446718064425273e+00,4.726960343219518967e-01,-1.322044807827048307e-02,-4.225004179914273550e+01,4.274876086227977368e+01,4.322182374661156814e+02,-6.285153484634304830e-05,2.440671571565804854e+01,0.000000000000000000e+00,0.000000000000000000e+00,4.322182374661156814e+02
2.230499999999912220e+00,3.471004529226590307e+00,-4.327753726762786357e-01,2.350201880170166291e-02,1.201860381210991369e+00,4.745843759138609896e-01,1.526686071085252673e-03,7.366903513024459116e+00,-3.138246054347434111e+01,6.390753239231182903e+01,-1.216605964111140692e-04,2.430200467998109204e+01,0.000000000000000000e+00,0.000000000000000000e+00,6.390753239231182903e+01
2.235499999999913889e+00,3.477009608845799793e+00,-4.304087833641053185e-01,2.349380853259031357e-02,1.199055962354462546e+00,4.755320650004425387e-01,8.373365946092460035e-04,2.170421998749819892e+00,-1.271082806663278930e+01,4.159231681318489393e+01,-6.739461803957971786e-05,2.423050354019312991e+01,0.000000000000000000e+00,0.000000000000000000e+00,4.159231681318489393e+01
2.240499999999915559e+00,3.482991817164767578e+00,-4.280264398277902060e-01,2.350259019539618563e-02,1.194368755933018056e+00,4.770241467615501940e-01,6.179524111795529039e-03,6.930896757012948939e+00,-2.984994478428812670e+01,6.207255559826632663e+01,-1.545873306345781767e-04,2.415415263592361583e+01,0.000000000000000000e+00,0.000000000000000000e+00,6.207255559826632663e+01
2.245499999999917229e+00,3.488965171778626750e+00,-4.256589931546154171e-01,2.348415640381527891e-02,1.191917008295227509e+00,4.755698315252965269e-01,7.257690173449225270e-03,-3.973383117013476351e+01,4.755034134408636248e+01,3.583863645985528592e+02,-5.380609518184503726e-05,2.408868511065274021e+01,0.000000000000000000e+00,0.000000000000000000e+00,3.583863645985528592e+02
2.250499999999918899e+00,3.494913484233522105e+00,-4.232701384980724901e-01,2.349158070055095207e-02,1.187771138727798936e+00,4.785734284708370589e-01,2.864521442347452585e-03,7.259178909182278261e+00,-2.985567178620123840e+01,5.954185224296021772e+01,-1.489862936782256585e-04,2.401569004639397775e+01,0.000000000000000000e+00,0.000000000000000000e+00,5.954185224296021772e+01
2.255499999999920568e+00,3.500849095931898525e+00,-4.208885317753656707e-01,2.348763058438194107e-02,1.186917758512787469e+00,4.739757766085614388e-01,-6.000152357996248881e-03,7.380008989880835202e+00,-3.192238806353912395e+01,7.042216551670450997e+01,-8.306979141278758583e-05,2.395357691500370834e+01,0.000000000000000000e+00,0.000000000000000000e+00,7.042216551670450997e+01
2.260499999999922238e+00,3.506768328878900221e+00,-4.185036637467183240e-01,2.348912769999266306e-02,1.182289721323408926e+00,4.782996904005761829e-01,-3.248483791659446040e-04,5.605670684161722761e+00,-2.343317721233849937e+01,5.108370219029981740e+01,-7.984273002830440807e-05,2.387885083579978840e+01,0.000000000000000000e+00,0.000000000000000000e+00,5.108370219029981740e+01
2.265499999999923908e+00,3.512670292623216284e+00,-4.161148357074127002e-01,2.349042235457921360e-02,1.179573895320335186e+00,4.764200557984487605e-01,-1.968155695126777398e-03,7.673452354566000722e+00,-3.208627856583549232e+01,6.818927255968222312e+01,-1.224648431053972086e-04,2.380846224267844491e+01,0.000000000000000000e+00,0.000000000000000000e+00,6.818927255968222312e+01
2.270499999999925578e+00,3.518557119069744221e+00,-4.137290181446074411e-01,2.349458566435394871e-02,1.175015384943452590e+00,4.796554297798320543e-01,4.527015538083631156e-03,3.367638416925726297e+00,-1.531645795658774034e+01,3.617955765584966343e+01,-3.734786934975545258e-05,2.373289877679105331e+01,0.000000000000000000e+00,0.000000000000000000e+00,3.617955765584966343e+01
2.275499999999927248e+00,3.524426592980155704e+00,-4.113346708089224424e-01,2.349468630350109652e-02,1.171655006684552136e+00,4.796128015726500715e-01,2.023637640301519276e-03,-3.146001777512137387e+00,3.039769709322017288e+00,1.818298247832296610e+01,-1.031318977038273021e-04,2.366275472655060952e+01,0.000000000000000000e+00,0.000000000000000000e+00,1.818298247832296610e+01
2.280499999999928917e+00,3.530278650980149369e+00,-4.089372375623426814e-01,2.348650443024753384e-02,1.168672991057098765e+00,4.812832988227817022e-01,-4.918977708200177696e-04,-3.683967959899581501e+01,3.463377048797731561e+01,3.818622380976580644e+02,-3.293996559354701870e-05,2.360861594117444184e+01,0.000000000000000000e+00,0.000000000000000000e+00,3.818622380976580644e+02
2.285499999999930587e+00,3.536110326819286609e+00,-4.065288576205544624e-01,2.348232669102255990e-02,1.165257872918697979e+00,4.808552848370591937e-01,-3.245333456002884309e-03,-3.928904253873062657e+01,3.520394061830099730e+01,4.007488888067874768e+02,-1.347288708349507827e-04,2.354144138502796935e+01,0.000000000000000000e+00,0.000000000000000000e+00,4.007488888067874768e+02
2.290499999999932257e+00,3.541927208010931416e+00,-4.041219630421685194e-01,2.348335466394552498e-02,1.162694190439511832e+00,4.820493382244095959e-01,-6.090593493756043912e-03,-4.279771895509844626e+01,4.900039276676113076e+01,3.901501077018806996e+02,-9.226910024900947249e-05,2.347710604249898125e+01,0.000000000000000000e+00,0.000000000000000000e+00,3.901501077018806996e+02
2.295499999999933927e+00,3.547721443554959553e+00,-4.016983919654241730e-01,2.348862419920403483e-02,1.156172966488013820e+00,4.861814934295033974e-01,7.012415424316241139e-03,-3.332670310220574095e+01,2.554484007544204260e+01,3.643875893008085995e+02,-2.261851635663417355e-04,2.338820112431493214e+01,0.000000000000000000e+00,0.000000000000000000e+00,3.643875893008085995e+02
2.300499999999935596e+00,3.553501662712274634e+00,-3.992822462791060234e-01,2.349123074993076862e-02,1.155603752094505499e+00,4.813056706487366387e-01,-2.399955015784286695e-03,7.890428810908385771e+00,-3.206481966547548978e+01,6.974366829677558144e+01,-1.192504854309814344e-04,2.331969050796814713e+01,0.000000000000000000e+00,0.000000000000000000e+00,6.974366829677558144e+01
2.305499999999937266e+00,3.559269040616096724e+00,-3.968712351575808261e-01,2.348944575310456598e-02,1.152585135800682670e+00,4.833390007642902053e-01,-6.358657790196775399e-03,4.779385416712607082e+00,-1.922253042465833062e+01,4.123860601139526239e+01,-1.149790230178806497e-04,2.326055260827396509e+01,0.000000000000000000e+00,0.000000000000000000e+00,4.123860601139526239e+01
2.310499999999938936e+00,3.565020238321230384e+00,-3.944529091906892049e-01,2.348755462549123249e-02,1.150295081111871065e+00,4.808103376399381901e-01,-7.761971833792110330e-03,8.389258420364983593e+00,-3.273242433235490267e+01,7.068755735855960154e+01,-1.250049167149415441e-04,2.318933516605520850e+01,0.000000000000000000e+00,0.000000000000000000e+00,7.068755735855960154e+01
2.315499999999940606e+00,3.570753668952308502e+00,-3.920362070763440676e-01,2.348871183643544067e-02,1.143739245320724240e+00,4.865409815926229342e-01,6.351900489331412797e-03,-3.603700612639855905e+01,3.744576020827362584e+01,3.427428424135474074e+02,-7.293361933197314503e-05,2.311583244665301606e+01,0.000000000000000000e+00,0.000000000000000000e+00,3.427428424135474074e+02
2.320499999999942276e+00,3.576469412224908329e+00,-3.896094214661901534e-01,2.348695905529915237e-02,1.141384009756002849e+00,4.853516319381121491e-01,4.029497651104780274e-03,-3.698634703020024261e+01,3.242367489430496619e+01,3.763050255658711762e+02,-1.268598071622120682e-04,2.304643486975601974e+01,0.000000000000000000e+00,0.000000000000000000e+00,3.763050255658711762e+02
2.325499999999943945e+00,3.582171458677329667e+00,-3.871925886926059768e-01,2.348931139963263484e-02,1.138577400310440968e+00,4.839836447802856045e-01,1.641484743725133040e-03,6.682852345691707718e-01,-5.165981723341724674e+00,1.026816832050491080e+01,-2.881687558281380290e-05,2.297593870100563862e+01,0.000000000000000000e+00,0.000000000000000000e+00,1.026816832050491080e+01
2.330499999999945615e+00,3.587856021543172513e+00,-3.847670713382307373e-01,2.349434627874039810e-02,1.136291226852714331e+00,4.837264723156667889e-01,-1.943073180695726199e-03,8.376100462599877616e+00,-3.185196301988656131e+01,6.804212661699546061e+01,-2.427308933899258690e-04,2.290858052299827108e+01,0.000000000000000000e+00,0.000000000000000000e+00,6.804212661699546061e+01
2.335499999999947285e+00,3.593531218420460860e+00,-3.823561111166228210e-01,2.348395823372058031e-02,1.133903140820947231e+00,4.811878783637056900e-01,-2.010657454317210917e-03,-4.140586041710508169e+01,4.002768132366206544e+01,3.919535674147759892e+02,-1.058201324644781477e-04,2.285032488415158625e+01,0.000000000000000000e+00,0.000000000000000000e+00,3.919535674147759892e+02
2.340499999999948955e+00,3.599184639670717001e+00,-3.799337269249674076e-01,2.348771110635416298e-02,1.128537012466373834e+00,4.861852140276848311e-01,1.064383308730510033e-03,-3.615721655713090854e+01,3.128116792364609822e+01,3.711813406134511979e+02,-8.893108647884187534e-05,2.278313489914332024e+01,0.000000000000000000e+00,0.000000000000000000e+00,3.711813406134511979e+02
2.345499999999950624e+00,3.604821930547525533e+00,-3.775093264505873791e-01,2.348606712681920380e-02,1.126513950217465254e+00,4.837049412559734640e-01,-7.281135964137250066e-04,-4.014751152798881861e+01,3.697117123362544078e+01,3.889042372617610681e+02,-1.204215609847767571e-04,2.271288314756775506e+01,0.000000000000000000e+00,0.000000000000000000e+00,3.889042372617610681e+02
2.350499999999952294e+00,3.610444484933789777e+00,-3.750883547705122223e-01,2.348583827567314944e-02,1.121849514054519714e+00,4.861463415631824825e-01,4.249978390695427141e-03,-3.388650536002591451e+01,3.011832092457045462e+01,3.450982372593958303e+02,-4.319227087189701775e-05,2.264330252873535088e+01,0.000000000000000000e+00,0.000000000000000000e+00,3.450982372593958303e+02
2.355499999999953964e+00,3.616048827961598100e+00,-3.726621777953658121e-01,2.348816033568634082e-02,1.119686058772915160e+00,4.846369862529495975e-01,1.404136807195251451e-03,-3.952738161817084261e+01,3.620911184364602065e+01,3.823373002344654878e+02,-2.017550863553044943e-04,2.257508613596541380e+01,0.000000000000000000e+00,0.000000000000000000e+00,3.823373002344654878e+02
2.360499999999955634e+00,3.621640743203370150e+00,-3.702418193069447749e-01,2.349007047397497217e-02,1.116887786174998176e+00,4.854374585089662464e-01,-1.166335935462067732e-03,2.659112927506003921e+00,-1.264577773183784437e+01,4.022700118485133203e+01,-4.344252911899111613e-05,2.250341302990330661e+01,0.000000000000000000e+00,0.000000000000000000e+00,4.022700118485133203e+01
2.365499999999957303e+00,3.627210975324773212e+00,-3.678094160086093356e-01,2.348777447379364267e-02,1.113263649004132105e+00,4.854570791304311794e-01,-5.626927091402748535e-03,8.084255131491508095e+00,-3.007958856184514218e+01,6.253406010052757580e+01,-1.761149907390530817e-04,2.244161653395157430e+01,0.000000000000000000e+00,0.000000000000000000e+00,6.253406010052757580e+01
2.370499999999958973e+00,3.632766604119414211e+00,-3.653813999889127251e-01,2.349337644590140939e-02,1.110131694194166130e+00,4.846994662188246483e-01,1.088731769088127502e-03,7.565150298098838988e+00,-2.937239909405311522e+01,6.775442053834328249e+01,-1.107739350249704186e-04,2.236560583219367970e+01,0.000000000000000000e+00,0.000000000000000000e+00,6.775442053834328249e+01
2.375499999999960643e+00,3.638305253562426511e+00,-3.629465175800525301e-01,2.349752682207039214e-02,1.105465262320343811e+00,4.879148618510925628e-01,4.308218841364759924e-03,7.064888256093714958e+00,-2.544436318584646273e+01,5.151842955260293166e+01,-9.607816879570363518e-05,2.229919667947839912e+01,0.000000000000000000e+00,0.000000000000000000e+00,5.151842955260293166e+01
2.380499999999962313e+00,3.643830465568071997e+00,-3.605175696333388635e-01,2.348950804496597114e-02,1.103293549033623311e+00,4.859128477710734084e-01,2.738605725575786378e-03,-3.891888319171103205e+01,3.542650378838308001e+01,3.726390206221977337e+02,-7.283756184887912877e-05,2.224099140858831092e+01,0.000000000000000000e+00,0.000000000000000000e+00,3.726390206221977337e+02
2.385499999999963983e+00,3.649338259353516190e+00,-3.580812296156732910e-01,2.348383665706513246e-02,1.101449662556339470e+00,4.853153999146276876e-01,-1.023780702223398009e-02,8.658285333144412732e+00,-3.049597267228751463e+01,6.129400270271086981e+01,-1.470554112143656125e-04,2.218223410957450881e+01,0.000000000000000000e+00,0.000000000000000000e+00,6.129400270271086981e+01
2.390499999999965652e+00,3.654826898803474222e+00,-3.556444014739508219e-01,2.349876742533024698e-02,1.097767434722033197e+00,4.851139641911246247e-01,-5.289347897364814199e-03,8.519894329580706582e+00,-3.100576185030649867e+01,6.496323803650246020e+01,-7.641041155850045001e-05,2.211052958817299086e+01,0.000000000000000000e+00,0.000000000000000000e+00,6.496323803650246020e+01
2.395499999999967322e+00,3.660304088441022508e+00,-3.532111496233784065e-01,2.349322726600092115e-02,1.091077335980793706e+00,4.903820924054917985e-01,1.596739417030652516e-02,-2.618044077849685181e+01,1.890907119283378535e+01,3.022304183611455528e+02,-9.260521016186723693e-05,2.202677818381441455e+01,0.000000000000000000e+00,0.000000000000000000e+00,3.022304183611455528e+02
2.400499999999968992e+00,3.665765583920092663e+00,-3.507802947200864274e-01,2.347822161418880102e-02,1.092347170940193068e+00,4.837964521349600311e-01,-1.034688110672865417e-02,-4.407113677766793813e+01,4.093406002591339643e+01,4.122094344529793943e+02,-7.832509693385912575e-05,2.199560367507509895e+01,0.000000000000000000e+00,0.000000000000000000e+00,4.122094344529793943e+02
2.405499999999970662e+00,3.671207859791740358e+00,-3.483444033113620719e-01,2.349099505767014706e-02,1.088370311255559386e+00,4.861285474899794679e-01,-6.247522064337878919e-03,7.656293129459906588e+00,-2.697196951949871391e+01,5.782070873207980810e+01,-8.227489610136348719e-05,2.191311791592734792e+01,0.000000000000000000e+00,0.000000000000000000e+00,5.782070873207980810e+01
2.410499999999972331e+00,3.676635955908645226e+00,-3.459093449008884824e-01,2.348538472618029102e-02,1.084463487587265407e+00,4.865630425978150209e-01,-1.022607272735386388e-02,3.718792352227064946e+00,-1.674230975285574274e+01,4.391175933524802133e+01,-3.658649723227956618e-05,2.185214217010260995e+01,0.000000000000000000e+00,0.000000000000000000e+00,4.391175933524802133e+01
2.415499999999974001e+00,3.682042855752799326e+00,-3.434644156213875754e-01,2.348931784113841154e-02,1.079824702434785788e+00,4.892119058402428222e-01,3.555910948633324038e-03,-3.739522084621361131e+01,3.222460928610616548e+01,3.665021159057988029e+02,-1.759785482787889349e-04,2.177712464503243694e+01,0.000000000000000000e+00,0.000000000000000000e+00,3.665021159057988029e+02
2.420499999999975671e+00,3.687436147578435186e+00,-3.410197804421765677e-01,2.348837953102695178e-02,1.077239755699236579e+00,4.885752225894183232e-01,2.612870265599283228e-04,8.312922077962809908e+00,-2.935382676966007764e+01,6.506318281719669017e+01,-7.410451269507581373e-05,2.170683972534748207e+01,0.000000000000000000e+00,0.000000000000000000e+00,6.506318281719669017e+01
2.425499999999977341e+00,3.692809609456672248e+00,-3.385720295814562131e-01,2.349351334534639790e-02,1.072680282445612976e+00,4.907409532611938241e-01,3.943849068790548050e-03,5.053468839192211348e+00,-1.738305006727408397e+01,3.387039728937075722e+01,-1.502816746548401791e-05,2.164059540841963525e+01,0.000000000000000000e+00,0.000000000000000000e+00,3.387039728937075722e+01
2.430499999999979011e+00,3.698169077337843280e+00,-3.361238448108624932e-01,2.348695700965613628e-02,1.071822618785623238e+00,4.873978557583220628e-01,-7.426646742662352044e-03,9.137838932088593324e+00,-3.164613768198578470e+01,6.781417818222438143e+01,-1.070435334042055958e-04,2.158545937280672788e+01,0.000000000000000000e+00,0.000000000000000000e+00,6.781417818222438143e+01
2.435499999999980680e+00,3.703512795625319320e+00,-3.336790554838468537e-01,2.348739170119055683e-02,1.066097318244763281e+00,4.911124802976926662e-01,5.838200599504218824e-03,-3.273230339343843553e+01,2.655670529028951066e+01,3.394361545341886881e+02,-2.630932981144765148e-05,2.151534933815886319e+01,0.000000000000000000e+00,0.000000000000000000e+00,3.394361545341886881e+02
2.440499999999982350e+00,3.708840681382678195e+00,-3.312315205410111263e-01,2.347998039706379603e-02,1.063540420797547847e+00,4.896830292793682426e-01,2.710682972989249782e-03,-3.597825467539432509e+01,2.883170102299271775e+01,3.580879365004594206e+02,-9.473042230079622983e-05,2.145286174144401059e+01,0.000000000000000000e+00,0.000000000000000000e+00,3.580879365004594206e+02
2.445499999999984020e+00,3.714152806587497135e+00,-3.287849975588034157e-01,2.347894152954229166e-02,1.061097044714772064e+00,4.901598534831880238e-01,-1.536294681078183115e-03,-3.697606609860282845e+01,3.198044258308719634e+01,3.696737188107792917e+02,-5.817460880635366705e-05,2.139441332625755621e+01,0.000000000000000000e+00,0.000000000000000000e+00,3.696737188107792917e+02
2.450499999999985690e+00,3.719443003799309810e+00,-3.263270208327164190e-01,2.348581629619538383e-02,1.056080622580238382e+00,4.921519277963449790e-01,9.231021163095984262e-04,-3.508921129655061577e+01,2.542300207142594815e+01,3.668536433877761169e+02,-1.695772801074066360e-04,2.132613132163990599e+01,0.000000000000000000e+00,0.000000000000000000e+00,3.668536433877761169e+02
2.455499999999987359e+00,3.724717735944036878e+00,-3.238723936673188475e-01,2.349356818980298522e-02,1.054642501206465077e+00,4.890974521764457350e-01,-2.182952464205889596e-03,8.731281168331035403e+00,-3.021003427691004006e+01,6.778152666831648787e+01,-1.556732907983405384e-04,2.125535783366731124e+01,0.000000000000000000e+00,0.000000000000000000e+00,6.778152666831648787e+01
2.460499999999989029e+00,3.729975901881810163e+00,-3.214116630283251341e-01,2.349856457371504032e-02,1.049196453595636402e+00,4.934527763335868622e-01,-8.904451071257176017e-04,4.526253099586294404e+00,-1.664552942285517290e+01,3.861654856999825824e+01,-1.144265618472004292e-04,2.119358465460382845e+01,0.000000000000000000e+00,0.000000000000000000e+00,3.861654856999825824e+01
2.465499999999990699e+00,3.735214014925380521e+00,-3.189467035242791737e-01,2.349724331352721213e-02,1.046155874321820445e+00,4.927100375447584502e-01,3.679773369334715920e-03,8.833678287273775354e+00,-3.039795532872439310e+01,6.639570762930095782e+01,-9.271706716609991183e-05,2.112225113624004180e+01,0.000000000000000000e+00,0.000000000000000000e+00,6.639570762930095782e+01
2.470499999999992369e+00,3.740440645363126482e+00,-3.164869840902893583e-01,2.349103181007030500e-02,1.043532549350108196e+00,4.926533885984643590e-01,-5.442093544088744741e-05,7.571105896787596379e+00,-2.462550984057385861e+01,4.886306408101475540e+01,-7.488419778040153636e-05,2.106481787795000216e+01,0.000000000000000000e+00,0.000000000000000000e+00,4.886306408101475540e+01
2.475499999999994039e+00,3.745651351403284313e+00,-3.140287715617768871e-01,2.348999330067932934e-02,1.040169512436178056e+00,4.916245926516147891e-01,4.598061605680175794e-03,-3.401533190866612699e+01,2.526433628093249695e+01,3.465092026061785191e+02,-8.756695585538862292e-05,2.100324017330213167e+01,0.000000000000000000e+00,0.000000000000000000e+00,3.465092026061785191e+02
2.480499999999995708e+00,3.750848038998073619e+00,-3.115734889472638325e-01,2.348620344282292827e-02,1.038958036885538005e+00,4.904428959522808551e-01,-7.721831823283312364e-03,7.469655247723499869e+00,-2.484199900239876513e+01,5.601190473149405591e+01,-5.298738249383131219e-05,2.094592976409607843e+01,0.000000000000000000e+00,0.000000000000000000e+00,5.601190473149405591e+01
2.485499999999997378e+00,3.756025139225409148e+00,-3.091122066011683933e-01,2.349255893306054568e-02,1.033605404511730663e+00,4.924530365522943320e-01,3.942689655522697845e-03,8.943455868294005739e+00,-2.983466177923655138e+01,6.287972192248854242e+01,-5.544888900619639183e-05,2.086924253392770368e+01,0.000000000000000000e+00,0.000000000000000000e+00,6.287972192248854242e+01
2.490499999999999048e+00,3.761188503626277324e+00,-3.066532687267120028e-01,2.348688550616476189e-02,1.030545790636624215e+00,4.930135521532635345e-01,-9.819849613103905387e-05,-3.368083918471678118e+01,2.381802755356784829e+01,3.574947043484413030e+02,-7.980264477970176393e-05,2.082056773202091549e+01,0.000000000000000000e+00,0.000000000000000000e+00,3.574947043484413030e+02
2.495500000000000718e+00,3.766334572559080662e+00,-3.041933216849725952e-01,2.348786975008171005e-02,1.028850492555652973e+00,4.901174410438746687e-01,-3.610228644069632311e-03,9.136024761897907354e+00,-3.049604349793385083e+01,6.745994162958777451e+01,-9.306462222242149751e-05,2.074972032097369379e+01,0.000000000000000000e+00,0.000000000000000000e+00,6.745994162958777451e+01
2.500500000000002387e+00,3.771464830588473482e+00,-3.017342346013921484e-01,2.349139041030641473e-02,1.023404402410609482e+00,4.940410270473639121e-01,6.704625831852503194e-03,-3.158195648856229099e+01,2.221496019928911991e+01,3.373965703214586256e+02,-1.231095879310210774e-04,2.068631594424563502e+01,0.000000000000000000e+00,0.000000000000000000e+00,3.373965703214586256e+02
2.505500000000004057e+00,3.776581430639897707e+00,-2.992764400429154259e-01,2.348698870490972812e-02,1.022956157744157712e+00,4.895904196880511705e-01,-4.584588279901475813e-03,9.452831691249606649e+00,-3.097321197104217205e+01,6.942977355204024548e+01,-1.806396686275368174e-04,2.062320956717336173e+01,0.000000000000000000e+00,0.000000000000000000e+00,6.942977355204024548e+01
2.510500000000005727e+00,3.781683235773451113e+00,-2.968237738633237033e-01,2.349078225643694631e-02,1.018031879616299706e+00,4.920722501774794089e-01,-1.382055168405073612e-03,-8.391963493652692119e-01,1.029070848829698459e-01,9.439842437039743572e+00,-4.698759999561402667e-05,2.056131912129554706e+01,0.000000000000000000e+00,0.000000000000000000e+00,9.439842437039743572e+00
2.515500000000007397e+00,3.786764580683687154e+00,-2.943634346467940976e-01,2.348680033588456187e-02,1.016109618167135631e+00,4.901359646932625380e-01,-5.770022888357106278e-03,9.912370212695087446e+00,-3.171457600316240288e+01,6.593542259627568569e+01,-1.266129620084033985e-04,2.050170738504498757e+01,0.000000000000000000e+00,0.000000000000000000e+00,6.593542259627568569e+01
2.520500000000009067e+00,3.791835230544589486e+00,-2.919132841129771228e-01,2.348116480644435455e-02,1.012724212452158934e+00,4.898379845041293534e-01,-3.710577263085026480e-04,-2.688626404670510794e+01,1.716659459407364352e+01,3.291657217463524034e+02,-6.843273380409756190e-06,2.044389432657233385e+01,0.000000000000000000e+00,0.000000000000000000e+00,3.291657217463524034e+02
2.525500000000010736e+00,3.796888917886872328e+00,-2.894613291818280421e-01,2.348277975485502447e-02,1.010569106052459531e+00,4.887573901166628043e-01,-6.108062152721309597e-03,-4.007053022144022236e+01,3.213804022197092536e+01,3.872308613654489591e+02,-1.572135886181397040e-04,2.038912104572495920e+01,0.000000000000000000e+00,0.000000000000000000e+00,3.872308613654489591e+02
2.530500000000012406e+00,3.801929549724111457e+00,-2.870159854015332246e-01,2.348822739989475661e-02,1.008889874917402008e+00,4.858051016427888391e-01,-9.943954559882237434e-03,9.090018096495432687e+00,-2.979851370137061650e+01,6.767819703024733258e+01,-6.646975672072903685e-05,2.032153236036359090e+01,0.000000000000000000e+00,0.000000000000000000e+00,6.767819703024733258e+01
2.535500000000014076e+00,3.806955431554720715e+00,-2.845751731022138631e-01,2.349654887227538985e-02,1.003771571548096597e+00,4.885112373215876880e-01,9.123951685862780568e-04,8.174383270162621784e+00,-2.546579995370183980e+01,5.123702089333954746e+01,-1.040553345660105624e-04,2.025043617473092894e+01,0.000000000000000000e+00,0.000000000000000000e+00,5.123702089333954746e+01
2.540500000000015746e+00,3.811968908602657802e+00,-2.821380805198753783e-01,2.349147696857589729e-02,1.001835371161275079e+00,4.863751990469350472e-01,-2.665029661507758909e-03,8.605559681546276707e+00,-2.835337940848535965e+01,6.596896432151669387e+01,-1.080076168277835369e-04,2.018978391700252928e+01,0.000000000000000000e+00,0.000000000000000000e+00,6.596896432151669387e+01
2.545500000000017415e+00,3.816964286548091501e+00,-2.796981212603562028e-01,2.349567438249349979e-02,9.973171288887433539e-01,4.883063526334329718e-01,-6.916138256947235250e-04,6.811480828669736809e+00,-2.229134123256230282e+01,4.869471503659153200e+01,-5.180248594618616642e-05,2.012985613459127165e+01,0.000000000000000000e+00,0.000000000000000000e+00,4.869471503659153200e+01
2.550500000000019085e+00,3.821943025436138175e+00,-2.772567300465422768e-01,2.349424970310028116e-02,9.939308249462718292e-01,4.890414638397068137e-01,2.957050576882564417e-03,7.720399102702022454e+00,-2.468001439643234818e+01,5.713192749665084591e+01,-1.068155854348686734e-04,2.006262245118485765e+01,0.000000000000000000e+00,0.000000000000000000e+00,5.713192749665084591e+01
2.555500000000020755e+00,3.826906007581431624e+00,-2.748155401926944408e-01,2.348469392255443308e-02,9.902121954051312791e-01,4.894577479151450694e-01,-2.210580261060790357e-03,-3.583449501575307039e+01,2.621102276376666396e+01,3.578371632970660130e+02,-4.056771784679939763e-05,2.001710890168529033e+01,0.000000000000000000e+00,0.000000000000000000e+00,3.578371632970660130e+02
2.560500000000022425e+00,3.831845804421517343e+00,-2.723595341431295780e-01,2.349328769465767672e-02,9.870919705398936150e-01,4.903673219459668275e-01,1.566972320205659215e-04,9.579556788246419430e+00,-2.967818223791567789e+01,6.468859757220346296e+01,-1.604344734484827728e-04,1.994229122845825586e+01,0.000000000000000000e+00,0.000000000000000000e+00,6.468859757220346296e+01
2.565500000000024095e+00,3.836774499920455384e+00,-2.699138480620639213e-01,2.349685222553643538e-02,9.840449113211984233e-01,4.889975263916668258e-01,4.000669391223777432e-03,8.394366524068480828e+00,-2.741946576411385195e+01,6.468142285238072020e+01,-5.806577879745138115e-05,1.987889163459377784e+01,0.000000000000000000e+00,0.000000000000000000e+00,6.468142285238072020e+01
2.570500000000025764e+00,3.841682325721448965e+00,-2.674574488038510833e-01,2.349222041526843885e-02,9.781561531334167503e-01,4.940170751267425886e-01,1.231040402942402100e-02,-2.961352460078617455e+01,1.921205824136284690e+01,3.188696607404430097e+02,-1.386179651517640155e-04,1.981695899728922683e+01,0.000000000000000000e+00,0.000000000000000000e+00,3.188696607404430097e+02
2.575500000000027434e+00,3.846578708452895512e+00,-2.650079304467592989e-01,2.348070521130586272e-02,9.776294421472746521e-01,4.895366671998777064e-01,1.636962454649718533e-03,-3.642356701850168577e+01,2.730313651878417858e+01,3.579795323242875611e+02,-1.097936994154981305e-04,1.976463368397291021e+01,0.000000000000000000e+00,0.000000000000000000e+00,3.579795323242875611e+02
2.580500000000029104e+00,3.851455640684279036e+00,-2.625562901717486963e-01,2.348457364899743383e-02,9.750455311313767082e-01,4.899331653598728020e-01,-1.494345487703123594e-02,6.203046262788998177e+00,-1.806247450404108434e+01,3.527252475139121657e+01,-4.979160639956162551e-05,1.972167300715948457e+01,0.000000000000000000e+00,0.000000000000000000e+00,3.527252475139121657e+01
2.585500000000030774e+00,3.856310453712310515e+00,-2.600941199968849760e-01,2.350572630110910055e-02,9.702319852484458940e-01,4.911675562950257312e-01,3.546631947906931509e-03,9.832350719554321827e+00,-3.013926698696588957e+01,6.635265116689794240e+01,-2.108978645851532913e-04,1.963783362489518680e+01,0.000000000000000000e+00,0.000000000000000000e+00,6.635265116689794240e+01
2.590500000000032443e+00,3.861164279511345665e+00,-2.576546921041904525e-01,2.347182035860352622e-02,9.680143032606806086e-01,4.896924090847965538e-01,2.416554888883209237e-03,-3.376114013688390258e+01,2.593160536620431245e+01,3.410088504127479041e+02,-7.175591917360675531e-05,1.958452837234629129e+01,0.000000000000000000e+00,0.000000000000000000e+00,3.410088504127479041e+02
2.595500000000034113e+00,3.865990040953733775e+00,-2.552015780691880842e-01,2.350162177927428084e-02,9.655534669232179734e-01,4.882933593269105366e-01,-6.806298336148171486e-03,9.290362156433831231e+00,-2.805236630262344733e+01,5.847980947104284866e+01,-1.389352431016759124e-04,1.953231811410257635e+01,0.000000000000000000e+00,0.000000000000000000e+00,5.847980947104284866e+01
2.600500000000035783e+00,3.870809398319383199e+00,-2.527627893964001782e-01,2.348568271201720639e-02,9.602267706743625730e-01,4.901752571342385956e-01,1.291164041451856211e-02,-3.187435988693174238e+01,2.242945013955172584e+01,3.181430589624649770e+02,-2.732249163753773524e-05,1.945543993998301602e+01,0.000000000000000000e+00,0.000000000000000000e+00,3.181430589624649770e+02
2.605500000000037453e+00,3.875606618163880412e+00,-2.503094826660542949e-01,2.347818977925162851e-02,9.592250409532396827e-01,4.897608291433456773e-01,-1.062871239172533816e-02,-3.748210592911125616e+01,2.555647338386578937e+01,3.894550035591551023e+02,-1.359470144941961854e-04,1.942656608666276341e+01,0.000000000000000000e+00,0.000000000000000000e+00,3.894550035591551023e+02
2.610500000000039122e+00,3.880385029114294948e+00,-2.478540469407577440e-01,2.350099274970343308e-02,9.555405017667909506e-01,4.888784548591320611e-01,-3.665527668690956469e-04,9.712803070923563098e+00,-2.966075374912903939e+01,6.793197656015230734e+01,-1.252858213962072809e-04,1.934386737321257854e+01,0.000000000000000000e+00,0.000000000000000000e+00,6.793197656015230734e+01
2.615500000000040792e+00,3.885157320184075669e+00,-2.454166650587876197e-01,2.348806491251925754e-02,9.507924116468978726e-01,4.904070919442579668e-01,1.091927622230280844e-02,-2.807044599070357904e+01,1.856484552635554053e+01,3.007367281172157050e+02,-5.821213722047215849e-05,1.928346041641762554e+01,0.000000000000000000e+00,0.000000000000000000e+00,3.007367281172157050e+02
2.620500000000042462e+00,3.889913826530489338e+00,-2.429771346852148683e-01,2.347835004022380892e-02,9.516097825905028840e-01,4.854087912682740757e-01,-1.021633672073979891e-02,-4.091731724633073952e+01,3.121089345470227983e+01,3.916752096145182236e+02,-1.625404132357555903e-04,1.924651363925820036e+01,0.000000000000000000e+00,0.000000000000000000e+00,3.916752096145182236e+02
2.625500000000044132e+00,3.894652557225498413e+00,-2.405403040346310306e-01,2.350216865340076094e-02,9.473878160618152133e-01,4.856761130005627924e-01,-2.917663688085020196e-04,8.871930657336186243e+00,-2.726024546109087510e+01,6.369768993101110510e+01,-1.461568493273633640e-05,1.917078368585950443e+01,0.000000000000000000e+00,0.000000000000000000e+00,6.369768993101110510e+01
2.630500000000045802e+00,3.899377363972181598e+00,-2.381001874092459059e-01,2.347851363071422337e-02,9.413894644216909136e-01,4.905406333743377312e-01,9.272986190020654149e-03,-3.101643668507853135e+01,1.987616831519901694e+01,3.267607543496657740e+02,-1.597214239843402963e-04,1.910517418635576803e+01,0.000000000000000000e+00,0.000000000000000000e+00,3.267607543496657740e+02
2.635500000000047471e+00,3.904083705670345683e+00,-2.356608120569763376e-01,2.349121583367526703e-02,9.427735218422692576e-01,4.836786106631484894e-01,-1.234633329128717594e-02,1.041665821243712209e+01,-3.086432191955609383e+01,6.888984948062605440e+01,-1.694608268825760489e-04,1.906334648209077187e+01,0.000000000000000000e+00,0.000000000000000000e+00,6.888984948062605440e+01
2.640500000000049141e+00,3.908777867988163734e+00,-2.332314592802518238e-01,2.349706849973417708e-02,9.364135518234416589e-01,4.880054321507239501e-01,4.685751688666999447e-03,5.438449204233833711e+00,-1.604461233707047185e+01,3.316979836330325071e+01,-7.870413687879472715e-05,1.899128440994568479e+01,0.000000000000000000e+00,0.000000000000000000e+00,3.316979836330325071e+01
2.645500000000050811e+00,3.913456556876670600e+00,-2.307966944726686787e-01,2.348972275058191367e-02,9.344624362486427804e-01,4.863705775656743668e-01,-6.073227762423931550e-04,9.722564154182396834e+00,-2.837171315794170567e+01,6.419482238208111369e+01,-1.672782006321912873e-04,1.893453046286732189e+01,0.000000000000000000e+00,0.000000000000000000e+00,6.419482238208111369e+01
2.650500000000052481e+00,3.918119630563476896e+00,-2.283644839944466987e-01,2.349147949136095453e-02,9.294654345735199330e-01,4.885054393957360408e-01,8.603238266573489876e-03,-2.493999430134293505e+01,1.406741749818407783e+01,2.960922992122175970e+02,-6.217196457307264459e-05,1.887703715008564131e+01,0.000000000000000000e+00,0.000000000000000000e+00,2.960922992122175970e+02
2.655500000000054150e+00,3.922761367349999695e+00,-2.259258327354667362e-01,2.348846811465844439e-02,9.256472637016255334e-01,4.888880844231134892e-01,9.584450762247519878e-03,-3.107078173820276845e+01,1.907226635553798388e+01,3.248294733627909068e+02,-1.786041380659724592e-04,1.881478756819883102e+01,0.000000000000000000e+00,0.000000000000000000e+00,3.248294733627909068e+02
2.660500000000055820e+00,3.927391034489338573e+00,-2.234962133127080530e-01,2.349387845601825717e-02,9.242737028991886428e-01,4.858309889469432097e-01,4.743544190488269835e-03,8.848725988092152051e+00,-2.674338020188938359e+01,6.344971990133887374e+01,-3.796111654683076431e-05,1.875806222610476937e+01,0.000000000000000000e+00,0.000000000000000000e+00,6.344971990133887374e+01
2.665500000000057490e+00,3.932001174080732575e+00,-2.210576446377344739e-01,2.349077377185224136e-02,9.186982301888997338e-01,4.898531550205581508e-01,1.175454205307866103e-02,-2.868052383662319116e+01,1.647313690476502046e+01,3.123878743498294739e+02,-1.351914860275094717e-04,1.870003670307319510e+01,0.000000000000000000e+00,0.000000000000000000e+00,3.123878743498294739e+02
2.670500000000059160e+00,3.936601067287331279e+00,-2.186292018386649105e-01,2.347651811139665756e-02,9.184560485792296891e-01,4.852268590362751044e-01,6.907682117695134079e-04,-3.568988466102544521e+01,2.486764021016886517e+01,3.514136538988515213e+02,-1.251596653062871795e-04,1.865080958516047360e+01,0.000000000000000000e+00,0.000000000000000000e+00,3.514136538988515213e+02
2.675500000000060830e+00,3.941180777084588360e+00,-2.161963692592945019e-01,2.348473017975905713e-02,9.138675083683499567e-01,4.875998978343779600e-01,-2.299074125881840831e-04,-3.092723888861992521e+01,1.810054120164714675e+01,3.356845918260794974e+02,-2.134721870265463006e-05,1.860067400026375850e+01,0.000000000000000000e+00,0.000000000000000000e+00,3.356845918260794974e+02
2.680500000000062499e+00,3.945742027745594793e+00,-2.137581173854913030e-01,2.349004159600242073e-02,9.099911651566754411e-01,4.887416518355885420e-01,7.727153417772402236e-03,-2.988715149548277239e+01,1.805196172864843263e+01,3.223099572105966786e+02,-1.309772568373421958e-04,1.853330599392399236e+01,0.000000000000000000e+00,0.000000000000000000e+00,3.223099572105966786e+02
2.685500000000064169e+00,3.950291674600894254e+00,-2.113273339203964318e-01,2.348761870793564938e-02,9.089492601128488225e-01,4.850868278940961842e-01,-5.669737187549802292e-03,-3.556512922010248268e+00,2.915052660144682228e+00,1.811123344249080702e+01,-6.447822877547922105e-05,1.848291053209555201e+01,0.000000000000000000e+00,0.000000000000000000e+00,1.811123344249080702e+01
2.690500000000065839e+00,3.954822604031341893e+00,-2.088940842682183441e-01,2.349203889220774152e-02,9.047977917343263954e-01,4.868287789822235423e-01,2.265529183310340065e-03,9.633314491011251590e+00,-2.680751640149978954e+01,5.802369017691425057e+01,-1.688699986199444260e-04,1.841967136154937990e+01,0.000000000000000000e+00,0.000000000000000000e+00,5.802369017691425057e+01
2.695500000000067509e+00,3.959342142868530701e+00,-2.064654729655027443e-01,2.348748246776755783e-02,9.027352088296668464e-01,4.864341364339100360e-01,-4.751707092823280291e-03,4.557540860933189997e+00,-1.429260464736966085e+01,4.250453904584091447e+01,-1.113476374869394603e-04,1.836990138855548338e+01,0.000000000000000000e+00,0.000000000000000000e+00,4.250453904584091447e+01
2.700500000000069178e+00,3.963841520441584887e+00,-2.040307483641599362e-01,2.348671148290057756e-02,8.983735671724148997e-01,4.865733913453205162e-01,-4.706717899309346628e-03,5.921480069955764591e+00,-1.860601712139372310e+01,4.612172339200947135e+01,-1.923516234459288904e-04,1.831504448218190717e+01,0.000000000000000000e+00,0.000000000000000000e+00,4.612172339200947135e+01
2.705500000000070848e+00,3.968325246019261510e+00,-2.016008339410792216e-01,2.348848741430207068e-02,8.953077595204500527e-01,4.855955988267326440e-01,4.747953792647072180e-03,-3.194148780624623640e+01,1.929569183665195808e+01,3.338378038616817207e+02,-2.133908021278909523e-04,1.825341510867669825e+01,0.000000000000000000e+00,0.000000000000000000e+00,3.338378038616817207e+02
2.710500000000072518e+00,3.972796514831297809e+00,-1.991728738773395346e-01,2.348935575806993317e-02,8.929101374489238907e-01,4.861547027135922350e-01,-2.694957574133799091e-03,7.324687112038738235e+00,-2.079010998179357728e+01,5.088337525155341723e+01,-9.141930660873376358e-05,1.820160581652012866e+01,0.000000000000000000e+00,0.000000000000000000e+00,5.088337525155341723e+01
2.715500000000074188e+00,3.977249384978278623e+00,-1.967434243714206166e-01,2.348726541241163979e-02,8.895116112280717635e-01,4.849964878387635903e-01,-1.986776686590157118e-03,1.001047341096514032e+01,-2.798539246316294538e+01,6.030639715008705792e+01,-1.723486382616736673e-04,1.814460678635813196e+01,0.000000000000000000e+00,0.000000000000000000e+00,6.030639715008705792e+01
2.720500000000075858e+00,3.981690233331328876e+00,-1.943229916670948521e-01,2.348798485319318619e-02,8.871069058832723453e-01,4.840474642618863288e-01,-6.701688091110561069e-04,-2.230409404403230766e+00,1.184833796250273075e+00,2.080449412294078115e+01,-6.690067811342473303e-05,1.808808333458645023e+01,0.000000000000000000e+00,0.000000000000000000e+00,2.080449412294078115e+01
2.725500000000077527e+00,3.986115220808656989e+00,-1.918997056582798233e-01,2.348616018883702486e-02,8.849027841152150575e-01,4.827893615081928491e-01,-8.056856642091382928e-03,1.077042566550413838e+01,-2.878169916583377841e+01,5.862188348202645471e+01,-1.078021525852002754e-04,1.804221412231383681e+01,0.000000000000000000e+00,0.000000000000000000e+00,5.862188348202645471e+01
2.730500000000079197e+00,3.990526864366674697e+00,-1.894848293658734084e-01,2.348686548310993660e-02,8.808647296506464386e-01,4.821374061306881731e-01,1.288707316975516628e-03,-2.641775885682373470e+01,1.261347407132432252e+01,3.167284402685008331e+02,-2.455832025447142464e-05,1.798508149120524990e+01,0.000000000000000000e+00,0.000000000000000000e+00,3.167284402685008331e+02
2.735500000000080867e+00,3.994922474864362805e+00,-1.870671530100997682e-01,2.348686883076087778e-02,8.777876729222537922e-01,4.834818566927438499e-01,6.547842834643579409e-04,-3.262912671972978984e+01,1.965992375275594739e+01,3.433109972255861067e+02,-2.202376157279793169e-04,1.792901781644644643e+01,0.000000000000000000e+00,0.000000000000000000e+00,3.433109972255861067e+02
2.740500000000082537e+00,3.999305850713831489e+00,-1.846578187493988221e-01,2.348894925748403611e-02,8.753391904422428427e-01,4.810658133033269279e-01,2.406292954971285623e-03,-3.354639989148604684e+01,2.150875560459319047e+01,3.368444275941453725e+02,-1.539284245574232962e-04,1.787026045088657966e+01,0.000000000000000000e+00,0.000000000000000000e+00,3.368444275941453725e+02
2.745500000000084206e+00,4.003674855106369002e+00,-1.822525690330001336e-01,2.348012242855340714e-02,8.716146191345990335e-01,4.828001977210042983e-01,-6.010380546260114462e-03,-2.938636607182948879e+01,1.595428991637627192e+01,3.357805167284764707e+02,-5.173469663087158950e-05,1.783067966388620107e+01,0.000000000000000000e+00,0.000000000000000000e+00,3.357805167284764707e+02
2.750500000000085876e+00,4.008020123254147471e+00,-1.798359329404616014e-01,2.349435588907092601e-02,8.697926791995196361e-01,4.803459849352934019e-01,-6.420754056945385778e-03,1.186967250692775089e+01,-3.164278457153903190e+01,6.713924776363190006e+01,-2.386177768518291716e-04,1.776421925814426217e+01,0.000000000000000000e+00,0.000000000000000000e+00,6.713924776363190006e+01
2.755500000000087546e+00,4.012358092302186208e+00,-1.774358231176753065e-01,2.349807436800827390e-02,8.651120669243994588e-01,4.806914152846649690e-01,9.528955227648143803e-03,9.157817951920694810e+00,-2.628783776301864705e+01,6.518166176679361001e+01,-1.268921468816162218e-04,1.769483750704985425e+01,0.000000000000000000e+00,0.000000000000000000e+00,6.518166176679361001e+01
2.760500000000089216e+00,4.016685964235747086e+00,-1.750447800855381986e-01,2.347077764314999329e-02,8.631593413085096866e-01,4.797612196074700353e-01,-3.007528268067929597e-03,-3.041455026600427658e+01,1.808344785908531449e+01,3.295373416143750660e+02,-4.711061787658859905e-05,1.766270405576435820e+01,0.000000000000000000e+00,0.000000000000000000e+00,3.295373416143750660e+02
2.765500000000090886e+00,4.020988887391503397e+00,-1.726421676402283556e-01,2.349585025675868591e-02,8.612727096621555223e-01,4.777316953508030650e-01,-4.561583869037540845e-03,1.140280213680195942e+01,-3.038184337336218732e+01,6.592380703891016935e+01,-2.214058335381987892e-04,1.760002378140242740e+01,0.000000000000000000e+00,0.000000000000000000e+00,6.592380703891016935e+01
2.770500000000092555e+00,4.025286786622605639e+00,-1.702576116992175204e-01,2.349002963604857400e-02,8.587450703028265409e-01,4.757176743049973955e-01,-2.291893167110295795e-03,9.816265141852952070e+00,-2.754478767310371268e+01,6.651158562730675783e+01,-1.175340487474911544e-04,1.754265531274832668e+01,0.000000000000000000e+00,0.000000000000000000e+00,6.651158562730675783e+01
2.775500000000094225e+00,4.029567161968034661e+00,-1.678714060213072068e-01,2.348648172253442815e-02,8.531836161715372624e-01,4.796538998490417760e-01,4.122577007298763689e-03,-2.826178347910594724e+01,1.526547508530442876e+01,3.125898479895890887e+02,-6.672088015106242276e-05,1.749315104497962636e+01,0.000000000000000000e+00,0.000000000000000000e+00,3.125898479895890887e+02
2.780500000000095895e+00,4.033828529762008230e+00,-1.654791973075036005e-01,2.349220947010314392e-02,8.508238468940747534e-01,4.779306259302161797e-01,3.834486167725157345e-03,1.042551259107482409e+01,-2.831046034740434436e+01,6.538874620668572391e+01,-1.985781260207073601e-04,1.742936029522451946e+01,0.000000000000000000e+00,0.000000000000000000e+00,6.538874620668572391e+01
2.785500000000097565e+00,4.038080799786698094e+00,-1.631010170791768465e-01,2.348551446502052109e-02,8.492363715825907988e-01,4.746544188890051141e-01,-1.600887356098271153e-03,-2.808405490765569112e+01,1.443841378218482063e+01,3.218555983157315836e+02,-5.740839178100358431e-05,1.739017954596821625e+01,0.000000000000000000e+00,0.000000000000000000e+00,3.218555983157315836e+02
2.790500000000099234e+00,4.042313315349565173e+00,-1.607150211101431581e-01,2.349110343212423499e-02,8.444144096033135982e-01,4.784059413369360914e-01,3.577826732371459581e-03,8.140664209486764946e+00,-2.148502959066322759e+01,4.944567442703717575e+01,-1.298914114048830681e-04,1.732685032323944085e+01,0.000000000000000000e+00,0.000000000000000000e+00,4.944567442703717575e+01
2.795500000000100904e+00,4.046530719387981812e+00,-1.583315089979806800e-01,2.348954954999784780e-02,8.428126004794205262e-01,4.752564124530784806e-01,-3.586453463425824922e-03,1.060943567316395786e+01,-2.827231976809818192e+01,6.164007675794321983e+01,-2.127731947405685914e-04,1.727813684188308230e+01,0.000000000000000000e+00,0.000000000000000000e+00,6.164007675794321983e+01
