time,x,y,z,vx,vy,vz,Fx,Fy,Fz,min_contact_distance,mechanical_energy,base_load,left_edge_load,right_edge_load
5.000000000000000104e-04,8.001789691657400283e+00,0.000000000000000000e+00,3.867670713105312519e+00,3.579383314800978155e+00,0.000000000000000000e+00,-1.790406354164807867e+00,0.000000000000000000e+00,0.000000000000000000e+00,0.000000000000000000e+00,0.000000000000000000e+00,8.887029569943473462e+02,0.000000000000000000e+00,0.000000000000000000e+00,0.000000000000000000e+00
5.500000000000001416e-03,8.019686608231403113e+00,1.374915588219637775e-37,3.858583793834488240e+00,3.579383314800978155e+00,6.620404498577244893e-35,-1.839456354164807239e+00,0.000000000000000000e+00,0.000000000000000000e+00,0.000000000000000000e+00,0.000000000000000000e+00,8.887006411928957732e+02,0.000000000000000000e+00,0.000000000000000000e+00,0.000000000000000000e+00
1.050000000000000586e-02,8.037583524805405943e+00,7.495418264720122602e-37,3.849251624563664098e+00,3.579383314800978155e+00,2.302800758307204608e-34,-1.888506354164806611e+00,0.000000000000000000e+00,0.000000000000000000e+00,0.000000000000000000e+00,0.000000000000000000e+00,8.886983253914445413e+02,0.000000000000000000e+00,0.000000000000000000e+00,0.000000000000000000e+00
1.550000000000001030e-02,8.055480441379408774e+00,2.341020704255800245e-36,3.839674205292840981e+00,3.579383314800978155e+00,5.026413479248461910e-34,-1.937556354164805983e+00,0.000000000000000000e+00,0.000000000000000000e+00,0.000000000000000000e+00,0.000000000000000000e+00,8.886960095899931957e+02,0.000000000000000000e+00,0.000000000000000000e+00,0.000000000000000000e+00
2.050000000000001474e-02,8.073377357953411604e+00,6.025085499280018501e-36,3.829851536022016223e+00,3.579383314800978155e+00,1.093603282523812173e-33,-1.986606354164805355e+00,0.000000000000000000e+00,0.000000000000000000e+00,0.000000000000000000e+00,0.000000000000000000e+00,8.886936937885417365e+02,0.000000000000000000e+00,0.000000000000000000e+00,0.000000000000000000e+00
2.550000000000001918e-02,8.091274274527414434e+00,1.287982483234019823e-35,3.819783616751192490e+00,3.579383314800978155e+00,1.766993365033714799e-33,-2.035656354164804949e+00,0.000000000000000000e+00,0.000000000000000000e+00,0.000000000000000000e+00,0.000000000000000000e+00,8.886913779870903909e+02,0.000000000000000000e+00,0.000000000000000000e+00,0.000000000000000000e+00
3.050000000000002362e-02,8.109171191101417264e+00,2.419057890350721664e-35,3.809470447480368893e+00,3.579383314800978155e+00,2.597655868279340554e-33,-2.084706354164804321e+00,0.000000000000000000e+00,0.000000000000000000e+00,0.000000000000000000e+00,0.000000000000000000e+00,8.886890621856389316e+02,0.000000000000000000e+00,0.000000000000000000e+00,0.000000000000000000e+00
3.550000000000002459e-02,8.127068107675420094e+00,3.897383562223957031e-35,3.798912028209544101e+00,3.579383314800978155e+00,3.373905395253156230e-33,-2.133756354164803692e+00,0.000000000000000000e+00,0.000000000000000000e+00,0.000000000000000000e+00,0.000000000000000000e+00,8.886867463841873587e+02,0.000000000000000000e+00,0.000000000000000000e+00,0.000000000000000000e+00
4.050000000000002903e-02,8.144965024249422925e+00,5.628665733874527570e-35,3.788108358938720333e+00,3.579383314800978155e+00,3.774029522081540862e-33,-2.182806354164803064e+00,0.000000000000000000e+00,0.000000000000000000e+00,0.000000000000000000e+00,0.000000000000000000e+00,8.886844305827361268e+02,0.000000000000000000e+00,0.000000000000000000e+00,0.000000000000000000e+00
4.550000000000003347e-02,8.162861940823425755e+00,7.844965351620721840e-35,3.777059439667896257e+00,3.579383314800978155e+00,4.782308248507912718e-33,-2.231856354164802436e+00,0.000000000000000000e+00,0.000000000000000000e+00,0.000000000000000000e+00,0.000000000000000000e+00,8.886821147812845538e+02,0.000000000000000000e+00,0.000000000000000000e+00,0.000000000000000000e+00
5.050000000000003791e-02,8.180758857397428585e+00,1.045131807051549567e-34,3.765765270397071873e+00,3.579383314800978155e+00,5.704255989812143499e-33,-2.280906354164801808e+00,0.000000000000000000e+00,0.000000000000000000e+00,0.000000000000000000e+00,0.000000000000000000e+00,8.886797989798332083e+02,0.000000000000000000e+00,0.000000000000000000e+00,0.000000000000000000e+00
5.550000000000004236e-02,8.198627354582026072e+00,-4.666787318669272807e-06,3.754242776944977322e+00,3.573286929793039413e+00,-2.354508757447742930e-03,-2.324460354266049134e+00,3.793022328424571299e+01,1.280533497694330558e-01,8.715736933719138335e+01,-1.101920648775796697e-03,8.876087966282858588e+02,5.121882147323937318e+01,1.957271352120046970e+01,2.414435958297091389e+01
6.050000000000004680e-02,8.216233511565450343e+00,8.793393983978038198e-05,3.743759022697031646e+00,3.587674350279462576e+00,5.052430778671356676e-02,-1.883957504277013806e+00,3.091684142691124180e+02,9.774295745101700561e+01,1.344304618371768584e+03,-2.332553267415769446e-03,8.727151092189153587e+02,2.442637678773158768e+03,7.211403448753170551e+02,2.348319158843171124e+02
6.550000000000004430e-02,8.233864022841371977e+00,1.183388588120023446e-03,3.735322168185243985e+00,3.546380497808549137e+00,2.895866168851164435e-01,-1.603363777350720998e+00,2.943779608957488563e+02,-6.743102109278515499e+00,6.655341313676831305e+02,-2.563977387556992411e-03,8.564493989807922389e+02,6.312458924540093221e+02,2.007472227958082911e+01,7.552911152472618994e+01
7.050000000000004874e-02,8.251905373775967334e+00,2.751472345138181088e-03,3.727512704126500154e+00,3.669742845087333283e+00,4.140632103759926408e-01,-1.569503776598789813e+00,-3.359460751819086681e+02,8.022253302638056311e+02,5.639636419333793356e+02,-7.912303062342334724e-04,8.543961394221230421e+02,0.000000000000000000e+00,0.000000000000000000e+00,9.797202952231835980e+02
7.550000000000005318e-02,8.270001096461808032e+00,4.559579179569445487e-03,3.719701151413030260e+00,3.584627672076848626e+00,3.575949068631107952e-01,-1.565566001648255545e+00,9.705408651448148571e-01,-9.886137072617484645e-03,2.218574124716555573e+00,-9.968845872388495261e-05,8.534614120810623490e+02,0.000000000000000000e+00,0.000000000000000000e+00,2.418565829670363598e+00
8.050000000000005762e-02,8.287857500956899770e+00,6.323589194333568454e-03,3.711785025196892462e+00,3.563066260150836939e+00,3.520433784293394153e-01,-1.598875123959617062e+00,0.000000000000000000e+00,0.000000000000000000e+00,0.000000000000000000e+00,0.000000000000000000e+00,8.534491559218868133e+02,0.000000000000000000e+00,0.000000000000000000e+00,0.000000000000000000e+00
8.550000000000006206e-02,8.305661595762884986e+00,8.060875343036330576e-03,3.703674874708719589e+00,3.562316385647774197e+00,3.288921780396504846e-01,-1.643270442516581831e+00,8.391115413106096099e+00,3.760806243052113862e-01,1.911332422399248543e+01,-4.744214537101513075e-04,8.534302870537417220e+02,1.070039248551481670e+01,0.000000000000000000e+00,1.014820102625712650e+01
9.050000000000006650e-02,8.323484612712842790e+00,9.482263455316580769e-03,3.695323990243119638e+00,3.563096497245373584e+00,2.277406171706021498e-01,-1.690811173889933627e+00,-4.363938098701177637e+01,3.339774690539953017e+00,1.081094360876982563e+02,-9.083582021004038554e-04,8.533780132248230075e+02,0.000000000000000000e+00,0.000000000000000000e+00,1.164416013627401298e+02
9.550000000000007094e-02,8.341320562920108372e+00,1.041124534042615034e-02,3.686743884774048130e+00,3.571307209224490187e+00,1.800619997724359489e-01,-1.736131197374897406e+00,0.000000000000000000e+00,0.000000000000000000e+00,0.000000000000000000e+00,0.000000000000000000e+00,8.531999592438729678e+02,0.000000000000000000e+00,0.000000000000000000e+00,0.000000000000000000e+00
1.005000000000000754e-01,8.359190468442948330e+00,1.142795220324777095e-02,3.677935564654950085e+00,3.569785329477382252e+00,2.413853011607262344e-01,-1.780772269421341925e+00,7.336283530067753134e+00,3.526970251765746411e-01,1.668428979317808469e+01,-3.573084003865021393e-04,8.531598707415578247e+02,4.916173287388501123e+00,1.328799574138707129e+01,0.000000000000000000e+00
1.055000000000000798e-01,8.376998408449468414e+00,1.276956782156635391e-02,3.668922119191052822e+00,3.558783055355751124e+00,2.741992492752616251e-01,-1.821923705386012893e+00,0.000000000000000000e+00,0.000000000000000000e+00,0.000000000000000000e+00,0.000000000000000000e+00,8.531549331384860579e+02,0.000000000000000000e+00,0.000000000000000000e+00,0.000000000000000000e+00
1.105000000000000843e-01,8.394800001527295663e+00,1.414117255540506095e-02,3.659681092522555801e+00,3.561479348227544417e+00,2.744239191510558507e-01,-1.869867732719419307e+00,0.000000000000000000e+00,0.000000000000000000e+00,0.000000000000000000e+00,0.000000000000000000e+00,8.531515141551018360e+02,0.000000000000000000e+00,0.000000000000000000e+00,0.000000000000000000e+00
1.155000000000000887e-01,8.412596013286472996e+00,1.573261687588249982e-02,3.650193013796474872e+00,3.548823767747758318e+00,4.146292989499719694e-01,-1.919865936718226029e+00,-6.664728455277526109e+01,9.295067372593703681e+01,7.187407020662232071e+01,-1.609423238943206600e-03,8.530674132991450733e+02,0.000000000000000000e+00,1.349079672356790240e+02,0.000000000000000000e+00
1.205000000000000931e-01,8.430335624920582305e+00,1.835517860868237858e-02,3.640457789321459803e+00,3.550098419640562941e+00,5.746369648435306621e-01,-1.965751799683833845e+00,6.308890475022812971e+00,-8.247499911531089856e-01,1.447611316984956886e+01,-3.599663593656914767e-04,8.528007234394282250e+02,1.578639923141203738e+01,0.000000000000000000e+00,0.000000000000000000e+00
1.255000000000000837e-01,8.448108872911499034e+00,2.113274887352416948e-02,3.630531299785617616e+00,3.569720019515165710e+00,4.716547006823783028e-01,-2.005199341746829234e+00,5.917110287981975603e+01,-6.745048515001109690e-01,1.342250285575069597e+02,-1.023264406458395228e-03,8.527388106969896171e+02,1.465182382058831081e+02,0.000000000000000000e+00,0.000000000000000000e+00
1.305000000000000882e-01,8.465958939681648587e+00,2.239702681226828779e-02,3.620604813027918922e+00,3.471268479541298468e+00,1.121489748983361540e-01,-1.895426415466733516e+00,-1.863180409777628711e+03,-7.640906661720448767e+01,1.185784216569498540e+03,-9.128629320382791994e-04,8.431279656215559726e+02,5.025917523315088147e+03,0.000000000000000000e+00,0.000000000000000000e+00
1.355000000000000926e-01,8.483600394594281724e+00,2.334649809831608469e-02,3.611696812190928974e+00,3.562108334691627132e+00,2.730044431005208549e-01,-1.707708172720901363e+00,2.460996609927832424e+02,-1.806750448803328413e-01,5.721079648740250150e+02,-1.198975602765002752e-03,8.376283393867506675e+02,6.220975880189589589e+02,0.000000000000000000e+00,0.000000000000000000e+00
1.405000000000000970e-01,8.501406389263111762e+00,2.556751006133459875e-02,3.603253123059394714e+00,3.579694846278891784e+00,4.794084099331601401e-01,-1.677979398785192089e+00,1.639863368788749654e+01,3.536938937801173410e-01,3.748215566442186741e+01,-3.469025123177002599e-04,8.371876376833474751e+02,4.086277039055744353e+01,0.000000000000000000e+00,0.000000000000000000e+00
1.455000000000001015e-01,8.519382627630641025e+00,2.761416851924284460e-02,3.594721158514847303e+00,3.595856678016484231e+00,3.516915121324424853e-01,-1.724540780678375906e+00,1.424108591066359963e+01,4.652655603006283225e-01,3.318726057940172325e+01,-4.970616593856849730e-04,8.371161885833869292e+02,2.075161892714741896e+01,0.000000000000000000e+00,1.531262616517905251e+01
1.505000000000001059e-01,8.537345109590361858e+00,2.921363958212470219e-02,3.585985470249291485e+00,3.592165610295138922e+00,3.086384970076961332e-01,-1.767330510828174495e+00,0.000000000000000000e+00,0.000000000000000000e+00,0.000000000000000000e+00,0.000000000000000000e+00,8.370950154902573104e+02,0.000000000000000000e+00,0.000000000000000000e+00,0.000000000000000000e+00
1.555000000000001104e-01,8.555299462096513707e+00,3.076805306527528178e-02,3.577024070864012195e+00,3.589618225341938196e+00,3.187050909234490081e-01,-1.812897840885119294e+00,9.507206057554547840e+00,-6.258319791361017792e-01,2.228016782389447314e+01,-4.298425000836283115e-04,8.370854572330673591e+02,1.531028754797743296e+01,8.891260382686029473e+00,0.000000000000000000e+00
1.605000000000001148e-01,8.573260431586751551e+00,3.252616763169680070e-02,3.567825521580342496e+00,3.594367625890537266e+00,3.977330461701286679e-01,-1.861174883430126492e+00,1.350767972822539598e+01,-1.022076749663071604e+00,3.067382757415012406e+01,-1.641795053525308464e-04,8.369349243654144175e+02,3.248512078814627557e+01,9.986390329890091344e-01,0.000000000000000000e+00
1.655000000000001192e-01,8.591231193473058525e+00,3.455674850159084349e-02,3.558504633916654836e+00,3.612571407317917149e+00,3.895324636650193129e-01,-1.819577396385346546e+00,3.834693080395225593e+02,3.961831081530146736e+00,8.820928398891468305e+02,-2.740810340423512070e-04,8.366027415738702757e+02,4.273660614777167552e+02,3.098544497839383780e+02,2.233802849979714722e+02
1.705000000000001237e-01,8.609503640757296239e+00,3.628248083612671537e-02,3.549648828783967147e+00,3.679934744874920671e+00,3.071963312834392612e-01,-1.769823614075870521e+00,4.527016923956073136e+00,-1.998120360662625217e-02,1.036033532069946972e+01,-1.825579596203231666e-04,8.353332282826806932e+02,1.129165649969240270e+01,0.000000000000000000e+00,0.000000000000000000e+00
1.755000000000001281e-01,8.627916713239891067e+00,3.791695051040389758e-02,3.540677933260768295e+00,3.674372978875120932e+00,3.528408375939178776e-01,-1.808910653086178044e+00,7.950534199919545131e+00,1.648769316612104796e-01,1.840958239081917824e+01,-7.607824464131397388e-05,8.353167289564006524e+02,7.005676317289456279e+00,1.302132337074817769e+01,0.000000000000000000e+00
1.805000000000001326e-01,8.646237794409570299e+00,3.988843904508351107e-02,3.531543741021794247e+00,3.663950186971069556e+00,4.069704853631955221e-01,-1.847048580132672813e+00,0.000000000000000000e+00,0.000000000000000000e+00,0.000000000000000000e+00,0.000000000000000000e+00,8.353013490157112528e+02,0.000000000000000000e+00,0.000000000000000000e+00,0.000000000000000000e+00
1.855000000000001370e-01,8.664594041022432691e+00,4.172754844144464792e-02,3.522197697362476898e+00,3.693492536171735452e+00,3.017989265805555155e-01,-1.876695880088777635e+00,1.692787447792083810e+02,4.697081231725664274e+00,3.904996231637699680e+02,-3.849940455466318353e-04,8.351684527800964588e+02,3.825143059686338347e+02,4.252735523186752431e+01,0.000000000000000000e+00
1.905000000000001414e-01,8.683183626856548543e+00,4.357415275145742201e-02,3.513063196860667148e+00,3.715421990406931219e+00,4.318038015645543348e-01,-1.825698650127607792e+00,2.485117918790659353e+00,5.719452094220844884e-02,5.735157624209672456e+00,-9.944115566627893810e-06,8.347162349982529577e+02,6.242054855686556714e+00,0.000000000000000000e+00,0.000000000000000000e+00
1.955000000000001459e-01,8.701822189232160554e+00,4.531666929757505874e-02,3.503818869156933413e+00,3.735713452602769102e+00,3.376279194224985347e-01,-1.868957481610784122e+00,3.015531869886294203e+01,5.450931851452677640e-02,6.937237219188014592e+01,-5.640894253314244176e-05,8.346205174388207979e+02,3.863125650617453033e+01,3.691398366600721914e+01,0.000000000000000000e+00
2.005000000000001503e-01,8.720506584784613935e+00,4.720682374316125668e-02,3.494503628078825752e+00,3.760490448736678815e+00,3.295862318145503234e-01,-1.842922972722675690e+00,3.050359784261118534e+02,6.114819570784412406e+00,7.051515002526881517e+02,-7.507736656193054851e-05,8.343659931910893874e+02,3.367009955119132769e+02,3.324230715727643997e+02,9.814038669701515971e+01
2.055000000000001548e-01,8.739329990529567382e+00,4.909375454800696953e-02,3.485207415572077583e+00,3.756836564444111737e+00,3.907899017601605962e-01,-1.869171696801243954e+00,2.400744257854509200e+01,3.847634193897288002e-01,5.541382695654169765e+01,-2.327237424333624023e-04,8.342238800113680099e+02,1.171616248032909979e+01,1.244507659374508535e+01,3.614724270542775741e+01
2.105000000000001592e-01,8.758216929089249092e+00,5.089513844247123275e-02,3.475818062341648584e+00,3.789135860255972155e+00,4.064989621530620267e-01,-1.855768252601082580e+00,3.233278398937274005e+02,7.462659823326057484e+00,7.480767452435961786e+02,-1.651806936089775593e-05,8.340017054468278275e+02,4.555084946247695257e+02,1.620779307214243659e+02,1.962704469607934072e+02
2.155000000000001636e-01,8.777219843044061776e+00,5.268655932919485974e-02,3.466436821918038369e+00,3.796547463727049099e+00,3.752956230823161210e-01,-1.893262945012476939e+00,1.480546021112196797e+01,3.051531973317863078e-01,3.415015015251184138e+01,-9.538099044043967661e-05,8.338546511302160980e+02,3.717326024872818380e+01,0.000000000000000000e+00,0.000000000000000000e+00
2.205000000000001681e-01,8.796289147829137178e+00,5.453478571172202388e-02,3.456976137075633115e+00,3.830253362208639434e+00,3.500615968542866163e-01,-1.882816415062824600e+00,1.899094733246490918e+00,1.346429957984256742e-01,4.378566396745606326e+00,-3.875083905432053638e-06,8.335703794139117235e+02,4.587844809374569621e+00,1.782466892756003618e-01,0.000000000000000000e+00
2.255000000000001725e-01,8.815429028853593252e+00,5.639412301247528209e-02,3.447453298616474093e+00,3.834258137528836041e+00,3.585665753092568964e-01,-1.911380471955830496e+00,2.519493368835566685e+02,1.040186962887740663e+01,5.842432797699043476e+02,-2.057472153370104237e-05,8.335446540954233114e+02,5.108524163011795167e+02,0.000000000000000000e+00,1.245117807177989704e+02
2.305000000000001770e-01,8.834688944706739377e+00,5.824656222234424197e-02,3.437944136259143413e+00,3.857868615538287305e+00,3.590425753771773754e-01,-1.916537435935093736e+00,2.094878191739246720e+00,3.803432379624079041e-02,4.857348586312474126e+00,-9.954792991955473125e-07,8.332577917919531956e+02,0.000000000000000000e+00,0.000000000000000000e+00,5.282587045742939580e+00
2.355000000000001814e-01,8.854024707871314348e+00,6.009087853140292201e-02,3.428377200278843517e+00,3.872767512157702541e+00,3.708729525769676738e-01,-1.919645600415527342e+00,7.752744315982492473e+00,2.597912430694072905e-02,1.786454577484160211e+01,-7.901735234617634357e-05,8.330567776086070353e+02,1.205566201781733326e+01,2.876802984694109444e+00,4.517097043655357247e+00
2.405000000000001859e-01,8.873450560806523058e+00,6.192275095981124300e-02,3.418753901912916060e+00,3.902807440659921134e+00,3.661704165452101534e-01,-1.902966816983945542e+00,1.147269804043480512e+01,3.613461599600785168e-01,2.655105553810110308e+01,-3.338257610247972670e-05,8.327512890348469909e+02,1.987766897828011992e+01,3.080723101647271811e+00,5.926901293816898786e+00
2.455000000000001903e-01,8.892961226312298351e+00,6.379668993029896651e-02,3.409112189550475236e+00,3.901644971457699729e+00,3.785888452299144280e-01,-1.949212485998197186e+00,3.599710857667640429e+00,-7.400130637030263858e-02,8.306088706728028015e+00,-3.695960946180831472e-05,8.327337972018812025e+02,8.823065901525120935e+00,0.000000000000000000e+00,2.183318906176769936e-01
2.505000000000001670e-01,8.912549658668334374e+00,6.565215742190584625e-02,3.399380614165123493e+00,3.919148774267215085e+00,4.216503368214427061e-01,-1.913934513922451508e+00,8.786373231009167739e+01,9.071196095837201767e-01,2.037343001131966673e+02,-4.062181292031896707e-05,8.323899936881377926e+02,2.078977157814027805e+02,0.000000000000000000e+00,1.367428521080915615e+01
2.555000000000001714e-01,8.932258038969107972e+00,6.746537966232946104e-02,3.389650178866425279e+00,3.939657918751783505e+00,3.708776197441269740e-01,-1.963811698861748667e+00,2.207892000048578041e+01,6.793943517724645442e-01,5.133787293936843810e+01,-8.715709985300610502e-05,8.323304093987528631e+02,5.580544508669391490e+01,0.000000000000000000e+00,0.000000000000000000e+00
2.605000000000001759e-01,8.952028823296155124e+00,6.934360251724074053e-02,3.379876558448560608e+00,3.966613124641304999e+00,3.726145241378324147e-01,-1.943148341744365126e+00,9.353382159979677368e+00,5.423164992246248817e-01,2.173413339627670382e+01,-3.982745912871343830e-05,8.319754103672407837e+02,2.362699861497556952e+01,0.000000000000000000e+00,0.000000000000000000e+00
2.655000000000001803e-01,8.971871971545057889e+00,7.122638272571184259e-02,3.370028334597062969e+00,3.980630037943430732e+00,3.622488172114942118e-01,-1.995681976967358162e+00,1.416103003312711195e+01,3.975788800547578328e-01,3.291774236682676502e+01,-2.560456521830166768e-05,8.319565714026246042e+02,2.717670868290015918e+01,7.765605890754303076e+00,8.422434345244660392e-01
2.705000000000001847e-01,8.991832658708380777e+00,7.310123687620752320e-02,3.360229938623147117e+00,3.999098119383215355e+00,3.843138623560607425e-01,-1.950644333028061173e+00,5.105693885040040847e+00,-5.658627130181758530e-02,1.182241677939538604e+01,-7.809002706186951581e-05,8.315496412167373137e+02,1.221044836866551719e+01,0.000000000000000000e+00,6.506307520892052887e-01
2.755000000000001892e-01,9.011882090575326743e+00,7.496035682471602346e-02,3.350321810603987593e+00,4.013805849435113871e+00,3.672747394158712986e-01,-2.004501542309767181e+00,4.432080664982895435e+00,3.384736812733950551e-01,1.030346883468284247e+01,-2.157696959606981296e-05,8.315313241935430142e+02,1.119964419338236183e+01,0.000000000000000000e+00,0.000000000000000000e+00
2.805000000000001936e-01,9.031970244430665318e+00,7.683095843718168449e-02,3.340293589137140362e+00,4.047935625618338307e+00,3.762858703586517972e-01,-1.980856593730048409e+00,2.412793777365155279e+01,1.000228917244090354e+00,7.823816894371374531e+01,-4.494268876050486541e-05,8.311573481074192387e+02,0.000000000000000000e+00,3.030103750035731025e+01,5.172843065581349720e+01
2.855000000000001981e-01,9.052140936005109495e+00,7.869494551211714262e-02,3.330414699393999367e+00,3.982605936315529505e+00,3.548242377919538781e-01,-1.971350062778859380e+00,2.283175256796379227e+00,1.398654797792571736e-01,5.326351953811857776e+00,-3.684971670828932760e-05,8.280315251670693897e+02,3.337309754273449780e+00,0.000000000000000000e+00,2.448884564996943958e+00
2.905000000000002025e-01,9.072295896851860775e+00,8.054590626604982151e-02,3.320331373954237275e+00,4.056621963261619612e+00,3.840318860819946223e-01,-2.040828618342821255e+00,3.526335285356029203e+01,1.168254999443938402e+00,8.240170282327393636e+01,-5.131512762590779986e-05,8.279593104921489157e+02,8.949575028741389815e+01,0.000000000000000000e+00,0.000000000000000000e+00
2.955000000000002069e-01,9.092509992443412514e+00,8.241567549489701994e-02,3.310358294147191405e+00,4.070184121073832983e+00,3.734819625186823200e-01,-1.926703869744384789e+00,3.044381918349234297e+02,1.813049426460382563e+01,7.179892560966383144e+02,-1.660811544446289586e-04,8.273656842878672251e+02,3.670984146033525235e+02,1.957135401917532249e+02,2.161703549286883970e+02
3.005000000000002114e-01,9.112926640793309829e+00,8.427301753084776026e-02,3.300563124478179677e+00,4.086570023726125989e+00,3.656241624814687841e-01,-1.981234230100209714e+00,0.000000000000000000e+00,0.000000000000000000e+00,0.000000000000000000e+00,0.000000000000000000e+00,8.272602065517909296e+02,0.000000000000000000e+00,0.000000000000000000e+00,0.000000000000000000e+00
3.055000000000002158e-01,9.133372240163236455e+00,8.609473624424751614e-02,3.290523464690914945e+00,4.091419895550333585e+00,3.648489428506612731e-01,-2.030422527912763453e+00,8.627689163085303647e+00,2.803641751935687099e-01,2.016587278615484990e+01,-3.572265178368883715e-05,8.272502778798744885e+02,1.934390361221191412e+01,2.557871665793612692e+00,0.000000000000000000e+00
3.105000000000002203e-01,9.153801077034160016e+00,8.799613115479235081e-02,3.280255161195647862e+00,4.084438499200117256e+00,3.783904229162965982e-01,-2.074097857228049069e+00,5.449738472552116519e+00,6.734935596026192517e-02,1.272530643044694365e+01,-8.241508702946649494e-05,8.272322984163853334e+02,1.382323470861189563e+01,0.000000000000000000e+00,0.000000000000000000e+00
3.155000000000002247e-01,9.174316571831727885e+00,8.979534831604499279e-02,3.269890800059269242e+00,4.137956664274009988e+00,3.534319776087050391e-01,-2.015229856063526892e+00,3.621430532642547746e+02,1.609214780238403719e+01,8.489537518861487797e+02,-1.350297822728277301e-04,8.267117203900388631e+02,3.838082339992525931e+02,1.649549774766120720e+02,3.727891323760096043e+02
3.205000000000002292e-01,9.195042011589103836e+00,9.175591065724700290e-02,3.259913262777019316e+00,4.147598503466146447e+00,3.886194334678620410e-01,-2.014103756095422249e+00,4.925322067531133108e+00,8.219376668910108319e-02,1.157850836616400336e+01,-8.518324485947683863e-05,8.264120149130397976e+02,1.256422689769780732e+01,0.000000000000000000e+00,0.000000000000000000e+00
3.255000000000002336e-01,9.215838574022960472e+00,9.360000245903286886e-02,3.249684611109915355e+00,4.164015606796518831e+00,3.559379706905609342e-01,-2.069113393405115797e+00,0.000000000000000000e+00,0.000000000000000000e+00,0.000000000000000000e+00,0.000000000000000000e+00,8.263948938106457263e+02,0.000000000000000000e+00,0.000000000000000000e+00,0.000000000000000000e+00
3.305000000000002380e-01,9.236600910901161754e+00,9.546301741087624693e-02,3.239238556232862720e+00,4.147397860492046284e+00,3.782071189265672206e-01,-2.107719732258791279e+00,6.892911270048136529e+00,1.729374241841906690e-01,1.617343435648551164e+01,-9.418900329786887050e-05,8.263656729538406580e+02,7.952688867608532775e+00,6.470088229921600487e+00,3.132321441494768877e+00
3.355000000000002425e-01,9.257529660002681737e+00,9.736082991051274449e-02,3.228874126616438023e+00,4.206600589973423787e+00,3.751087485999241578e-01,-2.030229007033791611e+00,1.346440043746747861e+01,8.140717808395808719e-01,3.164575881637634325e+01,-9.229144453215933422e-05,8.256751577689091164e+02,3.073141914592295620e+01,3.604912441789918987e+00,0.000000000000000000e+00
3.405000000000002469e-01,9.278555223117322726e+00,9.924498984893283249e-02,3.218606570273571332e+00,4.207678494402125047e+00,3.796444224720960658e-01,-2.076014567738408090e+00,7.645137276826883266e+00,2.916252872920379602e-01,1.792318715297045273e+01,-7.805489274523747141e-05,8.256549728866039004e+02,1.777808430657681527e+01,1.784126862037129224e-01,1.499049473221158113e+00
3.455000000000002514e-01,9.299629703071024878e+00,1.011200786427477322e-01,3.208080330761577947e+00,4.218333437544654174e+00,3.748311887804933740e-01,-2.127499548541455621e+00,5.708889013732235007e+00,4.322301814781056017e-01,1.341474766758416770e+01,-5.307632785961553280e-05,8.256297423284688648e+02,1.064877743995065451e+01,1.011411908584472608e+00,2.895260306226192792e+00
3.505000000000002558e-01,9.320827566130105879e+00,1.030233716337720096e-01,3.197643132762426177e+00,4.245913798165255493e+00,3.803611009875237925e-01,-2.096078048857588527e+00,3.760702132095130601e+00,2.107218691946720623e-01,8.850147802677874154e+00,-1.055015290276229561e-06,8.251972334992755123e+02,9.600463475873629804e+00,0.000000000000000000e+00,0.000000000000000000e+00
3.555000000000002602e-01,9.342097974662358695e+00,1.049330557419388410e-01,3.187139683138741297e+00,4.275435375742246968e+00,3.648882606219667757e-01,-2.112031404666377288e+00,2.174876429312148929e+01,1.378482022269375218e+00,5.147002809277542212e+01,-3.936938079486572775e-05,8.249849883967926871e+02,5.578707575167835842e+01,0.000000000000000000e+00,0.000000000000000000e+00
3.605000000000002647e-01,9.363441214045872485e+00,1.068604159028373468e-01,3.176636282454138982e+00,4.288843755439798677e+00,3.647523900786663331e-01,-2.109946984878250387e+00,2.651935732926512657e+01,1.355189679157527527e+00,6.250240759178846872e+01,-1.638044118980569279e-04,8.247289110024671572e+02,6.650637340259004304e+01,0.000000000000000000e+00,1.293379696272213719e+00
3.655000000000002691e-01,9.384888118393044820e+00,1.087416579917292875e-01,3.166006346494445456e+00,4.268951924342780480e+00,3.931973634583296184e-01,-2.127242290335227715e+00,3.452646762586716989e+01,2.174552369208505809e+00,8.146437921530861104e+01,-4.299694659533294036e-05,8.246189889935706105e+02,7.103327865715502298e+01,1.730049525324391624e+01,0.000000000000000000e+00
3.705000000000002736e-01,9.406462387583784945e+00,1.106227781798879567e-01,3.155414902138871547e+00,4.334859648431473644e+00,3.532230841623589801e-01,-2.143606368360006176e+00,6.710377796075253087e+00,3.573223998004881885e-01,1.585269969297674564e+01,-3.856333393371198445e-05,8.243176249940727303e+02,8.970080767826463131e+00,7.459999822101929468e+00,7.566390160451469393e-01
3.755000000000002780e-01,9.428044475646268907e+00,1.125805233628362767e-01,3.144775323126554056e+00,4.339784278338283841e+00,3.842379574012494414e-01,-2.127242004866471081e+00,1.445854344437268324e+01,5.597553474347004565e-01,3.402738393319000920e+01,-8.466915639199169494e-05,8.240027969149213050e+02,3.691121843366448019e+01,0.000000000000000000e+00,0.000000000000000000e+00
3.805000000000002824e-01,9.449754011845714174e+00,1.144785414326520007e-01,3.134038589864524216e+00,4.328918390263932992e+00,4.015938960613948394e-01,-2.132943951696388396e+00,3.838898539366156228e+02,1.806854792710570479e+01,9.067298789791967693e+02,-3.023274205086589478e-05,8.239501312084107667e+02,3.056954337718579495e+02,2.131228918248954756e+02,4.642082355949394241e+02
3.855000000000002869e-01,9.471588730753520480e+00,1.163787149685204803e-01,3.123308636172483332e+00,4.361024473625644937e+00,3.986405949706379737e-01,-2.137774743130778976e+00,4.351669832715485597e+01,1.777808838746521625e+00,1.027994997587834547e+02,-1.097798400330278999e-04,8.235535847190486720e+02,1.114448602669612995e+02,0.000000000000000000e+00,0.000000000000000000e+00
3.905000000000002913e-01,9.493460837329005031e+00,1.183194543404583743e-01,3.112519578708783818e+00,4.392330436651648462e+00,3.898799406621691332e-01,-2.167812533735268499e+00,8.996544633430590920e+01,3.230593017169097969e+00,2.125466612430843156e+02,-5.787842869530660656e-05,8.233998401132500931e+02,2.304265187043397134e+02,0.000000000000000000e+00,0.000000000000000000e+00
3.955000000000002958e-01,9.515401367089724616e+00,1.202870768913162636e-01,3.101741464230720613e+00,4.415056090019831458e+00,3.839021473201171264e-01,-2.160961448878752744e+00,1.777168376098972757e+01,8.777938814057341110e-01,4.204318030618999558e+01,-6.996950567840780517e-05,8.230606437902252992e+02,4.556878405320924941e+01,0.000000000000000000e+00,0.000000000000000000e+00
4.005000000000003002e-01,9.537436664078660087e+00,1.222317441170914232e-01,3.090844096068210867e+00,4.389352169535810866e+00,4.187677312609720537e-01,-2.187511220398910439e+00,8.050326320900948573e+00,3.899986066679479446e-01,1.906751762337274414e+01,-3.825148486648680124e-05,8.230076740293052353e+02,6.747158780786620014e+00,0.000000000000000000e+00,1.391632222139510056e+01
4.055000000000003046e-01,9.559615104763087956e+00,1.241453952901383634e-01,3.079957901053197666e+00,4.427305080503199264e+00,3.860728083061502058e-01,-2.183197458086201692e+00,1.852752713610263413e+01,1.257162267217197593e+00,4.390615580088084613e+01,-5.702842230521920630e-05,8.226550368661391985e+02,4.757418186430788865e+01,0.000000000000000000e+00,0.000000000000000000e+00
4.105000000000003091e-01,9.581829089738350902e+00,1.260985716196451056e-01,3.068975256328272394e+00,4.442758006814804261e+00,3.905971800974940566e-01,-2.191241613495874319e+00,1.846705569176429407e+01,1.125216420829277642e+00,4.381018457280604395e+01,-7.982889763539493741e-05,8.224024642298284107e+02,2.983065098929870373e+01,0.000000000000000000e+00,1.762923057257852832e+01
4.155000000000003135e-01,9.604159114338296277e+00,1.280457944620965738e-01,3.058014667544141307e+00,4.480501908281063095e+00,3.690043927581752037e-01,-2.215511563665859107e+00,8.432708319054876611e+00,4.061326510043001825e-01,1.999410784576155464e+01,-2.650547783178544212e-05,8.221863328412786132e+02,1.595425038335842061e+01,5.708722054458625905e+00,0.000000000000000000e+00
4.205000000000003180e-01,9.626544892860515290e+00,1.300186288060441453e-01,3.046992884982929528e+00,4.507935523040002224e+00,3.972280246661688552e-01,-2.169625556557786883e+00,2.367024893877249383e+02,1.228058507995562465e+01,5.621234236158203430e+02,-6.337127283095205822e-05,8.217521256879576868e+02,5.881678843311058245e+02,9.966594232414822230e+00,1.074042840730306203e+01
4.255000000000003224e-01,9.649051496690253416e+00,1.320183568068935553e-01,3.036030033784863580e+00,4.501073921806669098e+00,4.021458077760646788e-01,-2.213557385934158184e+00,4.118481583826577364e+00,2.375081034250872691e-01,9.776301323578245217e+00,-1.738514269668126402e-05,8.216610340378947512e+02,1.051259503750939928e+01,0.000000000000000000e+00,7.742518256464007986e-02
4.305000000000003268e-01,9.671596294396822557e+00,1.339492610975195896e-01,3.024813733191849874e+00,4.511134549402192384e+00,3.817845356578066229e-01,-2.265205070612676952e+00,2.214676856219904622e+00,1.727758978151531233e-01,5.256591781288051379e+00,-7.485895384141613706e-06,8.216397887236138331e+02,5.693961284178024940e+00,0.000000000000000000e+00,0.000000000000000000e+00
4.355000000000003313e-01,9.694263475679402831e+00,1.359542855987603271e-01,3.013716371807615868e+00,4.548750222021657130e+00,3.887773063649427874e-01,-2.228441786826532489e+00,0.000000000000000000e+00,0.000000000000000000e+00,0.000000000000000000e+00,0.000000000000000000e+00,8.211080363743548105e+02,0.000000000000000000e+00,0.000000000000000000e+00,0.000000000000000000e+00
4.405000000000003357e-01,9.716976633615704628e+00,1.379140763504076717e-01,3.002468932846543925e+00,4.556808841164434298e+00,3.657298666552897259e-01,-2.272499342221963481e+00,3.735834667838271628e+01,2.600323033427043296e+00,8.899656010333551137e+01,-2.451526818410482492e-05,8.210755427108302911e+02,9.634594178509806284e+01,0.000000000000000000e+00,0.000000000000000000e+00
4.455000000000003402e-01,9.739827450242087181e+00,1.399439287916725005e-01,2.991348138927422795e+00,4.575782009229844682e+00,4.056926998346691571e-01,-2.222080636185885361e+00,1.067670843289232074e+01,5.710736551051539545e-01,2.530050758880088679e+01,-8.792854687785368710e-05,8.205241432562888804e+02,2.741240127678357297e+01,0.000000000000000000e+00,0.000000000000000000e+00
4.505000000000003446e-01,9.762765350178000290e+00,1.419073166523465990e-01,2.980081209167700251e+00,4.589513703485965657e+00,3.906592479852299959e-01,-2.275165872322835625e+00,3.659497521129061237e+00,2.859757784002343595e-01,8.711723578531369583e+00,-9.479747024181400111e-06,8.205085316620696858e+02,7.213831876429138923e+00,0.000000000000000000e+00,2.218040544932327052e+00
4.555000000000003491e-01,9.785719647049695880e+00,1.438871997476342812e-01,2.968675400555548904e+00,4.617582649736341693e+00,3.995034497112636696e-01,-2.235379491876967162e+00,4.086921173228532211e+02,2.428479249922747840e+01,9.746725465330878251e+02,-8.233407122186487369e-05,8.201167322853459609e+02,5.233775020601872257e+02,2.350612402739693039e+02,2.965468637088256401e+02
4.605000000000003535e-01,9.808822879603395606e+00,1.459027541112928872e-01,2.957362697024664033e+00,4.618091249743954130e+00,4.063697373346946140e-01,-2.282258887593199059e+00,0.000000000000000000e+00,0.000000000000000000e+00,0.000000000000000000e+00,0.000000000000000000e+00,8.199508195746025194e+02,0.000000000000000000e+00,0.000000000000000000e+00,0.000000000000000000e+00
4.655000000000003579e-01,9.831993148776049907e+00,1.478903929540083817e-01,2.945946077135052743e+00,4.644323423179590904e+00,4.344591196885170259e-01,-2.238597419588733040e+00,8.162507047680003325e+01,3.696663298910774387e+00,1.952168633923921846e+02,-4.379775330112236839e-05,8.194353458132787864e+02,2.112145890828773247e+02,0.000000000000000000e+00,0.000000000000000000e+00
4.705000000000003624e-01,9.855258175253922559e+00,1.499310344306128140e-01,2.934607041656183135e+00,4.668424928555975129e+00,3.852469622543920891e-01,-2.296186745099725979e+00,0.000000000000000000e+00,0.000000000000000000e+00,0.000000000000000000e+00,0.000000000000000000e+00,8.193752357928249239e+02,0.000000000000000000e+00,0.000000000000000000e+00,0.000000000000000000e+00
4.755000000000003668e-01,9.878576303820318927e+00,1.519110305236215375e-01,2.923013708060052451e+00,4.644386598144114586e+00,4.348435723879710002e-01,-2.327136912738317687e+00,3.572950732703667853e+01,1.714275583130967728e+00,8.533313041481045502e+01,-7.193440177235264389e-05,8.193495873635590669e+02,9.234354357248139422e+01,0.000000000000000000e+00,0.000000000000000000e+00
4.805000000000003713e-01,9.902026317498156871e+00,1.539212696017876747e-01,2.911559588067432536e+00,4.693750559782627008e+00,3.945660338247073962e-01,-2.293458102273021382e+00,0.000000000000000000e+00,0.000000000000000000e+00,0.000000000000000000e+00,0.000000000000000000e+00,8.187686584798925651e+02,0.000000000000000000e+00,0.000000000000000000e+00,0.000000000000000000e+00
4.855000000000003757e-01,9.925515611231848112e+00,1.559734606201378382e-01,2.899963650817598104e+00,4.718286985823181290e+00,3.912988906398821021e-01,-2.347228017136592904e+00,3.054448886533274532e+01,2.056456212865661826e+00,7.316320422488702491e+01,-7.859251117127929141e-05,8.187384387699768240e+02,7.913432760668081301e+01,0.000000000000000000e+00,0.000000000000000000e+00
4.905000000000003801e-01,9.949120664771662348e+00,1.580359108748145835e-01,2.888469997895449559e+00,4.730204348714168283e+00,4.273699048294298808e-01,-2.291049491781063985e+00,1.287051807016211846e+01,6.798053757672826158e-01,3.081618759549913023e+01,-9.769434749049097505e-05,8.181321935087283919e+02,3.333361263883678305e+01,0.000000000000000000e+00,0.000000000000000000e+00
4.955000000000003846e-01,9.972839520490271781e+00,1.600589753352747724e-01,2.876855858461883741e+00,4.749976503774343328e+00,3.950126145562107838e-01,-2.346914104685407398e+00,0.000000000000000000e+00,0.000000000000000000e+00,0.000000000000000000e+00,0.000000000000000000e+00,8.181050426483975571e+02,0.000000000000000000e+00,0.000000000000000000e+00,0.000000000000000000e+00
5.005000000000002780e-01,9.996549302951148519e+00,1.620617274316029088e-01,2.865052581066150239e+00,4.742973987483866338e+00,4.109893507381254252e-01,-2.351196313259837467e+00,7.725505605566603151e+00,4.697735670498626726e-01,1.857724086783616713e+01,-6.862647461995056292e-05,8.178626130486989041e+02,2.008194922536379323e+01,0.000000000000000000e+00,0.000000000000000000e+00
5.054999999999997273e-01,1.002045988944641408e+01,1.641274266828140760e-01,2.853409020633079329e+00,4.786553227531099353e+00,4.074029895962315573e-01,-2.308506393555751490e+00,1.688176542548463388e+01,1.242766828731377782e+00,4.051912661330304388e+01,-5.081279945542732830e-05,8.172715538391159953e+02,1.835970109739091072e+01,1.189493863145951025e+01,1.355764510413801638e+01
5.104999999999991767e-01,1.004441330001459498e+01,1.661708174891436962e-01,2.841732406487404550e+00,4.797614623055418193e+00,4.021772162476345835e-01,-2.359955707647389378e+00,9.316252694020526803e+00,5.510551717236337188e-01,2.232561228848954116e+01,-3.537093258789607633e-05,8.172398147463204623e+02,1.683393450127862323e+01,4.568151690305935375e+00,2.743612986102847540e+00
5.154999999999986260e-01,1.006838500042126761e+01,1.682228670983455521e-01,2.829812244741772176e+00,4.798684452379588627e+00,4.142442659268537053e-01,-2.406628434923729909e+00,1.179149304457592251e+01,7.670159519045892660e-01,2.832049659056316671e+01,-2.456894917012009127e-05,8.172153627047764530e+02,1.494899717523418303e+01,9.064387756575242872e-01,1.476309982290073819e+01
5.204999999999980753e-01,1.009251264168728035e+01,1.702772795605889400e-01,2.818015255342275260e+00,4.847873551493504962e+00,4.010831656960939795e-01,-2.348246363244438140e+00,7.237350896616415064e+00,5.181676032912232444e-01,1.738257577489957484e+01,-3.467630042072516669e-05,8.164784343148373864e+02,1.457825636455211615e+01,0.000000000000000000e+00,4.214384011144736597e+00
5.254999999999975246e-01,1.011669748905335275e+01,1.723884616144070459e-01,2.806175471137077881e+00,4.842665651530342785e+00,4.180282232906696871e-01,-2.391464842714513761e+00,8.692556883472722262e+00,4.890870708895619368e-01,2.093049621379725878e+01,-1.095158354263081266e-05,8.164557544937766806e+02,2.262007319082562873e+01,0.000000000000000000e+00,0.000000000000000000e+00
5.304999999999969740e-01,1.014098238983892486e+01,1.744263811333582326e-01,2.794202367964659928e+00,4.878856438246600646e+00,4.224223077429567486e-01,-2.351823309637331771e+00,3.995905623496478825e+02,2.412242064773431949e+01,9.619312096392053490e+02,-6.622949501520125279e-05,8.160121466560397039e+02,3.079692783609802404e+02,2.175422956513414761e+02,5.140880723836487505e+02
5.354999999999964233e-01,1.016537160491545677e+01,1.765297993543115118e-01,2.782337010566662716e+00,4.892703107560463671e+00,3.999531146472932175e-01,-2.400716377293713233e+00,0.000000000000000000e+00,0.000000000000000000e+00,0.000000000000000000e+00,0.000000000000000000e+00,8.158082923448758947e+02,0.000000000000000000e+00,0.000000000000000000e+00,0.000000000000000000e+00
5.404999999999958726e-01,1.018978120901574158e+01,1.786034132902230287e-01,2.770235160208903924e+00,4.896863718992316983e+00,4.002190129193935464e-01,-2.441652656114453368e+00,1.011055656019857025e+02,7.792065078815963552e+00,2.437935578679385458e+02,-3.592090178539987522e-05,8.157878697305742435e+02,2.633999650088002795e+02,0.000000000000000000e+00,0.000000000000000000e+00
5.454999999999953220e-01,1.021437085615576734e+01,1.807014461630322977e-01,2.758345284634248440e+00,4.916856123147035795e+00,4.254284424891329741e-01,-2.388057875394887564e+00,0.000000000000000000e+00,0.000000000000000000e+00,0.000000000000000000e+00,0.000000000000000000e+00,8.151078408271459921e+02,0.000000000000000000e+00,0.000000000000000000e+00,0.000000000000000000e+00
5.504999999999947713e-01,1.023899607258578115e+01,1.827889627426655950e-01,2.746256286799813484e+00,4.927951336709440078e+00,4.157639295955474212e-01,-2.440476607963052658e+00,5.953151251242090325e+00,4.623879069735921110e-01,1.440137701338931109e+01,-3.771176708833832991e-05,8.150929351183283416e+02,0.000000000000000000e+00,8.875762854065223806e+00,6.676254620534789908e+00
5.554999999999942206e-01,1.026355639840435074e+01,1.850119373457905503e-01,2.734108864733534094e+00,4.907357850283046830e+00,4.794403224096335792e-01,-2.373773860207290198e+00,4.546846188285263679e+01,3.183341941009977916e+00,1.098786301680820259e+02,-5.216040636090552539e-05,8.077366146821196935e+02,1.186735539351706166e+02,0.000000000000000000e+00,0.000000000000000000e+00
5.604999999999936700e-01,1.028802860087374071e+01,1.874765980072014837e-01,2.722155280507169373e+00,4.879095988786878557e+00,5.150316880863595737e-01,-2.403270930320249299e+00,0.000000000000000000e+00,0.000000000000000000e+00,0.000000000000000000e+00,0.000000000000000000e+00,8.076764047031147129e+02,0.000000000000000000e+00,0.000000000000000000e+00,0.000000000000000000e+00
5.654999999999931193e-01,1.031255007538158708e+01,1.899513193365753583e-01,2.710083615318321204e+00,4.901669747755046380e+00,5.157896689953614944e-01,-2.379058768032696669e+00,1.111524039632663730e+01,7.468670529323475638e-01,2.683381616283478266e+01,-5.552440264509623906e-05,8.071911008617713605e+02,1.426320079050895373e+01,6.338352890313351473e+00,8.384870851272323122e+00
5.704999999999925686e-01,1.033724464852858382e+01,1.923829442530421430e-01,2.698007233170309327e+00,4.909856010583367514e+00,5.107214432972991824e-01,-2.412721083423259305e+00,4.745122950895056846e+01,2.815427481232934515e+00,1.151905547689125342e+02,-8.045575695752519955e-05,8.070855546908667293e+02,1.243295787419490921e+02,0.000000000000000000e+00,0.000000000000000000e+00
5.754999999999920179e-01,1.036195242752896384e+01,1.948598564624514085e-01,2.685869971277338397e+00,4.940506154719025211e+00,5.068403989767009676e-01,-2.415925241286006386e+00,3.667444521033598903e+01,2.103500110814660484e+00,8.915318246180453343e+01,-1.467735162006126356e-04,8.067088447490009457e+02,9.620939067180451332e+01,0.000000000000000000e+00,0.000000000000000000e+00
5.804999999999914673e-01,1.038673184854761189e+01,1.973719475094638520e-01,2.673723213485710737e+00,4.936008483939320790e+00,5.300538950252706716e-01,-2.419961926045310463e+00,5.494596525020185851e+01,2.838987342235823608e+00,1.332837861505279591e+02,-9.524452419814146212e-05,8.064615355697867471e+02,1.284030957931539660e+02,1.546547377865695339e+01,0.000000000000000000e+00
5.854999999999909166e-01,1.041165165413480231e+01,1.998329592182132575e-01,2.661551113896399645e+00,4.954804825037384397e+00,5.340629569121141396e-01,-2.411863004867325966e+00,4.870255143058133740e+01,2.788222431326495609e+00,1.187246673031685305e+02,-1.888491481051735726e-04,8.058727129871479065e+02,1.280561296634401458e+02,0.000000000000000000e+00,0.000000000000000000e+00
5.904999999999903659e-01,1.043659622781020424e+01,2.023933601020465878e-01,2.649340313971880967e+00,5.027587278945551574e+00,4.568027929866422809e-01,-2.473102519505143260e+00,9.736644112994405020e+00,5.905467722045758538e-01,2.366099640506942592e+01,-5.715666423348358428e-05,8.057201297154874737e+02,2.553137662491421978e+01,0.000000000000000000e+00,0.000000000000000000e+00
5.954999999999898153e-01,1.046159745192074020e+01,2.049497254079336306e-01,2.637056722130733277e+00,5.058428118505342574e+00,4.888470848877874420e-01,-2.431378459479152543e+00,2.591257266948971960e+02,1.899808930276062924e+01,6.299488859385368187e+02,-1.223405026197336726e-04,8.051902093213009266e+02,6.796527730197520896e+02,0.000000000000000000e+00,0.000000000000000000e+00
6.004999999999892646e-01,1.048680798192345165e+01,2.074047484108577644e-01,2.624823240475660846e+00,5.029474604747480981e+00,5.059511455749152731e-01,-2.461251479400762943e+00,0.000000000000000000e+00,0.000000000000000000e+00,0.000000000000000000e+00,0.000000000000000000e+00,8.050389794414395510e+02,0.000000000000000000e+00,0.000000000000000000e+00,0.000000000000000000e+00
6.054999999999887139e-01,1.051194773573194752e+01,2.099627700969373123e-01,2.612395061173134803e+00,5.033439862465372450e+00,5.178414580797564559e-01,-2.508102896851454489e+00,1.788795919299802506e+01,8.300985705259550373e-01,4.355840053005763224e+01,-1.857987405844141460e-05,8.050163354261630957e+02,4.120005834174510539e+01,0.000000000000000000e+00,5.787601966527391006e+00
6.104999999999881632e-01,1.053725837107313268e+01,2.124764475029913280e-01,2.600006098617675843e+00,5.069848207687482677e+00,5.003765429267842402e-01,-2.488291165375879022e+00,2.103472586584201309e+01,1.257744429870921943e+00,5.128459541899452745e+01,-4.705193321709929405e-05,8.044521271620820926e+02,3.289471638411554721e+01,5.485049974156931185e+00,1.692970548490806948e+01
6.154999999999876126e-01,1.056267507018047525e+01,2.149977774852246948e-01,2.587604763905369865e+00,5.105216766000258310e+00,4.876277856680606981e-01,-2.486577395016553282e+00,2.536831277811425700e+00,1.472043654133815549e-01,6.207399515654279831e+00,-7.376311300682190930e-06,8.040351099884003361e+02,1.281938818655072865e+00,5.408681249835093574e+00,0.000000000000000000e+00
6.204999999999870619e-01,1.058812636531357576e+01,2.175497960664912189e-01,2.575109197986017673e+00,5.123295499800951447e+00,4.765791534823335396e-01,-2.530520575213093704e+00,9.085301032178799474e+00,5.489868911912496596e-01,2.218936685519303964e+01,-5.128608959810822612e-05,8.039379784987564790e+02,1.688991990150434575e+01,7.034032248981390900e+00,0.000000000000000000e+00
6.254999999999865112e-01,1.061369299340729633e+01,2.201212184167833930e-01,2.562693912935256169e+00,5.135662564425321541e+00,5.004337403639679271e-01,-2.494238928646085096e+00,0.000000000000000000e+00,0.000000000000000000e+00,0.000000000000000000e+00,0.000000000000000000e+00,8.033589989801519096e+02,0.000000000000000000e+00,0.000000000000000000e+00,0.000000000000000000e+00
6.304999999999859606e-01,1.063933785438251256e+01,2.226197278191892337e-01,2.550109360133482106e+00,5.129863248445557744e+00,4.979345510946482922e-01,-2.538331957359030167e+00,9.766290228489515002e+00,5.575923076964747205e-01,2.394426897058361092e+01,-5.190456582045599628e-05,8.031740628629727325e+02,2.572860771556311477e+01,7.217506645686130873e-02,0.000000000000000000e+00
6.354999999999854099e-01,1.066503424354884366e+01,2.251569175323681060e-01,2.537486414614411601e+00,5.148083324840717623e+00,5.095933146023238214e-01,-2.501003037352952596e+00,8.699853689521894751e+01,4.475106239163389787e+00,2.136763477086435614e+02,-8.676869641521052674e-05,8.025859714401971132e+02,2.301764962943399269e+02,0.000000000000000000e+00,0.000000000000000000e+00
6.404999999999848592e-01,1.069082786737541468e+01,2.276945829144405298e-01,2.524856474579699306e+00,5.155597015916317361e+00,5.096699375603440663e-01,-2.540544678918515764e+00,4.432294466944814815e+01,2.422130350778316288e+00,1.089791609988457566e+02,-2.585470919949867455e-05,8.024771710099450956e+02,1.173722364949357058e+02,0.000000000000000000e+00,0.000000000000000000e+00
6.454999999999843086e-01,1.071675300168739753e+01,2.302171027292416461e-01,2.512250244964779888e+00,5.191005526899289180e+00,5.119650349081543705e-01,-2.520383598224331223e+00,9.756032969814254940e+00,4.976425783139548642e-01,2.409455374480727841e+01,-3.034890277913565582e-05,8.018909205145607757e+02,2.593397977771715901e+01,0.000000000000000000e+00,0.000000000000000000e+00
6.504999999999837579e-01,1.074267814420007738e+01,2.327902897233636581e-01,2.499533886878449351e+00,5.186374537914701932e+00,5.139792349150504869e-01,-2.565192929341706840e+00,9.935394958918173813e+00,5.279722320652686651e-01,2.444393087515214802e+01,-6.360089029172188296e-05,8.018785704091202433e+02,2.390275041122901456e+01,2.420567506381754441e+00,0.000000000000000000e+00
6.554999999999832072e-01,1.076874962567421967e+01,2.353148213857191307e-01,2.486748915391744585e+00,5.231327826723086716e+00,5.027876074435272402e-01,-2.552948457780242819e+00,3.104904218607277144e+01,1.752665525331170704e+00,7.649562052250880129e+01,-8.391945997361996423e-05,8.013168920580914119e+02,8.235847599738804092e+01,0.000000000000000000e+00,0.000000000000000000e+00
6.604999999999826565e-01,1.079484670307111216e+01,2.378934369753835931e-01,2.473977041852780889e+00,5.183751976355089219e+00,5.512670814514361028e-01,-2.540521547152438053e+00,7.056480388223496902e+01,3.674451485701028641e+00,1.741011941085379817e+02,-5.668512709447806608e-05,8.010773388660079490e+02,1.874047014149261940e+02,0.000000000000000000e+00,0.000000000000000000e+00
6.654999999999821059e-01,1.082109971312946328e+01,2.404315213906257909e-01,2.461146462188505080e+00,5.282519713809517015e+00,4.902111975534254595e-01,-2.574509329623216658e+00,1.101659511891554288e+01,7.532694668051092002e-01,2.718053988363950424e+01,-4.239857312747551468e-05,8.006049953903896039e+02,2.925556410162964838e+01,0.000000000000000000e+00,0.000000000000000000e+00
6.704999999999815552e-01,1.084738416291184215e+01,2.430077681333196182e-01,2.448285558799276007e+00,5.231739952706037755e+00,5.440001499834528076e-01,-2.561017621583434156e+00,1.438388295584601906e+02,7.250161361132441584e+00,3.560898087748881267e+02,-5.953411055254864519e-05,8.004165036617895339e+02,3.831042640114720257e+02,0.000000000000000000e+00,0.000000000000000000e+00
6.754999999999810045e-01,1.087375859504630604e+01,2.455774277908351622e-01,2.435399046072298734e+00,5.267142359450773803e+00,5.189198931458502972e-01,-2.587935946240940588e+00,3.823042409140442466e+00,1.550430045407509838e-01,9.427276906641436582e+00,-3.689849366794771893e-05,8.000676385441398679e+02,1.014832482230875144e+01,0.000000000000000000e+00,0.000000000000000000e+00
6.804999999999804539e-01,1.090027235897034963e+01,2.481308578858108793e-01,2.422503897333950551e+00,5.321177479833020030e+00,5.009848244941208506e-01,-2.585026353708627767e+00,0.000000000000000000e+00,0.000000000000000000e+00,0.000000000000000000e+00,0.000000000000000000e+00,7.995242595814379456e+02,0.000000000000000000e+00,0.000000000000000000e+00,0.000000000000000000e+00
6.854999999999799032e-01,1.092678404161629757e+01,2.507242640023239488e-01,2.409495800779155150e+00,5.302846565144558433e+00,5.258671533131420439e-01,-2.622249094556519111e+00,1.101063951665875074e+01,5.521838630917987878e-01,2.726783633143068997e+01,-7.758446258194964112e-06,7.995060794160029900e+02,2.933324365897160746e+01,0.000000000000000000e+00,0.000000000000000000e+00
6.904999999999793525e-01,1.095341632458127812e+01,2.533350685057346174e-01,2.396576943861389974e+00,5.323521903989528958e+00,5.378697270557001309e-01,-2.557650901977547964e+00,9.649268128840212455e+00,5.321076487599687432e-01,2.390181375664621655e+01,-2.821555271225947847e-05,7.986530250783207521e+02,1.008172745465391174e+01,0.000000000000000000e+00,1.562942453155969957e+01
6.954999999999788018e-01,1.098018578837697135e+01,2.559129467311145878e-01,2.383587266578414354e+00,5.362124757985541557e+00,5.105233774660388191e-01,-2.622913025866881576e+00,0.000000000000000000e+00,0.000000000000000000e+00,0.000000000000000000e+00,0.000000000000000000e+00,7.986184685028759986e+02,0.000000000000000000e+00,0.000000000000000000e+00,0.000000000000000000e+00
7.004999999999782512e-01,1.100697904238421287e+01,2.584741512146091491e-01,2.370351042009903875e+00,5.349232575730011874e+00,5.154559855177863747e-01,-2.664137128189259851e+00,1.499581483799664028e+01,8.648346609949868480e-01,3.720720331473598463e+01,-5.146625053950170010e-05,7.985885778148780219e+02,2.719777825603815202e+01,6.206508666615885517e+00,6.609208192328843268e+00
7.054999999999777005e-01,1.103386448138823361e+01,2.610635738912149839e-01,2.357212915495381367e+00,5.383041989436854635e+00,5.271043137665770706e-01,-2.597170856144160656e+00,2.226434606075138234e+01,1.177794822257248741e+00,5.536081331466901645e+01,-2.991499604973165208e-05,7.976510374031527135e+02,3.627657220044575581e+01,2.323842870503814595e+01,0.000000000000000000e+00
7.104999999999771498e-01,1.106080323149067191e+01,2.636963631533996710e-01,2.344083972678621564e+00,5.395887554459801727e+00,5.197925100885609773e-01,-2.650894836519326336e+00,0.000000000000000000e+00,0.000000000000000000e+00,0.000000000000000000e+00,0.000000000000000000e+00,7.976095583185681335e+02,0.000000000000000000e+00,0.000000000000000000e+00,0.000000000000000000e+00
7.154999999999765992e-01,1.108784334106407421e+01,2.662724369482510345e-01,2.330780350078091256e+00,5.418621856407526138e+00,5.299755294577824793e-01,-2.621840101376188503e+00,3.066660607212173772e+01,1.659040789190121767e+00,7.658484246519870453e+01,-5.793894649717338911e-05,7.969576000070475175e+02,2.161263731570134183e+01,3.804622869984368805e+01,2.262560230071329670e+01
7.204999999999760485e-01,1.111497506589230078e+01,2.688927294258708911e-01,2.317542180870601598e+00,5.431027223260334047e+00,5.247226486780848242e-01,-2.669442697544340160e+00,1.643466034003137466e+01,8.403319732479841431e-01,4.094043400622850015e+01,-3.471965416721768671e-05,7.968914085081939902e+02,3.751683968019315074e+01,6.482299183483542393e+00,0.000000000000000000e+00
7.254999999999754978e-01,1.114222931869470656e+01,2.714952489180744166e-01,2.304319387622183690e+00,5.458082949980881615e+00,5.227194618062395159e-01,-2.637913214105118254e+00,5.766970933992129567e+00,2.237238157887760370e-01,1.437866938708689979e+01,-1.722156323280110007e-05,7.962025037116914064e+02,9.338009454708119605e+00,5.076623151340825757e+00,1.036615609306955177e+00
7.304999999999749472e-01,1.116952235145489425e+01,2.741215788298065337e-01,2.290998601407375102e+00,5.462004566305653341e+00,5.235835104588671962e-01,-2.687076207964282482e+00,8.923016328799027619e+00,4.707028979660762280e-01,2.226700769214394882e+01,-1.043025845652058303e-05,7.961795790892441573e+02,1.581917235935507549e+01,8.105686042749248088e+00,0.000000000000000000e+00
7.354999999999743965e-01,1.119684291418929512e+01,2.767531889762517294e-01,2.277560803482093110e+00,5.517176424141822189e+00,5.129769656044483872e-01,-2.655592229550336025e+00,1.231988048207325193e+02,6.290413769444697323e+00,3.066114130569080203e+02,-1.058630461520633850e-04,7.954204157649155604e+02,3.295311785645640157e+02,0.000000000000000000e+00,0.000000000000000000e+00
7.404999999999738458e-01,1.122439365539717393e+01,2.793643707783037833e-01,2.264253543378100808e+00,5.483961484269484821e+00,5.359345113167872654e-01,-2.667950380935190768e+00,0.000000000000000000e+00,0.000000000000000000e+00,0.000000000000000000e+00,0.000000000000000000e+00,7.952219962086667238e+02,0.000000000000000000e+00,0.000000000000000000e+00,0.000000000000000000e+00
7.454999999999732951e-01,1.125187838006444352e+01,2.820076188590637800e-01,2.250750996833729367e+00,5.518538010995452048e+00,5.175259495016962807e-01,-2.732466164475691350e+00,0.000000000000000000e+00,0.000000000000000000e+00,0.000000000000000000e+00,0.000000000000000000e+00,7.951796388650348035e+02,0.000000000000000000e+00,0.000000000000000000e+00,0.000000000000000000e+00
7.504999999999727445e-01,1.127950047103723286e+01,2.846366864533262375e-01,2.237244283744138418e+00,5.541698221380996436e+00,5.267332326219860139e-01,-2.677492014825652689e+00,1.447234444518429264e+01,7.337684563206343658e-01,3.620996550180824869e+01,-6.199321167950594229e-05,7.943116353185421303e+02,2.115874191343529276e+01,0.000000000000000000e+00,1.772979986539094099e+01
7.554999999999721938e-01,1.130724754883547867e+01,2.872603208177878509e-01,2.223710412635836242e+00,5.547096455314952657e+00,5.282304867337951348e-01,-2.726755312558245326e+00,6.491172315565846063e+00,3.651547887019487848e-01,1.627773776328930566e+01,-3.994445972671728864e-05,7.942744154255170770e+02,1.747563210650420018e+01,0.000000000000000000e+00,0.000000000000000000e+00
7.604999999999716431e-01,1.133501820493994749e+01,2.899073487861497656e-01,2.210149056296042414e+00,5.577497017260946599e+00,5.334842870160239059e-01,-2.692058115343040292e+00,0.000000000000000000e+00,0.000000000000000000e+00,0.000000000000000000e+00,0.000000000000000000e+00,7.935125879963834450e+02,0.000000000000000000e+00,0.000000000000000000e+00,0.000000000000000000e+00
7.654999999999710925e-01,1.136290079900649275e+01,2.925544371772825780e-01,2.196560733354898431e+00,5.574958323033290419e+00,5.285944701610205687e-01,-2.738119135550839189e+00,3.645178998325739883e+00,1.517781738077527143e-01,9.169677201531650113e+00,-4.552826601230720860e-06,7.934775811620582999e+02,4.246033370427579889e+00,0.000000000000000000e+00,5.594977708691483365e+00
7.704999999999705418e-01,1.139083898459882960e+01,2.952020214836979517e-01,2.182877756618511356e+00,5.609128533299492680e+00,5.398289954271227042e-01,-2.706412640633952371e+00,1.692890440795252971e+01,6.576042205664285323e-01,4.245549378297846488e+01,-2.141065264885501709e-05,7.927213233693735219e+02,4.557853395703381949e+01,0.000000000000000000e+00,0.000000000000000000e+00
7.754999999999699911e-01,1.141889349783061114e+01,2.978597737438803406e-01,2.169210794791702757e+00,5.606995865260934409e+00,5.298375678653308718e-01,-2.752664944617534193e+00,0.000000000000000000e+00,0.000000000000000000e+00,0.000000000000000000e+00,0.000000000000000000e+00,7.926889585273977445e+02,0.000000000000000000e+00,0.000000000000000000e+00,0.000000000000000000e+00
7.804999999999694404e-01,1.144702472245333169e+01,3.005015663266813464e-01,2.155494515323956417e+00,5.647739425225916321e+00,5.300441344000759170e-01,-2.721507884026910240e+00,9.072075162073648613e+00,3.913372140031950441e-01,2.280404964441956039e+01,-2.667934399995909936e-05,7.918928660059434606e+02,2.447277083325575830e+01,0.000000000000000000e+00,0.000000000000000000e+00
7.854999999999688898e-01,1.147522287258236240e+01,3.031672812618057544e-01,2.141776329385548294e+00,5.649159640671355120e+00,5.281983556125811052e-01,-2.769630988551113671e+00,1.128568696490223999e+01,4.795728722593450288e-01,2.838946651926644194e+01,-3.049341014369714303e-05,7.918623365783807913e+02,1.258033720591518723e+01,0.000000000000000000e+00,1.788248461291922808e+01
7.904999999999683391e-01,1.150344641817813773e+01,3.058436389418182078e-01,2.127889765400901911e+00,5.661061277407045012e+00,5.458960405540196348e-01,-2.724832207426131969e+00,5.366855710207587435e+02,2.305134700938536341e+01,1.349234214246331248e+03,-8.388547317948530022e-05,7.913858610942486393e+02,1.447887263339827314e+03,0.000000000000000000e+00,0.000000000000000000e+00
7.954999999999677884e-01,1.153193386824335498e+01,3.084716893677919569e-01,2.114137287746052696e+00,5.667072714595872363e+00,5.436497793663930267e-01,-2.756064309364179898e+00,0.000000000000000000e+00,0.000000000000000000e+00,0.000000000000000000e+00,0.000000000000000000e+00,7.908872030784880280e+02,0.000000000000000000e+00,0.000000000000000000e+00,0.000000000000000000e+00
8.004999999999672378e-01,1.156027639821048325e+01,3.111673327613057594e-01,2.100225725841426083e+00,5.681387729772077400e+00,5.281007294204383973e-01,-2.809308602544460243e+00,1.553966608388005355e+01,6.560177690039739051e-01,3.908989851848502894e+01,-4.529181348900731402e-05,7.908787336409470754e+02,4.194356325174367583e+01,0.000000000000000000e+00,0.000000000000000000e+00
8.054999999999666871e-01,1.158881145210511399e+01,3.138272970607546841e-01,2.086306742862579000e+00,5.741348998189496733e+00,5.216118504597138106e-01,-2.757093125944062528e+00,4.498141662732572854e+01,1.886262327185980858e+00,1.133643348244829099e+02,-8.027085259723772646e-05,7.898244488434398818e+02,1.216079166777367959e+02,0.000000000000000000e+00,0.000000000000000000e+00
8.104999999999661364e-01,1.161752405477587402e+01,3.164652652104696373e-01,2.072390075360917905e+00,5.718487105303848850e+00,5.393186722791416532e-01,-2.792792227968595942e+00,5.607859868332117692e+00,1.636323162225900574e-01,1.414215561783532138e+01,-1.385189895098835541e-05,7.897612503894465590e+02,9.630837906259891668e+00,5.538292788207558104e+00,0.000000000000000000e+00
8.154999999999655858e-01,1.164610519484012130e+01,3.191787021508819544e-01,2.058303528935841342e+00,5.713031697272989540e+00,5.431454277787212126e-01,-2.836947893976809798e+00,4.823734143315933309e+00,1.963762551054780148e-01,1.216177668156062808e+01,-4.054973290645641146e-05,7.897512642506526390e+02,1.304483677046924583e+01,0.000000000000000000e+00,0.000000000000000000e+00
8.204999999999650351e-01,1.167491442826294090e+01,3.218452597735906862e-01,2.044338037089401094e+00,5.760785380752963647e+00,5.401868323735080635e-01,-2.798092361186319987e+00,4.503868159161637408e+00,1.807711700407464983e-01,1.137342883351615797e+01,-2.610108138941793707e-05,7.888172202136124724e+02,9.862461743448342588e+00,0.000000000000000000e+00,2.334014614343614902e+00
8.254999999999644844e-01,1.170376356518996097e+01,3.245235626876402102e-01,2.030195974907973433e+00,5.760626842467511111e+00,5.390401016992890648e-01,-2.845210920449142478e+00,1.303609101246061286e+01,4.433176476896415474e-01,3.292626653186700025e+01,-8.689563629732822286e-06,7.887811037606086302e+02,3.530837885212866212e+01,0.000000000000000000e+00,0.000000000000000000e+00
8.304999999999639337e-01,1.173268027849598028e+01,3.272158266941490590e-01,2.016087478715923087e+00,5.789856027674227690e+00,5.393041579856596712e-01,-2.826626641379153870e+00,6.200475842508658353e+00,2.231991370646751460e-01,1.575811294420781472e+01,-2.692574138799582600e-05,7.880877476230980392e+02,8.359242052632939846e+00,0.000000000000000000e+00,8.524133060689022656e+00
8.354999999999633831e-01,1.176173336342959708e+01,3.298933488059039854e-01,2.001925773224895622e+00,5.835506371619147536e+00,5.352134306006445241e-01,-2.814995322106260023e+00,5.980980904508110818e+00,2.137176386395410188e-01,1.513804950165587293e+01,-3.603211010753991708e-05,7.874025804530008372e+02,1.622791425679411503e+01,0.000000000000000000e+00,0.000000000000000000e+00
8.404999999999628324e-01,1.179083220192037373e+01,3.325876529780927848e-01,1.987759118342401043e+00,5.812615339781375567e+00,5.407519472868529409e-01,-2.850964582441691597e+00,5.338332923047638623e+00,1.702122476758102243e-01,1.351772388884897502e+01,-1.421201282790626394e-05,7.873796851511706336e+02,1.283267608324319120e+01,1.657429986784745068e+00,0.000000000000000000e+00
8.454999999999622817e-01,1.182000552286555184e+01,3.352722950543312597e-01,1.973492480480060873e+00,5.886538334995275790e+00,5.353952132323460678e-01,-2.852182657255228015e+00,1.524297757387177299e+01,4.839556606683028672e-01,4.060059011478467994e+01,-1.623045602693268599e-05,7.866628308971251045e+02,1.627063447375828531e+01,0.000000000000000000e+00,2.697084002246789680e+01
8.504999999999617311e-01,1.184923486900022027e+01,3.379794705002651112e-01,1.959212561246222561e+00,5.855890468056792031e+00,5.488293444754387407e-01,-2.880001607905977146e+00,1.730922127124330956e+01,4.923425070697470263e-01,4.381610858014394694e+01,-3.566636116384596170e-05,7.865962347691752257e+02,4.696937337579969807e+01,0.000000000000000000e+00,0.000000000000000000e+00
8.554999999999611804e-01,1.187861624445089603e+01,3.406624443537882851e-01,1.944909703547025748e+00,5.916729455458099807e+00,5.287159614636387506e-01,-2.879500001839963463e+00,5.234559878705259628e+00,1.219443931338650700e-01,1.324898187168514063e+01,-5.556617876185856314e-06,7.858998697397314572e+02,1.420271545893911735e+01,0.000000000000000000e+00,0.000000000000000000e+00
8.604999999999606297e-01,1.190802345735514578e+01,3.433642607306941485e-01,1.930518295530679662e+00,5.907693548130832362e+00,5.333494470139081844e-01,-2.862398811746948990e+00,6.438300873383311682e+02,1.820044045039610836e+01,1.633649657956355441e+03,-3.202677909300332207e-05,7.858048985678808549e+02,1.665988207879204538e+03,8.463032563695745125e+01,0.000000000000000000e+00
8.654999999999600790e-01,1.193756658739814114e+01,3.460782515676451565e-01,1.916266679345580926e+00,5.921551904894162277e+00,5.391284930597814995e-01,-2.877157891351027619e+00,0.000000000000000000e+00,0.000000000000000000e+00,0.000000000000000000e+00,0.000000000000000000e+00,7.850132507568993105e+02,0.000000000000000000e+00,0.000000000000000000e+00,0.000000000000000000e+00
8.704999999999595284e-01,1.196712293271758476e+01,3.487781512128667605e-01,1.901776102241130584e+00,5.904915579524795177e+00,5.387334715171439026e-01,-2.916246635540165943e+00,5.824061112180142885e+00,1.157354190225951818e-01,1.475777470896073673e+01,-2.192386183445024089e-05,7.849867250659362981e+02,8.169409856426149474e+00,3.800439728459032551e+00,3.847405958586427310e+00
8.754999999999589777e-01,1.199680067145090945e+01,3.514747824627551531e-01,1.887293887943690240e+00,5.948652800801395024e+00,5.375111879637231027e-01,-2.874801341414883193e+00,1.250720124869524597e+01,2.944801056936870998e-01,3.173830374083523509e+01,-5.599922997465514064e-05,7.839974221080440202e+02,1.755787214797022244e+01,5.419857269433734359e+00,1.103195731375168265e+01
8.804999999999584270e-01,1.202654123195948266e+01,3.541851832672482381e-01,1.872791395529650682e+00,5.954741210077437508e+00,5.418712029937090557e-01,-2.924970976878403572e+00,1.104749444946514814e+01,2.463009786323424877e-01,2.803816836735089879e+01,-1.308385290437266701e-05,7.839708762654424845e+02,2.093261688562309430e+01,0.000000000000000000e+00,9.110750019541182354e+00
8.854999999999578764e-01,1.205635958251097151e+01,3.568943328809976445e-01,1.858214974538267894e+00,5.990051226764935954e+00,5.396669824511256541e-01,-2.877332854932964423e+00,1.691207687900123702e+01,3.279377139840013999e-01,4.290212318184624252e+01,-7.599200802281547151e-06,7.829726757906760213e+02,4.597347085419700363e+01,0.000000000000000000e+00,0.000000000000000000e+00
8.904999999999573257e-01,1.208630293574038461e+01,3.596065992528464372e-01,1.843700632168640441e+00,5.986692646708137389e+00,5.446106671674371125e-01,-2.923194081939175071e+00,0.000000000000000000e+00,0.000000000000000000e+00,0.000000000000000000e+00,0.000000000000000000e+00,7.829417280863522137e+02,0.000000000000000000e+00,0.000000000000000000e+00,0.000000000000000000e+00
8.954999999999567750e-01,1.211624516189371548e+01,3.623209005065273214e-01,1.828950860836231929e+00,5.989820771858000548e+00,5.425337838479089569e-01,-2.971799619036185280e+00,4.243427152220567322e+00,8.201691083006550087e-02,1.078170624459507820e+01,-1.640721788449383406e-05,7.829095016232736270e+02,1.423581052170511119e-01,3.949791818782093067e+00,7.458522131279791800e+00
9.004999999999562244e-01,1.214636523422444192e+01,3.650275968934989512e-01,1.814411384931026383e+00,6.020928094209319958e+00,5.457424882476157313e-01,-2.922137289284141737e+00,0.000000000000000000e+00,0.000000000000000000e+00,0.000000000000000000e+00,0.000000000000000000e+00,7.818928581288275836e+02,0.000000000000000000e+00,0.000000000000000000e+00,0.000000000000000000e+00
9.054999999999556737e-01,1.217657580947256335e+01,3.677153088512694068e-01,1.799748706435243317e+00,6.067240283796295763e+00,5.474297766649077746e-01,-2.925430413171778987e+00,1.583271726191290263e+01,2.132760058456131813e-01,4.025115420029435853e+01,-3.909397298853308639e-05,7.812777993021691145e+02,4.200568325079333221e+01,1.113216588841219767e+00,0.000000000000000000e+00
9.104999999999551230e-01,1.220689358946392034e+01,3.704276641073757093e-01,1.785015505877165953e+00,6.051513704280516492e+00,5.516937572495171915e-01,-2.958724395217096514e+00,1.421020187732160522e+01,1.811026126585505436e-01,3.616754523746340055e+01,-6.008573146794381030e-05,7.811702238522610742e+02,3.873812574831922007e+01,0.000000000000000000e+00,0.000000000000000000e+00
9.154999999999545723e-01,1.223723755384324186e+01,3.731386540340921876e-01,1.770301704596092707e+00,6.053609748528878676e+00,5.548139119357514693e-01,-2.947176330149381851e+00,1.513346330241294169e+01,2.924800012603762100e-01,3.868967686187721711e+01,-4.873272494372040374e-05,7.806151163261870352e+02,4.141526104801565822e+01,0.000000000000000000e+00,0.000000000000000000e+00
9.204999999999540217e-01,1.226806406678073991e+01,3.757539508567004916e-01,1.755982968242647990e+00,6.201381428308194721e+00,5.018133652103999864e-01,-2.771775657081939404e+00,1.339616290422000944e+01,5.917125065765443948e-01,3.766648627582549125e+01,-4.987076549549406858e-05,7.777012320182313942e+02,3.985623126572534147e+01,0.000000000000000000e+00,0.000000000000000000e+00
9.254999999999534710e-01,1.229903542625059032e+01,3.783916687116164468e-01,1.742016910145332664e+00,6.171848144272312986e+00,5.423055311572630988e-01,-2.804268277229631678e+00,5.595517791258378892e+00,3.626501603304822796e-02,1.423214765149085359e+01,-1.200782415090905289e-05,7.776712464013151020e+02,0.000000000000000000e+00,1.524452508228671554e+01,0.000000000000000000e+00
9.304999999999529203e-01,1.233016605181133940e+01,3.810053965308493051e-01,1.727755698742277524e+00,6.243109984341740137e+00,5.142861834132103072e-01,-2.877737149953409457e+00,8.131518237503424729e+00,1.371165216634968320e-01,2.067972600709493491e+01,-1.167013816133341195e-04,7.775372000787137949e+02,1.150216412825879786e+01,1.064939498271275653e+01,0.000000000000000000e+00
9.354999999999523697e-01,1.236128417512129474e+01,3.836056690802198688e-01,1.713299932526137548e+00,6.199425161897882397e+00,5.011964684661590619e-01,-2.894823403213863777e+00,2.890570341004109878e+01,9.567978806352018806e-01,8.261455256752569198e+01,-2.509898459537871288e-04,7.773876855757371231e+02,8.207174683307168550e+01,5.187490683313535911e+00,0.000000000000000000e+00
9.404999999999518190e-01,1.239219093085421619e+01,3.860433944653477445e-01,1.698820986079546236e+00,6.277414553685052745e+00,4.706673433661560102e-01,-2.921741536144988771e+00,3.418413029146348094e+02,2.793428050984811151e+01,1.034367363497776523e+03,-5.122288477789672424e-04,7.770364190730513201e+02,2.200528507664777180e+02,4.725225819413544741e+02,3.941851799534699694e+02
9.454999999999512683e-01,1.242333913995639705e+01,3.885763037418134003e-01,1.685257877067934729e+00,6.230545775728159263e+00,5.457468120295095870e-01,-2.632375365607941831e+00,2.819291758457902688e+02,2.633603850339279973e+01,8.537706661740543268e+02,-5.668196253860353657e-04,7.721443951680014379e+02,3.045656740845332706e+02,3.455722431660145162e+02,2.468522423997231954e+02
9.504999999999507176e-01,1.245492723488718667e+01,3.912170214438735472e-01,1.672433455268760749e+00,6.360422089145608915e+00,5.284577858586958499e-01,-2.570983896989581297e+00,1.339896126872273285e+01,6.157734070777689389e-02,3.405609129429888071e+01,-2.222448816777910195e-04,7.704945645442599016e+02,2.377519793131597936e+01,1.270725705817748263e+01,0.000000000000000000e+00
9.554999999999501670e-01,1.248663980775393689e+01,3.939695037987975823e-01,1.659504296297396486e+00,6.412719920783354510e+00,5.201333982381460830e-01,-2.627620392372254532e+00,2.757246307764477322e+01,3.988762209923974122e+00,9.767525906686233839e+01,-4.389318435572377771e-04,7.702273584850265706e+02,5.165876981854764693e+01,1.722863670670237468e+01,3.248337849598566152e+01
9.604999999999496163e-01,1.251899972506534553e+01,3.964195153523916715e-01,1.646210491831778810e+00,6.483749372907768205e+00,4.979943498978315897e-01,-2.668488208892578761e+00,2.123892961259467427e+01,-1.672418945249327382e-01,5.397952326112689292e+01,-1.320363632257828736e-04,7.697944014543420508e+02,0.000000000000000000e+00,5.782488560577431969e+01,0.000000000000000000e+00
9.654999999999490656e-01,1.255146942972096191e+01,3.990514849972213174e-01,1.632791264496215478e+00,6.490764599304858606e+00,5.263849047549429283e-01,-2.676900548300940930e+00,5.613643419829014647e+01,1.126460654264468886e+01,1.943716422787725833e+02,-2.634422503918227437e-04,7.694630176028771302e+02,2.020322441759788319e+02,0.000000000000000000e+00,0.000000000000000000e+00
9.704999999999485150e-01,1.258315283165392273e+01,4.016419321266472275e-01,1.620359969561926627e+00,6.325817311934018861e+00,5.172080286535504223e-01,-2.303555933919316345e+00,4.323008296782293769e+02,1.063799098172431883e+02,1.502209282501957887e+03,-3.659220209971468084e-04,7.660977871743489231e+02,6.293850775580984873e+02,3.154485108001604772e+02,6.178035522604438938e+02
9.754999999999479643e-01,1.261512409952070080e+01,4.042341508294655661e-01,1.609007696288899503e+00,6.496867172963227688e+00,5.155823889572098695e-01,-2.309658945750869385e+00,5.734463362298843947e+01,1.196935223214370758e+01,2.120993828095313063e+02,-5.236616753796108793e-04,7.649565022570948258e+02,5.757369887043351397e+00,6.488269816728711703e+01,1.494826648200983641e+02
9.804999999999474136e-01,1.264777249813982252e+01,4.069618050016652333e-01,1.597359746472354569e+00,6.584717737902444412e+00,5.593572236396876507e-01,-2.353998089825581008e+00,2.495926426099205742e+01,1.043665777557682617e+01,1.159353169371296985e+02,-8.837133552538510226e-05,7.644370129187536804e+02,0.000000000000000000e+00,0.000000000000000000e+00,1.186721412797930384e+02
9.854999999999468629e-01,1.268108750834289467e+01,4.098344510386843775e-01,1.585407794523225000e+00,6.694091597239007818e+00,5.629283200814663157e-01,-2.406409483321174658e+00,3.527216041577349870e+01,9.979486349616831120e+00,1.334748413892325800e+02,-5.746161758291761044e-04,7.641319204928935278e+02,0.000000000000000000e+00,5.087935059954254768e+01,8.738758040722720466e+01
9.904999999999463123e-01,1.271385362557975007e+01,4.125808222483334231e-01,1.573616439070721240e+00,6.451241173557774822e+00,4.999554969239067836e-01,-2.302431117419111661e+00,8.753623341447149642e+01,3.053254303208179365e+01,3.831659839659737372e+02,-5.168917602926315948e-04,7.633535285543331383e+02,2.579458181921847881e+02,0.000000000000000000e+00,1.350758056763334309e+02
9.954999999999457616e-01,1.274612981686624202e+01,4.151580362680061254e-01,1.562188791017149470e+00,6.565637589841848865e+00,5.396321809194034591e-01,-2.323583454012480676e+00,3.503842600227869752e+01,1.394543775455802503e+01,1.560666172678006376e+02,-2.276711198000600997e-04,7.626252124356901732e+02,9.831224283443246748e+01,3.114506870319449661e+01,3.098715892150644891e+01
1.000499999999945322e+00,1.277902511364528060e+01,4.178506353804068985e-01,1.550567849718465618e+00,6.462630175017968881e+00,5.567617444918070424e-01,-2.279926377977568475e+00,5.185529004195579716e+01,1.473388224541813862e+01,1.865302887741461291e+02,-1.050226136741939844e-03,7.617424445520371137e+02,1.375244686598009025e+02,5.627097655562315737e+01,0.000000000000000000e+00
1.005499999999944771e+00,1.281157661836465245e+01,4.205580619735364012e-01,1.539215804022476597e+00,6.433774106735655529e+00,5.470665397522181950e-01,-2.220554388940905177e+00,4.635514671865180958e+01,2.568900422636765768e+01,2.061870994514628137e+02,-8.592218129853173778e-05,7.607189627679412069e+02,2.122174766300852866e+02,0.000000000000000000e+00,0.000000000000000000e+00
1.010499999999944221e+00,1.284407938342563149e+01,4.233447153169755950e-01,1.528041610428809038e+00,6.491520749091381326e+00,5.285901507473962369e-01,-2.217149989352117156e+00,1.495371073689112151e+01,2.728363756700927567e+00,4.508745842395270387e+01,-5.216850981830806200e-04,7.531044995769892694e+02,1.376887444584708753e+01,3.365792244428099167e+01,0.000000000000000000e+00
1.015499999999943670e+00,1.287632781581124242e+01,4.262589414137295529e-01,1.517016461101701852e+00,6.552917244471956337e+00,5.631149467617809767e-01,-2.206454309142550141e+00,6.728203622937006401e+01,4.346290149572389794e+01,2.987019642357511202e+02,-5.387830060213909950e-04,7.520301088855356966e+02,3.082729168827401054e+02,0.000000000000000000e+00,0.000000000000000000e+00
1.020499999999943119e+00,1.290948824980099552e+01,4.292621455536504982e-01,1.505953829306361902e+00,6.470065074376893044e+00,6.149403104320313451e-01,-2.149948456249760387e+00,7.353782179820801446e+01,4.422083762295149256e+01,3.159559018176664154e+02,-9.449076230710542080e-04,7.510765520894940437e+02,2.873711169612593608e+02,3.951092646286450361e+01,0.000000000000000000e+00
1.025499999999942569e+00,1.294212412983089067e+01,4.322826965634467555e-01,1.495263142837846448e+00,6.668677160483564847e+00,6.330094366831724439e-01,-2.172499735182003011e+00,1.457271510245021418e+01,4.213046886970016613e-01,4.017816368172357500e+01,-1.273635338521102167e-04,7.500821887252394617e+02,0.000000000000000000e+00,4.250452876600602536e+01,0.000000000000000000e+00
1.030499999999942018e+00,1.297507371111661278e+01,4.354176671064220461e-01,1.484499311943865418e+00,6.588975145417123258e+00,6.316223048450305688e-01,-2.150516381701254254e+00,0.000000000000000000e+00,0.000000000000000000e+00,0.000000000000000000e+00,0.000000000000000000e+00,7.481731050721685961e+02,0.000000000000000000e+00,0.000000000000000000e+00,0.000000000000000000e+00
1.035499999999941467e+00,1.300751174675766642e+01,4.386635501906571144e-01,1.473809748284559129e+00,6.432366735554262860e+00,6.495117095126037299e-01,-2.129464522289175932e+00,0.000000000000000000e+00,0.000000000000000000e+00,0.000000000000000000e+00,0.000000000000000000e+00,7.478378943282550608e+02,0.000000000000000000e+00,0.000000000000000000e+00,0.000000000000000000e+00
1.040499999999940917e+00,1.303986320641432961e+01,4.418776454233763196e-01,1.463039545047030821e+00,6.533003864428390095e+00,6.133179776180994747e-01,-2.175784904782456675e+00,4.652696747040597103e+01,2.212850504557530229e+01,1.697703815325459971e+02,-2.762461644637355558e-04,7.476166174904114996e+02,1.700257036422144452e+01,5.803402106703147467e+01,1.024798444105811797e+02
1.045499999999940366e+00,1.307261732338985638e+01,4.450331453030428319e-01,1.452047866171001900e+00,6.568769386748276595e+00,6.452926943893836365e-01,-2.219907067175057147e+00,1.839906375437247377e+01,1.082510851884988767e+01,7.165325724233460392e+01,-1.160158339175586164e-04,7.473525338888052829e+02,0.000000000000000000e+00,2.145817956901634460e+01,5.343529703820176735e+01
1.050499999999939815e+00,1.310547689364229917e+01,4.482613599262751380e-01,1.440856760468593123e+00,6.539240213143416192e+00,6.715626654021924491e-01,-2.248830398339310310e+00,0.000000000000000000e+00,0.000000000000000000e+00,0.000000000000000000e+00,0.000000000000000000e+00,7.471432179941652976e+02,0.000000000000000000e+00,0.000000000000000000e+00,0.000000000000000000e+00
1.055499999999939265e+00,1.313834706965241139e+01,4.515836694757451864e-01,1.429447624929256921e+00,6.618830999062701004e+00,6.456196613552670494e-01,-2.311203114378278745e+00,1.839661715730893832e+01,9.291435431832038461e+00,6.387320549651047230e+01,-1.910094201428283109e-04,7.470559261254131798e+02,0.000000000000000000e+00,2.321660076852456456e+01,4.390436977946527008e+01
1.060499999999938714e+00,1.317113171785641690e+01,4.548753857561997349e-01,1.417867351636418638e+00,6.553157773268258879e+00,6.566949056509990834e-01,-2.332945775176119341e+00,1.072067914726859605e+01,8.260269396820831389e+00,4.340736788160437243e+01,-1.041512488040782780e-04,7.469247254137890195e+02,3.324466031213329131e+01,0.000000000000000000e+00,1.207944683741867387e+01
1.065499999999938163e+00,1.320413109506918126e+01,4.581285934853097097e-01,1.406013643432096893e+00,6.605194151000199909e+00,6.552474048175548349e-01,-2.394287910533229091e+00,0.000000000000000000e+00,0.000000000000000000e+00,0.000000000000000000e+00,0.000000000000000000e+00,7.468686643553694466e+02,0.000000000000000000e+00,0.000000000000000000e+00,0.000000000000000000e+00
1.070499999999937613e+00,1.323715489205216755e+01,4.614194626145357025e-01,1.393901487412126938e+00,6.604329844416191975e+00,6.591992298367431724e-01,-2.445468904409357158e+00,0.000000000000000000e+00,0.000000000000000000e+00,0.000000000000000000e+00,0.000000000000000000e+00,7.468571229595861496e+02,0.000000000000000000e+00,0.000000000000000000e+00,0.000000000000000000e+00
1.075499999999937062e+00,1.327017369428975435e+01,4.647052858078768445e-01,1.381535570154456050e+00,6.603269959953431467e+00,6.547013111397729235e-01,-2.495767569736156766e+00,0.000000000000000000e+00,0.000000000000000000e+00,0.000000000000000000e+00,0.000000000000000000e+00,7.468489442670365861e+02,0.000000000000000000e+00,0.000000000000000000e+00,0.000000000000000000e+00
1.080499999999936511e+00,1.330309089235111308e+01,4.679465224578427951e-01,1.368961443962738223e+00,6.580510212522426627e+00,6.497400833554157762e-01,-2.537227031197496263e+00,0.000000000000000000e+00,0.000000000000000000e+00,0.000000000000000000e+00,0.000000000000000000e+00,7.468178383879205740e+02,0.000000000000000000e+00,0.000000000000000000e+00,0.000000000000000000e+00
1.085499999999935961e+00,1.333599001008956186e+01,4.712054487912105682e-01,1.356128095880509310e+00,6.579208371324236637e+00,6.529697060755822458e-01,-2.590810717269591557e+00,0.000000000000000000e+00,0.000000000000000000e+00,0.000000000000000000e+00,0.000000000000000000e+00,7.468137641095613617e+02,0.000000000000000000e+00,0.000000000000000000e+00,0.000000000000000000e+00
1.090499999999935410e+00,1.336888216562941167e+01,4.744702297732161789e-01,1.343027943694565129e+00,6.577806253808519799e+00,6.524173747548689395e-01,-2.643761132260531888e+00,0.000000000000000000e+00,0.000000000000000000e+00,0.000000000000000000e+00,0.000000000000000000e+00,7.468108973697228521e+02,0.000000000000000000e+00,0.000000000000000000e+00,0.000000000000000000e+00
1.095499999999934859e+00,1.340176760940008549e+01,4.777259109283759630e-01,1.329665843410118731e+00,6.576526552409161397e+00,6.500895709257006327e-01,-2.695769785880592018e+00,0.000000000000000000e+00,0.000000000000000000e+00,0.000000000000000000e+00,0.000000000000000000e+00,7.468080431689688794e+02,0.000000000000000000e+00,0.000000000000000000e+00,0.000000000000000000e+00
1.100499999999934309e+00,1.343464722753558860e+01,4.809721372278222828e-01,1.316045267115492079e+00,6.575474503161350626e+00,6.488014137453218533e-01,-2.747222717226001087e+00,0.000000000000000000e+00,0.000000000000000000e+00,0.000000000000000000e+00,0.000000000000000000e+00,7.468042901128632138e+02,0.000000000000000000e+00,0.000000000000000000e+00,0.000000000000000000e+00
1.105499999999933758e+00,1.346752250593604039e+01,4.842159198869089298e-01,1.302169341472234843e+00,6.574772209567216308e+00,6.488459767178561544e-01,-2.797917172622228499e+00,0.000000000000000000e+00,0.000000000000000000e+00,0.000000000000000000e+00,0.000000000000000000e+00,7.467993958393567482e+02,0.000000000000000000e+00,0.000000000000000000e+00,0.000000000000000000e+00
1.110499999999933207e+00,1.350039539418512646e+01,4.874611675429890711e-01,1.288042961423792931e+00,6.574481487380317901e+00,6.491980099494992773e-01,-2.847471639748388572e+00,0.000000000000000000e+00,0.000000000000000000e+00,0.000000000000000000e+00,0.000000000000000000e+00,7.467937844311782101e+02,0.000000000000000000e+00,0.000000000000000000e+00,0.000000000000000000e+00
1.115499999999932657e+00,1.353326796911147767e+01,4.907076644565820933e-01,1.273672256335309338e+00,6.574601937456332479e+00,6.493599074470621790e-01,-2.895784392009364439e+00,0.000000000000000000e+00,0.000000000000000000e+00,0.000000000000000000e+00,0.000000000000000000e+00,7.467881566752031404e+02,0.000000000000000000e+00,0.000000000000000000e+00,0.000000000000000000e+00
1.120499999999932106e+00,1.356614218486835099e+01,4.939549177092849019e-01,1.259062962449577050e+00,6.575090598669302899e+00,6.495572210401077129e-01,-2.943060735689615903e+00,0.000000000000000000e+00,0.000000000000000000e+00,0.000000000000000000e+00,0.000000000000000000e+00,7.467831551296847010e+02,0.000000000000000000e+00,0.000000000000000000e+00,0.000000000000000000e+00
1.125499999999931555e+00,1.359901966953403551e+01,4.972039231001343373e-01,1.244219367330491322e+00,6.575863980778358098e+00,6.500490919770677278e-01,-2.989632073483591945e+00,0.000000000000000000e+00,0.000000000000000000e+00,0.000000000000000000e+00,0.000000000000000000e+00,7.467790963544750866e+02,0.000000000000000000e+00,0.000000000000000000e+00,0.000000000000000000e+00
1.130499999999931005e+00,1.363190153269637861e+01,5.004561360219227373e-01,1.229144065768116079e+00,6.576803832262064553e+00,6.507867845952015617e-01,-3.035834475572595448e+00,0.000000000000000000e+00,0.000000000000000000e+00,0.000000000000000000e+00,0.000000000000000000e+00,7.467758804922569880e+02,0.000000000000000000e+00,0.000000000000000000e+00,0.000000000000000000e+00
1.135499999999930454e+00,1.366478824015339377e+01,5.037122440412751256e-01,1.213837999910023724e+00,6.577776316040345961e+00,6.515708091362064636e-01,-3.081996204193208300e+00,0.000000000000000000e+00,0.000000000000000000e+00,0.000000000000000000e+00,0.000000000000000000e+00,7.467730820200358721e+02,0.000000000000000000e+00,0.000000000000000000e+00,0.000000000000000000e+00
1.140499999999929903e+00,1.369767959967254178e+01,5.069720532967745275e-01,1.198300471309337034e+00,6.578654723783278868e+00,6.522627673652140468e-01,-3.128443537084691251e+00,0.000000000000000000e+00,0.000000000000000000e+00,0.000000000000000000e+00,0.000000000000000000e+00,7.467701742024332816e+02,0.000000000000000000e+00,0.000000000000000000e+00,0.000000000000000000e+00
1.145499999999929353e+00,1.373057484446306731e+01,5.102349473316722950e-01,1.182529224377254051e+00,6.579335522628838362e+00,6.528147409771666299e-01,-3.175468386859564784e+00,0.000000000000000000e+00,0.000000000000000000e+00,0.000000000000000000e+00,0.000000000000000000e+00,7.467667804795747770e+02,0.000000000000000000e+00,0.000000000000000000e+00,0.000000000000000000e+00
1.150499999999928802e+00,1.376347277363097987e+01,5.135001609114179244e-01,1.166520756512717805e+00,6.579746318485311107e+00,6.532022216373195578e-01,-3.223278720134059583e+00,0.000000000000000000e+00,0.000000000000000000e+00,0.000000000000000000e+00,0.000000000000000000e+00,7.467628322536040741e+02,0.000000000000000000e+00,0.000000000000000000e+00,0.000000000000000000e+00
1.155499999999928251e+00,1.379637191864248891e+01,5.167667826917635709e-01,1.150270832167333168e+00,6.579849368963041734e+00,6.533923369702027140e-01,-3.271968747853606807e+00,0.000000000000000000e+00,0.000000000000000000e+00,0.000000000000000000e+00,0.000000000000000000e+00,7.467585675482114311e+02,0.000000000000000000e+00,0.000000000000000000e+00,0.000000000000000000e+00
1.160499999999927701e+00,1.382927072121198542e+01,5.200337566701737080e-01,1.133775065793886538e+00,6.579642966323683062e+00,6.533639767838002044e-01,-3.321517306443328543e+00,0.000000000000000000e+00,0.000000000000000000e+00,0.000000000000000000e+00,0.000000000000000000e+00,7.467543877619448267e+02,0.000000000000000000e+00,0.000000000000000000e+00,0.000000000000000000e+00
1.165499999999927150e+00,1.386216771153672944e+01,5.233000117859452072e-01,1.117029462208706025e+00,6.579160257545410673e+00,6.531306419271272201e-01,-3.371802616805155584e+00,0.000000000000000000e+00,0.000000000000000000e+00,0.000000000000000000e+00,0.000000000000000000e+00,7.467506552711099630e+02,0.000000000000000000e+00,0.000000000000000000e+00,0.000000000000000000e+00
1.170499999999926599e+00,1.389506167120994462e+01,5.265646409364296288e-01,1.100030862244531837e+00,6.578464565501865202e+00,6.527391132637011539e-01,-3.422623953604229552e+00,0.000000000000000000e+00,0.000000000000000000e+00,0.000000000000000000e+00,0.000000000000000000e+00,7.467475312832572172e+02,0.000000000000000000e+00,0.000000000000000000e+00,0.000000000000000000e+00
1.175499999999926048e+00,1.392795176321926398e+01,5.298270274266294599e-01,1.082777264952181184e+00,6.577641353885659292e+00,6.522543559820220826e-01,-3.473728926971886732e+00,0.000000000000000000e+00,0.000000000000000000e+00,0.000000000000000000e+00,0.000000000000000000e+00,7.467449219824870852e+02,0.000000000000000000e+00,0.000000000000000000e+00,0.000000000000000000e+00
1.180499999999925498e+00,1.396076412869482297e+01,5.330963107550865665e-01,1.065293143757422012e+00,6.521903481344784481e+00,6.602933357895002242e-01,-3.506371882666913464e+00,1.194726735611960677e+01,2.494555577310836880e-01,3.077482791165838449e+01,-6.587306929804592065e-04,7.466936438589477802e+02,0.000000000000000000e+00,3.287022675687078532e+01,0.000000000000000000e+00
1.185499999999924947e+00,1.399301802387048532e+01,5.365021933245117669e-01,1.047742616449076181e+00,6.417214287193123035e+00,6.950058326623892446e-01,-3.519858323979872861e+00,0.000000000000000000e+00,0.000000000000000000e+00,0.000000000000000000e+00,0.000000000000000000e+00,7.466206848386234469e+02,0.000000000000000000e+00,0.000000000000000000e+00,0.000000000000000000e+00
1.190499999999924396e+00,1.402510627237584373e+01,5.399719190553989856e-01,1.030031134756693501e+00,6.418044148365673607e+00,6.924260753269545487e-01,-3.560701290033982058e+00,0.000000000000000000e+00,0.000000000000000000e+00,0.000000000000000000e+00,0.000000000000000000e+00,7.466086803811418804e+02,0.000000000000000000e+00,0.000000000000000000e+00,0.000000000000000000e+00
1.195499999999923846e+00,1.405720127017576182e+01,5.434413017063842721e-01,1.012111649228482735e+00,6.420013007934561422e+00,6.958087211912140635e-01,-3.602850126950527088e+00,0.000000000000000000e+00,0.000000000000000000e+00,0.000000000000000000e+00,0.000000000000000000e+00,7.466003354663238269e+02,0.000000000000000000e+00,0.000000000000000000e+00,0.000000000000000000e+00
1.200499999999923295e+00,1.408931034322449349e+01,5.469341692566834778e-01,9.939831082008540042e-01,6.423494370913392260e+00,7.007370190989976599e-01,-3.644298217235842685e+00,0.000000000000000000e+00,0.000000000000000000e+00,0.000000000000000000e+00,0.000000000000000000e+00,7.465914059824510787e+02,0.000000000000000000e+00,0.000000000000000000e+00,0.000000000000000000e+00
1.205499999999922744e+00,1.412144005234675603e+01,5.504489376131328493e-01,9.756488936086666897e-01,6.428069384705451306e+00,7.045960056548021821e-01,-3.685247225658232928e+00,0.000000000000000000e+00,0.000000000000000000e+00,0.000000000000000000e+00,0.000000000000000000e+00,7.465829446781608567e+02,0.000000000000000000e+00,0.000000000000000000e+00,0.000000000000000000e+00
1.210499999999922194e+00,1.415371572786194676e+01,5.539469903093345859e-01,9.570394447595168552e-01,6.512065420492932688e+00,6.883030810627005502e-01,-3.773390483475858481e+00,1.811009101119202569e+01,3.446507501942397411e-01,4.511749612741959226e+01,-1.470763854838480315e-03,7.464873531944570004e+02,3.290129992960024907e+01,0.000000000000000000e+00,1.556542932027315906e+01
1.215499999999921643e+00,1.418609770270030879e+01,5.574518366272379621e-01,9.381635121826822354e-01,6.412916968666036333e+00,7.269871095556589280e-01,-3.755996192110567122e+00,2.290210250092268396e+01,3.262164215584519855e-01,5.687316904520043437e+01,-1.147741162797850586e-03,7.411399403933655776e+02,2.200097290006918271e+01,0.000000000000000000e+00,3.912395115599539963e+01
1.220499999999921092e+00,1.421849386298971396e+01,5.610784481917565625e-01,9.190654304238211614e-01,6.495495829771687823e+00,7.235847261319706680e-01,-3.846363550889909444e+00,0.000000000000000000e+00,0.000000000000000000e+00,0.000000000000000000e+00,0.000000000000000000e+00,7.410690597566658653e+02,0.000000000000000000e+00,0.000000000000000000e+00,0.000000000000000000e+00
1.225499999999920542e+00,1.425098370133928505e+01,5.646660776818821503e-01,8.997270862660124990e-01,6.500089051923531258e+00,7.151563973339112312e-01,-3.885882153480810342e+00,0.000000000000000000e+00,0.000000000000000000e+00,0.000000000000000000e+00,0.000000000000000000e+00,7.410502392704590875e+02,0.000000000000000000e+00,0.000000000000000000e+00,0.000000000000000000e+00
1.230499999999919991e+00,1.428349870347194717e+01,5.682439059009198878e-01,8.801843197415828435e-01,6.505425222651711969e+00,7.161622798932700817e-01,-3.927012690208864232e+00,0.000000000000000000e+00,0.000000000000000000e+00,0.000000000000000000e+00,0.000000000000000000e+00,7.410421799797878748e+02,0.000000000000000000e+00,0.000000000000000000e+00,0.000000000000000000e+00
1.235499999999919440e+00,1.431603983758032506e+01,5.718275641460797143e-01,8.604363563087886746e-01,6.510380474987277566e+00,7.170386699172330847e-01,-3.968185920460393756e+00,0.000000000000000000e+00,0.000000000000000000e+00,0.000000000000000000e+00,0.000000000000000000e+00,7.410334570280253956e+02,0.000000000000000000e+00,0.000000000000000000e+00,0.000000000000000000e+00
1.240499999999918890e+00,1.434860290455406329e+01,5.754126630298754819e-01,8.404793995957428043e-01,6.514278605850526205e+00,7.168632385331333845e-01,-4.010627375014002460e+00,0.000000000000000000e+00,0.000000000000000000e+00,0.000000000000000000e+00,0.000000000000000000e+00,7.410217006260592143e+02,0.000000000000000000e+00,0.000000000000000000e+00,0.000000000000000000e+00
1.245499999999918339e+00,1.438133949004451217e+01,5.789558840774761128e-01,8.201823388210176535e-01,6.606589708126534788e+00,6.980247148871807639e-01,-4.125737432947133243e+00,1.825677602687180823e+01,1.237425290029599001e+00,5.353145247130595408e+01,-6.610339181515019827e-04,7.408722192031176519e+02,0.000000000000000000e+00,0.000000000000000000e+00,5.606088011297769924e+01
1.250499999999917788e+00,1.441465332021319412e+01,5.824528990660455818e-01,7.992136308058861438e-01,6.673865987659825194e+00,7.020313296579785423e-01,-4.220639446336480916e+00,0.000000000000000000e+00,0.000000000000000000e+00,0.000000000000000000e+00,0.000000000000000000e+00,7.407612686971826861e+02,0.000000000000000000e+00,0.000000000000000000e+00,0.000000000000000000e+00
1.255499999999917238e+00,1.444802405427289749e+01,5.859401632416060268e-01,7.779939942829440236e-01,6.674229047683206240e+00,6.960721064180923623e-01,-4.263920502800816692e+00,0.000000000000000000e+00,0.000000000000000000e+00,0.000000000000000000e+00,0.000000000000000000e+00,7.407514687496405941e+02,0.000000000000000000e+00,0.000000000000000000e+00,0.000000000000000000e+00
1.260499999999916687e+00,1.448139590191438764e+01,5.894295736028345445e-01,7.565469136513616188e-01,6.674453348839806566e+00,6.997552752417494082e-01,-4.310390643096892127e+00,0.000000000000000000e+00,0.000000000000000000e+00,0.000000000000000000e+00,0.000000000000000000e+00,7.407449356287272622e+02,0.000000000000000000e+00,0.000000000000000000e+00,0.000000000000000000e+00
1.265499999999916136e+00,1.451476725803385470e+01,5.929389785727169349e-01,7.348659508412157537e-01,6.673970681296381713e+00,7.033571532196550846e-01,-4.357388459345291842e+00,0.000000000000000000e+00,0.000000000000000000e+00,0.000000000000000000e+00,0.000000000000000000e+00,7.407385583283419237e+02,0.000000000000000000e+00,0.000000000000000000e+00,0.000000000000000000e+00
1.270499999999915586e+00,1.454813379453291589e+01,5.964613555236519815e-01,7.129481534170145629e-01,6.672693201926392703e+00,7.051708636180968881e-01,-4.405091846811957090e+00,0.000000000000000000e+00,0.000000000000000000e+00,0.000000000000000000e+00,0.000000000000000000e+00,7.407323735045206377e+02,0.000000000000000000e+00,0.000000000000000000e+00,0.000000000000000000e+00
1.275499999999915035e+00,1.458149336046759537e+01,5.999902333914702846e-01,6.907896440475914668e-01,6.671309278106523522e+00,7.062690499940550426e-01,-4.453586834634389646e+00,0.000000000000000000e+00,0.000000000000000000e+00,0.000000000000000000e+00,0.000000000000000000e+00,7.407268171815003370e+02,0.000000000000000000e+00,0.000000000000000000e+00,0.000000000000000000e+00
1.280499999999914484e+00,1.461484708116576847e+01,6.035252906560264474e-01,6.683868300635249504e-01,6.670377566384964041e+00,7.076931401442900782e-01,-4.502701212683542842e+00,0.000000000000000000e+00,0.000000000000000000e+00,0.000000000000000000e+00,0.000000000000000000e+00,7.407219257448857661e+02,0.000000000000000000e+00,0.000000000000000000e+00,0.000000000000000000e+00
1.285499999999913934e+00,1.464819810212394913e+01,6.070685646303281002e-01,6.457376812522820364e-01,6.670183700811086247e+00,7.094641754507086118e-01,-4.552017268885219181e+00,0.000000000000000000e+00,0.000000000000000000e+00,0.000000000000000000e+00,0.000000000000000000e+00,7.407173275602019658e+02,0.000000000000000000e+00,0.000000000000000000e+00,0.000000000000000000e+00
1.290499999999913383e+00,1.468155039095579895e+01,6.106207552727571652e-01,6.228426045761800145e-01,6.670800480593360504e+00,7.112125799612468713e-01,-4.601021614301465057e+00,0.000000000000000000e+00,0.000000000000000000e+00,0.000000000000000000e+00,0.000000000000000000e+00,7.407126508546703008e+02,0.000000000000000000e+00,0.000000000000000000e+00,0.000000000000000000e+00
1.295499999999912832e+00,1.471490780263655296e+01,6.141812716686553264e-01,5.997044118362464538e-01,6.672134807216254515e+00,7.128162346940091210e-01,-4.649277396260482753e+00,0.000000000000000000e+00,0.000000000000000000e+00,0.000000000000000000e+00,0.000000000000000000e+00,7.407078349069331580e+02,0.000000000000000000e+00,0.000000000000000000e+00,0.000000000000000000e+00
1.300499999999912282e+00,1.474827340121722052e+01,6.177496576871353007e-01,5.763277231236803022e-01,6.673984882406144514e+00,7.143858172964174802e-01,-4.696488089013375777e+00,0.000000000000000000e+00,0.000000000000000000e+00,0.000000000000000000e+00,0.000000000000000000e+00,7.407031970804721368e+02,0.000000000000000000e+00,0.000000000000000000e+00,0.000000000000000000e+00
1.305499999999911731e+00,1.478164910207124727e+01,6.213259973564948524e-01,5.527182135827213294e-01,6.676108845531739888e+00,7.159938970700630012e-01,-4.742515257091194592e+00,0.000000000000000000e+00,0.000000000000000000e+00,0.000000000000000000e+00,0.000000000000000000e+00,7.406992574925080817e+02,0.000000000000000000e+00,0.000000000000000000e+00,0.000000000000000000e+00
1.310499999999911180e+00,1.481503566074006706e+01,6.249103620999755249e-01,5.288817776581480334e-01,6.678291499082710914e+00,7.175807136843256329e-01,-4.787393594686185416e+00,0.000000000000000000e+00,0.000000000000000000e+00,0.000000000000000000e+00,0.000000000000000000e+00,7.406964675975672208e+02,0.000000000000000000e+00,0.000000000000000000e+00,0.000000000000000000e+00
1.315499999999910630e+00,1.484843292859222430e+01,6.285023509806263453e-01,5.048236773033519809e-01,6.680382526197385928e+00,7.190407377317666882e-01,-4.831319972405499819e+00,0.000000000000000000e+00,0.000000000000000000e+00,0.000000000000000000e+00,0.000000000000000000e+00,7.406949890820058044e+02,0.000000000000000000e+00,0.000000000000000000e+00,0.000000000000000000e+00
1.320499999999910079e+00,1.488184017723546937e+01,6.321011266581177956e-01,4.805478531109335094e-01,6.682290173538433464e+00,7.203085971485868599e-01,-4.874604352011528974e+00,0.000000000000000000e+00,0.000000000000000000e+00,0.000000000000000000e+00,0.000000000000000000e+00,7.406946055386721355e+02,0.000000000000000000e+00,0.000000000000000000e+00,0.000000000000000000e+00
1.325499999999909528e+00,1.491449777043364300e+01,6.354722939346227895e-01,4.563347707169949641e-01,6.526765007602530311e+00,5.480187209172715512e-01,-4.830942932076673024e+00,-4.007419942525662577e+02,2.411939477591404284e+02,9.659282434744852708e+02,-7.167359255357333252e-03,7.296077307787215886e+02,3.430963065216774339e+03,3.302779591133977647e+03,0.000000000000000000e+00
1.330499999999908978e+00,1.494621497370405550e+01,6.374515886705872658e-01,4.357191215198798484e-01,6.154488776196314070e+00,2.849818175616820048e-01,-3.486964235246020838e+00,-2.490848872720232521e+03,-9.696594257658439346e+02,6.393918217772834396e+03,-1.048274528188832336e-02,6.227983376329889325e+02,2.575848755156510742e+04,2.269410730656944725e+04,0.000000000000000000e+00
1.335499999999908427e+00,1.497791935764248628e+01,6.381275027285224777e-01,4.219481856060201541e-01,6.378873976476085339e+00,-9.755827165964259251e-02,-2.170376730965297707e+00,-2.666589186875363339e+03,-7.770012828864313406e+02,5.952966511885242653e+03,-1.231674252768506436e-02,5.024151797017123613e+02,1.753532756523398348e+04,2.645711240311816437e+04,0.000000000000000000e+00
1.340499999999907876e+00,1.500657027533055654e+01,6.373449642999913234e-01,4.145543413095175156e-01,4.506592891661395761e+00,-9.505644000365207069e-02,-1.017214548290851450e+00,-1.076796737856160689e+04,-2.466791837484016128e+02,1.568930265349314595e+03,-1.518149110729601764e-02,2.943264443322345869e+02,1.872916162139698281e+04,2.501893597353877703e+04,0.000000000000000000e+00
1.345499999999907326e+00,1.502210785541663185e+01,6.369826388660816407e-01,4.100150670374164696e-01,2.190469531585415908e+00,-7.309750359635670824e-02,-8.927987586194743308e-01,-5.292490028583456478e+03,-1.513412029952464479e+02,6.621236167827100871e+01,-1.708869072549493509e-02,1.623763693767990048e+02,1.213803638575614423e+04,1.759527200523465217e+04,0.000000000000000000e+00
1.350499999999906775e+00,1.503134681153894370e+01,6.368022427402886265e-01,4.056659468380515166e-01,1.601822944046511932e+00,-2.448259914527657274e-02,-7.881657450654958597e-01,-2.330736806276026982e+03,-2.090760146560568273e+02,7.774688056002264602e+02,-1.748760077888545164e-02,1.327605910277475516e+02,1.268975187111948617e+04,1.846615641143362882e+04,0.000000000000000000e+00
1.355499999999906224e+00,1.503814612853225796e+01,6.366306931461538365e-01,4.015091304324467925e-01,1.185547232338209245e+00,-3.985466095844328316e-02,-8.407171058292617349e-01,-1.857053852044313999e+03,-1.687418663608523275e+02,5.480695510611608370e+02,-1.723211844894272787e-02,1.139636615780392503e+02,1.362164820872872224e+04,1.602627742158615183e+04,0.000000000000000000e+00
1.360499999999905674e+00,1.504303316412739910e+01,6.363910979078538643e-01,3.975778838341735288e-01,8.020682992583406667e-01,-5.566822258703111453e-02,-7.195839144884871308e-01,-1.491874910941619873e+03,-8.650658789139191640e+01,9.396643442388863150e+02,-1.705439521423298896e-02,1.007427473944178757e+02,1.356273883597868917e+04,1.518174364118813901e+04,0.000000000000000000e+00
1.365499999999905123e+00,1.504613800731294404e+01,6.360960753736090156e-01,3.947465338052437711e-01,4.952754764813177557e-01,-6.290533481669303983e-02,-4.053488497874959684e-01,-8.099573305542223807e+02,1.237315701893023601e+01,1.463105690005205588e+03,-1.714149734663291541e-02,9.173546968202028040e+01,1.245454761682553908e+04,1.469508793790861637e+04,0.000000000000000000e+00
1.370499999999904572e+00,1.504809363697742519e+01,6.358108874165878666e-01,3.936440510661481373e-01,3.169314596244875992e-01,-4.960971987900712754e-02,-8.924532724373057668e-02,-4.456689602936787082e+02,1.323374446321571440e+02,1.116077163754969206e+03,-1.738936014935199906e-02,8.854675444329764389e+01,1.134436615328142216e+04,1.277070098693693944e+04,0.000000000000000000e+00
1.375499999999904022e+00,1.504937624238997351e+01,6.355824577943580689e-01,3.938299297696482015e-01,2.204983095173985996e-01,-4.255941140084394669e-02,1.342511567260428473e-01,-6.840296578929609268e+02,2.607006092728559565e+02,1.093836216640049543e+03,-1.767301800233560607e-02,8.954520555964809603e+01,7.678619270845571918e+03,1.129923687059959047e+04,0.000000000000000000e+00
1.380499999999903471e+00,1.505028695561632723e+01,6.354048183395202276e-01,3.949735874095167132e-01,1.550887346601922123e-01,-2.867731521986030888e-02,3.048978496516122627e-01,-1.228005761181123603e+02,1.694665471699034356e+02,6.460712166062747883e+02,-1.788893059550898668e-02,9.273470611993084844e+01,1.001483562124440141e+04,1.211417893248626206e+04,0.000000000000000000e+00
1.385499999999902920e+00,1.505087825304115690e+01,6.353109227906517109e-01,3.968089710321254793e-01,8.457291713335070293e-02,-7.278200230610378310e-03,4.045946860891451169e-01,-1.422032152002785779e+02,1.021885107636724968e+02,4.523153793642246114e+02,-1.794038849992406204e-02,9.739355557830276666e+01,1.187316490785828319e+04,1.417142235512089792e+04,0.000000000000000000e+00
1.390499999999902370e+00,1.505110900333706248e+01,6.353008121217655901e-01,3.989686322745446545e-01,2.118132918331716227e-02,-2.010162447159224378e-03,4.558809829684560277e-01,-2.089082471892606918e+01,-1.417488950007688331e+01,3.914070855520578789e+02,-1.822999176682964587e-02,1.025658998196528415e+02,1.147692397459252970e+04,1.434784709761669365e+04,0.000000000000000000e+00
1.395499999999901819e+00,1.505115596137670586e+01,6.350109595215049918e-01,4.012669883366430379e-01,-4.377840450450710616e-03,-1.118620578056780390e-01,4.458608153318845968e-01,-7.545646551011333258e+01,-5.508022201166895684e+02,-5.503421789957457122e+01,-1.879874313595699883e-02,1.078304795791460435e+02,1.328917383410850198e+04,1.727026835389460757e+04,0.000000000000000000e+00
1.400499999999901268e+00,1.505097356396524688e+01,6.343458066470297751e-01,4.032889211670957486e-01,-6.660505156687922257e-02,-1.362452746490191435e-01,3.564236776010439312e-01,-6.152007502110961923e+01,-1.128860658750967332e+02,-2.113666046180878766e+02,-1.935226842486690788e-02,1.127552294260231349e+02,1.394537365986889017e+04,2.002539129165730265e+04,0.000000000000000000e+00
1.405499999999900718e+00,1.505053634724586153e+01,6.337191638855502740e-01,4.045975521141886300e-01,-9.303814362588652687e-02,-1.106152248843758068e-01,1.678172547104245238e-01,4.520776855779339485e+02,-1.020305770598778849e+02,-5.457838071650679694e+02,-1.983691106924348815e-02,1.164911648593587756e+02,1.543709544510828891e+04,1.939539380421973692e+04,0.000000000000000000e+00
1.410499999999900167e+00,1.505009834906141286e+01,6.332847789007243211e-01,4.049291859520567360e-01,-7.849922161745932769e-02,-7.504016909182811834e-02,-1.365398944147815964e-02,5.125801221176087665e+02,-1.406486979392550154e+02,-4.190678252263967352e+02,-2.015243884210321523e-02,1.199109446185541827e+02,1.664593576619905798e+04,1.942994831787902513e+04,0.000000000000000000e+00
1.415499999999899616e+00,1.504979178843658083e+01,6.329169622420083297e-01,4.044589861131669406e-01,-4.766719379091965969e-02,-7.369634164647484442e-02,-1.498930405606513361e-01,3.432433704361121158e+02,-1.055916231951156306e+02,-1.650629137730292086e+02,-2.119775897953024221e-02,1.230840076931606433e+02,1.829624406758260739e+04,2.069393581114392146e+04,0.000000000000000000e+00
1.420499999999899066e+00,1.504968092101150035e+01,6.324030755989843433e-01,4.036763570271995061e-01,-1.428232279047764479e-03,-1.422321933307332253e-01,-1.629038174975547537e-01,2.682235619811567631e+02,-4.897583058277652981e+02,1.213056139050852380e+02,-2.220021765913742645e-02,1.254937317538977624e+02,1.512174017309990813e+04,2.432461677592324122e+04,0.000000000000000000e+00
1.425499999999898515e+00,1.504965927456260744e+01,6.316585181928118242e-01,4.029649867307802391e-01,-7.157028181599583636e-03,-1.563627711209203131e-01,-1.207581279764335241e-01,2.293027264487420780e+01,-1.732440819500711768e+02,3.200838794000492271e+02,-2.310902366311586714e-02,1.273585737478663020e+02,1.783208260114044242e+04,2.380813857912370077e+04,0.000000000000000000e+00
1.430499999999897964e+00,1.504959272878978638e+01,6.308349609218584231e-01,4.025078626657038749e-01,-1.873512411874991845e-02,-1.757294560981406129e-01,-6.920958714612837626e-02,-1.577781577411906255e+01,1.183522349511790139e+00,2.560173349750976399e+02,-2.403020286349805829e-02,1.299788535609045823e+02,1.895091190248553539e+04,2.501675902138927631e+04,0.000000000000000000e+00
1.435499999999897414e+00,1.504948933725984084e+01,6.299937232685161037e-01,4.022528611488204731e-01,-2.113444475468422359e-02,-1.677420492108304684e-01,-3.751111698549329521e-02,-7.736885308677142348e+01,-1.808525338613160898e+02,3.508005994176036211e+02,-2.492406824315493083e-02,1.330678054198510267e+02,1.789755717347446262e+04,2.688205275221317788e+04,0.000000000000000000e+00
1.440499999999896863e+00,1.504930492418808363e+01,6.292143719999068185e-01,4.022783679038479665e-01,-5.736740013485198963e-02,-1.426575279977640442e-01,4.015721224140571255e-02,-3.376565924998598689e+02,3.364637407335605985e+02,3.053714325033723753e+02,-2.570845493745380073e-02,1.359246141299183250e+02,2.241413769970424255e+04,2.728364369491203252e+04,0.000000000000000000e+00
1.445499999999896312e+00,1.504885642238769528e+01,6.286614701351206369e-01,4.026385070769450958e-01,-1.108762448830092895e-01,-8.241565609715782725e-02,9.186999391350106348e-02,-1.964998205285008339e+02,3.672871702027352967e+02,2.020896610090815102e+02,-2.652034768838639964e-02,1.392955423170529343e+02,2.231554571768025198e+04,2.851415287617248396e+04,0.000000000000000000e+00
1.450499999999895762e+00,1.504827062576520014e+01,6.283593447504957075e-01,4.031416438732815521e-01,-1.232373057731180888e-01,-4.367289062535912453e-02,1.042423413309305630e-01,-6.901969124526488031e+01,9.367159807610235589e+01,2.112292831274420450e+02,-2.738606600212341660e-02,1.429840133735443430e+02,2.369355372980376706e+04,2.959237768819733901e+04,0.000000000000000000e+00
1.455499999999895211e+00,1.504760453908164841e+01,6.281628087310964226e-01,4.037628399186465877e-01,-1.424935102225469430e-01,-3.856926462842343722e-02,1.461911734109203331e-01,-7.910703183766213442e+01,-1.363599164108490243e+02,3.442777430359003006e+02,-2.825104178433691243e-02,1.469528982135895205e+02,2.553109429583461679e+04,3.017221667238578448e+04,0.000000000000000000e+00
1.460499999999894660e+00,1.504681326102612893e+01,6.279237635327957756e-01,4.046021749640676402e-01,-1.676515993121787951e-01,-5.523674092785363365e-02,1.773264250678422693e-01,-1.108733120095189406e+01,-1.146050415684204324e+02,2.094870142540598863e+02,-2.914362627294870764e-02,1.515622646176840362e+02,2.591961267222162496e+04,2.960790569746114852e+04,0.000000000000000000e+00
1.465499999999894110e+00,1.504604737981109430e+01,6.275843062637166403e-01,4.053460686377568511e-01,-1.305919928999415280e-01,-9.462738192727150610e-02,1.013231825606688008e-01,6.316509152436730119e+02,-4.372151624050123928e+02,-2.515519117927075285e+02,-3.007237828020746517e-02,1.559250060756931759e+02,2.473537278900868114e+04,2.806683217313970454e+04,0.000000000000000000e+00
1.470499999999893559e+00,1.504548315685804205e+01,6.270771849297059886e-01,4.056591268754305424e-01,-1.054611490155759335e-01,-1.016739053894939598e-01,4.601992399344984747e-02,4.648631013375529619e+01,8.525400473794798017e+01,1.108889475193145699e+02,-3.112072867280986366e-02,1.605943026292974025e+02,2.534801910780748585e+04,3.151612539387663855e+04,0.000000000000000000e+00
1.475499999999893008e+00,1.504502014276858191e+01,6.265611422641419459e-01,4.058079890125365075e-01,-9.409977335483714345e-02,-1.049640523026627997e-01,3.454980258566660301e-02,9.193628408450899769e+01,-7.976287742938950487e+01,1.801493242197146856e+02,-3.219028130507655544e-02,1.652410493131144165e+02,2.909744006353664736e+04,3.100913548366138639e+04,0.000000000000000000e+00
1.480499999999892458e+00,1.504456871315653643e+01,6.260792522833270590e-01,4.059969367978781274e-01,-8.729694631742000721e-02,-9.360217168614234917e-02,4.077719635453644353e-02,9.682038806402204045e+01,-8.074634593395100524e+01,1.617648270433165862e+02,-3.321399205620112483e-02,1.698421131014115417e+02,2.814593147887043961e+04,3.195027619734605832e+04,0.000000000000000000e+00
1.485499999999891907e+00,1.504404098591619565e+01,6.256798210985340392e-01,4.063294521234868117e-01,-1.135808620056192875e-01,-7.043016708398192050e-02,8.107562997506705116e-02,2.473338388619447414e+01,5.615128843398507996e+01,1.979954785340054286e+02,-3.412332470523422867e-02,1.741377956778650002e+02,2.941963030110640830e+04,3.665846408650407830e+04,0.000000000000000000e+00
1.490499999999891356e+00,1.504357048355561943e+01,6.252290726461556813e-01,4.064708067133470104e-01,-7.931434649827552585e-02,-1.174901906542764468e-01,-3.212709691874748863e-02,9.298033605314058150e+02,-5.686718923976309270e+02,-5.882580234576533940e+02,-3.504741389151054543e-02,1.779002621347109425e+02,3.041630156835223170e+04,3.233605629199277610e+04,0.000000000000000000e+00
1.495499999999890806e+00,1.504311521247272943e+01,6.247016636149024249e-01,4.064090828976489322e-01,-9.613385487650004391e-02,-1.116188866624281961e-01,-5.881076003495167535e-03,9.569602112944102146e+02,-5.895576761770767007e+02,-5.285768128260225467e+02,-3.607925372126561531e-02,1.813793157339343054e+02,3.158205319585208781e+04,3.273388924658302130e+04,0.000000000000000000e+00
1.500499999999890255e+00,1.504291712144020110e+01,6.240230308841523410e-01,4.063039234714581616e-01,4.146885818900584997e-02,-4.166682081966233131e-02,9.140454120640673086e-02,-2.719716777987002274e+02,1.740373107755825004e+03,1.761651804859708136e+03,-3.703008727087520047e-02,1.846428181179961143e+02,1.335238673502852544e+04,3.466598134068389481e+04,0.000000000000000000e+00
1.505499999999889704e+00,1.504309311208362665e+01,6.236438973969224975e-01,4.067712913748368075e-01,3.141812975054265183e-02,-1.850604521040474515e-01,-1.598132845620970494e-02,1.139806661932889938e+03,-6.940548106112566984e+02,-1.079940161838976564e+03,-3.690586429178930455e-02,1.857541145214610765e+02,3.007190783049281163e+04,3.162259691014828786e+04,0.000000000000000000e+00
1.510499999999889154e+00,1.504322728292791034e+01,6.230288436216673276e-01,4.070092377267563455e-01,-1.709597273517793900e-03,-8.093539774326863334e-02,1.263133989289400849e-01,4.914090731457501988e+02,-1.126094800220208981e+03,-5.855356069842465558e+02,-3.704310897571039263e-02,1.865519824341250796e+02,3.236536486804560991e+04,3.543407725051413581e+04,0.000000000000000000e+00
1.515499999999888603e+00,1.504308316964034553e+01,6.223496928283593910e-01,4.072776668110588139e-01,-3.870599995281488043e-02,-8.577482637374565788e-02,1.142662341603530862e-01,-1.325323184436398151e+03,1.346010863658765629e+03,1.487748361432888942e+03,-3.716563319063925785e-02,1.873425749011600772e+02,3.003724929557523501e+04,3.922625076491036452e+04,0.000000000000000000e+00
1.520499999999888052e+00,1.504277068609086321e+01,6.219286998363791064e-01,4.078075493690608289e-01,-1.041572182476066116e-01,-9.348859331805747797e-02,9.313122833735895667e-02,-5.694974498366419766e+02,2.573410116887082495e+02,2.622057762071876823e+02,-3.705450456383735380e-02,1.879108849643301369e+02,3.775160487109481619e+04,4.324282050103666552e+04,0.000000000000000000e+00
1.525499999999887502e+00,1.504231758354005599e+01,6.215057501901514181e-01,4.084624373000904640e-01,-8.695191081182335191e-02,-1.150742858701559040e-01,1.195251416914763498e-01,9.678132106998641575e+02,-6.074625048650150347e+02,-8.156221064365358870e+02,-3.696088447187722420e-02,1.887715153674644739e+02,3.383988283194261749e+04,3.468126801269691350e+04,0.000000000000000000e+00
1.530499999999886951e+00,1.504206397083684088e+01,6.208879570223136968e-01,4.086635391781096582e-01,-5.237154877212396586e-02,-7.185262209641436748e-02,1.404024995376498830e-01,-1.378596763999448285e+03,9.943301137664136604e+02,1.613499448241729624e+03,-3.684826939906209187e-02,1.877054326702814819e+02,3.047773114417641045e+04,3.876016996670248045e+04,0.000000000000000000e+00
1.535499999999886400e+00,1.504181321132122484e+01,6.203072521004832085e-01,4.089920403991363917e-01,-4.819560338218473183e-02,-1.410199076151062159e-01,3.424879941575201259e-02,-1.783148210157443600e+03,9.162841541303379245e+02,2.178978472429508656e+03,-3.665681317614498391e-02,1.871108288796169745e+02,2.923163917525323268e+04,3.980591189283796848e+04,0.000000000000000000e+00
1.540499999999885850e+00,1.504156165120503985e+01,6.198530277657592347e-01,4.092514083127334890e-01,-5.164672992407812191e-02,-1.225836632620564137e-01,-1.552711647262322060e-02,3.130027140001112684e+02,-4.217822709208331275e+02,-6.204687742990256538e+01,-3.625928313403288528e-02,1.849415587803693199e+02,3.562900891083210445e+04,3.914073487725153973e+04,0.000000000000000000e+00
1.545499999999885299e+00,1.504129689949713367e+01,6.194983349902540848e-01,4.094556887726000238e-01,-5.856989929580308507e-02,-5.266162420551024487e-02,7.824861805135112369e-02,5.955279891053071424e+02,-5.238697354958577534e+02,-4.985629097942724002e+02,-3.611348684076254312e-02,1.836849612122701103e+02,3.552133927515477990e+04,3.766879643617205147e+04,0.000000000000000000e+00
1.550499999999884748e+00,1.504101197866722650e+01,6.192350327681853672e-01,4.097941014485427247e-01,-5.842631630205670501e-02,-3.284963955322268980e-02,1.247710558192261787e-01,-1.098350535929980651e+03,6.119555178917702278e+02,1.397813086198789506e+03,-3.612147816845664300e-02,1.837320455974542313e+02,2.772549118619813817e+04,4.400010928262719972e+04,0.000000000000000000e+00
1.555499999999884198e+00,1.504052927636642778e+01,6.190682292729479119e-01,4.102514812563378133e-01,-1.074136861818482253e-01,-2.142747351383097673e-02,9.407144244872257810e-02,-8.940502250764285463e+02,8.510364018846363479e+02,1.584482391494562762e+03,-3.601104632742599398e-02,1.832657446173197684e+02,1.834703916792585369e+04,4.307920026030306326e+04,0.000000000000000000e+00
1.560499999999883647e+00,1.503993062140904691e+01,6.189907692453152643e-01,4.108561308849998928e-01,-1.168440091362609456e-01,-1.097490284084026886e-02,1.474525468094805558e-01,4.237023562730574895e+02,-1.330062348758389703e+02,3.227685401661322118e+00,-3.583011012975291509e-02,1.825641819486035331e+02,3.841141558307960076e+04,3.868663423549127765e+04,0.000000000000000000e+00
1.565499999999883096e+00,1.503939155351556778e+01,6.189931814998852477e-01,4.117262242553461071e-01,-9.668802316871533131e-02,1.341022904118436762e-02,1.894708395977340587e-01,5.161257412889221996e+02,-8.108888033994568900e+01,-2.240906894495769563e+02,-3.564281156969776460e-02,1.831073858106493333e+02,3.844060541923746496e+04,3.714017228289783816e+04,0.000000000000000000e+00
1.570499999999882546e+00,1.503894143450747833e+01,6.191034840785540894e-01,4.125907240972208068e-01,-7.241801418805987600e-02,4.969874030306563328e-02,1.690891560691848983e-01,4.260802174740257442e+02,-2.296111161465840667e+02,-3.469208780570914996e+02,-3.547599336564773165e-02,1.841566516617029663e+02,3.811324035640459624e+04,3.814276092298342701e+04,0.000000000000000000e+00
1.575499999999881995e+00,1.503858360954936657e+01,6.192045244114027236e-01,4.129743149761653798e-01,-3.703944519983611017e-02,5.658367698506999027e-02,-8.253017184446403975e-03,-8.265461229897550766e+02,1.073411342356317391e+03,5.120677969529670293e+01,-3.555559232778041784e-02,1.844602584372755416e+02,1.776491422718182002e+04,4.244227654996356432e+04,0.000000000000000000e+00
1.580499999999881444e+00,1.503837737788234641e+01,6.193428338545096112e-01,4.129127573542309415e-01,-5.188746050576707042e-02,-1.916849525549928213e-03,-2.743109670867292099e-02,2.354913324538424035e+02,-2.129949994684411934e+02,7.120517581236731530e+01,-3.555831237539210099e-02,1.823450388960463044e+02,4.013301658236596268e+04,3.804161273340688786e+04,0.000000000000000000e+00
1.585499999999880893e+00,1.503836505620695974e+01,6.195087909694254602e-01,4.127234003609308588e-01,2.931214265954555642e-02,3.956273796715892993e-02,-5.015315207345219517e-02,1.052625528538832896e+03,-8.976141943218086681e+02,-7.316912036071605598e+02,-3.561763680260834203e-02,1.807692886906984313e+02,3.552173050381482608e+04,3.638103033357587992e+04,0.000000000000000000e+00
1.590499999999880343e+00,1.503862577432862402e+01,6.196092012836985630e-01,4.122747833465017497e-01,6.159050486076392272e-02,1.802219102988147220e-02,-9.786280093338470265e-02,8.296870336601339204e+02,-6.519388658426271377e+02,-6.281311277375348254e+02,-3.554370345679483401e-02,1.782089020688528365e+02,3.583794714227584336e+04,3.711299522461372544e+04,0.000000000000000000e+00
1.595499999999879792e+00,1.503893876568407428e+01,6.195618969668593712e-01,4.117346690045033952e-01,3.762208161778825971e-02,3.581694251258700501e-02,1.863186332866479181e-02,-1.506670774324015611e+03,7.181073831974795212e+02,1.619579841225020573e+03,-3.561096395942796311e-02,1.758050479057494897e+02,2.586937204529964947e+04,4.373157068304630229e+04,0.000000000000000000e+00
1.600499999999879241e+00,1.503910652647840429e+01,6.193992151815724823e-01,4.113391280328401733e-01,2.778259061963181051e-02,-4.028527821782050544e-02,-5.459841350281086081e-02,-1.435290379583524100e+03,7.395252700073983760e+02,1.758661181852756272e+03,-3.553657228848434296e-02,1.735151073122221135e+02,2.647780530941680991e+04,4.427424953772406298e+04,0.000000000000000000e+00
1.605499999999878691e+00,1.503917094769508189e+01,6.191174558627419167e-01,4.112226542246538719e-01,1.300393309436289647e-02,-4.890239685241872664e-02,-1.404399851951294333e-02,-1.214158401866040549e+03,1.066327204844833204e+03,1.400685212402517436e+03,-3.538600903928929703e-02,1.713713775321079993e+02,2.780030768925489247e+04,4.453402401395856577e+04,0.000000000000000000e+00
1.610499999999878140e+00,1.503919025908883000e+01,6.188890595614608969e-01,4.112032308005771353e-01,-8.444131728557050312e-04,-4.542998955801700461e-02,-1.343626504094689970e-02,3.284435891248167536e+02,-3.127650454519335881e+02,-2.926675091043546786e+02,-3.519477525364812093e-02,1.696401363441741239e+02,3.690080498660613375e+04,3.917196692260165582e+04,0.000000000000000000e+00
1.615499999999877589e+00,1.503921190839185229e+01,6.188400006184210378e-01,4.111805427908840072e-01,1.586461631441950758e-03,-2.003816010454704394e-02,-3.130018259982740580e-02,5.059280605420258325e+02,-3.155750457688986899e+02,-4.671882390565621677e+02,-3.509982972804223667e-02,1.685949485605053439e+02,3.617700359969658894e+04,3.826220615759299835e+04,0.000000000000000000e+00
1.620499999999877039e+00,1.503921633234431710e+01,6.187911630443587718e-01,4.111340022288129115e-01,-3.172822696563901233e-03,-1.001439455909245574e-02,-7.599214332848003468e-03,8.597646777013113706e+02,-3.760884041654287557e+02,-8.749562541880200115e+02,-3.514204066748672500e-02,1.680740458195625422e+02,3.439901838358755049e+04,3.624107810568353307e+04,0.000000000000000000e+00
1.625499999999876488e+00,1.503914707193889022e+01,6.187517743913980572e-01,4.111918523623027122e-01,-2.320854520751371164e-02,-1.010514628221861541e-02,1.299908296301710564e-02,7.299503913395542440e+02,-4.554512493489128815e+02,-6.869280526979615615e+02,-3.509517894356078277e-02,1.674962340265380760e+02,3.564386212513645296e+04,3.843677003011800844e+04,0.000000000000000000e+00
1.630499999999875937e+00,1.503898504004292747e+01,6.186409140375609406e-01,4.112986216449911470e-01,-3.623840800218815217e-02,-3.483721025803456633e-02,7.029838154284799405e-03,5.267594740829617876e+02,-3.611762941828432645e+02,-3.663566552668382883e+02,-3.507546385352553614e-02,1.672639349982832755e+02,3.709438111629951163e+04,3.983837174996954855e+04,0.000000000000000000e+00
1.635499999999875387e+00,1.503880589851931582e+01,6.185415427865039728e-01,4.114033493654846718e-01,-3.449254508672987968e-02,-1.215420775369708412e-02,2.172462116405405458e-02,-1.540639489245272671e+03,6.198734720111899605e+02,2.025790028372931374e+03,-3.513743889811175858e-02,1.674999029210820822e+02,2.553959195272129364e+04,4.452722838158783998e+04,0.000000000000000000e+00
1.640499999999874836e+00,1.503864262685167219e+01,6.185460472084218786e-01,4.115700072003016241e-01,-3.151573080420929512e-02,2.891019169078720349e-02,7.492098290176368858e-02,-1.183217322801587216e+03,6.928710780756956638e+02,1.521334544389958864e+03,-3.512760954258303814e-02,1.675790439183537046e+02,2.640971048014541520e+04,4.571912992897651566e+04,0.000000000000000000e+00
1.645499999999874285e+00,1.503851151732157732e+01,6.185435113292045983e-01,4.116625587121794383e-01,-2.691711562828694171e-02,-2.710628653818574884e-03,3.529230093198695156e-02,-1.584626398164818511e+03,6.723706615511853215e+02,1.976592274164065657e+03,-3.507345506413625524e-02,1.672957871727727763e+02,2.550015107795016957e+04,4.463697193243460060e+04,0.000000000000000000e+00
1.650499999999873735e+00,1.503834243474242172e+01,6.184571968947117915e-01,4.118961346177330562e-01,-3.327356069856170911e-02,-3.340488126010481701e-02,2.655866064484398506e-02,7.475085564668779625e+02,-4.121629821681403882e+02,-6.455299069665890102e+02,-3.492780204292413038e-02,1.671486817307125818e+02,3.728526875249032310e+04,3.734884334640596353e+04,0.000000000000000000e+00
1.655499999999873184e+00,1.503819558398571310e+01,6.183799715074719261e-01,4.120853580864078936e-01,-2.585431141520293241e-02,2.156308367510420196e-02,7.981284943118592545e-02,2.771623820626874704e+02,-3.278355063657466673e+01,-1.023085429716753652e+02,-3.491067066377419315e-02,1.674569402547184325e+02,4.056092480453755707e+04,4.107360851583083422e+04,0.000000000000000000e+00
1.660499999999872633e+00,1.503797791958139918e+01,6.184861798832872459e-01,4.124446290436403761e-01,-5.425958999401489513e-02,5.111932328067854414e-02,1.359270087332723476e-01,-1.446668143834333478e+03,4.983670792354519676e+02,1.661190095419202862e+03,-3.490336704543586799e-02,1.685181841348357352e+02,2.554205291780017069e+04,4.420924186027525866e+04,0.000000000000000000e+00
1.665499999999872083e+00,1.503778477043807804e+01,6.185499015964381897e-01,4.127085435827301807e-01,-4.049104404850384364e-02,5.604938841307965935e-02,1.196022262865544111e-01,-1.180910362042128781e+03,7.365416159883890259e+02,1.375956827915184931e+03,-3.489216442690092762e-02,1.691982858047913112e+02,2.658415767444887388e+04,4.501245184673157200e+04,0.000000000000000000e+00
1.670499999999871532e+00,1.503765479209251055e+01,6.185185820850536143e-01,4.127358330090519223e-01,-1.440593218209304353e-02,-2.049682717343227767e-02,-3.008671917207603880e-02,-1.256726430478655629e+03,1.099190565244787194e+03,1.509387619998371974e+03,-3.493524807974129204e-02,1.693346028995338486e+02,2.718050133736401040e+04,4.617378306674151099e+04,0.000000000000000000e+00
1.675499999999870981e+00,1.503753469747467619e+01,6.185934315906036485e-01,4.129709954278362738e-01,-1.413232513229654812e-02,-2.951986193347925710e-02,-2.501208195682728952e-02,8.106068294302550612e+02,-4.616287036746088575e+02,-6.324591929736966449e+02,-3.472105377167283152e-02,1.686299919660534385e+02,3.627080126026799553e+04,3.905082585578880389e+04,0.000000000000000000e+00
1.680499999999870431e+00,1.503749884034866469e+01,6.185771456506620192e-01,4.129203080397937931e-01,-3.229706073067350938e-03,9.136713161710906250e-03,-7.800850496421336128e-03,7.735254517209451706e+02,-4.785435347124900431e+02,-6.216770854485761220e+02,-3.475743715032255515e-02,1.684199790496040521e+02,3.737213357738202467e+04,3.868749262011617247e+04,0.000000000000000000e+00
1.685499999999869880e+00,1.503750861323647925e+01,6.186086068214131650e-01,4.128196183038777556e-01,3.005966586342006305e-03,8.451002610284537309e-03,-1.945194984992399886e-02,7.399604886574117018e+02,-4.143995159650052642e+02,-5.829652943409309955e+02,-3.476951208060113929e-02,1.679428964837261447e+02,3.698673150201881072e+04,3.819205856920062797e+04,0.000000000000000000e+00
1.690499999999869329e+00,1.503751181402865100e+01,6.186332054218716126e-01,4.127685083788914522e-01,-4.332117442318866992e-04,-1.341612464830339510e-02,-2.786639981705515967e-02,4.910948210591670886e+02,-6.116336557404050609e+02,-2.744944243962312385e+02,-3.478026010453107858e-02,1.676037935789684639e+02,3.654804988344929734e+04,4.029299909934572497e+04,0.000000000000000000e+00
1.695499999999868779e+00,1.503752227807759745e+01,6.187235340369598990e-01,4.127351262973450452e-01,6.486298768386859065e-03,-6.089979860994010168e-03,-6.206736088380019473e-02,5.067928796729741521e+02,-3.597614311850026638e+02,-4.090174211494917245e+02,-3.478096050235240932e-02,1.673778462173439721e+02,3.794931191136616690e+04,3.928176994246929826e+04,0.000000000000000000e+00
1.700499999999868228e+00,1.503748993103444143e+01,6.188072397229954502e-01,4.127888019751482784e-01,-7.296225427004703230e-03,-1.090512240279800302e-02,-2.278221163435206406e-02,6.800554926910665472e+02,-4.331984929536019422e+02,-5.678116953092697941e+02,-3.479833661651571264e-02,1.672399055643194004e+02,3.723336107085030380e+04,3.983295914584810089e+04,0.000000000000000000e+00
1.705499999999867677e+00,1.503744743511982662e+01,6.188268781265562346e-01,4.128238208274679355e-01,-7.730757614806639186e-03,-4.159523879619286303e-03,7.386029474396517414e-03,-1.588482571151366756e+03,7.322945561317170586e+02,2.007509700557755878e+03,-3.486517278818913185e-02,1.674148442448913556e+02,2.568714820768782010e+04,4.497382997536203038e+04,0.000000000000000000e+00
1.710499999999867127e+00,1.503736451153160836e+01,6.188141096363976024e-01,4.129667228406522228e-01,-1.876621674662535752e-02,7.486156934375581135e-03,4.317039683650275572e-02,-1.202490590481523213e+03,8.251986739575320371e+02,1.529879929191027941e+03,-3.487467463891623376e-02,1.676363237520237988e+02,2.748882785157143371e+04,4.509738747423262248e+04,0.000000000000000000e+00
1.715499999999866576e+00,1.503727491937818606e+01,6.188364284817122751e-01,4.131356902298675693e-01,-2.577564363484511137e-02,1.132697289891600005e-02,7.382964953685357268e-02,7.303059184508758790e+02,-7.433512631395628887e+02,-5.341547238130765436e+02,-3.483043300448870200e-02,1.679164087170429696e+02,3.761748609114612918e+04,4.027944814364336344e+04,0.000000000000000000e+00
1.720499999999866025e+00,1.503719815626656775e+01,6.187856596009407850e-01,4.132271659703272704e-01,-7.120384510101232522e-03,5.499825875420502434e-03,4.811569653858884486e-03,9.890797286121462548e+02,-5.053530230798091338e+02,-8.680273182690672229e+02,-3.480143881904351755e-02,1.679353382402209149e+02,3.640189476093154371e+04,3.734087905622495600e+04,0.000000000000000000e+00
1.725499999999865475e+00,1.503722879028524950e+01,6.188570036615742564e-01,4.131810737247714749e-01,1.552756567835649089e-02,3.146267034851557565e-02,-4.080144927664673335e-03,5.149811486130640787e+02,-5.342003416042919071e+02,-3.417556463194300136e+02,-3.482120452963367169e-02,1.677775208826157041e+02,3.796409086568281054e+04,4.083251420421496005e+04,0.000000000000000000e+00
1.730499999999864924e+00,1.503728334689924218e+01,6.189718497544192122e-01,4.130842434806845098e-01,-1.649338312632416892e-03,3.238516089661382796e-02,2.803478341957651651e-02,-1.429306292199832342e+03,7.058605227719308459e+02,1.684622393359000853e+03,-3.488519181258280949e-02,1.674251284143696239e+02,2.697856001379948066e+04,4.559894203261088842e+04,0.000000000000000000e+00
1.735499999999864373e+00,1.503724749919438253e+01,6.189977354399520681e-01,4.131328825779501113e-01,-1.859106401242359430e-02,2.202173488035722576e-02,7.143570262991420783e-02,-1.295601264439406123e+03,6.906423984928520667e+02,1.554682047385689202e+03,-3.488759630189190025e-02,1.673511903297623462e+02,2.719590263379738099e+04,4.579799678215044696e+04,0.000000000000000000e+00
1.740499999999863823e+00,1.503719744648432766e+01,6.190303156503035309e-01,4.131906901969930046e-01,-1.494892141409425237e-02,2.748847796419344805e-02,5.501173288827111707e-02,-1.341835140375768788e+03,6.972298184783813895e+02,1.600076136136454352e+03,-3.486989012298818275e-02,1.673677115288573987e+02,2.735607801910716080e+04,4.542146324392256793e+04,0.000000000000000000e+00
1.745499999999863272e+00,1.503717301426951813e+01,6.190528398059877979e-01,4.131388464553368833e-01,-1.163467866300467836e-03,-1.868032210245751737e-02,-3.383915890176882740e-02,-1.717310283535206281e+03,7.808846752735480550e+02,2.166395978408337214e+03,-3.490100044222851916e-02,1.674596366805577077e+02,2.537103099531049520e+04,4.525457238044279075e+04,0.000000000000000000e+00
1.750499999999862721e+00,1.503707736888005009e+01,6.190826276383252225e-01,4.134006659579727017e-01,-9.897002775012804163e-03,-2.971087332419808380e-02,-3.205869073514798495e-02,8.779588372708897168e+02,-3.520421273903046995e+02,-7.761164528380605816e+02,-3.474951620542508779e-02,1.673461341133374845e+02,3.676156460608165798e+04,3.805614404994471988e+04,0.000000000000000000e+00
1.755499999999862171e+00,1.503700389311664587e+01,6.190977151591616767e-01,4.135366452982632834e-01,-1.666011569745193266e-02,6.897363913046095432e-03,3.710545458630254423e-02,9.030737077509379560e+02,-5.211193424996802150e+02,-7.515029211400909617e+02,-3.474820863680903871e-02,1.676516715257183137e+02,3.642392656133220589e+04,4.026625836048748170e+04,0.000000000000000000e+00
1.760499999999861620e+00,1.503696679215333987e+01,6.190678168926645464e-01,4.135887515967710537e-01,-1.594645269042417948e-02,2.048127192406700228e-02,7.863006219271011232e-02,7.937163272104036196e+02,-7.165870154184493686e+02,-5.993294281931782734e+02,-3.480170212466178470e-02,1.680397130106033785e+02,3.723123905618732533e+04,4.144372986141739239e+04,0.000000000000000000e+00
1.765499999999861069e+00,1.503693871576949093e+01,6.189995198080596728e-01,4.136442408326971298e-01,-5.726958924554640187e-03,1.362534004211621644e-02,4.724690293832146254e-02,9.072468734760573170e+02,-5.259019423372186566e+02,-7.537481795008559402e+02,-3.482126199155708562e-02,1.683598742123046748e+02,3.889693663049739553e+04,3.898292425924982672e+04,0.000000000000000000e+00
1.770499999999860519e+00,1.503695216413756341e+01,6.189663270861206490e-01,4.136322895102065300e-01,5.992602791140782745e-03,-2.462812792466634315e-02,-3.191961872561668162e-02,5.652086648227680143e+02,-5.327177555710997012e+02,-3.425487692261556276e+02,-3.483689879798222699e-02,1.683890290925694728e+02,3.763131240793418692e+04,4.130259074066494213e+04,0.000000000000000000e+00
1.775499999999859968e+00,1.503692436679570577e+01,6.189440158217285326e-01,4.137140576167928074e-01,-1.309600090280439982e-03,-2.099989963917796298e-02,-1.581284270149611523e-02,7.972481492166986072e+02,-5.189030491012439370e+02,-6.180105174346952026e+02,-3.483189921104089259e-02,1.685437952152388164e+02,3.843127675870650273e+04,3.965035237587734446e+04,0.000000000000000000e+00
1.780499999999859417e+00,1.503688067600326939e+01,6.189243593112638830e-01,4.138031617525224637e-01,-8.237076308778788422e-03,-1.424497764911045877e-02,-4.184506067719864493e-04,9.801619428328826871e+02,-4.943020577912128601e+02,-8.506015827098007094e+02,-3.483424842902827639e-02,1.687812450278254630e+02,3.795756411972420756e+04,3.747374319454686338e+04,0.000000000000000000e+00
1.785499999999858867e+00,1.503682010971401795e+01,6.188941691465795758e-01,4.139043694279079810e-01,-1.293136098062370835e-02,-1.170617104549322683e-02,2.182411201425398309e-02,-1.419339741958014429e+03,8.953678805579904747e+02,1.627934742917023868e+03,-3.486170626330812455e-02,1.692465465102696385e+02,2.801502414007206971e+04,4.580004631087920279e+04,0.000000000000000000e+00
1.790499999999858316e+00,1.503676178591305579e+01,6.188476769584895232e-01,4.140272749760111615e-01,2.698087409228983546e-04,-3.200541321581795717e-02,-3.228444686962452653e-02,9.518320474268662110e+02,-4.402241873697539631e+02,-7.996916493511740782e+02,-3.483443639072164588e-02,1.697747856528927173e+02,3.750987369902803039e+04,3.764790011535947269e+04,0.000000000000000000e+00
1.795499999999857765e+00,1.503672437870735124e+01,6.187853032748493742e-01,4.141494858860472195e-01,-1.561739148834424742e-03,-3.469090597397597731e-02,-7.072545545276918630e-03,9.443056223721837341e+02,-5.679276224272796298e+02,-6.751836637313992924e+02,-3.483698910574329483e-02,1.704440650658790730e+02,3.777277043333164329e+04,3.843625345323711372e+04,0.000000000000000000e+00
1.800499999999857215e+00,1.503676613870398882e+01,6.189001637990535487e-01,4.142456930892388645e-01,1.508759872202364814e-02,1.670215424099962031e-03,-2.824776831794206799e-02,6.392111309524905209e+02,-5.160190297266547077e+02,-5.283386741092101602e+02,-3.486440645388075993e-02,1.713839075389892912e+02,3.897960720054202102e+04,3.814789199263932096e+04,0.000000000000000000e+00
1.805499999999856664e+00,1.503679455853258240e+01,6.190650839056572874e-01,4.143294901936122598e-01,8.839277235949854691e-03,8.184421919323841763e-03,-2.178997794977250574e-02,5.978147090258297567e+02,-4.742864590219105594e+02,-4.703599242261717563e+02,-3.491112349135343934e-02,1.721484260983976924e+02,3.660617430927430541e+04,4.000351952269321919e+04,0.000000000000000000e+00
1.810499999999856113e+00,1.503680004522076707e+01,6.191685139620849432e-01,4.143817421762188702e-01,1.233917823798061364e-02,-1.714903598210118160e-02,-5.698942584183936538e-02,9.167095288147877454e+02,-4.709382890981882497e+02,-7.692049002799705022e+02,-3.497198324981638101e-02,1.726570818842191670e+02,3.764533455037565000e+04,3.657779802423170622e+04,0.000000000000000000e+00
1.815499999999855563e+00,1.503683455824069348e+01,6.193310969201506477e-01,4.143560581804095477e-01,7.204416920554188378e-03,3.239660562794378224e-02,-3.088674944737230307e-03,1.018784202981221597e+03,-6.059823406666117762e+02,-8.893442402486375613e+02,-3.505266712080060826e-02,1.728439869577258889e+02,3.724417798654369108e+04,3.602962689418069931e+04,0.000000000000000000e+00
1.820499999999855012e+00,1.503686362015078792e+01,6.194674307885089659e-01,4.142932464745509580e-01,6.963128395407203360e-03,5.061571870217486391e-02,1.263789486479593993e-02,-1.252123197496966895e+03,1.361901530785846262e+03,1.481842728325133976e+03,-3.511923557074288910e-02,1.729529749783230557e+02,3.098131168072779838e+04,4.047410991590563208e+04,0.000000000000000000e+00
1.825499999999854461e+00,1.503694915282267530e+01,6.196351504698306423e-01,4.141909100453919912e-01,2.506503998477680253e-02,1.881443592452142904e-02,-5.836422945619346159e-02,5.802123671866801260e+02,-4.463849560697007632e+02,-3.423997359960992526e+02,-3.512634379643635174e-02,1.726915214078275937e+02,3.845248155891732313e+04,3.911583224124307890e+04,0.000000000000000000e+00
1.830499999999853911e+00,1.503701709529661557e+01,6.197935109553273092e-01,4.141526564660791832e-01,1.132722369285709893e-02,1.514940179123673396e-02,-2.525825171195145158e-02,8.479123973525594238e+02,-4.868050927503070966e+02,-6.243387886977399148e+02,-3.518131303940997406e-02,1.724059502755577853e+02,3.798178626907948637e+04,3.806616194217198063e+04,0.000000000000000000e+00
1.835499999999853360e+00,1.503705232678907500e+01,6.199170853781724722e-01,4.140903130498863050e-01,3.633856228316403522e-03,2.602010761046423537e-02,-1.077532798910449917e-02,6.332388902922773468e+02,-5.198434837510608304e+02,-4.231480348130049833e+02,-3.529444903472072487e-02,1.725182414315909227e+02,3.846122574550022546e+04,4.020651596602676000e+04,0.000000000000000000e+00
1.840499999999852809e+00,1.503704132640162783e+01,6.199977130611772358e-01,4.141445477612248904e-01,1.743161884194389596e-03,-1.600151029583399276e-02,-3.182310133504825250e-02,7.525059503874739448e+02,-4.407776335303425981e+02,-5.653865565398574518e+02,-3.532017990453999862e-02,1.727832481541337017e+02,3.765084839119588287e+04,3.845133982109717181e+04,0.000000000000000000e+00
1.845499999999852259e+00,1.503701813205347193e+01,6.200260669755212062e-01,4.142586210803744229e-01,1.860637376180168884e-03,-2.329819271848334108e-02,-2.322820307552992541e-02,7.316194359313005862e+02,-5.688287597180582225e+02,-3.788989608252458652e+02,-3.535129079879385100e-02,1.734597186681107814e+02,3.850711491706163361e+04,4.061140543278679252e+04,0.000000000000000000e+00
1.850499999999851708e+00,1.503699039556655848e+01,6.199749228314823668e-01,4.143573036803608334e-01,-9.620999964030801238e-03,7.624135287772973620e-03,5.468877053227035739e-02,-1.214518997587093963e+03,9.104051409016660728e+02,1.306196241012830342e+03,-3.545972833807261443e-02,1.744490370838377942e+02,2.972266387022323033e+04,4.465983337373293034e+04,0.000000000000000000e+00
1.855499999999851157e+00,1.503698749364568776e+01,6.199530128655164063e-01,4.144821644099008218e-01,-5.302757469272858376e-03,3.527121836106320019e-02,8.678521216748387446e-02,-1.293219481489556074e+03,6.489924371942846619e+02,1.434885011145256158e+03,-3.545968395587245636e-02,1.751102896909131346e+02,2.806749327862078280e+04,4.460563166285949410e+04,0.000000000000000000e+00
1.860499999999850607e+00,1.503703651591975365e+01,6.199119741106956516e-01,4.145525000116156433e-01,4.878256919178208459e-03,3.576642518931818365e-02,7.798761464210388072e-02,-1.045915768897085627e+03,7.464034278128905271e+02,1.127523990802002345e+03,-3.543899023864704317e-02,1.755124722605802674e+02,2.942643197054844495e+04,4.537440050243750738e+04,0.000000000000000000e+00
1.865499999999850056e+00,1.503713914197817658e+01,6.198370344172383639e-01,4.145475501345618485e-01,4.759036482051550061e-03,1.251439517219131436e-02,7.912863845240093730e-02,-1.295972090389347841e+03,5.502801679652327493e+02,1.390534665793889417e+03,-3.542880369175240712e-02,1.756620244328766773e+02,2.824485884058299416e+04,4.490514103998074279e+04,0.000000000000000000e+00
1.870499999999849505e+00,1.503716785349143237e+01,6.196714908638533137e-01,4.145545560920055883e-01,-5.848799477245743804e-03,-2.781374839536089605e-02,2.594368924541763308e-02,9.788538534361482562e+02,-5.267364582445104588e+02,-7.712065925755624676e+02,-3.536206702841696720e-02,1.757201946155055623e+02,3.715525151049021952e+04,3.849686191741569928e+04,0.000000000000000000e+00
1.875499999999848955e+00,1.503712651561670555e+01,6.195288414960524737e-01,4.146500286019704773e-01,-3.814955888383904717e-03,-5.666266085909295834e-04,8.359155742684495904e-02,-1.133762172590935279e+03,7.632015906504103668e+02,1.692862340672638766e+03,-3.533844200950163328e-02,1.760516014848334976e+02,1.772684211063975818e+04,4.312707524126059434e+04,0.000000000000000000e+00
1.880499999999848404e+00,1.503707254824589512e+01,6.195578158786243517e-01,4.148633332344939806e-01,1.164205420405195002e-03,1.185263079917199709e-02,1.764435704704310492e-02,7.088216663545251777e+02,-4.819192853552773386e+02,-5.983394731805217361e+02,-3.516467057073920793e-02,1.761538338159832620e+02,3.877040916470823140e+04,3.887840217468747142e+04,0.000000000000000000e+00
1.885499999999847853e+00,1.503707884855554866e+01,6.196223505785978247e-01,4.148909671215814110e-01,-7.931884384288816203e-03,1.621911312272291490e-04,1.624219801208848582e-02,9.436619076081427693e+02,-7.462061007335829572e+02,-6.925792763886984176e+02,-3.508343178346744889e-02,1.756182557147080558e+02,3.834013698456354905e+04,3.676530489750276320e+04,0.000000000000000000e+00
1.890499999999847303e+00,1.503701294202515193e+01,6.195597623267753429e-01,4.149172523565390902e-01,-2.287060038174082779e-02,-1.419179895356381324e-02,3.482702444190483027e-02,6.309665371832148821e+02,-6.403685152132823077e+02,-4.670750755644824608e+02,-3.503711873920698633e-02,1.751404870258952542e+02,3.886480929857897718e+04,3.984861221807694528e+04,0.000000000000000000e+00
1.895499999999846752e+00,1.503691142934472680e+01,6.194033923018669174e-01,4.149451619885228260e-01,-1.363607825497661734e-02,-5.505077446791070001e-02,-3.416054147142173064e-02,8.383222711563553275e+02,-5.758035936835333359e+02,-6.069189557093586700e+02,-3.495354037202920428e-02,1.747435747656620038e+02,3.824697020807949593e+04,3.752129799758968147e+04,0.000000000000000000e+00
1.900499999999846201e+00,1.503685021090271157e+01,6.192222117086527700e-01,4.149690403123748594e-01,-1.113246294836627015e-02,-1.420707038718702943e-02,4.409065089140763727e-02,-1.301130639945011808e+03,9.107703418683071277e+02,1.444130051575762991e+03,-3.501025183891035009e-02,1.746957891301454140e+02,2.730762401930921624e+04,4.525046241305454168e+04,0.000000000000000000e+00
1.905499999999845651e+00,1.503685928118724924e+01,6.191924448134814574e-01,4.148821010748679483e-01,1.546373246734394739e-02,5.101004213888816509e-03,-6.219990246790996907e-02,8.308347781789001374e+02,-4.909034033976229239e+02,-6.377737714863717429e+02,-3.479923040737100542e-02,1.738978923919683837e+02,3.780939616054684302e+04,3.755147710882398678e+04,0.000000000000000000e+00
1.910499999999845100e+00,1.503702380274634365e+01,6.194589454856233024e-01,4.145382871423725080e-01,4.329247302761840555e-02,8.935168205473792424e-02,-7.826390498616660196e-02,6.215107363562478895e+02,-5.675476778430305558e+02,-6.161158233219947533e+02,-3.475690219329550384e-02,1.723132914714410333e+02,3.831430417528666294e+04,3.699613193284374574e+04,0.000000000000000000e+00
1.915499999999844549e+00,1.503725451794888990e+01,6.197945978678293111e-01,4.140633475756179682e-01,4.679332422245730677e-02,3.169882272364945436e-02,-1.381548327902225592e-01,6.062598233143252173e+02,-5.045136750225294122e+02,-3.573929769313354541e+02,-3.486855577208148455e-02,1.704034805778355803e+02,3.824233129532567546e+04,3.743301033503194049e+04,0.000000000000000000e+00
1.920499999999843999e+00,1.503749892981352154e+01,6.201482126624485725e-01,4.136854423234191391e-01,3.725337869750987296e-02,2.559637971027990330e-02,-1.108015225141436993e-01,2.103855785382046406e+02,-3.142819929144932303e+02,-1.777646981670083051e+02,-3.490514234198926341e-02,1.684984658190554967e+02,3.682710420633607282e+04,3.724483092950158607e+04,0.000000000000000000e+00
1.925499999999843448e+00,1.503763614243903390e+01,6.204175145521320101e-01,4.134770159391918942e-01,6.235503444636756980e-03,3.364227420352013109e-02,-1.623960164032114614e-02,-1.501873775340641714e+03,6.001792650064403460e+02,1.717252760840703104e+03,-3.481375379627724143e-02,1.674848335626372489e+02,2.754561948431581550e+04,4.628705577636048838e+04,0.000000000000000000e+00
1.930499999999842897e+00,1.503753256606808364e+01,6.204308315269078111e-01,4.136020489389899413e-01,-3.148340889826389127e-02,-4.461380972530148287e-02,1.678397305469728163e-03,4.423928500547701788e+02,-3.163873125353191540e+02,-3.223613054381545453e+02,-3.496372361088757180e-02,1.674450037012767609e+02,3.748646866442167084e+04,3.971738794475788018e+04,0.000000000000000000e+00
1.935499999999842347e+00,1.503732508810898594e+01,6.202808021224189838e-01,4.139691252606275129e-01,-5.440407950098508083e-02,-4.593412453490929720e-02,9.003894987942970274e-02,6.055701152438406325e+02,-7.711143148238784306e+02,-3.953200586666332583e+02,-3.485598603306839377e-02,1.684501385951949146e+02,3.772992422058768716e+04,3.957165281312807201e+04,0.000000000000000000e+00
1.940499999999841796e+00,1.503702941919062397e+01,6.200663412078044612e-01,4.143335867354810409e-01,-6.373531267965740210e-02,-4.434870784230467849e-02,6.613643961937730464e-02,-1.201363678442656919e+03,7.451965442235438104e+02,1.423647241297594292e+03,-3.481936799594282511e-02,1.694299620207668227e+02,2.691377541934452893e+04,4.739226152600380738e+04,0.000000000000000000e+00
1.945499999999841245e+00,1.503676647968362978e+01,6.199133738354770662e-01,4.146867223368873590e-01,-4.229559010128900592e-02,-4.559831485501911891e-02,4.890602153936580293e-02,7.799278694044378426e+02,-6.446912028916353847e+02,-4.808717003954828328e+02,-3.478305823873414221e-02,1.706571977237088049e+02,3.829518328967281559e+04,4.015091355010444386e+04,0.000000000000000000e+00
1.950499999999840695e+00,1.503661184499703651e+01,6.198015105169186745e-01,4.149109666859503998e-01,-2.856483071322048553e-02,8.822840915457335134e-03,7.072614167046781253e-02,-1.262256719016524812e+03,8.074044307882556950e+02,1.398539862450676765e+03,-3.479809174114262271e-02,1.716697719411655214e+02,2.708809800833740519e+04,4.654934994563576038e+04,0.000000000000000000e+00
1.955499999999840144e+00,1.503652826244647933e+01,6.197392513931480051e-01,4.150241164991952947e-01,-1.123052488536009468e-02,-2.497606120322110393e-02,-4.456077356116316251e-03,9.289981636156094282e+02,-6.925083659176420952e+02,-6.687476744506274144e+02,-3.484810477455367594e-02,1.722389739408155265e+02,3.806639838265073195e+04,3.800401063372641511e+04,0.000000000000000000e+00
1.960499999999839593e+00,1.503648083113959899e+01,6.196511417693025825e-01,4.150967243681241148e-01,-4.444691862894332990e-03,-2.766570464658991979e-02,1.933448743091251880e-03,8.232238785262624106e+02,-6.201204404621349795e+02,-5.416850427015825744e+02,-3.489131154159393761e-02,1.727014796101021261e+02,3.840176619340684556e+04,3.963490993357431580e+04,0.000000000000000000e+00
1.965499999999839043e+00,1.503646720013769489e+01,6.195266085080690655e-01,4.151054341024526528e-01,-2.694033163684639385e-03,-1.982190153203487043e-02,3.561776606553126306e-03,-1.426782740520253810e+03,9.344204540188223973e+02,1.616643616513736788e+03,-3.494699102424872472e-02,1.731809257805665823e+02,2.604660427712236196e+04,4.714681779951822682e+04,0.000000000000000000e+00
1.970499999999838492e+00,1.503648291370980949e+01,6.195179494569551526e-01,4.150511189240378429e-01,1.656922699929833098e-02,3.424640501881928006e-02,-9.592868152107872359e-03,-1.425223008404659595e+03,1.252356822584413976e+03,1.681880834937801183e+03,-3.501230065883273457e-02,1.730449453655725165e+02,2.782561290866122363e+04,4.344842414490957890e+04,0.000000000000000000e+00
1.975499999999837941e+00,1.503659818251070668e+01,6.197806612118568204e-01,4.148774362000309246e-01,2.668571989308256634e-02,8.981528900869627241e-02,-1.814382923071469408e-02,7.708116409894923891e+02,-6.491088745373854181e+02,-7.384411945725140640e+02,-3.509553542727406050e-02,1.720254803377844155e+02,3.752201808642841206e+04,3.754027406870219420e+04,0.000000000000000000e+00
1.980499999999837391e+00,1.503674958933596884e+01,6.200991269544821050e-01,4.146371460517765395e-01,3.450525067214616631e-02,7.799492904526697523e-02,-3.391144464308405021e-02,7.363707465599968600e+02,-6.847455585275672547e+02,-5.796158146718114494e+02,-3.500999504114907235e-02,1.706579936402881117e+02,3.837083265815336927e+04,3.859313861418359738e+04,0.000000000000000000e+00
1.985499999999836840e+00,1.503694382282350261e+01,6.203329691954220237e-01,4.143341190113515315e-01,3.802404173040197649e-02,5.733052281466786970e-02,-3.499577699124526570e-02,6.695170163969324904e+02,-6.052550182918108703e+02,-5.296308145391082007e+02,-3.507011821667656987e-02,1.693979726629698916e+02,3.920121474656689679e+04,3.819638440770332090e+04,0.000000000000000000e+00
1.990499999999836289e+00,1.503703495103294863e+01,6.203709920424994584e-01,4.142017113624802405e-01,2.353076275191432528e-03,-5.930324153161418282e-03,5.254985530749847929e-03,7.808324249872456448e+02,-7.341119753951404618e+02,-5.729754239478279487e+02,-3.499682208580599807e-02,1.687329531469052313e+02,3.781726618542355573e+04,3.812945701299430220e+04,0.000000000000000000e+00
1.995499999999835739e+00,1.503700431614513811e+01,6.202794350915020738e-01,4.142547191573295873e-01,-5.435669471545419643e-03,-5.105059664154368987e-02,-2.798336406117731337e-02,3.773059809455718323e+02,-5.671052908207507244e+02,-2.068491641742511149e+02,-3.484789156207244998e-02,1.688721794960748070e+02,3.829269315215734969e+04,4.060247217861420359e+04,0.000000000000000000e+00
2.000499999999835410e+00,1.503692864547890018e+01,6.201316173465223347e-01,4.143498567561682555e-01,-1.609137791788151778e-02,-1.875911753828353457e-02,2.798045542345591746e-02,-1.437807730473532956e+03,7.276912290197119546e+02,1.543209864759763605e+03,-3.501933921411484046e-02,1.693967760310828226e+02,2.723634680097047385e+04,4.628933120548044099e+04,0.000000000000000000e+00
2.005499999999837080e+00,1.503680550907795954e+01,6.200436962112013672e-01,4.145572511398634696e-01,-1.980676530920442990e-02,-6.478553424267051442e-02,-3.572521938033323269e-02,3.999872199126446617e+02,-4.603461194653363577e+02,-1.818981464259956340e+02,-3.514840561943518432e-02,1.697094520007024698e+02,3.871518625025391520e+04,4.086678821386167692e+04,0.000000000000000000e+00
2.010499999999838749e+00,1.503670603606800782e+01,6.199526885281616551e-01,4.147054391799780415e-01,-1.189089303264057908e-02,-3.232044343797106645e-02,-6.401957390039206448e-03,7.540415115138683859e+02,-5.506432887587269533e+02,-4.884610985378071746e+02,-3.529337320194861349e-02,1.703311717791567332e+02,3.841228873974202725e+04,4.036976110547598364e+04,0.000000000000000000e+00
2.015499999999840419e+00,1.503663102400290974e+01,6.198089447426854415e-01,4.148455671890783902e-01,-1.372043752030758026e-02,-3.479179629010972774e-02,1.714718117950904397e-02,8.832105609741299759e+02,-5.293115830700626248e+02,-7.287982033488940488e+02,-3.533120155680100072e-02,1.710895809760271788e+02,3.844125077711735503e+04,3.872985764470895811e+04,0.000000000000000000e+00
2.020499999999842089e+00,1.503659232692449699e+01,6.196568201265714171e-01,4.149516057024076887e-01,2.403509651094746114e-04,-5.535152543804449515e-02,-4.453452156311678289e-02,9.265295609328363753e+02,-4.017068635919277995e+02,-8.297054257668546597e+02,-3.512401753858531567e-02,1.719787046338060748e+02,3.769496252357841877e+04,3.656091980154405610e+04,0.000000000000000000e+00
2.025499999999843759e+00,1.503653095754122049e+01,6.195955128324147632e-01,4.150607909875529966e-01,-3.700816006596560105e-03,-5.501011036123960168e-02,-5.697893997584938669e-02,6.367996719845291409e+02,-7.032035071421666999e+02,-3.395449704185926976e+02,-3.491564075463782918e-02,1.724916834282161062e+02,3.729774009814335295e+04,4.035835306373632193e+04,0.000000000000000000e+00
2.030499999999845429e+00,1.503650256465483714e+01,6.196464722969154959e-01,4.150425780346981286e-01,3.596263746581874164e-03,-1.842140993764079457e-02,-6.527207659909392556e-02,5.718736670913765465e+02,-3.758605808042732406e+02,-3.661582574172931004e+02,-3.480915505493358680e-02,1.726120364382586558e+02,3.870462482678605738e+04,4.013308204564036714e+04,0.000000000000000000e+00
2.035499999999847098e+00,1.503658149993480286e+01,6.198622429741424966e-01,4.148601587898720910e-01,2.470791035516286399e-02,-5.205962080794901761e-04,-1.129005601389356239e-01,6.272245506311612644e+02,-4.426708190442945465e+02,-4.426352413884001749e+02,-3.484614638141123044e-02,1.718912427946615651e+02,3.867763703749592241e+04,3.855113266383588052e+04,0.000000000000000000e+00
2.040499999999848768e+00,1.503671554173695135e+01,6.201283964955714989e-01,4.145709875400285793e-01,2.775468883415489404e-02,7.054210068829855004e-03,-1.119872108024950880e-01,4.720436720254708689e+02,-4.233483660087328531e+02,-3.051878062822787570e+02,-3.489522441741567393e-02,1.706851261497457983e+02,3.913988746948936750e+04,3.941693694470086484e+04,0.000000000000000000e+00
2.045499999999850438e+00,1.503687546372161776e+01,6.204252694773609855e-01,4.143427973306784695e-01,3.699549489824961734e-02,8.848813236559954776e-02,-1.564306052999919414e-02,-1.392578323074453465e+03,1.252732915958534477e+03,1.649729296691680474e+03,-3.490493795621188444e-02,1.695436834866763434e+02,2.921935783209696456e+04,4.192544660043563636e+04,0.000000000000000000e+00
2.050499999999852108e+00,1.503700557984868169e+01,6.205823656247613229e-01,4.141962183929916441e-01,9.121071913710806361e-03,8.441466919413611117e-03,2.430531486940315424e-03,-1.561461097902668598e+03,5.469303406660942528e+02,1.810187864243811873e+03,-3.481127346555334956e-02,1.689230214238908729e+02,2.622939216676124488e+04,4.585117102724622237e+04,0.000000000000000000e+00
2.055499999999853777e+00,1.503699058750781248e+01,6.206109333847005249e-01,4.142940115042109683e-01,-4.356136519864961879e-03,-1.003873223785544180e-02,-6.163077486560994064e-03,1.068164963250424535e+03,-3.801934396054517720e+02,-7.842760572883423720e+02,-3.476735027102282466e-02,1.688119718868666155e+02,3.747930431716411840e+04,3.672189104582862637e+04,0.000000000000000000e+00
2.060499999999855447e+00,1.503692792787727406e+01,6.205839057483989452e-01,4.143699552856595081e-01,-1.412153323828075485e-02,-2.633929032557144612e-02,-1.090631949989168993e-02,9.843849476675667347e+02,-5.052221757093705605e+02,-7.336292215150183438e+02,-3.479636080442566337e-02,1.692209205206980869e+02,3.733963547835857753e+04,3.644115736466211092e+04,0.000000000000000000e+00
2.065499999999857117e+00,1.503682002624971759e+01,6.204745848763133509e-01,4.145071401286810620e-01,-2.587065561998185687e-02,-1.110796204854562312e-02,5.697000471207138567e-02,-1.231204944526495865e+03,6.836474405008631265e+02,1.384554135505045451e+03,-3.486122756179674265e-02,1.700214208274599059e+02,2.774211442179128790e+04,4.673036368339263572e+04,0.000000000000000000e+00
2.070499999999858787e+00,1.503671455973636917e+01,6.203408979328323136e-01,4.147086292181640932e-01,-1.830945167662436507e-02,-1.153759028302810477e-02,7.312927384662899766e-02,-1.139048420720719378e+03,6.485439013687429224e+02,1.395387257412452755e+03,-3.487152111227691947e-02,1.710445572745549612e+02,2.692294562738183959e+04,4.649987156836061331e+04,0.000000000000000000e+00
2.075499999999860457e+00,1.503664403832913976e+01,6.202198047020639482e-01,4.148621112182201420e-01,-8.791711961514276849e-03,-4.574002727122701562e-02,-2.219543545803416562e-02,8.970869636410692465e+02,-5.145642038840746864e+02,-6.578864419318208547e+02,-3.484393283179931800e-02,1.717892907836985614e+02,3.823281637143151602e+04,3.832138184112645831e+04,0.000000000000000000e+00
2.080499999999862126e+00,1.503655988961433287e+01,6.200883228693435667e-01,4.149531962601603063e-01,-2.240797785674159340e-02,-2.041130714762548828e-02,3.092906549947420369e-02,-1.496066275759228574e+03,9.478600866544184100e+02,1.484658386075330327e+03,-3.492110584089518771e-02,1.726383956105325410e+02,2.767874448469661365e+04,4.734073892981569225e+04,0.000000000000000000e+00
2.085499999999863796e+00,1.503643387881819926e+01,6.200145303921489326e-01,4.151227258774931594e-01,-2.738419432548204815e-02,1.464624824644505247e-02,6.619651002305430854e-02,-1.052394676240841818e+03,8.892483837396233639e+02,1.150817528179035662e+03,-3.485735821655133737e-02,1.730968399908621791e+02,2.889243358176741458e+04,4.695003776775005099e+04,0.000000000000000000e+00
2.090499999999865466e+00,1.503633534947196715e+01,6.199803490521144100e-01,4.152144743161012008e-01,-1.606037839565630995e-02,-2.059077582499663564e-02,-1.195146402758107997e-02,1.159976078154263632e+03,-7.189238555947842997e+02,-9.481121905571558273e+02,-3.477705527956045234e-02,1.733565524383323293e+02,3.586411796728752961e+04,3.695490209704048902e+04,0.000000000000000000e+00
2.095499999999867136e+00,1.503634652864794852e+01,6.200991493674281596e-01,4.150912833931897361e-01,1.341744450873753533e-02,1.182705539610645791e-02,-7.102417964106919057e-02,6.473877565370295315e+02,-4.549529603139631035e+02,-4.902733053161146586e+02,-3.476249181307743130e-02,1.729000344068400636e+02,3.856740864446847991e+04,3.900197353854526591e+04,0.000000000000000000e+00
2.100499999999868805e+00,1.503648673635712285e+01,6.203392001453491567e-01,4.148207892258087282e-01,4.000626075201447335e-02,9.677790901772433119e-03,-1.191862171858761033e-01,6.777274463225106729e+02,-5.402313901648885803e+02,-4.192883697030489429e+02,-3.475154286947456511e-02,1.718161157437329507e+02,3.898807898929738440e+04,3.859281360376354860e+04,0.000000000000000000e+00
2.105499999999870475e+00,1.503672270679715162e+01,6.206469446972789905e-01,4.145669982170044898e-01,4.316428117704880496e-02,3.555971946229265906e-02,-6.499128620206452711e-02,2.991220200364444395e+02,-4.464896194186346747e+02,-1.940119373644014615e+02,-3.481128213511822805e-02,1.703303604413272296e+02,3.782532905502789072e+04,3.998173063792011817e+04,0.000000000000000000e+00
2.110499999999872145e+00,1.503686821719938926e+01,6.206792588043795744e-01,4.143998421644574104e-01,2.138699297741154456e-02,-1.023706798066359447e-02,-3.198945044681622552e-02,7.946865384165182604e+02,-5.183964269825767133e+02,-5.962378919940911146e+02,-3.486727912788426670e-02,1.700264678210929787e+02,3.861839130243173713e+04,3.860239093756546936e+04,0.000000000000000000e+00
2.115499999999873815e+00,1.503688857052369166e+01,6.206131184474326101e-01,4.144689886470382945e-01,-5.408999708449839863e-03,-3.986908209233121225e-02,-6.962013884764731283e-04,3.425794995904506095e+02,-5.775862665219345899e+02,-2.328418468192767818e+02,-3.489007011963872473e-02,1.702201200804512951e+02,3.861860520345981058e+04,4.181104819960847090e+04,0.000000000000000000e+00
2.120499999999875484e+00,1.503682905784710044e+01,6.204316403684810854e-01,4.145582923806406250e-01,-1.112785924339950751e-02,-4.586709416501257019e-02,-5.432828057951156683e-03,7.674304737027268857e+02,-4.179120515790335162e+02,-6.099971180708832890e+02,-3.492543158475858167e-02,1.707603787361848617e+02,3.905296140043275227e+04,3.908625222606354509e+04,0.000000000000000000e+00
2.125499999999877154e+00,1.503675205087813005e+01,6.202791889786212209e-01,4.146647566084579184e-01,-7.858232423929181407e-03,-4.147763789724775302e-02,-2.750022283591930031e-02,8.390280149350846841e+02,-3.751950864073853609e+02,-7.645405780969017542e+02,-3.490066869066549282e-02,1.711977379425136121e+02,3.800318566048544744e+04,3.770384274299443496e+04,0.000000000000000000e+00
2.130499999999878824e+00,1.503668330019281107e+01,6.201767175270330723e-01,4.147665368292938193e-01,-1.327029986434791198e-02,-1.187146918371316529e-02,2.730112319869689580e-02,-1.210241008402051875e+03,8.266784522679640759e+02,1.244248807954020776e+03,-3.491351777261851586e-02,1.716808356909467932e+02,2.944555867962477714e+04,4.649114966518929577e+04,0.000000000000000000e+00
2.135499999999880494e+00,1.503661590999874242e+01,6.200456363251519720e-01,4.148229115578343507e-01,-1.278405034462121864e-02,-2.486626941508224969e-02,9.542355430443388159e-03,-1.332280941387516577e+03,8.879116122097738071e+02,1.518723078880541379e+03,-3.490721123070091025e-02,1.721179602432435729e+02,2.791367975324520012e+04,4.667949772118191322e+04,0.000000000000000000e+00
2.140499999999882164e+00,1.503649860724109999e+01,6.199609221549106097e-01,4.150080834303848110e-01,-1.883753398692162087e-02,-3.754180051972968307e-02,-1.622677896683477356e-03,-1.203840491874299232e+03,9.463221522048562520e+02,1.356668212056629727e+03,-3.482112838383473463e-02,1.726606645588246920e+02,2.889230679209091613e+04,4.732467605909463600e+04,0.000000000000000000e+00
2.145499999999883833e+00,1.503637189833244925e+01,6.199021546446239483e-01,4.151425339964860961e-01,-2.115256903369016825e-02,2.584657585094905872e-03,1.680058631227269658e-02,-1.234152810163986942e+03,9.085996177337186737e+02,1.421178838522505430e+03,-3.491703604658043941e-02,1.733544357898267947e+02,2.666997055147286665e+04,4.701198767677180876e+04,0.000000000000000000e+00
2.150499999999885503e+00,1.503632058909182234e+01,6.199846678582139337e-01,4.151977010519140587e-01,1.330808711157304737e-02,3.692606701042244061e-02,-1.432094596063283355e-02,9.187752054212381836e+02,-6.527342033217455537e+02,-6.958674763494154831e+02,-3.490271193087901569e-02,1.733618923714657569e+02,3.835907730564739904e+04,3.823257212281964166e+04,0.000000000000000000e+00
2.155499999999887173e+00,1.503647578453504252e+01,6.201712514285288025e-01,4.149675925510004082e-01,4.379749093201155963e-02,4.560019943504850515e-02,-5.618697705961881589e-02,6.132197354518317525e+02,-5.473209264702555856e+02,-5.000432781451958704e+02,-3.500030506849986789e-02,1.723787952957119671e+02,3.897843299340481462e+04,3.953170188541375683e+04,0.000000000000000000e+00
2.160499999999888843e+00,1.503672729423259113e+01,6.203193850133063014e-01,4.146232959319238742e-01,5.391346852655339028e-02,-1.168402710614825906e-03,-1.095567157165052291e-01,7.080105437354307014e+02,-4.855313704949471116e+02,-4.785874050090781680e+02,-3.496078351301572934e-02,1.712486756300218360e+02,3.872615124660720903e+04,3.755068480586710211e+04,0.000000000000000000e+00
2.165499999999890512e+00,1.503696735452992961e+01,6.204635633750830159e-01,4.143592302137826811e-01,3.351549351350217865e-02,-7.054527293057220091e-04,-5.074020490797506028e-02,6.136740260805582921e+02,-7.457037761183983093e+02,-2.818853437255655194e+02,-3.486595749878267786e-02,1.700996092429797955e+02,3.740928519417448842e+04,3.911136009937580820e+04,0.000000000000000000e+00
2.170499999999892182e+00,1.503704623513080385e+01,6.204857331476981708e-01,4.143162238681680209e-01,3.794905809913629979e-03,-2.861300143104363036e-02,-2.708295171193552883e-02,4.899475739513039798e+02,-4.850135743626798330e+02,-4.454261310413360206e+02,-3.483396500437804105e-02,1.697543781443537227e+02,3.654648621777630615e+04,3.767733242489577242e+04,0.000000000000000000e+00
2.175499999999893852e+00,1.503701166903490538e+01,6.203637820780910639e-01,4.143991308435185927e-01,-1.041911723324547012e-02,-3.740322127497638927e-02,7.685435410679641345e-03,-1.346028983802287712e+03,7.791210955700549903e+02,1.511303548610412463e+03,-3.484396767458582816e-02,1.701970154394911958e+02,2.727161564365535378e+04,4.667057761013946583e+04,0.000000000000000000e+00
2.180499999999895522e+00,1.503691293536473061e+01,6.202629283220137957e-01,4.145890842448547997e-01,-2.270071729708680527e-02,-3.495015246512693692e-03,4.530683287279376609e-02,1.059234981119787790e+03,-4.463169702900514721e+02,-8.717613635199300006e+02,-3.480716091939041468e-02,1.707109854926827950e+02,3.661486675074622326e+04,3.670091166112609062e+04,0.000000000000000000e+00
2.185499999999897192e+00,1.503683423414871356e+01,6.201533915681735065e-01,4.146740361612692438e-01,-7.038712086074039309e-03,-4.628137027193220815e-02,-2.427858983450868063e-02,9.067081166402940653e+02,-4.852954250172038542e+02,-6.849162345532299696e+02,-3.479815377175496383e-02,1.711478474972716697e+02,3.838407804132344609e+04,3.785152372493027360e+04,0.000000000000000000e+00
2.190499999999898861e+00,1.503675683077178782e+01,6.199618540440876568e-01,4.147964425263396815e-01,-1.361692051715440721e-02,-6.870730050076806483e-02,-1.136854978182759478e-03,8.699243951239823218e+02,-6.358453217211085757e+02,-6.155982312722512688e+02,-3.476020674834804508e-02,1.716485221093671498e+02,3.793481996344860090e+04,3.810274533013664768e+04,0.000000000000000000e+00
2.195499999999900531e+00,1.503663770402513755e+01,6.196559081017998238e-01,4.149036424344124119e-01,-1.652374911315054873e-02,-9.572244640235312574e-02,-4.981629580582778993e-02,7.584037342150948007e+02,-4.338400563215208194e+02,-5.276671934920535705e+02,-3.470340019310704655e-02,1.721060839197139671e+02,3.799344122607592726e+04,3.825379907454856584e+04,0.000000000000000000e+00
2.200499999999902201e+00,1.503650452522141023e+01,6.195961244553933600e-01,4.151046332695274010e-01,-1.517792325436394772e-02,-2.406354898658540076e-02,-2.287895264560662473e-02,7.021832185096423018e+02,-3.150727254171605409e+02,-4.947877608500047018e+02,-3.455841283759369942e-02,1.721576575209501243e+02,3.870271558576193638e+04,4.011565052290529275e+04,0.000000000000000000e+00
2.205499999999903871e+00,1.503654593863648437e+01,6.197471526521523000e-01,4.149222484581669423e-01,2.282670931291473290e-02,1.837112524951880349e-02,-9.215350620907825085e-02,7.899934331785218546e+02,-4.879227535413746182e+02,-5.744846878877229983e+02,-3.471961220415208799e-02,1.717582214128343878e+02,3.834512303583764879e+04,3.770907696391821810e+04,0.000000000000000000e+00
2.210499999999905540e+00,1.503675103615777431e+01,6.201094582863047044e-01,4.146833462719134444e-01,4.570554057777837659e-02,4.130097588444608947e-02,-8.446272999599162279e-02,4.971288177923510148e+02,-6.293750262143295231e+02,-2.713144624814862595e+02,-3.507469530760486121e-02,1.703746650248979222e+02,3.911297476056421874e+04,3.936930990541623760e+04,0.000000000000000000e+00
2.215499999999907210e+00,1.503695262995951865e+01,6.202309908427666718e-01,4.144093298817502768e-01,3.134657445615759291e-02,3.031105026483727274e-02,-8.691816274964278555e-03,6.186779870333684812e+02,-5.945968384449704445e+02,-5.617943489264365553e+02,-3.504841150697118879e-02,1.695940789664982447e+02,3.824677686416092183e+04,3.884133629285800998e+04,0.000000000000000000e+00
2.220499999999908880e+00,1.503705012048374989e+01,6.202557287240904049e-01,4.143403825136460217e-01,1.639043029568096419e-03,3.964999773322496618e-03,1.304576309074974121e-02,5.693464030511127021e+02,-6.433309634332439373e+02,-5.072679123424402974e+02,-3.468844751818982164e-02,1.693964580028896592e+02,3.800750700106433942e+04,3.898271992607640277e+04,0.000000000000000000e+00
2.225499999999910550e+00,1.503702608305038169e+01,6.202035702133451567e-01,4.143475443649917156e-01,-5.696562381098018227e-03,-3.163504618251532230e-02,-2.688007739832421611e-02,8.482075234786202600e+02,-3.141056859596437221e+02,-5.746068899046139222e+02,-3.473627672975741071e-02,1.696719573317417940e+02,3.795529332527637598e+04,3.816975360127574095e+04,0.000000000000000000e+00
2.230499999999912220e+00,1.503695077424816340e+01,6.201920591287186646e-01,4.144850217040052520e-01,-2.231927083380548515e-02,2.256562673344584408e-02,7.829168019448279336e-02,-1.274587235064831475e+03,5.547091033502310893e+02,1.509542155171296827e+03,-3.475479248410359018e-02,1.702209681490853654e+02,2.655726141371981794e+04,4.559332718937884056e+04,0.000000000000000000e+00
2.235499999999913889e+00,1.503687269736682630e+01,6.201284759637072375e-01,4.145872866002086043e-01,-1.836824539606554327e-02,-1.857859323115777089e-02,2.185182388903538636e-02,7.153631825695617863e+02,-5.970118976169437701e+02,-5.970600396269886687e+02,-3.473213329719983256e-02,1.707656875324195482e+02,3.825520061989747046e+04,3.916752288610237883e+04,0.000000000000000000e+00
2.240499999999915559e+00,1.503677677453415207e+01,6.200165418551700780e-01,4.146697848220024518e-01,-1.589449648243127303e-02,-4.238492052567546103e-02,-2.578547650861184523e-02,6.404601540020273660e+02,-2.110871990385035417e+02,-5.387011744048488708e+02,-3.487879620057610097e-02,1.713331996199533478e+02,3.705798582718084072e+04,3.787785499513720424e+04,0.000000000000000000e+00
2.245499999999917229e+00,1.503674545421722186e+01,6.200934013444234782e-01,4.147242553305667823e-01,4.896790454436337342e-03,-8.577710964088328810e-03,-4.705690662715834860e-02,1.014931984340877307e+03,-4.250947777477090881e+02,-4.468266090224893787e+02,-3.472195827035082227e-02,1.714300025534937220e+02,3.726667026911515859e+04,3.695592906438809587e+04,0.000000000000000000e+00
2.250499999999918899e+00,1.503676169785869909e+01,6.201177278834905104e-01,4.147502964025457928e-01,3.724819732093570101e-03,3.351448981537660105e-03,-1.206470293132672414e-02,1.048007024139379837e+03,-5.907175493386139351e+02,-9.113398882255085027e+02,-3.477272025724743171e-02,1.717120164011048757e+02,3.721369115378984861e+04,3.607279642991327273e+04,0.000000000000000000e+00
2.255499999999920568e+00,1.503676550655961641e+01,6.201282109354163685e-01,4.147595964726743523e-01,-4.484229711289314940e-03,-7.669288995475633149e-03,5.392217904497131203e-03,8.884515261747123986e+02,-6.891438332530402704e+02,-6.545812863206956536e+02,-3.480577519148236182e-02,1.717867836529876229e+02,3.728276139352052996e+04,3.754880096283760940e+04,0.000000000000000000e+00
2.260499999999922238e+00,1.503674317099665458e+01,6.200088934373023664e-01,4.147458651326995649e-01,-9.430081286531628165e-03,-2.058029817609610679e-02,1.770590734800861835e-02,-1.443918458400373538e+03,6.162942241254385181e+02,1.679840736941169553e+03,-3.486549530703901556e-02,1.719996441757995456e+02,2.628508137394443474e+04,4.612980901031348185e+04,0.000000000000000000e+00
2.265499999999923908e+00,1.503667326767210710e+01,6.199406604589946523e-01,4.148669784994477583e-01,-1.969717811963488455e-02,9.156357307460857506e-03,6.376614801047117420e-02,9.498013099416449450e+02,-6.482713627326504593e+02,-7.876668671307249951e+02,-3.476989526164207117e-02,1.720893760472453096e+02,3.804159018771160481e+04,3.900828744955272123e+04,0.000000000000000000e+00
2.270499999999925578e+00,1.503663643637223757e+01,6.198376598961503614e-01,4.148708392270017420e-01,-1.243024697561157486e-02,2.062504987694578195e-03,4.603425962773555896e-02,1.088843286005137315e+03,-6.411394097093983646e+02,-8.607582406386027287e+02,-3.489932852534587127e-02,1.722550539130183438e+02,3.788815844900619413e+04,3.798024548042158131e+04,0.000000000000000000e+00
2.275499999999927248e+00,1.503661816886440405e+01,6.197509575095446754e-01,4.148960890141256685e-01,1.045128266694409544e-04,-1.609868503790293226e-02,-1.392116740511464834e-02,8.506015038547848235e+02,-4.151302817074093809e+02,-7.159069740603686114e+02,-3.508947584898466227e-02,1.725130892920591918e+02,3.839462201905041002e+04,3.825191585994339403e+04,0.000000000000000000e+00
2.280499999999928917e+00,1.503668712022604836e+01,6.198359007156718503e-01,4.147451525229299274e-01,2.656600703902464375e-02,2.855424775704479973e-02,-4.656401549721036343e-02,-9.889494804967329173e+02,1.340703551113255571e+03,1.399459781477117986e+03,-3.510188731904446274e-02,1.723977020388182382e+02,3.040278098892515118e+04,4.356843053136759409e+04,0.000000000000000000e+00
2.285499999999930587e+00,1.503683820833569662e+01,6.200206321355679062e-01,4.145442602905732854e-01,3.659718676617224054e-02,-1.830005975013233518e-02,-1.107539721182728976e-01,5.458076578911280876e+02,-4.142682184928708011e+02,-3.590191627895152919e+02,-3.497623291723828132e-02,1.714594279195455897e+02,3.964510108802450850e+04,3.788436938872356404e+04,0.000000000000000000e+00
2.290499999999932257e+00,1.503704803205665463e+01,6.201460153694522415e-01,4.142704398793741749e-01,3.981466041622944846e-02,-2.965652860987513795e-02,-1.161382457385571054e-01,5.980218324718586018e+02,-5.069321120914177641e+02,-3.973035423551875738e+02,-3.497965711544888390e-02,1.703319509573574351e+02,3.853072205760004726e+04,3.776178216143308964e+04,0.000000000000000000e+00
2.295499999999933927e+00,1.503709725076017989e+01,6.200937349022458411e-01,4.142443540446623662e-01,2.447771900304587019e-03,-5.505262000684654766e-02,-5.875675139155239757e-02,5.444609947898200062e+02,-5.209419121072485268e+02,-3.997282445349177920e+02,-3.488789605703139507e-02,1.697226489414030084e+02,3.814807655879736558e+04,3.777965681663083524e+04,0.000000000000000000e+00
2.300499999999935596e+00,1.503700311478511331e+01,6.200142231340740606e-01,4.143744506832110486e-01,-2.656920169741404728e-02,-3.155822699193763098e-02,9.704008772664318022e-03,5.159973423516703406e+02,-5.273061406704140381e+02,-3.073712076147477887e+02,-3.494051675295607035e-02,1.697154331668123177e+02,3.873323261181943963e+04,4.106311369922364247e+04,0.000000000000000000e+00
2.305499999999937266e+00,1.503685866796883808e+01,6.199308450098169887e-01,4.145527177908124306e-01,-2.689428230693161406e-02,-3.171974412218331318e-02,6.070062501162621152e-03,7.280229406640348770e+02,-5.400075213150705622e+02,-5.346106071930707913e+02,-3.505298859068876893e-02,1.700560435283939000e+02,3.845304828290203295e+04,3.881542421823348559e+04,0.000000000000000000e+00
2.310499999999938936e+00,1.503673647045838280e+01,6.198492720244200838e-01,4.146797110921843221e-01,-1.975745584280386158e-02,-2.999362494452403882e-02,-1.472435313854920371e-03,6.827213533460947019e+02,-4.984382392307009013e+02,-5.442461711453457838e+02,-3.519562227934727033e-02,1.707585889090649118e+02,3.842753148754662834e+04,3.943919269429700216e+04,0.000000000000000000e+00
2.315499999999940606e+00,1.503663453185755294e+01,6.197824012270469751e-01,4.148125644122189204e-01,-2.019882156052602018e-02,2.522660629640883297e-04,5.478845177910778713e-02,-1.151897903508555373e+03,7.939335366908431979e+02,1.398843921495860741e+03,-3.529678830488804792e-02,1.714418839613819898e+02,2.805920646090300943e+04,4.660457668718206696e+04,0.000000000000000000e+00
2.320499999999942276e+00,1.503655445991375394e+01,6.197121353628241014e-01,4.149661688641239077e-01,-2.042422271717994967e-02,-9.193208880719106607e-03,5.441118866469860788e-02,1.048745543817288535e+03,-7.010273132625898143e+02,-8.400259516049783315e+02,-3.532144363617052002e-02,1.721130176384534423e+02,3.763519235739604483e+04,3.807542307290220924e+04,0.000000000000000000e+00
2.325499999999943945e+00,1.503646033668297832e+01,6.196021094095022219e-01,4.150990553286487694e-01,-1.485787649777374139e-02,-4.112157758498660026e-02,-1.696324068421780143e-02,8.269502653911564494e+02,-5.817845899291667138e+02,-6.347087008207276995e+02,-3.514757859633681897e-02,1.727752597723753638e+02,3.834468899056452938e+04,3.826487929379984416e+04,0.000000000000000000e+00
2.330499999999945615e+00,1.503637970470942165e+01,6.195429679254267352e-01,4.151829743444873655e-01,-1.494771653220372358e-02,-3.073054935634321732e-03,3.310173141145521941e-02,-1.304455551353736155e+03,8.322457218140206123e+02,1.572078553427955285e+03,-3.502617074589016444e-02,1.733267563559961673e+02,2.590794435305451043e+04,4.596362240365549951e+04,0.000000000000000000e+00
2.335499999999947285e+00,1.503639833011077265e+01,6.196488818375542884e-01,4.151162448582654263e-01,2.370288273149923422e-02,2.676737173761413111e-02,-6.920164135532823335e-02,-1.159521701453770675e+03,1.761832137494900962e+03,1.271224144492254709e+03,-3.496395578598937570e-02,1.731640803588017832e+02,3.041415381347509538e+04,4.394499010679736239e+04,0.000000000000000000e+00
2.340499999999948955e+00,1.503657289095734662e+01,6.199645998164983185e-01,4.148673723461768215e-01,3.839270930087883976e-02,7.641571732261118188e-02,-4.223078367667627842e-02,4.966848540870471425e+02,-6.389497905570909779e+02,-3.381129690727289585e+02,-3.506150334055005424e-02,1.718277938780109935e+02,3.883780698495076649e+04,4.087369323049970262e+04,0.000000000000000000e+00
2.345499999999950624e+00,1.503678905992725667e+01,6.202210663403705526e-01,4.144919662785529479e-01,4.401343875435705100e-02,2.273444602239356460e-02,-9.883137657143127586e-02,6.749856663679970552e+02,-5.629748154611181690e+02,-4.487394570776203864e+02,-3.492752188086412080e-02,1.705029023797667946e+02,3.898600561103994551e+04,3.819438888543112989e+04,0.000000000000000000e+00
2.350499999999952294e+00,1.503703058571599449e+01,6.205064956921213515e-01,4.142019249649971924e-01,4.710591339986616721e-02,4.989481950288576773e-02,-5.492440747502557591e-02,4.690543566999895120e+02,-5.075067232609259236e+02,-3.863536207473021591e+02,-3.478203923326129293e-02,1.690097622031029516e+02,4.008515921806474944e+04,3.880398700751502474e+04,0.000000000000000000e+00
2.355499999999953964e+00,1.503715043239262350e+01,6.205702769581961098e-01,4.140316600255101731e-01,6.086172151244780525e-03,-2.391377367125525205e-02,-4.417733862305982945e-02,8.105503897573937593e+02,-3.452507823105001989e+02,-6.549131822230943953e+02,-3.474048913510349723e-02,1.681470051433436765e+02,3.736968155911485519e+04,3.634542618483478145e+04,0.000000000000000000e+00
2.360499999999955634e+00,1.503707803563767698e+01,6.204805545355577268e-01,4.141232157569590955e-01,-2.449182049958563423e-02,-5.348905008694022911e-02,-1.278309670523515400e-02,3.420199567569492274e+02,-4.143375597366726311e+02,-2.315844073990822096e+02,-3.489768022342035203e-02,1.684428941402482849e+02,3.745217056788376794e+04,3.999109058601565630e+04,0.000000000000000000e+00
2.365499999999957303e+00,1.503694383686738689e+01,6.203497787942002795e-01,4.143606303190167650e-01,-2.136546909673511796e-02,-6.824573755073891357e-02,-2.436132807667738126e-02,4.015685805985555703e+02,-5.289490592351726264e+02,-1.965118120687383225e+02,-3.475062600409034586e-02,1.690086241099562017e+02,3.806960562843846128e+04,4.061185737166891340e+04,0.000000000000000000e+00
2.370499999999958973e+00,1.503678190732863840e+01,6.201692726770871023e-01,4.145839551177329385e-01,-2.409900965915301452e-02,-4.065125967481885566e-02,1.343602739010030418e-02,-1.302266481569149164e+03,7.586218110276809057e+02,1.463566049750403408e+03,-3.479115646781643506e-02,1.699915617059937460e+02,2.766172993184014922e+04,4.675093995552966953e+04,0.000000000000000000e+00
2.375499999999960643e+00,1.503663812157077295e+01,6.200403224411902281e-01,4.148061508970066757e-01,-2.432478066676390174e-02,-1.565215832594700138e-02,3.686732811183842523e-02,-1.014351050184092855e+03,8.623408977698280751e+02,1.122389536814140683e+03,-3.477224440983744252e-02,1.708628724062617152e+02,2.805290468806264471e+04,4.723510533614736050e+04,0.000000000000000000e+00
2.380499999999962313e+00,1.503654978932640773e+01,6.199501951420485213e-01,4.149138178806502930e-01,-1.353900128306087872e-02,-2.116335059308449215e-02,2.306808026038317111e-02,-1.361699866983256470e+03,7.365975409941671614e+02,1.666280850814602218e+03,-3.477961553312699378e-02,1.715975839828755625e+02,2.669497890680914134e+04,4.616048528176410764e+04,0.000000000000000000e+00
2.385499999999963983e+00,1.503649673443237056e+01,6.198414203555221436e-01,4.150424693601650894e-01,-5.398194412149908208e-03,-3.312188854312893282e-02,7.621123122826364144e-03,1.028023961602648569e+03,-5.245874823168243211e+02,-7.729182939498858786e+02,-3.484033560777063249e-02,1.720938656482706222e+02,3.815150556083364791e+04,3.764586946271928900e+04,0.000000000000000000e+00
2.390499999999965652e+00,1.503646678561674754e+01,6.196688289262647364e-01,4.150883501066704451e-01,1.831097806924242332e-03,-5.810020747188785611e-02,-5.303405976648278841e-02,6.517105402541768626e+02,-3.960337212605925288e+02,-5.341134105741866733e+02,-3.497046378844474723e-02,1.726681377949582270e+02,3.852073334696060192e+04,3.817333351732891606e+04,0.000000000000000000e+00
2.395499999999967322e+00,1.503645732265153789e+01,6.197154584955577583e-01,4.150999666243468389e-01,1.121666033816852773e-02,5.635519716536966511e-02,5.271138467334465262e-03,-1.083647947802016233e+03,1.396577256329713236e+03,1.265923146721817830e+03,-3.502871856387690386e-02,1.728387320588489899e+02,2.950509201756801122e+04,4.403383612013089441e+04,0.000000000000000000e+00
2.400499999999968992e+00,1.503658423498181662e+01,6.199230112660917280e-01,4.148196879276093707e-01,3.284184041697066347e-02,2.620975261651952576e-02,-9.840256604868351242e-02,6.868411086420528591e+02,-4.749518084485960685e+02,-5.852935441572867603e+02,-3.501972092247018081e-02,1.718833891877310407e+02,3.881042282612056442e+04,3.793901719832682284e+04,0.000000000000000000e+00
2.405499999999970662e+00,1.503676530711098813e+01,6.202160727231669224e-01,4.145139402528185690e-01,4.290865557757108512e-02,1.080909042290750244e-01,-6.088505203572199161e-03,-1.089190649500560539e+03,1.167708810667648095e+03,1.495130306975558597e+03,-3.511991587326263042e-02,1.704949754476694181e+02,2.893780978709758710e+04,4.372399261657126044e+04,0.000000000000000000e+00
2.410499999999972331e+00,1.503696489985833651e+01,6.204725831306271422e-01,4.142499538955433658e-01,4.285244202989911544e-02,8.862379515228818727e-02,1.392492982082130237e-02,-8.878713002410755735e+02,1.118175757437888251e+03,1.141772543672771917e+03,-3.503884405617283676e-02,1.694164237744535910e+02,3.140177917807028643e+04,4.268677797742826078e+04,0.000000000000000000e+00
2.415499999999974001e+00,1.503711403596376783e+01,6.205803455769414168e-01,4.140719402168884788e-01,1.480340627982005934e-02,2.259546582933123424e-02,4.184132150203592748e-02,-1.454798124332076668e+03,5.497041130894060643e+02,1.735307943678707488e+03,-3.492054952677217661e-02,1.688528300750737685e+02,2.526655239921215252e+04,4.592468850659638701e+04,0.000000000000000000e+00
2.420499999999975671e+00,1.503710281221326106e+01,6.205151336744586521e-01,4.141755771592250945e-01,-1.987936553329529982e-02,-3.910849654352349311e-03,7.507962514152614897e-02,-1.436539122454850258e+03,6.335448430796548109e+02,1.606524186183525444e+03,-3.487606342364677620e-02,1.689690537507045747e+02,2.626865879182559001e+04,4.631111039694045758e+04,0.000000000000000000e+00
2.425499999999977341e+00,1.503700322121910560e+01,6.203966802465685770e-01,4.142996218428603439e-01,-2.005935885369425006e-02,8.428557124683183849e-04,4.585448569253999102e-02,-1.010687723283881724e+03,8.020718469224817682e+02,1.143236264135357487e+03,-3.492039975075035552e-02,1.695424272120193621e+02,2.833683838595926500e+04,4.701132302999985404e+04,0.000000000000000000e+00
2.430499999999979011e+00,1.503689988131903732e+01,6.203418148922974495e-01,4.144298291291183545e-01,-1.614589282651228072e-02,-1.057348760372068749e-02,1.655883596938287697e-02,-1.037598579457182268e+03,7.645897713134721698e+02,1.213894485155868324e+03,-3.490147941091165107e-02,1.699267496686846926e+02,2.865180800133450248e+04,4.719323594083370699e+04,0.000000000000000000e+00
2.435499999999980680e+00,1.503678367561262874e+01,6.202341585539785651e-01,4.146415513984449963e-01,-2.597966225589240161e-02,-3.627661057394810512e-02,4.424585978428530880e-02,5.876509044938850366e+02,-6.145947048633423719e+02,-4.100802244228460154e+02,-3.480933944877358938e-02,1.703821431844584140e+02,3.828724038366509922e+04,4.104384622721416963e+04,0.000000000000000000e+00
2.440499999999982350e+00,1.503666564853197052e+01,6.200370901158648307e-01,4.148164705428133980e-01,-2.196504742858133158e-02,-3.064858020471713726e-02,4.521281122401283464e-02,9.733611265615269303e+02,-5.466741894938004407e+02,-8.068503757472684583e+02,-3.479942795767342750e-02,1.712130376564694245e+02,3.857350045913402573e+04,3.866783195885147143e+04,0.000000000000000000e+00
2.445499999999984020e+00,1.503660372072569018e+01,6.198776621266371967e-01,4.149085906424339609e-01,1.237666818715122069e-03,-6.090897268968414879e-02,-4.776524022543734288e-02,9.396003757176254112e+02,-4.651404608992463068e+02,-8.054038064050373578e+02,-3.488934359391569068e-02,1.718200372336850137e+02,3.795934631575421372e+04,3.673886948758718063e+04,0.000000000000000000e+00
2.450499999999985690e+00,1.503658059095641519e+01,6.197950720949206849e-01,4.149492597926445758e-01,-2.490229132591607018e-03,-2.936141545306414705e-02,-1.313954168618766336e-02,-1.341114535461060541e+03,8.478200479552502884e+02,1.522089655565456269e+03,-3.497105468665302752e-02,1.723987981909188250e+02,2.819212836684634749e+04,4.646896153172004415e+04,0.000000000000000000e+00
2.455499999999987359e+00,1.503650631920810277e+01,6.197375090908385786e-01,4.150415457677955056e-01,-1.550787072569700421e-02,-3.748067869167068245e-02,-2.165133932896056573e-02,8.505667690072243659e+02,-7.079616768785600698e+02,-6.436021637156773068e+02,-3.490514069059527658e-02,1.727643731761943400e+02,3.698321044672830612e+04,3.879855048228992382e+04,0.000000000000000000e+00
2.460499999999989029e+00,1.503646195008294306e+01,6.197852224288878942e-01,4.150272465558526580e-01,7.439212840335776393e-03,-2.725337078169691105e-02,-8.901611881168750018e-02,6.666341340391385302e+02,-4.462407308710646134e+02,-4.738981199806374889e+02,-3.483743505819998643e-02,1.728146297261904181e+02,3.850541396706882369e+04,3.820287912869453430e+04,0.000000000000000000e+00
2.465499999999990699e+00,1.503655787084335138e+01,6.199854468850606315e-01,4.148107424216954109e-01,3.182370921590691598e-02,3.622407568776247339e-02,-6.617775773730935618e-02,-1.010437914595259144e+03,1.321400351887019042e+03,1.429638237949007589e+03,-3.493289116963660401e-02,1.721717121109925017e+02,3.005529195774774053e+04,4.358960103937492386e+04,0.000000000000000000e+00
2.470499999999992369e+00,1.503674802941247357e+01,6.202274360912845008e-01,4.145502487782912748e-01,3.440119404764306610e-02,2.119898251573843276e-02,-5.198848379496601169e-02,-1.369110462491228645e+03,7.390300545067689200e+02,1.663518035569641825e+03,-3.481325030180722202e-02,1.710046430098946644e+02,2.719687519893651552e+04,4.598361163192729873e+04,0.000000000000000000e+00
2.475499999999994039e+00,1.503683340857974216e+01,6.202826576708303508e-01,4.145066925602746144e-01,7.874146749810606236e-03,-1.541182163060682980e-02,-2.020402718277806639e-02,7.712866586205673229e+02,-6.347484925520591332e+02,-5.761454500228318238e+02,-3.479320239745449517e-02,1.704024624708401348e+02,3.752572507934476744e+04,3.787924069727266033e+04,0.000000000000000000e+00
2.480499999999995708e+00,1.503682044060188971e+01,6.202300049330561338e-01,4.145434954938233552e-01,-1.663983812114843211e-02,-3.003345042018964084e-04,5.109106733928659577e-02,-1.496026706578982612e+03,6.372717642865967491e+02,1.641701655379928752e+03,-3.482578604053007676e-02,1.704846192691975375e+02,2.561845608470884326e+04,4.659317605722448207e+04,0.000000000000000000e+00
2.485499999999997378e+00,1.503674482836387227e+01,6.200588064925809384e-01,4.146280796601538587e-01,-1.003618191635788533e-02,-6.893623781101063108e-02,-2.343167972265366994e-02,4.600544063256874097e+02,-4.843962115938501825e+02,-2.434781431277677655e+02,-3.478030710051525920e-02,1.707987584601389415e+02,3.883391812949374435e+04,4.057847925234083232e+04,0.000000000000000000e+00
2.490499999999999048e+00,1.503667025819502179e+01,6.199414262385687380e-01,4.147712946329524808e-01,-2.213145793516015612e-03,-6.209603057303947349e-02,-5.138351200256546791e-02,9.235097333507537769e+02,-4.571446067879146540e+02,-7.835832677235749770e+02,-3.490470149122536919e-02,1.712580891888555925e+02,3.777895144220198563e+04,3.652387918778487801e+04,0.000000000000000000e+00
2.495500000000000718e+00,1.503662162292842908e+01,6.198338579638767998e-01,4.148698049536926891e-01,-9.092688180407254919e-03,-2.844809180078369110e-02,6.669377233335227646e-03,7.733077110146242603e+02,-5.910350085587479043e+02,-5.926522558263778819e+02,-3.506730541867784934e-02,1.718768319191285627e+02,3.889508021221832314e+04,3.852455269267216499e+04,0.000000000000000000e+00
2.500500000000002387e+00,1.503658011093363633e+01,6.197747959320850653e-01,4.149886888389408002e-01,-1.266380326300007263e-02,2.272396461468151818e-04,5.716908518341226597e-02,8.377231425049396876e+02,-8.015182531666496288e+02,-5.432862884038594302e+02,-3.501218100977565584e-02,1.724333978576169386e+02,3.861832723810230527e+04,4.007981423667362105e+04,0.000000000000000000e+00
2.505500000000004057e+00,1.503661505996488224e+01,6.197883557048412539e-01,4.148921948593150000e-01,2.346047034507525372e-02,4.179606129874633563e-02,-3.132868319929175971e-02,-9.835163745454754007e+02,1.333157913383078949e+03,1.341451333675089472e+03,-3.504629616094685762e-02,1.724728574424737815e+02,3.021022627456034388e+04,4.377037227773357154e+04,0.000000000000000000e+00
2.510500000000005727e+00,1.503676555855446395e+01,6.200214404258235223e-01,4.146431803766546520e-01,3.227149987617300431e-02,5.489370857258260572e-02,-4.326399907196675637e-02,5.383222974653517667e+02,-5.184722013595687713e+02,-3.646430923484975324e+02,-3.503000536184569524e-02,1.715318931274949250e+02,3.759571004407751025e+04,4.020133288829267985e+04,0.000000000000000000e+00
2.515500000000007397e+00,1.503692430186156948e+01,6.202579574980809918e-01,4.143989728805187456e-01,3.300512979369529809e-02,3.472689640415931814e-03,-1.088009238170937892e-01,5.644347375148228139e+02,-5.572289713430113807e+02,-4.805366838769418791e+02,-3.487869545931961135e-02,1.705722013915363107e+02,3.728626759771649085e+04,3.683960366434435127e+04,0.000000000000000000e+00
2.520500000000009067e+00,1.503698628882787780e+01,6.203310292562038697e-01,4.143367371586636483e-01,4.373540285535272056e-03,3.336942731534251003e-03,-6.913729177314103906e-03,1.013120452662508796e+03,-3.562227687291096458e+02,-7.022319638756764562e+02,-3.485177255950013681e-02,1.701077008073132788e+02,3.666627700723625458e+04,3.609656196026637190e+04,0.000000000000000000e+00
2.525500000000010736e+00,1.503695446319637874e+01,6.203248577620155135e-01,4.144009667649954376e-01,-1.115558553375131136e-02,-2.085132601344710096e-02,6.566687518377011326e-03,8.010391979201738195e+02,-6.602677921034558040e+02,-6.030151117621427375e+02,-3.485163762250845926e-02,1.702630117636737452e+02,3.795475284812691825e+04,3.821429847765080922e+04,0.000000000000000000e+00
2.530500000000012406e+00,1.503687432606433383e+01,6.202805194581106907e-01,4.145038016619171373e-01,-2.403769033334880040e-02,4.785332349879619848e-03,5.218495302502562661e-02,8.812670876288950694e+02,-5.849749630604575259e+02,-5.347209065831954149e+02,-3.485097747474689978e-02,1.706153193933450609e+02,3.774020450562575570e+04,3.994154105756257923e+04,0.000000000000000000e+00
2.535500000000014076e+00,1.503679705135651723e+01,6.201650702029224416e-01,4.145965404161194856e-01,-1.166636974737357037e-02,-3.062674917194998722e-02,-7.323056000749007290e-03,9.781937884918287409e+02,-4.416397055032943513e+02,-7.975427686938778606e+02,-3.487310974661774615e-02,1.709762177226632218e+02,3.703636503183983586e+04,3.633820653824676992e+04,0.000000000000000000e+00
2.540500000000015746e+00,1.503673369486816291e+01,6.201061944472739951e-01,4.147476054368577914e-01,-1.169754539312956726e-02,-1.453504868369287495e-02,3.460876903271492555e-02,8.232545800824505022e+02,-5.687289748141132577e+02,-7.051378812353806325e+02,-3.489952114829635021e-02,1.715627136813405400e+02,3.842057361641660827e+04,3.896012322807108285e+04,0.000000000000000000e+00
2.545500000000017415e+00,1.503667168300817991e+01,6.199815219270732314e-01,4.148140367756937841e-01,-2.068964657086869163e-02,-1.994691037626286981e-02,3.770484241622920618e-02,-1.558516863176692141e+03,7.803705118778365204e+02,1.727399618656773555e+03,-3.503321513210201632e-02,1.720779777971979172e+02,2.683043902663832705e+04,4.689611477696600195e+04,0.000000000000000000e+00
2.550500000000019085e+00,1.503653171027196578e+01,6.198232109459292927e-01,4.149834244667342520e-01,-3.090263710060347016e-02,-2.103023327542525439e-02,4.494441049369688607e-02,-1.234695537893204573e+03,9.388602787803719139e+02,1.405815693701445980e+03,-3.517966591898272904e-02,1.727439442765595459e+02,2.751388228170299408e+04,4.709472649323707446e+04,0.000000000000000000e+00
2.555500000000020755e+00,1.503644596544178036e+01,6.197789678798716340e-01,4.150518961846618171e-01,1.549906079827656838e-03,-3.484778944892798994e-03,-4.244140957253658003e-02,1.067791000121328125e+03,-5.290503095069036590e+02,-8.696654307084822904e+02,-3.524604020600622528e-02,1.728919464681942486e+02,3.746949339948148554e+04,3.685882580868793593e+04,0.000000000000000000e+00
2.560500000000022425e+00,1.503652049555499737e+01,6.200034502119097235e-01,4.149371347201411542e-01,2.545765830397457921e-02,6.762252621814761333e-02,-1.176003552493030263e-02,9.407946189822380347e+02,-6.927375877115797493e+02,-7.298428642390670120e+02,-3.518003099396919964e-02,1.721882024931605031e+02,3.881916961907456425e+04,3.862208696141999826e+04,0.000000000000000000e+00
2.565500000000024095e+00,1.503667609617279233e+01,6.201375804203580477e-01,4.147512898912483204e-01,2.243131088894091685e-02,3.379960855978781514e-02,2.518626809168970568e-02,7.258878583088110190e+02,-7.760059515470145470e+02,-6.210463486480351776e+02,-3.500931137309955948e-02,1.713798362935899036e+02,3.816461123631109513e+04,3.869617541048797284e+04,0.000000000000000000e+00
2.570500000000025764e+00,1.503675142119200281e+01,6.201304178642266240e-01,4.146846424295132505e-01,9.112382694200732089e-03,-2.045535748128701758e-02,-3.191034730397231123e-02,6.786535270024185138e+02,-6.286934142789262978e+02,-5.614191575096429005e+02,-3.486893462762052226e-02,1.710309262610377061e+02,3.742684461592889420e+04,3.835806500088796020e+04,0.000000000000000000e+00
2.575500000000027434e+00,1.503675712009415122e+01,6.200800940732472677e-01,4.146530790463774374e-01,-4.995559454850708424e-03,-2.799722359161413866e-03,2.338213752047026486e-02,-1.184766433463477370e+03,7.963791862614641559e+02,1.370645201102938699e+03,-3.490363098352413512e-02,1.710143203576051860e+02,2.714994514997015722e+04,4.619220712205504969e+04,0.000000000000000000e+00
2.580500000000029104e+00,1.503673108005259351e+01,6.199809960032747203e-01,4.146613988394602934e-01,-3.048171184922404773e-03,-4.687683801363975306e-02,-2.858361718617578526e-02,5.076249312449548370e+02,-5.294681705366382403e+02,-2.913385648738491227e+02,-3.492586914252886893e-02,1.711165908272862737e+02,3.864677325493648823e+04,4.081702261783510039e+04,0.000000000000000000e+00
2.585500000000030774e+00,1.503669329688622724e+01,6.198980225157766366e-01,4.147694958817728650e-01,-3.559198963175834191e-03,5.288006411094607617e-03,3.517196435692847289e-02,8.837865558909677475e+02,-5.219959394046860552e+02,-7.486102812731575114e+02,-3.502195138402378755e-02,1.714565313110989564e+02,3.909553811533720727e+04,3.800292697895249876e+04,0.000000000000000000e+00
2.590500000000032443e+00,1.503674101239236727e+01,6.199066939608158799e-01,4.147004753903481555e-01,1.821385668188392482e-02,5.043579638276194342e-03,-4.285581164783402314e-02,4.903497666984283114e+02,-6.052255077877869098e+02,-2.642492161945455678e+02,-3.497620223822003882e-02,1.713282352063286282e+02,3.929939526275323442e+04,4.036310650697254459e+04,0.000000000000000000e+00
2.595500000000034113e+00,1.503678546138727157e+01,6.199290577042206873e-01,4.146046385237148746e-01,1.341865205139991697e-02,-8.551861018341462908e-03,-4.383978098215057795e-02,-1.142938399174048072e+03,8.383844420076140977e+02,1.318873145125923656e+03,-3.497010605093617275e-02,1.714804460944598077e+02,2.915331701747270563e+04,4.682470390803022019e+04,0.000000000000000000e+00
2.600500000000035783e+00,1.503678328945173703e+01,6.200108803022048587e-01,4.147084629802244571e-01,2.203499135009734334e-04,-2.480670740264714555e-02,-3.101761659893816081e-02,4.991954480466617383e+02,-3.357878255045672518e+02,-3.774002504692070374e+02,-3.502137889778483837e-02,1.712485512022527416e+02,3.686311786690866575e+04,4.008964317775074596e+04,0.000000000000000000e+00
2.605500000000037453e+00,1.503675846668336291e+01,6.199067119955146143e-01,4.147220562903127239e-01,-7.646358574054753186e-03,-2.991413074010322928e-02,5.611062550924660920e-03,9.097255651733148625e+02,-5.431868318658443968e+02,-5.908749280197051803e+02,-3.484472936379891944e-02,1.718464784407505306e+02,3.786778038986026513e+04,3.935239848012659058e+04,0.000000000000000000e+00
2.610500000000039122e+00,1.503670498902484098e+01,6.198481557871308167e-01,4.148140791686486528e-01,-6.139285417824933908e-03,-3.394658096427542043e-02,-1.409005784565917768e-02,7.464986179079578505e+02,-7.224041199631625432e+02,-4.154705821991191783e+02,-3.482240658507526621e-02,1.722056730827095237e+02,3.811278489721460210e+04,3.977129128100861271e+04,0.000000000000000000e+00
2.615500000000040792e+00,1.503667831051953918e+01,6.197250199593962172e-01,4.148175274529945500e-01,4.091007884965320446e-03,-3.077719078992229712e-02,-3.347741787258692869e-02,-1.118725911318305862e+03,1.010763683237804457e+03,1.327272580837301803e+03,-3.487232874209494210e-02,1.728784278814144955e+02,2.927282636083931357e+04,4.644492276667079568e+04,0.000000000000000000e+00
2.620500000000042462e+00,1.503667290654725797e+01,6.197431418408519965e-01,4.148561933153428471e-01,1.247691482485124327e-02,5.051685067836311771e-02,4.756807296737685688e-03,-8.758409366643202247e+02,1.458968946630272285e+03,1.092320839104709876e+03,-3.489884197369320928e-02,1.728493772794925292e+02,3.050572201194722948e+04,4.452279272751379904e+04,0.000000000000000000e+00
2.625500000000044132e+00,1.503679576331723844e+01,6.199272268613504888e-01,4.146072780744944897e-01,2.718349902262362505e-02,5.831978390238058696e-02,-2.211471477733734786e-02,-1.553338625346791332e+03,1.210824401541213092e+03,1.804840829311510561e+03,-3.503980245350094003e-02,1.721778844758710818e+02,2.722065574488503262e+04,4.316167925449511677e+04,0.000000000000000000e+00
2.630500000000045802e+00,1.503691878466342224e+01,6.202130156146243856e-01,4.144724766655619730e-01,2.749815741992734860e-02,-1.272730501856490521e-03,-1.077359080780318085e-01,6.527125295981745694e+02,-4.135791398067551654e+02,-3.534276791841332965e+02,-3.490659700000734583e-02,1.707975210838073679e+02,3.890253841734269372e+04,3.746827866914212791e+04,0.000000000000000000e+00
2.635500000000047471e+00,1.503702029616306035e+01,6.203714087785605624e-01,4.144183439167795080e-01,2.852829512868938159e-03,3.975984661305119461e-02,4.699624708167461640e-02,8.140635062008664136e+02,-8.427570401098327011e+02,-6.770155990204614227e+02,-3.477073462553478128e-02,1.702069738479798673e+02,3.724927244958037045e+04,3.719319444450655283e+04,0.000000000000000000e+00
2.640500000000049141e+00,1.503701935243627474e+01,6.202464243523669873e-01,4.142818521382404251e-01,-9.737105337179460807e-03,-1.499885019902316707e-02,2.903003390128716318e-02,-1.386440674493277356e+03,5.733686485880007240e+02,1.641077946604851377e+03,-3.498529038637364363e-02,1.703795323093507079e+02,2.640115583508578129e+04,4.662673861290416244e+04,0.000000000000000000e+00
2.645500000000050811e+00,1.503691930487257444e+01,6.201839538968576537e-01,4.144902691624910984e-01,-8.504207322815152820e-03,-5.631030260218913841e-02,-5.150383111824416438e-02,6.511207140480180442e+02,-4.319889688164993231e+02,-4.865980840576370383e+02,-3.479816086971476707e-02,1.704384567864002236e+02,3.854503229738202936e+04,3.851213308514310484e+04,0.000000000000000000e+00
2.650500000000052481e+00,1.503682837120295801e+01,6.200315973944804382e-01,4.145666204515758291e-01,-1.489114204341993562e-02,-5.471663061454854621e-02,-2.535170430997342461e-02,9.183466038928323769e+02,-3.478610474362749301e+02,-5.565656617533238659e+02,-3.489245301975118368e-02,1.708653680501323890e+02,3.783750281618128065e+04,3.765441521994821960e+04,0.000000000000000000e+00
2.655500000000054150e+00,1.503674155402806001e+01,6.199645345842195177e-01,4.147377096610503355e-01,-8.348093214070881687e-03,-2.622182715536452643e-02,1.575975078453956471e-02,1.065950918600331079e+03,-5.466475457443053756e+02,-9.360731103150063745e+02,-3.491271442500757521e-02,1.713465262654012520e+02,3.770793317133980599e+04,3.660294400118439080e+04,0.000000000000000000e+00
2.660500000000055820e+00,1.503669650570686045e+01,6.198113373765886669e-01,4.148158121919662267e-01,-1.006859438474429561e-02,-3.349747925138168297e-02,5.514936896984188978e-03,-1.269395810746070538e+03,6.959310198405936490e+02,1.462934939121088973e+03,-3.483745017033054725e-02,1.719090933152230889e+02,2.827692651300869693e+04,4.666971142259336921e+04,0.000000000000000000e+00
2.665500000000057490e+00,1.503660242328066232e+01,6.197153330004649963e-01,4.149433124306555754e-01,-1.819257409174545800e-02,-4.384517653218918121e-02,1.728886987109162863e-03,6.247368914414271330e+02,-5.246729493484178874e+02,-4.039450840767073601e+02,-3.483969824310401142e-02,1.723081984530715829e+02,3.846005244697512535e+04,4.077979355108601885e+04,0.000000000000000000e+00
2.670500000000059160e+00,1.503653623367942593e+01,6.196403637769564154e-01,4.149906435773625946e-01,-3.717912932760474628e-03,-9.977531531911625409e-03,-2.750780403558154147e-02,6.852307770249850591e+02,-3.643235254796567801e+02,-5.801363670105689607e+02,-3.495011745221001526e-02,1.726433436851924057e+02,3.849925673103133886e+04,3.929748146981972968e+04,0.000000000000000000e+00
2.675500000000060830e+00,1.503661141189649619e+01,6.197809373930683874e-01,4.148649938794368719e-01,3.021596797452288929e-02,5.431386137365554201e-02,-2.455068391127852856e-02,5.851137387691718459e+02,-5.036822813000892438e+02,-4.568714908312510374e+02,-3.518602153657226367e-02,1.720649425924125921e+02,3.704217209850362269e+04,4.006496063639135537e+04,0.000000000000000000e+00
2.680500000000062499e+00,1.503678799218385542e+01,6.199613526939561359e-01,4.146181237486389892e-01,3.975299046415870646e-02,1.654775616963981288e-02,-6.945629252421377242e-02,6.291698121191263908e+02,-6.834413217182718654e+02,-3.547644744771559999e+02,-3.509260266674971152e-02,1.711742257815284063e+02,3.820283547319578065e+04,3.947649331037303637e+04,0.000000000000000000e+00
2.685500000000064169e+00,1.503689524191859128e+01,6.200303897981526147e-01,4.144752010931049835e-01,1.107504634546968222e-02,2.102442323630679746e-02,4.717762268319684957e-04,-1.188773895756795810e+03,8.247452734505873195e+02,1.294023224091601833e+03,-3.498620680176060815e-02,1.708016067044368071e+02,2.900504080737196637e+04,4.613650797457736917e+04,0.000000000000000000e+00
2.690500000000065839e+00,1.503691071023816228e+01,6.200646209418471111e-01,4.145166694271875674e-01,-5.691690694240941761e-03,-7.330594943438924378e-03,1.964768513836900529e-02,8.661083080616208463e+02,-5.791352654693638442e+02,-7.216274605146785461e+02,-3.492678534287544517e-02,1.705644871869953079e+02,3.795356725914820709e+04,3.838311921014306427e+04,0.000000000000000000e+00
2.695500000000067509e+00,1.503687918066998996e+01,6.199673699749400635e-01,4.145429641349596683e-01,-5.106656257210320099e-03,-3.915086948874450801e-02,-2.495933401082544786e-02,6.876369202642679284e+02,-6.043365852512353058e+02,-3.667914214370717900e+02,-3.495341044439770339e-02,1.707030031717184499e+02,3.801246044970381627e+04,3.956321073945048556e+04,0.000000000000000000e+00
2.700500000000069178e+00,1.503682697184383343e+01,6.198286053649484373e-01,4.145565305553862712e-01,-6.253292852525967060e-03,-2.537957258166154487e-02,-9.993243663818610067e-03,-1.363859168014532997e+03,9.728529716286979010e+02,1.674607682386485749e+03,-3.501363423909015227e-02,1.712530735060794598e+02,2.707420123515166415e+04,4.625362225898793258e+04,0.000000000000000000e+00
2.705500000000070848e+00,1.503676963158219593e+01,6.197515921404418426e-01,4.146428864274954162e-01,2.682923119006757826e-03,-6.519457285408999936e-02,-6.884055006653871933e-02,8.651803162283923712e+02,-5.344869276770530178e+02,-5.636293308569281635e+02,-3.493658717817828274e-02,1.715112930987649520e+02,3.746786403384785081e+04,3.730058142849883734e+04,0.000000000000000000e+00
2.710500000000072518e+00,1.503683657918684879e+01,6.198824216515677055e-01,4.145724508714391243e-01,2.019580231917549387e-02,4.891070567692798335e-04,-6.999865188474074795e-02,3.349879010956593675e+02,-3.590910856438617884e+02,-1.487769638038355993e+02,-3.498116505221559452e-02,1.712697876950248030e+02,3.871796772702749149e+04,3.927803476846114063e+04,0.000000000000000000e+00
2.715500000000074188e+00,1.503700605370329768e+01,6.201287238082774378e-01,4.143550920161519491e-01,3.648264533539671839e-02,1.100097975059579833e-02,-9.430956779778701393e-02,5.529612073347554997e+02,-6.566120540395727403e+02,-2.552978501968080991e+02,-3.480201755089355753e-02,1.706769781010462452e+02,3.826035818894027761e+04,3.914647400330714299e+04,0.000000000000000000e+00
2.720500000000075858e+00,1.503708824062970884e+01,6.202952442946932932e-01,4.143079983760826757e-01,3.318759348241743286e-03,4.118131909298789611e-02,4.053019897270458693e-02,-9.362504919797743241e+02,6.026016586571176958e+02,1.219157984512547728e+03,-3.490531029459499612e-02,1.704452115564724011e+02,2.882562470994698742e+04,4.625448628628670849e+04,0.000000000000000000e+00
2.725500000000077527e+00,1.503705801991001145e+01,6.202979856900687761e-01,4.143755532093972849e-01,-1.150749068937524829e-02,-1.640690006061202785e-02,-2.304809552267843384e-04,9.472201027340207702e+02,-3.515093684474239240e+02,-6.677037200240574748e+02,-3.489532687503944797e-02,1.705953993688398214e+02,3.705166187137792440e+04,3.550543150767599582e+04,0.000000000000000000e+00
2.730500000000079197e+00,1.503698731026231172e+01,6.202122534346481419e-01,4.144659969127032495e-01,-1.733196988403716901e-02,-3.857198331357229032e-02,1.525352724402652231e-02,-1.555253116718506135e+03,7.019416964166925936e+02,1.702456032424963041e+03,-3.492758803458371336e-02,1.710750658267684798e+02,2.623364070307807197e+04,4.659916775877870532e+04,0.000000000000000000e+00
2.735500000000080867e+00,1.503688771112813249e+01,6.200862283685406595e-01,4.146031493876331520e-01,-1.456876245220807553e-02,-3.596788785183001325e-02,-5.686715071280962208e-03,8.433173254036523758e+02,-4.992677334653002958e+02,-6.946679189750954038e+02,-3.487061070510653893e-02,1.713951529887923186e+02,3.786288061019690940e+04,3.889175242822187283e+04,0.000000000000000000e+00
2.740500000000082537e+00,1.503681578004570696e+01,6.200112999205449338e-01,4.147082946193113573e-01,-1.805401451880823613e-02,2.118713511791722737e-02,8.506840148666235113e-02,-1.159484709495468451e+03,6.707481151871502334e+02,1.271515148713175222e+03,-3.488912381582001676e-02,1.717786919726249550e+02,2.780673691151712046e+04,4.688900513393221627e+04,0.000000000000000000e+00
2.745500000000084206e+00,1.503676611796195317e+01,6.198885886602368833e-01,4.147332195209861294e-01,-2.329552580152231475e-02,7.580692636107983981e-03,7.995219242477172306e-02,-1.327535238071626509e+03,5.646869712360910398e+02,1.545673255499284778e+03,-3.492088358189458092e-02,1.720697232840514062e+02,2.647296072331421601e+04,4.633600877479556220e+04,0.000000000000000000e+00
2.750500000000085876e+00,1.503671664359697679e+01,6.197890198849915766e-01,4.147567433589625097e-01,1.918370759425290636e-03,-1.825685712282116083e-02,-2.802393799480719025e-02,5.562483796007815045e+02,-3.535881495487475377e+02,-4.655653492752869056e+02,-3.509421070427794914e-02,1.720200810983860435e+02,3.929418916702453862e+04,3.884771420372571447e+04,0.000000000000000000e+00
2.755500000000087546e+00,1.503673323853815091e+01,6.197310280190687637e-01,4.147819767366733301e-01,4.312868724258359966e-03,-2.119077290606229819e-02,-4.275504407094032813e-04,9.754037930303875328e+02,-5.968630205950476011e+02,-7.513762353564463865e+02,-3.520905072292646043e-02,1.721077783465038920e+02,3.827153256219277682e+04,3.747661792499034345e+04,0.000000000000000000e+00
2.760500000000089216e+00,1.503674768169245191e+01,6.196276779017702019e-01,4.147929504065993589e-01,1.819663928364033661e-03,-1.383288989227671358e-02,4.652791289278430074e-03,-1.448026674074040784e+03,9.581004117619615954e+02,1.588518142206375842e+03,-3.522545338743781479e-02,1.725315488411438309e+02,2.709439482436541221e+04,4.580131684409911395e+04,0.000000000000000000e+00
2.765500000000090886e+00,1.503673684451894133e+01,6.195016715053353051e-01,4.148725545736307030e-01,-2.209197350502085672e-03,-2.383258511102873817e-02,2.506978543158175712e-02,-1.242858055869238797e+03,8.044068870574585617e+02,1.382287892020806794e+03,-3.507274244803861712e-02,1.728533515276599246e+02,2.831531927217095654e+04,4.610728921223220095e+04,0.000000000000000000e+00
2.770500000000092555e+00,1.503671564120732285e+01,6.193633449613904496e-01,4.149267619064050394e-01,-2.629067748840547853e-03,-2.262368168202046406e-02,4.869345601385763854e-03,-1.328199050610500763e+03,8.535344995517510824e+02,1.448820647582710080e+03,-3.504115293359180011e-02,1.731285160286150244e+02,2.824024437751823643e+04,4.585846096365690028e+04,0.000000000000000000e+00
2.775500000000094225e+00,1.503671081966568934e+01,6.193386803239930849e-01,4.149246899466295657e-01,6.595066880356423300e-03,5.886183694238195097e-02,2.917259961995287074e-02,-1.329276866836154113e+03,1.418758080329099585e+03,1.462187277923559350e+03,-3.499093086657947133e-02,1.730675961712957758e+02,2.833619046943277863e+04,4.288568487199978699e+04,0.000000000000000000e+00
2.780500000000095895e+00,1.503680835641498170e+01,6.195094853300786575e-01,4.147275235108912050e-01,3.132971041124538170e-02,7.730848905482948230e-02,-2.167664811092282970e-02,8.110149676272149009e+02,-6.452411184351095699e+02,-6.797843547310587837e+02,-3.498531391116969924e-02,1.719348071902246033e+02,3.807889449327300827e+04,3.744345295979309594e+04,0.000000000000000000e+00
2.785500000000097565e+00,1.503698767288465277e+01,6.197417430629845736e-01,4.143844065923971698e-01,4.155965198391158716e-02,8.390612917672581050e-02,-3.351487491845175914e-02,6.390043068302909433e+02,-6.831173558631878677e+02,-5.229711552174311464e+02,-3.515863946954345121e-02,1.704092829864976579e+02,3.814864767520966416e+04,3.887883609681206872e+04,0.000000000000000000e+00
2.790500000000099234e+00,1.503721861542922866e+01,6.199679031952385344e-01,4.140279104914033059e-01,4.968713652456106106e-02,2.731365312706321435e-02,-6.954584090199453228e-02,4.910584475778726983e+02,-5.718406150356429407e+02,-2.852692127028456639e+02,-3.510860876666782593e-02,1.689222664446880060e+02,3.862880142715529655e+04,3.996310870979949686e+04,0.000000000000000000e+00
2.795500000000100904e+00,1.503745399137219252e+01,6.201656483902899808e-01,4.137145534970071981e-01,4.129900856527089770e-02,3.428206494403026466e-02,-6.946934670075340101e-02,4.714513811099784562e+02,-5.172909679056742789e+02,-3.820547026532375980e+02,-3.507660052558125852e-02,1.678924417990026257e+02,3.935638846855588054e+04,3.791025951066623384e+04,0.000000000000000000e+00
2.800500000000102574e+00,1.503755095898368843e+01,6.202762848093799075e-01,4.136188309259328788e-01,1.228640172022082153e-03,3.717084415325988718e-03,2.075339456606746860e-02,-1.314684740137399785e+03,6.441982941489947052e+02,1.535784555504384343e+03,-3.500857355752124561e-02,1.672602781660155813e+02,2.785545962743170458e+04,4.646783871481111419e+04,0.000000000000000000e+00
2.805500000000104244e+00,1.503746924524695494e+01,6.202159003427779593e-01,4.137388710734456465e-01,-2.967469776632396250e-02,-2.163592896983652925e-02,4.528804028530421938e-02,-1.431351412595645343e+03,5.342672634339029401e+02,1.734603523489309055e+03,-3.513502410077755378e-02,1.674868462898238022e+02,2.670653412824907355e+04,4.602850967408724682e+04,0.000000000000000000e+00
2.810500000000105914e+00,1.503727681195203481e+01,6.200738373651178970e-01,4.139872570245727856e-01,-4.708233494779735101e-02,-3.241379797744674968e-02,5.585780269961026362e-02,7.442606537449906909e+02,-6.262772069692194918e+02,-5.855606296189556588e+02,-3.520952454784539998e-02,1.682292170496341726e+02,3.739447928442964621e+04,3.796655449160547869e+04,0.000000000000000000e+00
2.815500000000107583e+00,1.503700057331430706e+01,6.199235495289276976e-01,4.143504725976758229e-01,-5.574469929485736247e-02,-1.484995163399391825e-02,1.031732078719519857e-01,-1.051654110739803173e+03,7.869435672295328459e+02,1.294133251174725046e+03,-3.507447968291810270e-02,1.693416392235924945e+02,2.801093252249573925e+04,4.626708887806130224e+04,0.000000000000000000e+00
2.820500000000109253e+00,1.503680695530776212e+01,6.198101138536273869e-01,4.146216758707629291e-01,-3.526408058332776430e-02,1.968407574867043000e-03,8.291661684119201736e-02,-1.106074257471047304e+03,8.616645224826379490e+02,1.290846680678581833e+03,-3.505133200754752959e-02,1.704901011435529483e+02,2.719021884434020831e+04,4.673272210197961249e+04,0.000000000000000000e+00
2.825500000000110923e+00,1.503668194319121021e+01,6.197192381182508036e-01,4.148125073225038539e-01,-1.816861599619302298e-02,-3.174804828156896352e-02,1.097965411376818079e-02,9.086746526721327655e+02,-6.330500488201599865e+02,-6.838942309644702391e+02,-3.501841508744758802e-02,1.712797384258205113e+02,3.828554847136214084e+04,3.806776808218940278e+04,0.000000000000000000e+00
2.830500000000112593e+00,1.503666219777313273e+01,6.195958219396923150e-01,4.148909731406285606e-01,4.126543418378737782e-03,-1.749508519540751011e-02,6.545161966745387597e-03,-1.090306131598597176e+03,9.886595406048877521e+02,1.199744209705938147e+03,-3.488114954067744050e-02,1.720567103460342366e+02,2.861964022454344740e+04,4.671649035941854527e+04,0.000000000000000000e+00
2.835500000000114262e+00,1.503665393713419540e+01,6.195644096478291063e-01,4.149709318491349719e-01,-3.566265871575686509e-03,-1.994769558541448565e-02,-1.188605336744815236e-02,9.150310516202539475e+02,-6.825093933427093589e+02,-7.700485754118667501e+02,-3.483938694872608377e-02,1.722753907882407134e+02,3.662549064642719895e+04,3.799628623380111821e+04,0.000000000000000000e+00
2.840500000000115932e+00,1.503670242262784384e+01,6.196009877789349085e-01,4.148114522755652622e-01,1.882238374273103795e-02,7.907596122816579198e-03,-7.114658539082541200e-02,7.901088506988032805e+02,-5.520330399886385067e+02,-5.552623805387194125e+02,-3.499895833483360197e-02,1.720225968366930260e+02,3.798745585269619187e+04,3.778634344670434803e+04,0.000000000000000000e+00
2.845500000000117602e+00,1.503684081015678409e+01,6.198556688676671866e-01,4.145402369907950080e-01,3.159714188502138477e-02,1.850278097894538301e-02,-1.046932635320692861e-01,5.484044799378477819e+02,-3.729910717372212048e+02,-4.054033961670319286e+02,-3.504835406106379669e-02,1.708607397604074265e+02,3.609165884356386960e+04,3.812657365833852236e+04,0.000000000000000000e+00
2.850500000000119272e+00,1.503703045932785187e+01,6.201255867269710453e-01,4.142375257705074310e-01,3.521272122792280801e-02,1.788560558256806557e-02,-1.015025092588298788e-01,6.678331656983364155e+02,-5.439315574490743757e+02,-5.275305417658016722e+02,-3.486767943365132877e-02,1.696837151827601815e+02,3.782723894390904024e+04,3.514489775589972851e+04,0.000000000000000000e+00
2.855500000000120941e+00,1.503718012730559650e+01,6.203766642858979941e-01,4.140852840242560950e-01,9.977717497124205179e-03,2.479282079570170952e-02,9.215657598551193130e-04,5.488866757344532061e+02,-7.735325215575523998e+02,-3.101116743161559839e+02,-3.488978330911771120e-02,1.685735062264894566e+02,3.817258445031903830e+04,3.928371003591187764e+04,0.000000000000000000e+00
2.860500000000122611e+00,1.503716417838856145e+01,6.203413603566786394e-01,4.141400460670071615e-01,-1.782243044319619871e-02,-1.210895723995257002e-02,4.696995044005854852e-02,8.704298767142367979e+02,-6.162012673755464220e+02,-7.189918513983336652e+02,-3.486678594619487676e-02,1.685182885474045236e+02,3.760330252107453271e+04,3.774020801308444788e+04,0.000000000000000000e+00
2.865500000000124281e+00,1.503700556499846996e+01,6.201785707817366600e-01,4.143381604177121535e-01,-4.064637241892050251e-02,-2.740287179763406522e-02,6.876700666883692192e-02,5.925738412333867018e+02,-5.857606392770628645e+02,-4.097163751760875812e+02,-3.492847538362080922e-02,1.689826705596193506e+02,3.835700024900115386e+04,4.111572167380280007e+04,0.000000000000000000e+00
2.870500000000125951e+00,1.503683179205036780e+01,6.199599212077353538e-01,4.145303917743363709e-01,-2.904004151515664212e-02,-4.942553262932732755e-02,1.803502370401760535e-02,8.005763631270136784e+02,-3.996253671724408036e+02,-6.362774590168895656e+02,-3.505114353305613384e-02,1.697309005232545189e+02,3.859009201915904123e+04,3.897898317028977908e+04,0.000000000000000000e+00
2.875500000000127621e+00,1.503670132755745037e+01,6.198395841020002406e-01,4.147050731825570047e-01,-2.225940281072666047e-02,-5.198699836638019482e-03,5.588287603090653921e-02,-1.288981495892016483e+03,8.916245573711718180e+02,1.536779975357167132e+03,-3.521643908432216252e-02,1.706357802672383457e+02,2.651923492537742277e+04,4.596228201966259803e+04,0.000000000000000000e+00
2.880500000000129290e+00,1.503661374111246651e+01,6.197757291216894338e-01,4.148850117824510186e-01,-2.149496265259469296e-02,2.706995743607112578e-02,9.781098094388171460e-02,-1.188412870736613741e+03,6.395098061333769692e+02,1.454524212277581682e+03,-3.506415886259044851e-02,1.713450872273448056e+02,2.695773860295023042e+04,4.557593952942847682e+04,0.000000000000000000e+00
2.885500000000130960e+00,1.503658083838521264e+01,6.197371267781476289e-01,4.149425275991052708e-01,-1.090631481686926349e-02,3.475714472748355627e-02,8.044190326663673563e-02,-1.312123433344835121e+03,6.684004623521038866e+02,1.515245202184468553e+03,-3.496327623512796023e-02,1.719544318395814742e+02,2.633339854301195737e+04,4.608510234711031080e+04,0.000000000000000000e+00
2.890500000000132630e+00,1.503655934122648574e+01,6.197063769684750811e-01,4.149783509770596512e-01,-5.613813884882782983e-03,-1.547598438465437078e-02,-1.086850130430956803e-02,1.031012729258276522e+03,-6.481504644440292395e+02,-8.808803310441410304e+02,-3.476647927600620691e-02,1.722581830739812006e+02,3.679702722935124621e+04,3.555845063231889071e+04,0.000000000000000000e+00
2.895500000000134300e+00,1.503654092327231950e+01,6.197647702129814862e-01,4.149827628733336882e-01,8.948605680013649658e-03,3.229848028357130973e-02,-2.244020622542366658e-02,7.120188201904020389e+02,-5.041313705077406553e+02,-5.810677059378000422e+02,-3.471401214895913911e-02,1.722731813694935852e+02,3.860161416284475126e+04,3.968451817018925794e+04,0.000000000000000000e+00
2.900500000000135969e+00,1.503666507221997506e+01,6.199421481258572397e-01,4.147227814718457695e-01,3.354924845602672706e-02,4.688672833675097684e-02,-6.180961125027824299e-02,7.309330616517122508e+02,-6.110199343795623008e+02,-5.535746726976143464e+02,-3.491468282937358614e-02,1.715821044044993471e+02,3.847625615386019490e+04,3.810681339965563529e+04,0.000000000000000000e+00
2.905500000000137639e+00,1.503686263461060513e+01,6.201835459294822162e-01,4.144443042516444686e-01,4.027944055396760759e-02,4.046462785038821425e-02,-6.511622422379390041e-02,7.776624292624062491e+02,-5.358924219150777617e+02,-6.210776341278542532e+02,-3.491663800832082998e-02,1.702513379708136938e+02,3.813042762170682545e+04,3.521638162705094146e+04,0.000000000000000000e+00
2.910500000000139309e+00,1.503701907636886759e+01,6.202968122484641134e-01,4.142367178292031826e-01,3.024661532265164599e-02,-1.479978644299106798e-02,-7.998341643878557894e-02,7.255031865175050143e+02,-3.742789123844622736e+02,-4.752977642932583535e+02,-3.482410989717265454e-02,1.695273873909063980e+02,3.786179546220387419e+04,3.783084824829807621e+04,0.000000000000000000e+00
2.915500000000140979e+00,1.503708439178406486e+01,6.203635112936342066e-01,4.141830318153087998e-01,6.994097754002530885e-03,5.546203904892822549e-03,-2.019648978266879238e-02,-1.273478583247410597e+03,9.190741913504153899e+02,1.466401114544092934e+03,-3.485257399311107035e-02,1.696279374006283831e+02,2.792675801397338728e+04,4.642249279490465415e+04,0.000000000000000000e+00
2.920500000000142649e+00,1.503704497100633120e+01,6.203640051641167164e-01,4.142909670000275435e-01,-1.116596210057139993e-02,-2.743069034783346058e-02,-3.723998179755569869e-03,-1.127058292852381328e+03,8.952101492896933905e+02,1.261256874563603560e+03,-3.487532783583299767e-02,1.700355698051600939e+02,2.845028811258152200e+04,4.694831697458945564e+04,0.000000000000000000e+00
2.925500000000144318e+00,1.503694350616652642e+01,6.203087029268138375e-01,4.144535043557185383e-01,-2.182019485958884911e-02,-7.008299141073348268e-03,4.077001971074672299e-02,-1.238764715664840196e+03,6.669965643021329242e+02,1.442744959683565412e+03,-3.489077175777117318e-02,1.706438582223198637e+02,2.762251323140744717e+04,4.636369526513441815e+04,0.000000000000000000e+00
2.930500000000145988e+00,1.503685019286970892e+01,6.202392184522644847e-01,4.145847069321181300e-01,-2.220660360243242176e-02,-1.239862793246644147e-02,3.477673464501115919e-02,-1.372513146612045830e+03,7.750554505414992263e+02,1.468810595102540219e+03,-3.485710932068475376e-02,1.711052113445793452e+02,2.754549542949922761e+04,4.661557888962581637e+04,0.000000000000000000e+00
2.935500000000147658e+00,1.503674759455303445e+01,6.201380012255837126e-01,4.147317650901410913e-01,-1.965986379132803399e-02,-3.020514082517579760e-02,2.863085811866279348e-02,9.529855985904711133e+02,-6.935113920665907017e+02,-7.140769796739685944e+02,-3.477691808764887815e-02,1.715063017306104030e+02,3.812189902438391437e+04,3.827005676144827885e+04,0.000000000000000000e+00
2.940500000000149328e+00,1.503665281201781312e+01,6.200163292710374474e-01,4.148493999596087334e-01,-1.695039735935613412e-02,-2.006342906980815299e-02,1.389983621188549227e-02,9.650964043987579544e+02,-4.920790464917606073e+02,-7.383919487488039977e+02,-3.477055429028351463e-02,1.717795798867862516e+02,3.827938071423472866e+04,3.760989266276024136e+04,0.000000000000000000e+00
2.945500000000150997e+00,1.503663876750401762e+01,6.199507359331267731e-01,4.147431710176304742e-01,4.792115830809551801e-03,1.155957900706085228e-02,-9.572203950598462407e-03,-1.216402081197994448e+03,8.297711014383334032e+02,1.603157828546785368e+03,-3.502221743038579083e-02,1.718199177638696256e+02,2.688752613107466459e+04,4.675314805759708543e+04,0.000000000000000000e+00
2.950500000000152667e+00,1.503666147783217966e+01,6.199569683620120841e-01,4.147550048851597615e-01,-4.948670239145831675e-04,-7.991742595789268211e-03,8.452787619117173995e-03,8.831657956006906716e+02,-6.961849178566068304e+02,-6.956223669761162682e+02,-3.516378426501469423e-02,1.715093528765884230e+02,3.716959225760061236e+04,3.797922357150686730e+04,0.000000000000000000e+00
2.955500000000154337e+00,1.503666488047879213e+01,6.199046809414446857e-01,4.147792810374790751e-01,1.825705511977777831e-03,-1.702101635734823426e-02,-5.108075114419064616e-03,7.085679545752925605e+02,-7.409865185509960384e+02,-4.240164929541037395e+02,-3.530465701994819211e-02,1.715741507931937235e+02,3.794281047273875447e+04,3.986683013587841560e+04,0.000000000000000000e+00
2.960500000000156007e+00,1.503665984016463320e+01,6.198549840607505690e-01,4.148096583464105369e-01,3.200804319887956854e-04,-1.586790341137519697e-02,-1.652236613047283753e-02,8.400357502253830262e+02,-6.081347750130200893e+02,-6.426919171727087132e+02,-3.513495828656373887e-02,1.717863466005956354e+02,3.796007739400582068e+04,3.806267583374191599e+04,0.000000000000000000e+00
2.965500000000157677e+00,1.503662164879560059e+01,6.198248268713649756e-01,4.149043527652836461e-01,-1.205065924717699764e-02,1.798037114677950672e-03,3.996324309199408148e-02,1.143957243913151842e+03,-6.151649363711517253e+02,-1.013076810350619780e+03,-3.501547752691425153e-02,1.721669075162685658e+02,3.728056479919589037e+04,3.609562552130367840e+04,0.000000000000000000e+00
2.970500000000159346e+00,1.503658171988850256e+01,6.197615117306314314e-01,4.149604031703176266e-01,-3.112591066180712008e-03,-3.976325257315905387e-02,-2.613675256208010736e-02,6.925286532219581659e+02,-5.594982682859978240e+02,-5.268604266232074451e+02,-3.501727220094503351e-02,1.722639859992585798e+02,3.831070922136808076e+04,3.851254084932166006e+04,0.000000000000000000e+00
2.975500000000161016e+00,1.503655715110347302e+01,6.196514582380829861e-01,4.150006220284492287e-01,-8.197254821441089800e-03,-4.662386669515098010e-03,3.643794926272096030e-02,-1.183835383413192858e+03,8.740002924947908696e+02,1.338210434261526871e+03,-3.510767959061693311e-02,1.725684711784744820e+02,2.765975815144313310e+04,4.656523481632800394e+04,0.000000000000000000e+00
2.980500000000162686e+00,1.503654623514900912e+01,6.195919611217139966e-01,4.150031126992230202e-01,-3.491760919821413050e-03,3.907463268109892703e-03,2.635915844021681845e-02,-1.104144952438269684e+03,8.899686184408101326e+02,1.297922358008431274e+03,-3.508435149477076576e-02,1.727434791565111993e+02,2.678367103720435989e+04,4.675074621735072287e+04,0.000000000000000000e+00
2.985500000000164356e+00,1.503656602512698193e+01,6.196513534107489507e-01,4.149925618318245357e-01,1.369425773768256395e-02,2.945200937132669977e-02,-2.209425692899721558e-02,5.821349023999472365e+02,-5.340655860764493355e+02,-3.877931799816822718e+02,-3.513524908939786445e-02,1.724298330094967469e+02,3.866968021776273963e+04,4.071927374937380227e+04,0.000000000000000000e+00
2.990500000000166025e+00,1.503669979908439736e+01,6.198287346322255420e-01,4.147100520231449261e-01,3.519763150441507921e-02,6.364348285574950026e-02,-5.335719581763796737e-02,-1.097883804224398546e+03,1.545163244115663019e+03,1.247895169871406324e+03,-3.520873112383040432e-02,1.716030861093188946e+02,3.023636796387627328e+04,4.482467156277046888e+04,0.000000000000000000e+00
2.995500000000167695e+00,1.503690138733057147e+01,6.201675847507422956e-01,4.144422874451481609e-01,4.115537996010376620e-02,9.018529441542903757e-02,-1.375395604343009059e-02,9.236863888118016348e+02,-5.339652725725907203e+02,-6.998257969807827976e+02,-3.509659794110541603e-02,1.700138147734463701e+02,3.808553221438775654e+04,3.624732443363768834e+04,0.000000000000000000e+00
3.000500000000169365e+00,1.503705839252189769e+01,6.203404040589950430e-01,4.141947204167917285e-01,1.475233780394739902e-02,4.174952667611970397e-02,3.276833004827393175e-02,-1.565735972881377165e+03,5.340875725351270376e+02,1.747306454108177604e+03,-3.489232654250262050e-02,1.691097292846414177e+02,2.618751529027445940e+04,4.558391803224240721e+04,0.000000000000000000e+00
3.005500000000171035e+00,1.503705617858976318e+01,6.203789643437257473e-01,4.142620391500738131e-01,-1.115016970972923169e-02,-2.032458128034416237e-02,2.928458920177400525e-03,6.516363409153091197e+02,-5.557917145062754116e+02,-5.407104326194688610e+02,-3.473487142282188911e-02,1.689199698969708550e+02,3.831175937372017506e+04,3.832268621615837037e+04,0.000000000000000000e+00
3.010500000000172705e+00,1.503692780195877710e+01,6.202897223483534450e-01,4.144684110016433332e-01,-2.688833944062839904e-02,-4.377627454880125141e-02,1.874267544614823672e-02,7.456970375662650667e+02,-5.949061670206996268e+02,-4.418551347264003653e+02,-3.471397701757917426e-02,1.693581522193205728e+02,3.793126036022528569e+04,4.003237857625810284e+04,0.000000000000000000e+00
3.015500000000174374e+00,1.503679494004706108e+01,6.201415262595981748e-01,4.146542508640033708e-01,-3.130217518330855042e-02,-1.171285303330511091e-02,5.859077529905317577e-02,9.638511196965090448e+02,-5.968988304722064413e+02,-7.422821299484211295e+02,-3.489960829427220246e-02,1.700575532846238787e+02,3.790656041224693035e+04,3.851837703991697344e+04,0.000000000000000000e+00
3.020500000000176044e+00,1.503667754648512478e+01,6.199805200264388860e-01,4.147636838811211701e-01,-2.545751744044915180e-02,-4.994937646961137082e-03,6.074909978034608027e-02,1.106527124472455398e+03,-6.139937368508935833e+02,-9.919225870589164060e+02,-3.505000947885211077e-02,1.707614219576181540e+02,3.726784590943633521e+04,3.728055338130136079e+04,0.000000000000000000e+00
3.025500000000177714e+00,1.503659659024548745e+01,6.198604499773079368e-01,4.148649378498804885e-01,-1.935973949112911041e-02,-1.105484885847448674e-02,6.757333832498828297e-02,-1.257540982247524425e+03,7.217519215971495896e+02,1.533676323822187214e+03,-3.516113336733027450e-02,1.712951901582765402e+02,2.678728697982583617e+04,4.596972393609034043e+04,0.000000000000000000e+00
3.030500000000179384e+00,1.503650823186335295e+01,6.196673044134720643e-01,4.150455012566342528e-01,-1.557190073027618117e-02,-4.888947959789775172e-02,5.873352890075526390e-03,1.117762834424953326e+03,-3.993033607343798508e+02,-9.366685053114912307e+02,-3.524868776585519947e-02,1.719561649174238482e+02,3.666647190586053330e+04,3.593833166268739296e+04,0.000000000000000000e+00
3.035500000000181053e+00,1.503644305181408392e+01,6.195491265827750560e-01,4.151802054936878927e-01,-9.212837027142201443e-03,-3.110857764276917306e-02,-1.173484839455501277e-02,8.355971064132801303e+02,-4.066265027285863880e+02,-7.680145539639537446e+02,-3.506495957953581488e-02,1.725393870587166134e+02,3.824075004893481673e+04,3.736679913654933625e+04,0.000000000000000000e+00
3.040500000000182723e+00,1.503639396805182749e+01,6.195216932884539673e-01,4.151868383890787162e-01,-1.187005843800435605e-02,1.589757394484346206e-02,1.591091390521747959e-02,-1.206705958814259702e+03,9.574135690366418885e+02,1.335049894576701945e+03,-3.485399404331138845e-02,1.728740585154970972e+02,2.664016612755315873e+04,4.753436408439680235e+04,0.000000000000000000e+00
3.045500000000184393e+00,1.503641503194519480e+01,6.197148898564202035e-01,4.150845501179024066e-01,1.974335863918417339e-02,-1.408999899570720707e-02,-1.180294826664098212e-01,8.163799647001440007e+02,-4.973990639044969839e+02,-6.633456439203614536e+02,-3.478074304291670776e-02,1.721421199499413319e+02,3.728333455411297473e+04,3.670311182769321022e+04,0.000000000000000000e+00
3.050500000000186063e+00,1.503656285237675050e+01,6.200189866566360175e-01,4.147937528230393744e-01,3.507360996083905280e-02,8.521287520259519799e-02,-4.338209398336440037e-02,-1.120195348280250300e+03,1.390287247282472208e+03,1.264053015991923075e+03,-3.498908632627148463e-02,1.708718296126771463e+02,2.979995301340130027e+04,4.459064586352137849e+04,0.000000000000000000e+00
3.055500000000187732e+00,1.503677505336818676e+01,6.203033787423535284e-01,4.144269723640785497e-01,4.562324265085260233e-02,2.033104881013733309e-02,-1.135829724638329763e-01,6.408342537905380141e+02,-4.433981018672677692e+02,-4.004819857108902852e+02,-3.518890447054551923e-02,1.693316110733211985e+02,3.855357470267904864e+04,3.851296412817205419e+04,0.000000000000000000e+00
3.060500000000189402e+00,1.503701722679548070e+01,6.205407045019701862e-01,4.141234030608086925e-01,3.918609562735229229e-02,1.090714427494529799e-02,-8.693812472969653093e-02,1.510205872751207323e+02,-4.508903083871773561e+02,-5.654033903137565176e+01,-3.498043221002587744e-02,1.682322355124908597e+02,3.975968239624469425e+04,4.062743137565979123e+04,0.000000000000000000e+00
3.065500000000191072e+00,1.503710889107422943e+01,6.205412972773564073e-01,4.140848666642928388e-01,4.613611769998344700e-03,-4.539029316904476946e-02,-2.492259417454818077e-02,5.630134568251298788e+02,-5.466336793195786186e+02,-3.169719633703943487e+02,-3.477108374583796208e-02,1.678986226461385911e+02,3.889911937427298835e+04,3.942542678325482120e+04,0.000000000000000000e+00
3.070500000000192742e+00,1.503702520892963967e+01,6.203300011056636087e-01,4.142677952664564622e-01,-2.182496163880942933e-02,-5.745752363202320800e-02,1.355839847819074150e-02,7.473500099914280099e+02,-3.446059518463693507e+02,-5.005588616477178903e+02,-3.481440160178070342e-02,1.684131022813615175e+02,3.825771244497689622e+04,3.997583689964603400e+04,0.000000000000000000e+00
3.075500000000194412e+00,1.503688898010191188e+01,6.201839823765692428e-01,4.144909554839780186e-01,-3.425013669455678061e-02,-2.514273508673292926e-02,6.290300629865840099e-02,7.936795631989866706e+02,-6.584775289688491284e+02,-5.398507097400590737e+02,-3.492902881819000271e-02,1.693036541361563252e+02,3.760437496692300192e+04,4.003105890213236853e+04,0.000000000000000000e+00
3.080500000000196081e+00,1.503675341335686255e+01,6.200212498411161732e-01,4.146877790510123396e-01,-1.990536277412506203e-02,-5.186979213507519199e-02,3.032045322476864362e-03,4.864375355303185415e+02,-5.496908063322828184e+02,-3.151906212836856298e+02,-3.479637609391603853e-02,1.700812204200999247e+02,3.811864690980685555e+04,4.051334444724077184e+04,0.000000000000000000e+00
3.085500000000197751e+00,1.503664971563361341e+01,6.199345770314712567e-01,4.148463558039120480e-01,-1.584714886434400796e-02,-1.201970019335560011e-02,1.474268502114619954e-02,1.042556287451958724e+03,-5.545322538217948249e+02,-7.832322328311367983e+02,-3.465951883341684275e-02,1.708754712085568030e+02,3.811419026949626277e+04,3.772059446771662624e+04,0.000000000000000000e+00
3.090500000000199421e+00,1.503658639338982894e+01,6.198482220876874171e-01,4.148911672843524912e-01,-1.095609701564582115e-02,-1.296874879207204727e-02,1.817626221857167670e-02,9.193727960052704020e+02,-5.400937691688275208e+02,-6.017353049932200975e+02,-3.468931631524331538e-02,1.714033691377734385e+02,3.810925334999270854e+04,3.958446103002874588e+04,0.000000000000000000e+00
3.095500000000201091e+00,1.503656243867141207e+01,6.197755122349045687e-01,4.148949539796968344e-01,3.571791212880969738e-03,-4.237366816541850850e-02,-5.439588125529604135e-02,7.209828013509620632e+02,-4.665046682279747188e+02,-5.618761990547149026e+02,-3.473935708248800103e-02,1.719096587988423153e+02,3.863096627008984069e+04,3.818758868826397520e+04,0.000000000000000000e+00
3.100500000000202760e+00,1.503657238299079069e+01,6.197920775134763138e-01,4.149099325635575708e-01,1.605562250961057452e-02,3.619733760451548238e-02,-1.188877421208426634e-02,7.225537827967673365e+02,-5.817040476846506181e+02,-6.236887729759613421e+02,-3.484520139035177100e-02,1.721410149097246460e+02,3.885827388218019769e+04,3.949545059857804154e+04,0.000000000000000000e+00
3.105500000000204430e+00,1.503670534269861747e+01,6.199296258637380097e-01,4.146599046361047480e-01,3.174537431706646318e-02,5.161511925473706054e-03,-9.387331053991115892e-02,4.114810592562802185e+02,-3.638163484591041765e+02,-2.310632877997894070e+02,-3.495035511310272403e-02,1.715986332153324554e+02,3.697482941668048443e+04,3.997928921795826318e+04,0.000000000000000000e+00
3.110500000000206100e+00,1.503689666505969313e+01,6.202018645182534318e-01,4.143492439926765303e-01,4.084121740453126176e-02,6.114354628306817828e-03,-1.368286326089011296e-01,8.363449656514809476e+02,-3.567112921215779693e+02,-4.746495549914393450e+02,-3.476072484273484003e-02,1.703908565507854576e+02,3.738555079538747668e+04,3.625993162336295063e+04,0.000000000000000000e+00
3.115500000000207770e+00,1.503709729581922616e+01,6.205749135713548581e-01,4.141708797018423538e-01,2.627114289905150418e-02,2.921927945799813325e-02,-5.358906200473903536e-02,2.875687131341157396e+02,-6.433975053600377123e+02,-2.354723128583781033e+01,-3.471641502427171705e-02,1.688625182846110704e+02,3.776417020353553380e+04,4.113713425699433719e+04,0.000000000000000000e+00
3.120500000000209440e+00,1.503709319037348813e+01,6.205692688668040802e-01,4.142059638815129841e-01,-2.513072751232465693e-02,1.764313412456750343e-02,9.352230843038929209e-02,6.610865938587342043e+02,-6.865455020350592577e+02,-6.135176134235393874e+02,-3.483993408020923804e-02,1.692324636631203418e+02,3.860143201064766617e+04,3.919126272188181611e+04,0.000000000000000000e+00
3.125500000000211109e+00,1.503699442201640224e+01,6.204127681571272035e-01,4.142558166092592531e-01,-2.752687575553941501e-02,-1.514099866893231852e-02,6.064831598605692486e-02,-1.336970344118711637e+03,5.256339002036787633e+02,1.620631776934765639e+03,-3.497609375278676325e-02,1.696447877576231917e+02,2.614088614065173169e+04,4.649160415406426182e+04,0.000000000000000000e+00
3.130500000000212779e+00,1.503684870745383684e+01,6.202718531781430400e-01,4.144277487576563668e-01,-1.950810478904525455e-02,-4.787603730739092844e-02,-9.970385931070106442e-03,-1.256266195855125943e+03,9.545497466376940565e+02,1.515930256369829294e+03,-3.492648532542377837e-02,1.701757685189014637e+02,2.709016526340396376e+04,4.761451746177127643e+04,0.000000000000000000e+00
3.135500000000214449e+00,1.503672968798892207e+01,6.201973210741285047e-01,4.146316993894110237e-01,-1.223786106578615175e-02,-5.483654656934983107e-02,-3.845456191280507974e-02,9.161348826520480770e+02,-4.518191371474177345e+02,-7.310065762477488533e+02,-3.484213751305520468e-02,1.705774744844569568e+02,3.771924420712326537e+04,3.650273785752075491e+04,0.000000000000000000e+00
3.140500000000216119e+00,1.503660990051868929e+01,6.200528825865181393e-01,4.148601718463634791e-01,-1.338053302311915591e-02,-7.324975654825982563e-02,-2.920007306861683444e-02,8.504246401563191284e+02,-6.130515423246075670e+02,-6.109378575213044087e+02,-3.485776843178193390e-02,1.713354027351767286e+02,3.727898996180186805e+04,3.791792675706777663e+04,0.000000000000000000e+00
3.145500000000217788e+00,1.503649199864436348e+01,6.198871057162966824e-01,4.151429699028909015e-01,-1.925593113819759269e-02,-5.036935867328172500e-02,2.769095982304788442e-02,1.079370910811731164e+03,-5.498711142204781481e+02,-8.219672109192902099e+02,-3.486588065066500292e-02,1.720008680933408982e+02,3.838391620644669456e+04,3.801988035021803807e+04,0.000000000000000000e+00
3.150500000000219458e+00,1.503644531490754943e+01,6.196841569396238647e-01,4.152230688880048093e-01,-2.065752281951075200e-02,3.272784739992268960e-02,1.288971403991842624e-01,-8.009690591118622933e+02,7.946519123877396851e+02,8.901705147990663818e+02,-3.500839816832401058e-02,1.729428850740756047e+02,2.928541969916662856e+04,4.627700614473429596e+04,0.000000000000000000e+00
3.155500000000221128e+00,1.503644245657317491e+01,6.194938152491156202e-01,4.151396172399709483e-01,1.425682801905469622e-02,-6.008187413039754732e-02,-7.215231397383886636e-02,-1.280043252418998463e+03,8.480882308514323995e+02,1.514689871933903305e+03,-3.515717514793698789e-02,1.735959234782235114e+02,2.876218105745163484e+04,4.673354951976882876e+04,0.000000000000000000e+00
3.160500000000222798e+00,1.503646603662613757e+01,6.194947721218777570e-01,4.151980009091201240e-01,1.061064920446090111e-02,-3.396882326870512975e-02,-6.168875869788553734e-02,8.968212366030951443e+02,-5.186660480609859860e+02,-7.754428136104927489e+02,-3.504739768528864624e-02,1.729875780887519170e+02,3.677065193717485818e+04,3.736916270435295883e+04,0.000000000000000000e+00
3.165500000000224468e+00,1.503652872748403624e+01,6.195928200467456515e-01,4.150326283114889603e-01,2.202391181779611920e-02,2.939637837076394030e-03,-8.820335998695127966e-02,1.003091233560819205e+03,-4.878288390986679701e+02,-7.956143417664641220e+02,-3.496432683020266746e-02,1.722978696552739279e+02,3.737044455853530962e+04,3.641059390319794329e+04,0.000000000000000000e+00
3.170500000000226137e+00,1.503669201403726419e+01,6.198283510837915289e-01,4.147036809657532741e-01,3.775753730861799995e-02,1.144526374269688555e-02,-1.267394495045193192e-01,6.264447245448056947e+02,-4.665933496265005260e+02,-4.541699328225349177e+02,-3.503583974683239372e-02,1.711318557262550542e+02,3.838490155748128018e+04,3.781761356048842572e+04,0.000000000000000000e+00
3.175500000000227807e+00,1.503691006532675623e+01,6.201446199245466140e-01,4.143916221061719196e-01,4.355569143357392037e-02,3.703820974545795480e-02,-9.980184176164902388e-02,8.405927938462730253e+02,-5.493208551905713648e+02,-6.357474056916746576e+02,-3.519433856729251714e-02,1.694050554145294996e+02,3.793173129421338672e+04,3.638996550827219471e+04,0.000000000000000000e+00
3.180500000000229477e+00,1.503713566850567140e+01,6.203707190606300159e-01,4.140692408475600272e-01,4.028780980302137937e-02,3.398274080497706851e-02,-6.177394977377914653e-02,3.654518508388983946e+02,-5.269167620816552926e+02,-2.316316752261740533e+02,-3.503851672229810199e-02,1.681749612179183373e+02,3.920946064602427941e+04,3.983955754633234028e+04,0.000000000000000000e+00
3.185500000000231147e+00,1.503727248207727385e+01,6.205066466623467836e-01,4.138778097703162961e-01,1.942849245799856128e-02,5.295719352755095914e-03,-4.855875026942202410e-02,7.959226251236290182e+02,-4.346919192668215715e+02,-6.047626022014105729e+02,-3.500666758401171919e-02,1.674165579591013966e+02,3.806186085922108032e+04,3.615359042307718482e+04,0.000000000000000000e+00
3.190500000000232816e+00,1.503729653604763250e+01,6.204761274046374231e-01,4.139301869752941010e-01,-1.105401923668230743e-02,-3.732420874436872399e-02,9.410390071635962167e-03,2.083702466038022010e+02,-7.070976995233506841e+02,-1.315747228222929550e+02,-3.481817575785210034e-02,1.674513904205392691e+02,3.803851035156800208e+04,4.049426246470062324e+04,0.000000000000000000e+00
3.195500000000234486e+00,1.503717017870655503e+01,6.202799547753088394e-01,4.141109927270610336e-01,-3.508370552791288677e-02,-5.234034644385260338e-02,3.482555598052824997e-02,-1.403393053651855325e+03,7.323999692500689207e+02,1.640596494832021335e+03,-3.479420746890157096e-02,1.682521355620511940e+02,2.582608591399110446e+04,4.702859663333822391e+04,0.000000000000000000e+00
3.200500000000236156e+00,1.503693126434087013e+01,6.200436785208037760e-01,4.144090175087066785e-01,-3.937240033462735544e-02,-6.285291484897777281e-02,1.388447576128538398e-02,-1.037316811312973641e+03,8.986583263677696323e+02,1.220175639502044987e+03,-3.482674339310857375e-02,1.692285012695553235e+02,2.807535460610959854e+04,4.697676400660630316e+04,0.000000000000000000e+00
3.205500000000237826e+00,1.503672372977408322e+01,6.198768381738317679e-01,4.147070837484474470e-01,-2.493046495320022649e-02,-6.294377403821027617e-02,-3.655649152737486945e-02,9.120025519644095766e+02,-2.946789693916472856e+02,-7.615365978196774677e+02,-3.480035299662396359e-02,1.700689485184252874e+02,3.749630593001540547e+04,3.830760034521554189e+04,0.000000000000000000e+00
3.210500000000239496e+00,1.503659593049508025e+01,6.198098837071529532e-01,4.149032059946983209e-01,-1.857981894083822472e-02,-2.220091820922505399e-02,1.774014807067020392e-03,1.074249790555946220e+03,-4.937198940711705859e+02,-9.009726036815300176e+02,-3.479419811840694238e-02,1.708017481170788585e+02,3.702792547091271263e+04,3.605324919693341508e+04,0.000000000000000000e+00
3.215500000000241165e+00,1.503653533592379965e+01,6.197647112216866372e-01,4.149376957836407587e-01,-1.589288893881035322e-02,1.490279150263215668e-02,4.840017898663778739e-02,-1.339802384892186637e+03,7.470159806192331189e+02,1.567928245578310452e+03,-3.488077028544590147e-02,1.713879568664233091e+02,2.578892615148944969e+04,4.643447380409124889e+04,0.000000000000000000e+00
3.220500000000242835e+00,1.503650279475814422e+01,6.197710316384761331e-01,4.149666531069252096e-01,3.486514981695185665e-03,-2.102364359405092462e-02,-4.256665036934319246e-02,1.054268048888434578e+03,-5.034756687362208254e+02,-8.330750186340341088e+02,-3.496398504299051690e-02,1.717161512488371500e+02,3.755825592978190252e+04,3.611398473291543633e+04,0.000000000000000000e+00
3.225500000000244505e+00,1.503648712725368064e+01,6.197511693155213219e-01,4.150464796999632777e-01,2.298354570441394924e-03,-3.647602371566273372e-02,-3.416266703065921895e-02,7.519403720132934268e+02,-4.944659229428746698e+02,-5.846702180546104728e+02,-3.504839046340559733e-02,1.720675548426976036e+02,3.802110225746340438e+04,3.812555800141271175e+04,0.000000000000000000e+00
3.230500000000246175e+00,1.503652996922413365e+01,6.198719444150520008e-01,4.150407670908695112e-01,1.514841625500954955e-02,4.905192988110054775e-02,-7.751170653459985710e-03,9.728132924253412739e+02,-6.646142511456657758e+02,-7.547292431494321363e+02,-3.508745014627279862e-02,1.715950659984796403e+02,3.768119185124830256e+04,3.713456399466671428e+04,0.000000000000000000e+00
3.235500000000247844e+00,1.503668642671849653e+01,6.199217916437339548e-01,4.146560809537929160e-01,5.417764634845548960e-02,7.269799778588299788e-02,-2.679576339421064005e-02,-1.160298455030675768e+03,1.263943547285121667e+03,1.460442600728599473e+03,-3.516865435616366858e-02,1.711896414730152856e+02,2.870924417293421357e+04,4.303530109743966750e+04,0.000000000000000000e+00
3.240500000000249514e+00,1.503697520570859680e+01,6.201405820009341374e-01,4.142924462384286466e-01,5.945826015726245889e-02,5.561472778207596224e-02,-5.429971927792832248e-02,-1.345214407018344446e+03,9.957374965838880598e+02,1.733451727188233917e+03,-3.505833416724567914e-02,1.698703121449804883e+02,2.855147934442773112e+04,4.141104834139387822e+04,0.000000000000000000e+00
3.245500000000251184e+00,1.503721138514825384e+01,6.203326164492781736e-01,4.140448505118476952e-01,2.975495006341503240e-02,4.469738223606608413e-02,2.749922136946108750e-02,-1.346554307968727016e+03,5.865116779371769553e+02,1.560148155792679745e+03,-3.502925326435264719e-02,1.686186114276386547e+02,2.666835697351539056e+04,4.563380577930922300e+04,0.000000000000000000e+00
3.250500000000252854e+00,1.503722555259819771e+01,6.203143639694437272e-01,4.141180494202033047e-01,-1.986438527954411531e-02,6.136134292974780406e-03,6.305076299963600917e-02,8.770738712507863966e+02,-6.378895630403069390e+02,-8.232353143596125165e+02,-3.471931933176727186e-02,1.684352007484849025e+02,3.692571332737711055e+04,3.617609374168152863e+04,0.000000000000000000e+00
3.255500000000254524e+00,1.503708177140227242e+01,6.201697344720259464e-01,4.142772435095398720e-01,-4.333802357632737107e-02,-1.248710266776631786e-02,8.366794935033226854e-02,7.362382005502103084e+02,-5.562645016631632870e+02,-6.926967587989688582e+02,-3.471370538163171676e-02,1.689579487925448404e+02,3.812386188735668111e+04,3.931949621106943960e+04,0.000000000000000000e+00
3.260500000000256193e+00,1.503688449075073841e+01,6.200471645870454518e-01,4.145252680091517372e-01,-3.780183968885719725e-02,-1.019960405898341117e-02,4.947775079841761764e-02,1.128243653115831648e+03,-4.179287767621344756e+02,-8.686810406561273794e+02,-3.464428003145753748e-02,1.693401780545976578e+02,3.622261087743086682e+04,3.644189183311275701e+04,0.000000000000000000e+00
3.265500000000257863e+00,1.503672205134880357e+01,6.199406390341452022e-01,4.147025856766049512e-01,-3.313351141890431839e-02,-1.107662943888883950e-02,5.711786416292712054e-02,9.178493148821364684e+02,-5.372295237863734201e+02,-6.673150624948165159e+02,-3.465868677094674499e-02,1.699739220819518266e+02,3.832566746529687225e+04,4.044293342980874149e+04,0.000000000000000000e+00
3.270500000000259533e+00,1.503660596763705826e+01,6.198056055774643358e-01,4.148181957317320090e-01,-1.414278218750246972e-02,-5.228913610472298024e-02,-1.204845480666537523e-02,7.947229349650000358e+02,-6.346722630322293526e+02,-4.394484622612304747e+02,-3.468576638604820017e-02,1.704720994215461758e+02,3.800166174475590378e+04,3.987729475461789116e+04,0.000000000000000000e+00
3.275500000000261203e+00,1.503652552249812757e+01,6.196901252227036139e-01,4.150039918018715857e-01,-1.203620070868528617e-02,-2.223605935744243575e-02,2.597448305118827891e-02,9.286253049609894106e+02,-6.986555595515794721e+02,-7.279502152137453095e+02,-3.476929038287854962e-02,1.710090122046322847e+02,3.787433824833270774e+04,3.824033951294413419e+04,0.000000000000000000e+00
3.280500000000262872e+00,1.503647520451448116e+01,6.195920355227358955e-01,4.150980796281166785e-01,-1.290317032277543338e-02,-2.358330329732346783e-02,1.323573312927162592e-02,5.680604820381906848e+02,-5.915779329954584682e+02,-4.231833994760036148e+02,-3.490454755422877503e-02,1.715165828353364930e+02,3.830729554406789248e+04,4.069544327817290468e+04,0.000000000000000000e+00
3.285500000000264542e+00,1.503639176080355355e+01,6.195100647349622847e-01,4.151809337657323962e-01,-1.704503030466486546e-02,-1.683525216198315452e-02,6.132913169328266939e-03,9.985819483787021227e+02,-6.350561504874772254e+02,-7.734595795174793693e+02,-3.493827757583620186e-02,1.720368174414394957e+02,3.665540002371907030e+04,3.849489614470995730e+04,0.000000000000000000e+00
3.290500000000266212e+00,1.503641691618788734e+01,6.196097540131403347e-01,4.150479851504570994e-01,2.006442363867716808e-02,3.039892288408518536e-02,-6.560613950287946805e-02,6.802003586075275052e+02,-5.028201338036302559e+02,-5.326386640222174265e+02,-3.500343995938114822e-02,1.720048556558244286e+02,3.870376376781709405e+04,3.897821573520043603e+04,0.000000000000000000e+00
3.295500000000267882e+00,1.503657172461314495e+01,6.199446618948245558e-01,4.147830085453134696e-01,4.263602203781984706e-02,8.059450917451682628e-02,-5.667525282761072536e-02,9.204928833367806646e+02,-7.329274114162421938e+02,-7.506079622380892715e+02,-3.509816615898100206e-02,1.709303317330915490e+02,3.803480069499515957e+04,3.681709916089577746e+04,0.000000000000000000e+00
3.300500000000269551e+00,1.503679338518210251e+01,6.202387459648004420e-01,4.144626541150498999e-01,3.443306807283095378e-02,5.335601624424592127e-02,-3.474368370149887031e-02,-1.256469595159461278e+03,8.293190110226303204e+02,1.443849718774973326e+03,-3.506673908587807503e-02,1.696930870289442623e+02,2.709790517752436426e+04,4.628252041145430121e+04,0.000000000000000000e+00
3.305500000000271221e+00,1.503691930715025116e+01,6.204423923486948045e-01,4.143650643537571954e-01,1.650512061972644884e-02,1.245377906766153946e-02,-2.606503230344362279e-02,6.226338430917751339e+02,-7.460193143413357575e+02,-3.732085110808731088e+02,-3.479803451970145400e-02,1.689833535619727343e+02,3.835288848440365837e+04,4.026641830734441464e+04,0.000000000000000000e+00
3.310500000000272891e+00,1.503692217850881541e+01,6.204454742959352176e-01,4.143815836531558050e-01,-5.329268765439469473e-03,-1.736964065152833345e-02,-4.102064561961907448e-03,9.544775822303946597e+02,-4.830773712234226878e+02,-8.473379936878026228e+02,-3.481329861995862557e-02,1.692373964431166087e+02,3.774760210354723677e+04,3.715393311777259078e+04,0.000000000000000000e+00
3.315500000000274561e+00,1.503684668408213554e+01,6.203699630886100325e-01,4.144776753123177726e-01,-2.465655809197606768e-02,-3.465504393866667039e-03,6.095310458422025651e-02,-1.371427539233972539e+03,5.859819748697905197e+02,1.586828081219054184e+03,-3.493723333530386610e-02,1.697288462926442776e+02,2.544528153031177862e+04,4.623775590112544160e+04,0.000000000000000000e+00
3.320500000000276231e+00,1.503673561445383200e+01,6.202226492507675326e-01,4.146418403321536217e-01,-1.937628139055807761e-02,-4.307020087193835778e-02,1.267330126241376746e-02,9.937958639567646060e+02,-4.246927501723026239e+02,-8.168405882656176118e+02,-3.490269826679481130e-02,1.703992999163902766e+02,3.719185058194550948e+04,3.628677656135533471e+04,0.000000000000000000e+00
3.325500000000277900e+00,1.503667288873862340e+01,6.200350013406865646e-01,4.147604870183650982e-01,-5.442944357260489545e-04,-7.481287484663309839e-02,-4.627797098887413696e-02,7.615023864622596648e+02,-2.857404109915559047e+02,-7.134640509291336912e+02,-3.475190643917935862e-02,1.711349679501179821e+02,3.869125613683403935e+04,3.740613013112055341e+04,0.000000000000000000e+00
3.330500000000279570e+00,1.503662673968667818e+01,6.198848814678739050e-01,4.148489833468908539e-01,-6.972662414303852640e-03,-3.655650443958635698e-02,2.353904137609986753e-03,-1.339898165556951199e+03,9.718644286127042733e+02,1.442109932812485113e+03,-3.474123788261760520e-02,1.717903535473455463e+02,2.764651182589490418e+04,4.682210002541852009e+04,0.000000000000000000e+00
3.335500000000281240e+00,1.503659292652214496e+01,6.198012521718859746e-01,4.148842002355728198e-01,7.611159782308472496e-03,7.183730785803241203e-03,-1.508097766052639288e-02,-1.124271922602856193e+03,1.531843848576153960e+03,1.390176246985312673e+03,-3.473949197861529031e-02,1.722642526795383162e+02,2.989097934445997453e+04,4.404587753194455581e+04,0.000000000000000000e+00
3.340500000000282910e+00,1.503668272822534213e+01,6.200043196138916857e-01,4.147148644043758825e-01,2.408815476077376394e-02,3.587347417547518541e-02,-6.493891299543760876e-02,7.567942657540136224e+02,-5.893972816356534850e+02,-5.249458173288447824e+02,-3.472472263037784668e-02,1.714585124945787129e+02,3.843485171465089661e+04,3.845189644890074123e+04,0.000000000000000000e+00
3.345500000000284579e+00,1.503681863289220821e+01,6.202375905245133270e-01,4.144695942911635900e-01,2.958313238764147257e-02,8.618095452863952510e-02,1.117461079381413223e-02,-1.042596331975309340e+03,1.182923217904908597e+03,1.469682706876912334e+03,-3.491474246500488043e-02,1.705057593082448761e+02,2.937945507686396377e+04,4.366386088958967593e+04,0.000000000000000000e+00
3.350500000000286249e+00,1.503694571457743301e+01,6.204075948554332864e-01,4.143134961938138017e-01,9.406817537260407647e-03,5.411430384973573565e-02,5.311387413441437388e-02,-1.052905544146000011e+03,5.647680171225242702e+02,1.186206486174399970e+03,-3.496708802391459286e-02,1.696705079513639873e+02,2.826983844410781603e+04,4.614912146730564564e+04,0.000000000000000000e+00
3.355500000000287919e+00,1.503700556707472202e+01,6.203824264145330059e-01,4.142724670693954669e-01,8.262187085596728320e-03,-6.557044340823641598e-03,1.721538310344263717e-02,7.484597668930624650e+02,-5.831065952256651599e+02,-5.398327423277264643e+02,-3.504145453369181956e-02,1.694189663012305971e+02,3.835181368537942035e+04,3.993658464316883328e+04,0.000000000000000000e+00
3.360500000000289589e+00,1.503698464137722901e+01,6.202442100246436940e-01,4.143219433303893529e-01,-7.299432800308788653e-03,-5.275677047650022961e-02,-1.513386028839053092e-02,7.892096317330475586e+02,-5.160393644009908485e+02,-6.286577016064859436e+02,-3.514044248791933084e-02,1.696548413733279972e+02,3.852324075809534406e+04,3.863295618107600603e+04,0.000000000000000000e+00
3.365500000000291259e+00,1.503693118991028399e+01,6.200945045107422171e-01,4.144516244917488268e-01,-5.943546332050939768e-03,-2.996365439159614022e-02,4.934512986462918915e-02,-1.027160548123639046e+03,5.314169594893023714e+02,1.406697646489925773e+03,-3.517542382906028997e-02,1.702814806063503568e+02,2.756412297702542128e+04,4.619672981698442891e+04,0.000000000000000000e+00
3.370500000000292928e+00,1.503686122212247511e+01,6.199225944287787282e-01,4.146789163362898378e-01,-1.910111462021358425e-02,-4.008917280773795916e-02,4.751433664365736775e-02,6.073219260147676550e+02,-6.698447022465962846e+02,-4.376501817676311816e+02,-3.496261101015214756e-02,1.707524142195343302e+02,3.823792240325369494e+04,4.108697317611682229e+04,0.000000000000000000e+00
3.375500000000294598e+00,1.503679918354497502e+01,6.196873552535973051e-01,4.147752029128095597e-01,-1.274963307034896777e-02,-3.226242943805680830e-02,2.684189672217562883e-02,1.025172027377373752e+03,-4.868336946715540989e+02,-8.306873621512098680e+02,-3.493881844701353379e-02,1.713688435342320702e+02,3.785781753055899026e+04,3.759059113185350725e+04,0.000000000000000000e+00
3.380500000000296268e+00,1.503676270807634374e+01,6.195921269835545919e-01,4.147774070769881805e-01,-3.114727993450382149e-03,-9.897041888636342113e-03,-2.032245547693636856e-02,1.006827259733425649e+03,-5.488991145045713438e+02,-8.654055290325145506e+02,-3.501562698875494012e-02,1.718450978776569400e+02,3.759195297490673693e+04,3.654542318474870990e+04,0.000000000000000000e+00
3.385500000000297938e+00,1.503670740852592580e+01,6.195404272373372656e-01,4.148292065580165833e-01,-1.401564535741334737e-02,1.595803346902954084e-02,5.967573089486655213e-02,-1.201876853389414237e+03,9.504269379016137691e+02,1.331106679983529375e+03,-3.498947926418503190e-02,1.722957526769217509e+02,2.681756907078635777e+04,4.688838591284097492e+04,0.000000000000000000e+00
3.390500000000299607e+00,1.503671041020277954e+01,6.195581809635790638e-01,4.147915482442862123e-01,1.970099247890661626e-02,3.902690048138076490e-02,-9.664341022725182750e-03,-1.222012280126992664e+03,1.362938000672077351e+03,1.564884050717456375e+03,-3.502217025663487138e-02,1.722741672109174544e+02,2.866161382697368390e+04,4.311550036088542402e+04,0.000000000000000000e+00
3.395500000000301277e+00,1.503685952119741565e+01,6.198237657536438405e-01,4.145726848059394509e-01,3.439307306160912375e-02,5.615042917269424949e-02,-5.840283106941170782e-02,4.787185672405510672e+02,-5.107465194479406136e+02,-3.031113103416245167e+02,-3.504267188406579719e-02,1.711881262019176120e+02,3.717071364474112488e+04,4.003856834886129218e+04,0.000000000000000000e+00
3.400500000000302947e+00,1.503700050918512865e+01,6.200039738116631671e-01,4.143582044294635836e-01,1.959335777092301167e-02,1.252691241723017518e-02,-3.716497610092146103e-02,7.119150024949183262e+02,-6.710459441673835954e+02,-5.217832991853139220e+02,-3.488214779920805614e-02,1.701715851312572170e+02,3.760799899128429388e+04,3.758635765303258086e+04,0.000000000000000000e+00
3.405500000000304617e+00,1.503702902139005637e+01,6.200415438353796826e-01,4.143095222126384480e-01,-5.890566330290106754e-03,2.198604604753630343e-02,4.177742260924662693e-02,-1.438092064386188667e+03,5.125783405486075708e+02,1.665185592524438789e+03,-3.487518385150877032e-02,1.698212476910958912e+02,2.592256412046859259e+04,4.596093042986988439e+04,0.000000000000000000e+00
3.410500000000306287e+00,1.503698395408569155e+01,6.199521908336165232e-01,4.143551609909332800e-01,-1.170516029322390787e-02,-2.465694611877218556e-02,2.538962931876063370e-03,1.009383460681563292e+03,-4.640943273092897243e+02,-8.737830394078471272e+02,-3.499646985678562389e-02,1.699396083075330921e+02,3.764089389471471804e+04,3.638358035585682956e+04,0.000000000000000000e+00
3.415500000000307956e+00,1.503690792774715490e+01,6.198953795907804487e-01,4.145041366834504859e-01,-1.874199654112901001e-02,2.304548910671386404e-03,5.943620176319426573e-02,1.014305934116782737e+03,-4.723670326806510502e+02,-8.212380273870464862e+02,-3.509252325312368914e-02,1.702816153805923989e+02,3.798275583076255862e+04,3.839060964286339731e+04,0.000000000000000000e+00
3.420500000000309626e+00,1.503683967369321195e+01,6.197784056699932043e-01,4.145640458213431523e-01,-1.153984795360448769e-02,-3.535928666412434945e-02,-1.481054696894139495e-02,9.829433183393482523e+02,-5.651683604411122133e+02,-8.344033013544876667e+02,-3.521500228331887056e-02,1.706136744000768601e+02,3.730514035395396786e+04,3.665636611552800605e+04,0.000000000000000000e+00
3.425500000000311296e+00,1.503675907163956538e+01,6.196992245276281563e-01,4.146773517531670561e-01,-1.761081970702694025e-02,-1.230925718587263032e-02,2.570262108811850743e-02,-1.153150633890073550e+03,9.151056883383776039e+02,1.285053155032641371e+03,-3.534542408675021841e-02,1.711711104045951402e+02,2.880367159587184506e+04,4.705121044010109472e+04,0.000000000000000000e+00
3.430500000000312966e+00,1.503666730027871701e+01,6.195895386552988660e-01,4.148310940172773020e-01,-1.736506072225911523e-02,-2.519186433359332788e-02,4.060846349910457453e-02,-1.212623574609058778e+03,7.877702867713113619e+02,1.549739322539615614e+03,-3.535233674712549151e-02,1.717940775773371342e+02,2.590807672776588879e+04,4.636451126050532912e+04,0.000000000000000000e+00
3.435500000000314635e+00,1.503666552775634457e+01,6.196243775512193519e-01,4.148620563310537745e-01,1.760368635290621153e-02,6.683867497373091604e-02,8.208814585314961471e-03,9.646843596693128120e+02,-5.909610185170706700e+02,-7.534854516296234124e+02,-3.539992690429387412e-02,1.718859630484715240e+02,3.827332529526927829e+04,3.852487216360712773e+04,0.000000000000000000e+00
3.440500000000316305e+00,1.503682514519475610e+01,6.197793511566728197e-01,4.146610283352726856e-01,4.063992226468948060e-02,5.768591706760139298e-02,-3.345846858551158529e-03,9.651050160575481414e+02,-6.003747390724922752e+02,-8.623699530953648491e+02,-3.538470206044778271e-02,1.708019097333075251e+02,3.798578249788817629e+04,3.551822649713483406e+04,0.000000000000000000e+00
3.445500000000317975e+00,1.503703899493772056e+01,6.197826647085292739e-01,4.143098963136032653e-01,3.737477060015546165e-02,1.315032796701348823e-02,-8.236213124715559969e-03,-1.570872239722146560e+03,6.494439249777816485e+02,1.817378942835960970e+03,-3.536923127728607008e-02,1.700859047525252379e+02,2.569447913042666187e+04,4.545907775440294790e+04,0.000000000000000000e+00
3.450500000000319645e+00,1.503711220561699058e+01,6.197230033720957376e-01,4.142763070101220246e-01,9.979134370109502689e-03,-3.930042571083448150e-02,-3.968283381454507097e-02,-1.151734673142223528e+03,8.990678861968829096e+02,1.329694997229969431e+03,-3.500931814765478878e-02,1.696930492581091414e+02,2.913078720160426383e+04,4.656463773049850715e+04,0.000000000000000000e+00
3.455500000000321315e+00,1.503708520323743514e+01,6.196760809873520515e-01,4.143577280026840004e-01,-7.781531523574866140e-03,-5.241067962913234513e-02,-4.520841760929743963e-02,5.038699960362805541e+02,-5.971602503929398154e+02,-2.742298513157530806e+02,-3.490657812502213908e-02,1.694720029690534489e+02,3.800655355292194872e+04,3.897418194022064563e+04,0.000000000000000000e+00
3.460500000000322984e+00,1.503697226748330174e+01,6.195918666397411956e-01,4.145742496398808208e-01,-2.273293194236482295e-02,-3.712900717895628588e-02,2.114324264188863559e-02,7.180034153322487782e+02,-5.764826178101360483e+02,-6.182013424126535028e+02,-3.493825227692812924e-02,1.697852764298261263e+02,3.783553532550497039e+04,3.883153431092124083e+04,0.000000000000000000e+00
3.465500000000324654e+00,1.503688090918583597e+01,6.194151057801438043e-01,4.146512106241763695e-01,-2.589106213809535748e-02,-4.804204289117887470e-04,7.331171323908283743e-02,1.174254479168594344e+03,-6.294560045195237308e+02,-1.047624580363817586e+03,-3.502729075694557825e-02,1.704717978991621123e+02,3.681550671149608388e+04,3.629412574788457277e+04,0.000000000000000000e+00
3.470500000000326324e+00,1.503678921474510943e+01,6.192305026250752853e-01,4.147054083794380341e-01,-2.337910150264673262e-02,1.657413745711680195e-02,7.798003927943744640e-02,-1.067260193512019441e+03,8.777326799503666734e+02,1.232556539524020081e+03,-3.513562262384854057e-02,1.709493835972761246e+02,2.730513726419101295e+04,4.687046643351685634e+04,0.000000000000000000e+00
3.475500000000327994e+00,1.503673478699158927e+01,6.192289639736211493e-01,4.147252280521033785e-01,8.965495115242033339e-03,4.063606668315310894e-02,-4.714683878315291919e-03,-9.818947270852273732e+02,1.423350455089874913e+03,1.299186372220533940e+03,-3.516495339979897050e-02,1.709784539467788420e+02,2.968430645185862159e+04,4.349733612107569206e+04,0.000000000000000000e+00
3.480500000000329663e+00,1.503685909226225803e+01,6.194801523085119443e-01,4.145630578127785792e-01,3.758549733085122385e-02,5.123560982983237783e-02,-5.262065331345055358e-02,7.620889732862490291e+02,-6.437146991720190954e+02,-5.772025356255685438e+02,-3.531008219006660787e-02,1.699907149508778446e+02,3.800160063789675041e+04,3.766317426315596822e+04,0.000000000000000000e+00
3.485500000000331333e+00,1.503709920349719731e+01,6.196869344700094429e-01,4.142072623960990074e-01,4.330690746284768244e-02,3.762689333080888876e-02,-5.865727476553511677e-02,-1.326961920692685226e+03,8.443366397690581380e+02,1.425273011997921913e+03,-3.533697569944373174e-02,1.689836821707982608e+02,2.823850841252115060e+04,4.632907446609238832e+04,0.000000000000000000e+00
3.490500000000333003e+00,1.503717460146540041e+01,6.198228839374521071e-01,4.141355543231404202e-01,-1.471308075003018283e-03,3.179220256692343732e-02,2.372335188757605101e-02,-1.148561509644653597e+03,6.445838035159033552e+02,1.287767876159871321e+03,-3.520670318091940337e-02,1.683438725245490559e+02,2.809873324066909481e+04,4.611904287586968712e+04,0.000000000000000000e+00
3.495500000000334673e+00,1.503710111700460672e+01,6.198240149871973026e-01,4.142295267350832866e-01,-3.202282053866328804e-02,8.877313541244092688e-04,7.349712376812020387e-02,-1.279520154425312057e+03,7.049483653367334455e+02,1.406320696050379865e+03,-3.526995708071545971e-02,1.685476656151423640e+02,2.676092096034615679e+04,4.620929846577781427e+04,0.000000000000000000e+00
3.500500000000336343e+00,1.503695026692411396e+01,6.197005718822405917e-01,4.144426163267472263e-01,-3.096197587880567328e-02,-3.913653717818055267e-02,2.980518281261291050e-02,6.922520756095170782e+02,-4.838873458499708704e+02,-5.638903872725458086e+02,-3.530621822240075786e-02,1.690938973274793682e+02,3.824274534367632441e+04,3.892871564168280020e+04,0.000000000000000000e+00
3.505500000000338012e+00,1.503682047323309234e+01,6.195416649508896922e-01,4.145924440089243657e-01,-2.159423444293240638e-02,-2.548949052418188893e-02,2.171020305676308465e-02,8.002455670128314296e+02,-4.860271952538391247e+02,-6.294249773624521822e+02,-3.531984809496661187e-02,1.698019324331976634e+02,3.894154226793177077e+04,3.891478332562002470e+04,0.000000000000000000e+00
3.510500000000339682e+00,1.503673841647110443e+01,6.194099435194906356e-01,4.146704635289198415e-01,-6.215403920587196304e-03,-5.045012798169616619e-02,-4.378474970160134427e-02,9.017364669073203913e+02,-3.772049019106401602e+02,-6.322239366661588065e+02,-3.536067709819957355e-02,1.704349513383625379e+02,3.809698824568518467e+04,3.756345464621583960e+04,0.000000000000000000e+00
3.515500000000341352e+00,1.503668614761410716e+01,6.193662107629602787e-01,4.147456502317650728e-01,1.414006812755572683e-03,-4.879297509043184489e-02,-6.939676066314409697e-02,6.856636913953943804e+02,-4.421884533240517499e+02,-5.139889776415919869e+02,-3.538118844194457907e-02,1.711115446810455865e+02,3.743877578813442960e+04,3.855626806630167266e+04,0.000000000000000000e+00
3.520500000000343022e+00,1.503673501662890466e+01,6.195367860512579483e-01,4.146519915088910935e-01,2.256688691729506410e-02,7.971947273446574472e-03,-8.965109799816668723e-02,5.305835421546328234e+02,-4.219132654332696006e+02,-4.000155464551268096e+02,-3.528846343192591772e-02,1.709097882618624453e+02,3.841104813299605303e+04,3.929929898337889608e+04,0.000000000000000000e+00
3.525500000000344691e+00,1.503691566398827995e+01,6.198573597016223680e-01,4.143556875575192811e-01,4.014970720209402183e-02,1.236335174486598819e-02,-1.165533428914769798e-01,1.896101124363247550e+02,-4.016139028602023586e+02,6.821501285721811314e+01,-3.523920553313516363e-02,1.699491064469933690e+02,3.745024715817398828e+04,4.172808139565093734e+04,0.000000000000000000e+00
3.530500000000346361e+00,1.503714059788080704e+01,6.201495567516590590e-01,4.140097539619132516e-01,4.262571680545687580e-02,6.731266432240465281e-03,-1.304044800552612293e-01,6.354839468273936518e+02,-4.859594485587277859e+02,-4.639279034324229087e+02,-3.502131298926218494e-02,1.686062125779771748e+02,3.776554490395709581e+04,3.608812770809038193e+04,0.000000000000000000e+00
3.535500000000348031e+00,1.503732215757461965e+01,6.204404243427396048e-01,4.138271462883904572e-01,2.631291949125708768e-02,1.738516706939510770e-02,-8.213089410207907726e-02,5.098385850005270186e+02,-2.887935449826090348e+02,-2.388896491659137382e+02,-3.512144405459795282e-02,1.672129599170766880e+02,3.862103783839863900e+04,3.739888557230094739e+04,0.000000000000000000e+00
3.540500000000349701e+00,1.503740460938183610e+01,6.205164313070735682e-01,4.137312459233555839e-01,3.790539381190824886e-03,4.247940810482348298e-03,1.235667061953853868e-02,6.714350299790746703e+02,-5.260854232680301266e+02,-5.693251061536126372e+02,-3.497549710858818828e-02,1.671339488062061776e+02,3.870838700868318847e+04,3.837396320461513824e+04,0.000000000000000000e+00
3.545500000000351370e+00,1.503730834797159588e+01,6.204349460548496120e-01,4.139148551994942804e-01,-3.072793146768006134e-02,-1.904256410169245101e-02,5.374506089340434778e-02,-1.328046022000965422e+03,6.402328850364079926e+02,1.510000540430313094e+03,-3.479332361533186979e-02,1.677583261501268623e+02,2.735958134439352216e+04,4.637199636948629632e+04,0.000000000000000000e+00
3.550500000000353040e+00,1.503709768022751625e+01,6.203222965203071260e-01,4.142387711919927051e-01,-4.618166586983860067e-02,-2.959714019686913999e-02,4.853219720416496186e-02,8.169992443051207829e+02,-4.868243857925297107e+02,-8.090759465735354752e+02,-3.479996123216836518e-02,1.686812831620303257e+02,3.732063945734946174e+04,3.679669749845236220e+04,0.000000000000000000e+00
3.555500000000354710e+00,1.503682203170352238e+01,6.200881748464613930e-01,4.145617068002869776e-01,-5.452791452196781297e-02,-5.608373032216033144e-02,6.326784027427641288e-02,-1.166313652456227373e+03,6.996007009359498170e+02,1.344083060495345308e+03,-3.488301530641004650e-02,1.696599974021440289e+02,2.675318243873199026e+04,4.707856932232163672e+04,0.000000000000000000e+00
3.560500000000356380e+00,1.503659173441205965e+01,6.198628105156277490e-01,4.148339368501029467e-01,-3.290951988022495361e-02,-3.961277233245345808e-02,2.433670630400778731e-02,-9.610992596358996707e+02,1.017487489790017321e+03,1.165799933643629856e+03,-3.495409114542301354e-02,1.707472970484006396e+02,2.823793260971854397e+04,4.691829084296592191e+04,0.000000000000000000e+00
3.565500000000358050e+00,1.503644900331105916e+01,6.197283407218215912e-01,4.150582991301622338e-01,-1.850736180414271764e-02,-3.879080120000558130e-02,2.304387243755190440e-02,8.183256184848214616e+02,-5.456968457105257357e+02,-5.652342751587881367e+02,-3.492948394455340499e-02,1.715415810693807259e+02,3.830586351660428045e+04,3.988654192914571468e+04,0.000000000000000000e+00
3.570500000000359719e+00,1.503638392084315889e+01,6.196746089993497852e-01,4.151872969451800288e-01,-4.746018114700579181e-03,-2.091667958450857748e-02,-1.420270279232611552e-02,9.146123828930334412e+02,-5.615036021714773824e+02,-6.903491919236104195e+02,-3.489373554329485566e-02,1.719175284008863684e+02,3.795300006410392962e+04,3.808710048080322304e+04,0.000000000000000000e+00
3.575500000000361389e+00,1.503639987691827429e+01,6.196495843459648434e-01,4.151639843822143017e-01,4.779304783326418331e-04,1.423140202419983201e-02,2.124350642632401309e-02,1.001856338998011665e+03,-6.657845376082100302e+02,-7.890971999133635109e+02,-3.501424792854292839e-02,1.722490765497870484e+02,3.719718777258705086e+04,3.782096263720526622e+04,0.000000000000000000e+00
3.580500000000363059e+00,1.503642685906875975e+01,6.196604986054228270e-01,4.151581389216212337e-01,3.566879762947489704e-03,1.089118872313892157e-02,6.856105519645355750e-03,1.063632273690589045e+03,-7.688526005650231809e+02,-7.670440133862173298e+02,-3.503809100800457654e-02,1.723446228395668811e+02,3.654428992878821009e+04,3.805758358344173757e+04,0.000000000000000000e+00
3.585500000000364729e+00,1.503654264976292687e+01,6.198190934469914870e-01,4.149693477375437922e-01,3.397473342358875437e-02,7.725410167964512353e-02,-3.162580997999721311e-02,8.523039715588795389e+02,-7.030268084356226836e+02,-6.718196906132284312e+02,-3.499282267925166862e-02,1.719581047238424674e+02,3.749289626080133166e+04,3.831701044564046606e+04,0.000000000000000000e+00
3.590500000000366398e+00,1.503675887239116271e+01,6.201617705047770546e-01,4.146029264301200890e-01,4.515314609823382203e-02,6.906503605393105039e-02,-7.500649633194081400e-02,6.586805189512978131e+02,-6.557956543115136583e+02,-3.421704495965034312e+02,-3.503173472103348479e-02,1.703432528167856219e+02,3.838403680222846015e+04,3.989815212975107715e+04,0.000000000000000000e+00
3.595500000000368068e+00,1.503700548329251063e+01,6.203876013920960331e-01,4.141634888673529358e-01,5.446340662227470986e-02,5.887215768243234115e-02,-7.459429861569746856e-02,-1.126069812654109910e+03,1.097670433591549227e+03,1.423485087385675115e+03,-3.495594012037490234e-02,1.691879927440932363e+02,3.100910308518290913e+04,4.207407253532299364e+04,0.000000000000000000e+00
3.600500000000369738e+00,1.503722404104777510e+01,6.205837182693736409e-01,4.139140892111954351e-01,2.872850840629038310e-02,2.592685560962770114e-03,-5.389447973387152813e-02,6.160106402137818122e+02,-5.464075579594059491e+02,-2.350096481108239743e+02,-3.494555282606192498e-02,1.679078312299781715e+02,3.753917172566645604e+04,3.713656358173662738e+04,0.000000000000000000e+00
3.605500000000371408e+00,1.503720928263789069e+01,6.205189349422888245e-01,4.139970816115483010e-01,-1.308673423270833268e-02,-3.968005643027203155e-02,-1.110613599242185959e-02,8.146851920556805453e+02,-4.714737750920599524e+02,-7.460008678155942334e+02,-3.493066943132615981e-02,1.680183462051679157e+02,3.818346799073298462e+04,3.646836978826740233e+04,0.000000000000000000e+00
3.610500000000373078e+00,1.503708285926861699e+01,6.204201534828596154e-01,4.142633777393049943e-01,-3.536181492979040969e-02,-2.979419769522220762e-02,6.035476192304355114e-02,6.014463288176907554e+02,-6.520185340710654600e+02,-5.424409083861597765e+02,-3.479194612536181536e-02,1.687984271846536615e+02,3.825393598178822140e+04,3.830728430699397722e+04,0.000000000000000000e+00
3.615500000000374747e+00,1.503687448929363235e+01,6.202137958606184220e-01,4.145395990175815282e-01,-3.170487411873774974e-02,-7.234165526594159290e-02,-5.766870048566921647e-03,9.712705695207833969e+02,-4.753298679741817523e+02,-6.704641532930517087e+02,-3.471032488272974420e-02,1.695780774287752592e+02,3.746543090887795552e+04,3.727430996993056033e+04,0.000000000000000000e+00
3.620500000000376417e+00,1.503668891156374166e+01,6.200605882018012105e-01,4.147893276081065506e-01,-3.975713731453821981e-02,-1.230642443965879705e-02,9.090153582027032941e-02,-1.249622739928555347e+03,5.930817300302963986e+02,1.487618320720493557e+03,-3.474550665095085117e-02,1.706385050200067326e+02,2.613651174136232294e+04,4.616909769720927579e+04,0.000000000000000000e+00
3.625500000000378087e+00,1.503656368887070016e+01,6.199075052597974311e-01,4.149378069033891614e-01,-1.495658396632242905e-02,-3.919319001761496779e-02,3.013772683581185212e-03,1.020538357360826012e+03,-5.368753676358801386e+02,-7.371793210431052330e+02,-3.469314298788155060e-02,1.712787078980137494e+02,3.810608469583893748e+04,3.776994873884517438e+04,0.000000000000000000e+00
3.630500000000379757e+00,1.503649848315327908e+01,6.197741534268309538e-01,4.149822112917452288e-01,-8.470677320685562547e-03,-2.341264519058271210e-02,2.181054487411013439e-03,-1.188847513514341699e+03,8.086927315997883170e+02,1.455289991461818772e+03,-3.480735316131995660e-02,1.719031221618052996e+02,2.811474726665921844e+04,4.674001316125412268e+04,0.000000000000000000e+00
3.635500000000381426e+00,1.503645267310010425e+01,6.197054724039906537e-01,4.150618708065431650e-01,-4.101086141141931790e-03,-2.059478871991106061e-02,-9.388433395699993670e-04,9.725277564974423967e+02,-5.252162388556009773e+02,-7.635811273511849322e+02,-3.495191930414263265e-02,1.722223031313906461e+02,3.783450232805056294e+04,3.792396803026404814e+04,0.000000000000000000e+00
3.640500000000383096e+00,1.503642595267887572e+01,6.196443338768105047e-01,4.150920558673122374e-01,-2.908208772348425467e-03,-1.583312105842783063e-02,-1.157657762642374730e-02,1.214777690705201849e+03,-6.678050302420788285e+02,-9.167531400306078240e+02,-3.509532360567415438e-02,1.726982089726468530e+02,3.539308180662161612e+04,3.645116531949076307e+04,0.000000000000000000e+00
3.645500000000384766e+00,1.503645283238429542e+01,6.196310747281961184e-01,4.150542812270489046e-01,2.321692814612983172e-02,3.219356840889352200e-02,-1.899522779142951215e-02,-1.050757920532488242e+03,1.440667192525099153e+03,1.316053781468904845e+03,-3.513624615245242860e-02,1.729635101264474599e+02,2.989199114524120887e+04,4.385259418273909250e+04,0.000000000000000000e+00
3.650500000000386436e+00,1.503663482500395965e+01,6.198463270686331850e-01,4.148313276201164301e-01,4.849277135794746035e-02,4.170313010717204699e-02,-6.761048360323099193e-02,8.924183017504032023e+02,-6.776542376775465755e+02,-7.615620164188513854e+02,-3.500967727376411154e-02,1.719323226315426609e+02,3.700911812958237715e+04,3.650100203617032821e+04,0.000000000000000000e+00
3.655500000000388106e+00,1.503688405916239113e+01,6.201406786003252902e-01,4.144774917470746556e-01,5.166329418269802187e-02,2.913498483581844142e-02,-1.139794642650983070e-01,7.890521946237396378e+02,-5.727546524059612238e+02,-6.352704348550040550e+02,-3.493780093776021473e-02,1.703391859224213931e+02,3.757802805736923619e+04,3.633974422505630355e+04,0.000000000000000000e+00
3.660500000000389775e+00,1.503714476782793419e+01,6.204399309744655922e-01,4.142103363805765825e-01,3.903196701345545278e-02,4.713656126676751823e-02,-3.182524122801254352e-02,6.404958840993300555e+02,-5.654215769143471562e+02,-5.408963403228827929e+02,-3.505558827327916183e-02,1.685456388416562845e+02,3.853368736814947624e+04,3.747587012830720050e+04,0.000000000000000000e+00
3.665500000000391445e+00,1.503727538135573916e+01,6.204036812640608689e-01,4.139029721661366401e-01,1.232177715253487786e-02,-3.265393493587593222e-03,3.043765495890777412e-02,-1.542614877318813114e+03,5.540471553308721013e+02,1.832534243948302901e+03,-3.496654364810657806e-02,1.684018252133354565e+02,2.496805635636522129e+04,4.566743328276045213e+04,0.000000000000000000e+00
3.670500000000393115e+00,1.503724289963177441e+01,6.203896103265921225e-01,4.140811476882965692e-01,-2.277299257866236340e-02,8.297627299771638196e-03,7.260966823278559856e-02,-1.318974786683396587e+03,5.212313293612726284e+02,1.440203095662645410e+03,-3.481172296671575933e-02,1.685056653066878880e+02,2.732762722793874127e+04,4.624690207991971693e+04,0.000000000000000000e+00
3.675500000000394785e+00,1.503709342306449237e+01,6.202781241896274667e-01,4.142837375440975300e-01,-3.680198613521635381e-02,-8.929994561748044041e-03,7.764007113523305192e-02,-1.137615759770168324e+03,5.632917943555208922e+02,1.344684977316062941e+03,-3.481942251491327439e-02,1.691631118600860475e+02,2.756483259220631953e+04,4.641146977453750878e+04,0.000000000000000000e+00
3.680500000000396454e+00,1.503689567065145916e+01,6.200900887731249922e-01,4.145516734491874189e-01,-4.482396305836394701e-02,-2.445123561677615964e-02,9.114302699585626055e-02,-1.021722299047442561e+03,7.365257214550215394e+02,1.064347458202108328e+03,-3.492009910685576340e-02,1.700427812681833757e+02,2.719408597684438428e+04,4.767703827782670123e+04,0.000000000000000000e+00
3.685500000000398124e+00,1.503670513093891792e+01,6.198843820639364788e-01,4.147815765983159930e-01,-3.630748706644567475e-02,-1.836816721971488986e-02,7.429022074320343338e-02,-1.165350379356895701e+03,8.322908449847233214e+02,1.355027562000248508e+03,-3.504404292870234167e-02,1.709026381419995460e+02,2.702547576918281629e+04,4.690917041183144465e+04,0.000000000000000000e+00
3.690500000000399794e+00,1.503659717533251161e+01,6.197773223474999371e-01,4.148927307144230081e-01,-7.108467175687388506e-03,-3.613454033788879305e-02,-3.658611313906931506e-02,8.257417885098676607e+02,-5.223869006222364533e+02,-6.072740754319671623e+02,-3.507337936613254270e-02,1.714899050590024956e+02,3.851066985095923155e+04,3.850053486969883670e+04,0.000000000000000000e+00
3.695500000000401464e+00,1.503655648111695342e+01,6.197562432868471971e-01,4.149478761526299575e-01,-3.949503541109105481e-03,1.405787222728213182e-03,9.804674035948373820e-03,9.822883038045333706e+02,-5.080627695003952908e+02,-8.633023195227494853e+02,-3.503883040434224022e-02,1.719185937839798441e+02,3.848343362597619125e+04,3.717648768639675109e+04,0.000000000000000000e+00
3.700500000000403134e+00,1.503656221906748236e+01,6.197417024673320674e-01,4.149266885516467718e-01,1.162063049410499635e-03,9.479656200599463622e-03,1.306259952250185324e-03,-1.083302319702969044e+03,9.458049213958381642e+02,1.210616046479231272e+03,-3.500741961051748868e-02,1.722548523467726227e+02,2.822603479797713590e+04,4.720199321189029433e+04,0.000000000000000000e+00
3.705500000000404803e+00,1.503657026011240916e+01,6.198227260989122023e-01,4.149005289531008112e-01,9.642369781825400887e-03,2.212031215130732392e-02,-2.105456104352316365e-02,9.241050238364521192e+02,-5.788718537216541336e+02,-6.938140624281570581e+02,-3.487690036057412846e-02,1.723132809742777454e+02,3.878088262524476886e+04,3.839124249822839920e+04,0.000000000000000000e+00
3.710500000000406473e+00,1.503667598116080839e+01,6.200288055616542948e-01,4.147020616422820716e-01,2.966818433823468354e-02,9.402108713014026287e-02,-9.177090543966944999e-03,-1.311226774127700764e+03,1.413921118718343223e+03,1.464919028919828406e+03,-3.494221404054156238e-02,1.716978933903565974e+02,2.980497535997889645e+04,4.337955081580617116e+04,0.000000000000000000e+00
3.715500000000408143e+00,1.503683452608481907e+01,6.203281923790799901e-01,4.144672529408128803e-01,3.443840515376796196e-02,9.506104686247068836e-02,-2.183059055421464681e-02,8.217154303813084653e+02,-7.055825714459959954e+02,-7.279507753747460583e+02,-3.491763281949596814e-02,1.704048873939765656e+02,3.823633641801879276e+04,3.782424858315841993e+04,0.000000000000000000e+00
3.720500000000409813e+00,1.503702423482659967e+01,6.205632861430182556e-01,4.141387243054291956e-01,3.719483780600842115e-02,3.213494953502918361e-02,-7.065210164376529989e-02,4.669793500266169417e+02,-4.110751644050351388e+02,-3.935714921357286471e+02,-3.481624575099000196e-02,1.693083003621480884e+02,3.786651841010591306e+04,3.816001229135501490e+04,0.000000000000000000e+00
3.725500000000411482e+00,1.503709904215885373e+01,6.206390358232650728e-01,4.141092558795335665e-01,-2.515263460608172918e-03,-1.990530848224682930e-02,-1.259136917012627921e-02,5.692984712433744789e+02,-6.756949730012432838e+02,-5.462889623371614789e+02,-3.487282028423824287e-02,1.689760451619657715e+02,3.770657659033724485e+04,3.652458796342100686e+04,0.000000000000000000e+00
3.730500000000413152e+00,1.503700873641279756e+01,6.205620365866953980e-01,4.142762251765089720e-01,-1.947165571301089429e-02,-4.038579083522379071e-02,2.933407527790318249e-03,8.859275072372292925e+02,-4.464365654439363880e+02,-6.863544057180757818e+02,-3.487001835599853189e-02,1.694004066842364580e+02,3.851888967066141049e+04,3.850482891507749446e+04,0.000000000000000000e+00
3.735500000000414822e+00,1.503690798810696450e+01,6.204160991690987892e-01,4.144652865885478099e-01,-1.396300310180832553e-02,-4.305548767253929154e-02,1.107619074976725834e-02,6.590780187176850404e+02,-5.962456400704392081e+02,-4.387942089231616478e+02,-3.485418789712092097e-02,1.700634157924155545e+02,3.803191983011315460e+04,4.017510689917476702e+04,0.000000000000000000e+00
3.740500000000416492e+00,1.503685475040319552e+01,6.202872288589103000e-01,4.146025983287394134e-01,-1.190630614111115246e-02,-9.702601967908995942e-03,4.735003179263360534e-02,-1.019488918003466893e+03,8.249359240664637127e+02,1.113351848243520180e+03,-3.486981911941838125e-02,1.706820371866549237e+02,2.853307190554662157e+04,4.691139781882725219e+04,0.000000000000000000e+00
3.745500000000418162e+00,1.503678834332849412e+01,6.201633993461469485e-01,4.146874798188930344e-01,-1.525485627166453702e-02,-1.017146972178717759e-02,3.533852902032788568e-02,-1.162047685383028238e+03,6.844798568147153901e+02,1.349055575431175839e+03,-3.487546786578611668e-02,1.711525918481175097e+02,2.759381696524129075e+04,4.673334824201988522e+04,0.000000000000000000e+00
3.750500000000419831e+00,1.503672083462850395e+01,6.200787870965794868e-01,4.147506477532779678e-01,-6.392223687233151291e-03,-4.977791980485455486e-02,-3.784318753312660571e-02,7.046420644211859781e+02,-6.836568133178308244e+02,-3.388729964092499358e+02,-3.482977488063085381e-02,1.714900784723332379e+02,3.830559322932150098e+04,4.013705949677059834e+04,0.000000000000000000e+00
3.755500000000421501e+00,1.503665888243634363e+01,6.199503165449099518e-01,4.148009854988519707e-01,-1.174178347859011241e-02,-1.578642095001234202e-02,2.634582701496946538e-02,-1.190032206192917101e+03,8.364258669576273633e+02,1.443922727419245348e+03,-3.484433170344938130e-02,1.718647038220425713e+02,2.786503910006377191e+04,4.686790274388287799e+04,0.000000000000000000e+00
3.760500000000423171e+00,1.503661168849803609e+01,6.198902231423297771e-01,4.149151301567333139e-01,-1.294040155984452385e-02,1.182875845925328469e-02,4.839000751547927609e-02,1.079313622182721929e+03,-8.374077911326038475e+02,-8.097056568898489104e+02,-3.492457977994335022e-02,1.722477101520641440e+02,3.742709170477934094e+04,3.798427392129618238e+04,0.000000000000000000e+00
3.765500000000424841e+00,1.503659852704220512e+01,6.198976928518602492e-01,4.149024125093039861e-01,1.358170130961716422e-03,2.895522953674154951e-02,2.782385714184554444e-03,6.638138934488558789e+02,-4.741803785311647630e+02,-5.746183041343230116e+02,-3.515809549573021414e-02,1.722137969635010961e+02,3.911556822924457083e+04,3.986993900567005767e+04,0.000000000000000000e+00
3.770500000000426510e+00,1.503667126421015432e+01,6.200191826431069586e-01,4.147315441270480463e-01,2.160195431162918386e-02,4.903371857436423370e-02,-1.071648802604233466e-02,-1.370687967324035071e+03,1.268877457430113282e+03,1.721588764185338277e+03,-3.514704287036114760e-02,1.718450745637197485e+02,2.919821767007223752e+04,4.190895223435250955e+04,0.000000000000000000e+00
3.775500000000428180e+00,1.503674205183563295e+01,6.201164299220920384e-01,4.146836922964227123e-01,4.021695203896740248e-03,1.588096751992533473e-02,2.231051247285241457e-02,9.952521802318060509e+02,-6.895169883621630333e+02,-8.918568174231785406e+02,-3.519417404917340314e-02,1.715133873665019451e+02,3.700902204508020077e+04,3.643767365842183790e+04,0.000000000000000000e+00
3.780500000000429850e+00,1.503673889153118637e+01,6.201205308698478635e-01,4.147893540335198526e-01,-3.260169293854481808e-03,-3.754597731197072651e-03,2.024769648765309751e-02,1.112563155019828400e+03,-6.331524194598714530e+02,-8.591103071445299975e+02,-3.505044257393726687e-02,1.715784711685907951e+02,3.781357844278752600e+04,3.726352450760337524e+04,0.000000000000000000e+00
3.785500000000431520e+00,1.503672767928836684e+01,6.200148219467241928e-01,4.148239639057129113e-01,-9.739663869352044312e-03,-1.351258888178521154e-02,3.289648233316988524e-02,8.491011734716751107e+02,-7.178926655684912248e+02,-5.458211508755073282e+02,-3.489663947644004727e-02,1.717682928513735021e+02,3.833668409684632934e+04,4.005148398803220334e+04,0.000000000000000000e+00
3.790500000000433189e+00,1.503668792901718909e+01,6.198452978259605395e-01,4.148693069083220220e-01,-3.644710489947083996e-03,-5.630449861610085927e-02,-3.425369272902272638e-02,8.117954108378119145e+02,-5.044739755366449003e+02,-6.230941821557549929e+02,-3.475764822851041408e-02,1.717648077531387401e+02,3.813592502749794949e+04,3.853089417156735726e+04,0.000000000000000000e+00
3.795500000000434859e+00,1.503663709233467927e+01,6.196973222923700675e-01,4.149421260494201014e-01,-1.882449482282200952e-03,-5.905043186867067750e-02,-3.806311063216930718e-02,9.603822638718005464e+02,-4.792643029220002973e+02,-6.613070861741830413e+02,-3.481403677104059902e-02,1.717382015918642821e+02,3.812894942313627689e+04,3.761500250228692312e+04,0.000000000000000000e+00
3.800500000000436529e+00,1.503660856925835532e+01,6.195587524801766666e-01,4.149400412417618700e-01,-3.208966769247499629e-04,-5.424365008348665251e-02,-5.703252970012066131e-02,6.356075453857956745e+02,-4.881190602705144101e+02,-4.789866899142477337e+02,-3.495742908385754411e-02,1.720073727838096431e+02,3.873671669001862028e+04,3.941037412510034483e+04,0.000000000000000000e+00
3.805500000000438199e+00,1.503660715632651268e+01,6.195607755446455034e-01,4.149480494780933282e-01,8.011623254756849999e-03,2.548190265371858346e-02,-2.858674069322305559e-03,5.394587628242638857e+02,-4.313623959548794460e+02,-4.336662781237486683e+02,-3.504708756759480903e-02,1.719128798318122620e+02,3.934705442231435154e+04,4.086783180028924835e+04,0.000000000000000000e+00
3.810500000000439869e+00,1.503671709416286895e+01,6.197140352641548056e-01,4.146937217744220971e-01,3.258895012733434987e-02,5.363769686872871950e-02,-5.912418270253725489e-02,-1.021288834968828951e+03,1.495217085895515538e+03,1.260585531502269305e+03,-3.514823529211894004e-02,1.711856119900470219e+02,3.035427325284753533e+04,4.443788975359286269e+04,0.000000000000000000e+00
3.815500000000441538e+00,1.503691947567832088e+01,6.200289056185420700e-01,4.144058390476275111e-01,4.643682562436349942e-02,9.144473839559920381e-02,-3.124804783992394738e-02,9.462213981045849778e+02,-7.033235450936654161e+02,-7.778703020227843581e+02,-3.509738459562172092e-02,1.697681909182306015e+02,3.785345722652843688e+04,3.681567546833588858e+04,0.000000000000000000e+00
3.820500000000443208e+00,1.503715886937892954e+01,6.203194184620858254e-01,4.141040895043882064e-01,4.540913362033392048e-02,6.672128707550456506e-02,-2.860944660210503268e-02,4.532501415294628373e+02,-4.927615521747752041e+02,-2.937858612879396674e+02,-3.492089174606490681e-02,1.682968694794186035e+02,3.924559848878977937e+04,3.957399957028461358e+04,0.000000000000000000e+00
3.825500000000444878e+00,1.503728618659065042e+01,6.204688972102706535e-01,4.139343710770024831e-01,4.015419089208082000e-03,3.196161879518358978e-02,3.388454726328948841e-02,5.066998393731036572e+02,-8.215259279618652499e+02,-4.465194285572391664e+02,-3.467713289346933264e-02,1.676793586578882298e+02,3.775570046252411703e+04,3.820174599381451117e+04,0.000000000000000000e+00
3.830500000000446548e+00,1.503723586932936840e+01,6.204483826119091550e-01,4.140143948207021252e-01,-2.101110349505290117e-02,-2.527946289218140422e-02,1.297782778987653304e-02,7.160916726834410611e+02,-4.990360783229457411e+02,-5.969127362601896039e+02,-3.471141058499249699e-02,1.677691528317265295e+02,3.844698923202080914e+04,3.870019215498618723e+04,0.000000000000000000e+00
3.835500000000448217e+00,1.503708139444364456e+01,6.203060373579373232e-01,4.142016094809169990e-01,-4.007271063699247710e-02,-4.636270455454273576e-02,4.624089149363321688e-02,5.626303732015574042e+02,-6.776321816763924062e+02,-3.571869029400649538e+02,-3.473987113571154473e-02,1.684658821704143747e+02,3.796681118524397607e+04,4.013185554077306006e+04,0.000000000000000000e+00
3.840500000000449887e+00,1.503684080124794598e+01,6.201075780233400447e-01,4.145215698456970466e-01,-4.939489296592876333e-02,-4.953594380994415236e-02,4.388060920364787731e-02,8.467152126295197831e+02,-5.157118346080384299e+02,-6.451367250420779555e+02,-3.475586090422233543e-02,1.693154935017740854e+02,3.794225637682670640e+04,3.874954913299687178e+04,0.000000000000000000e+00
3.845500000000451557e+00,1.503665205384021419e+01,6.198710087666113866e-01,4.147218310618241977e-01,-2.300674780924207713e-02,-6.416918295933475569e-02,-2.043730821495870487e-02,7.247513607926689474e+02,-3.113876605769222579e+02,-5.582672510367493715e+02,-3.488197235216005526e-02,1.702125682090670864e+02,3.875883872407212039e+04,3.923242579705296521e+04,0.000000000000000000e+00
3.850500000000453227e+00,1.503653222445321447e+01,6.197247697468910577e-01,4.149265338766792155e-01,-1.826490730717483801e-02,-3.422454152599700705e-02,3.284756025917988376e-02,9.563426055686163636e+02,-5.555545890082960341e+02,-7.744445902813052953e+02,-3.509977462196068460e-02,1.711941306015207829e+02,3.792181698060295457e+04,3.845838333006216999e+04,0.000000000000000000e+00
3.855500000000454897e+00,1.503646908128062876e+01,6.195819517656261377e-01,4.150574718747215286e-01,-5.997907588496069822e-03,-2.462112139633600497e-02,1.799493627627960293e-02,9.594338734127188673e+02,-5.051411071616986419e+02,-7.791897001685493933e+02,-3.521322584103435405e-02,1.720474740083317045e+02,3.807233087058390083e+04,3.810889583802469861e+04,0.000000000000000000e+00
3.860500000000456566e+00,1.503647978478701397e+01,6.194904329053176895e-01,4.151039295917895999e-01,5.788723989598631298e-03,-7.820631408287074052e-03,3.100460812903065803e-03,1.167150791994248266e+03,-6.327850969973649171e+02,-1.003518238157116571e+03,-3.516948730085400765e-02,1.726096733139258674e+02,3.584737535122127156e+04,3.673808569849083142e+04,0.000000000000000000e+00
3.865500000000458236e+00,1.503653041082318964e+01,6.196124378023348811e-01,4.150486056948222147e-01,1.825375828135437223e-02,4.540757421747273342e-02,-3.724022456918187757e-02,6.056598261852778933e+02,-5.211564965789278858e+02,-5.578367622664839018e+02,-3.516314788478677733e-02,1.725192415696858177e+02,3.845445770165308204e+04,3.903586977253880468e+04,0.000000000000000000e+00
3.870500000000459906e+00,1.503670397622537536e+01,6.198024999768065868e-01,4.147088866677836605e-01,4.185542220523641443e-02,5.191807959481761769e-02,-6.220936209062363775e-02,-1.295497915539324595e+03,1.324274366895541334e+03,1.475729435741318866e+03,-3.521099316055621709e-02,1.717219323675576277e+02,2.977121516850654371e+04,4.364821825393608015e+04,0.000000000000000000e+00
3.875500000000461576e+00,1.503692382975658859e+01,6.201302495212679400e-01,4.144059514752091999e-01,4.215798942198685506e-02,4.992551295257394162e-02,-7.292660682583018694e-02,7.600426736178975489e+02,-5.876164251169069530e+02,-5.196894112029681310e+02,-3.509706612434250472e-02,1.700933949408325816e+02,3.836991687629654189e+04,3.817852559034866135e+04,0.000000000000000000e+00
3.880500000000463245e+00,1.503716452870019538e+01,6.204417677579704415e-01,4.141313486455996395e-01,4.370649571029044250e-02,6.425349493443825721e-02,-3.777350881620179096e-02,6.535134634689355835e+02,-6.160417510697019452e+02,-5.256150638933365826e+02,-3.505016507237063150e-02,1.685723737199110417e+02,3.868141739566058823e+04,3.731174047662565863e+04,0.000000000000000000e+00
3.885500000000464915e+00,1.503729457230426547e+01,6.204531473841818912e-01,4.138188299017528937e-01,1.210479455259958793e-02,-1.000713161219981412e-02,-1.805946521658298790e-02,-1.311163903241974367e+03,4.716886391791380220e+02,1.632766867270798230e+03,-3.498139119150152354e-02,1.683036001497225413e+02,2.831877198999607936e+04,4.615991014327739686e+04,0.000000000000000000e+00
3.890500000000466585e+00,1.503721170637304816e+01,6.204727339233173655e-01,4.140954045219362722e-01,-2.534065711639327950e-02,-4.593111997404984714e-02,2.619943370604094299e-03,5.700993134992259002e+02,-5.262160992298413476e+02,-3.215518363127443422e+02,-3.483913122749511537e-02,1.683160256310949308e+02,3.799173144001530454e+04,3.928771725883969339e+04,0.000000000000000000e+00
3.895500000000468255e+00,1.503703685114990130e+01,6.203252772251574010e-01,4.143851668615768924e-01,-3.875199592014136329e-02,-3.200554939157534279e-02,5.878911208894280205e-02,9.097546580122900650e+02,-6.251629867836034009e+02,-8.332371117261715199e+02,-3.486974736586488655e-02,1.691994899724578829e+02,3.746978807048250019e+04,3.621957362930109957e+04,0.000000000000000000e+00
3.900500000000469925e+00,1.503686132415487187e+01,6.201212501222486129e-01,4.145915553159144618e-01,-3.750821724702145532e-02,-2.944480854773426012e-02,5.169681539793136854e-02,9.823884207733150333e+02,-5.386107010194725717e+02,-7.682017895663601621e+02,-3.491247238568647576e-02,1.701285944093604030e+02,3.770210430203042051e+04,3.835576199569068558e+04,0.000000000000000000e+00
3.905500000000471594e+00,1.503672868827243292e+01,6.199703133138978473e-01,4.147232314009409171e-01,-2.241928875441608071e-02,-2.646281927541031462e-02,1.883976375462267233e-02,-1.228495667297336468e+03,7.539637449690176254e+02,1.411012452329607413e+03,-3.488759791524134735e-02,1.708302788016276281e+02,2.724783674816514031e+04,4.658279078411520459e+04,0.000000000000000000e+00
3.910500000000473264e+00,1.503662951189537011e+01,6.199124668743054567e-01,4.148634838539921876e-01,-2.072313978617124769e-02,2.212435935965381163e-03,5.064417017244537966e-02,-1.223095728164087632e+03,7.426666814230369482e+02,1.419714436593396158e+03,-3.488673943738367783e-02,1.712708413494752904e+02,2.736684960228385171e+04,4.636736412312198809e+04,0.000000000000000000e+00
3.915500000000474934e+00,1.503656298438677119e+01,6.198448902434990915e-01,4.149369870025276796e-01,-1.646073367951236474e-02,7.730189680104310266e-04,4.387637490473231955e-02,-1.441803162600509950e+03,7.358709466198955624e+02,1.657668874762747919e+03,-3.489620626019632882e-02,1.717351044411795158e+02,2.667289523055195241e+04,4.596215358606688096e+04,0.000000000000000000e+00
3.920500000000476604e+00,1.503653076827313484e+01,6.197637264114365108e-01,4.149614010546677778e-01,-6.809682308878195001e-04,-2.562363739798858425e-02,-1.077255465540000873e-02,-1.136397670686808624e+03,1.013686328298502076e+03,1.249546418161442034e+03,-3.500573901445026143e-02,1.723811555485838767e+02,2.852849006308852404e+04,4.712096044833094493e+04,0.000000000000000000e+00
3.925500000000478273e+00,1.503651727354542089e+01,6.196979257396092455e-01,4.150265193175422529e-01,7.731988202287823342e-05,-3.547380806765198374e-02,-2.634986458691499292e-02,-1.247620774811125784e+03,1.059151724298148793e+03,1.261865995881953495e+03,-3.484895743959221664e-02,1.727475652920860512e+02,2.715111323727302079e+04,4.813742929628609272e+04,0.000000000000000000e+00
3.930500000000479943e+00,1.503657298389274644e+01,6.198152252875167578e-01,4.149514130961273195e-01,2.154186986986225336e-02,4.090705150786477784e-02,-4.616988391069723474e-02,9.349525764217805772e+02,-5.893049318874203664e+02,-8.284779416630116202e+02,-3.471880751641114038e-02,1.722389724434314644e+02,3.765542888163031603e+04,3.709246922802747576e+04,0.000000000000000000e+00
3.935500000000481613e+00,1.503671574499223240e+01,6.200948906608106936e-01,4.146948570496568620e-01,3.292533121718015099e-02,4.575981813696189393e-02,-6.974128226542575248e-02,7.646133929872135013e+02,-5.550095395742335995e+02,-5.348930498447990658e+02,-3.474859446371061228e-02,1.710447641993797276e+02,3.823950340749139286e+04,3.869532461957203486e+04,0.000000000000000000e+00
3.940500000000483283e+00,1.503689237867112638e+01,6.203297944890929783e-01,4.143716972212904692e-01,3.512721077695482585e-02,4.889603032397876053e-02,-4.661287813808503988e-02,5.015008974641000918e+02,-4.701648148417849029e+02,-4.571478970611888144e+02,-3.489862005245736309e-02,1.700114451885804954e+02,3.756789959208959044e+04,3.946951465733131045e+04,0.000000000000000000e+00
3.945500000000484953e+00,1.503704747842912148e+01,6.204460232194628500e-01,4.141659507481358360e-01,3.073208482430753175e-02,-1.353140135616727122e-02,-8.050111676039109487e-02,3.168967732966676749e+02,-5.277411388965671222e+02,-1.392310194864132598e+02,-3.487419232016764764e-02,1.693324950708922074e+02,3.934885249278531410e+04,4.077863446946213662e+04,0.000000000000000000e+00
3.950500000000486622e+00,1.503704019859477015e+01,6.203573069560616160e-01,4.142371377478298311e-01,-2.186071610187457354e-02,-2.706317361591963760e-02,5.855930453488433080e-02,-1.352393698025176491e+03,6.192996682966668232e+02,1.584052273217132324e+03,-3.500017439966818938e-02,1.692911518921187337e+02,2.604514531047410492e+04,4.620665058488466457e+04,0.000000000000000000e+00
3.955500000000488292e+00,1.503694207454238629e+01,6.201739144651327029e-01,4.143950068716493185e-01,-2.191683798907322414e-02,-5.057442988891861640e-02,5.197718994508376301e-03,4.847360150365623213e+02,-5.456104157678171305e+02,-2.882466074951156543e+02,-3.505523187729862183e-02,1.697247552873986081e+02,3.839524464649191214e+04,4.090973417098842037e+04,0.000000000000000000e+00
3.960500000000489962e+00,1.503682622580357098e+01,6.200695820765715904e-01,4.145936834695850282e-01,-1.419583965475352920e-02,-3.805968206694097800e-02,-1.408838157299599492e-02,7.002186294691912281e+02,-3.266962637435623833e+02,-5.673359532724755354e+02,-3.510479955926949086e-02,1.704533865995510666e+02,3.635685447484903852e+04,3.829460804680518049e+04,0.000000000000000000e+00
3.965500000000491632e+00,1.503674631271494277e+01,6.200333458911511109e-01,4.147429128590477965e-01,-5.748888653050008776e-03,-3.288353153300799248e-02,-3.387188369430207263e-02,1.011917775535417150e+03,-4.414077225942812674e+02,-8.658349722918574116e+02,-3.480978595016514382e-02,1.712999856385419264e+02,3.734377192788547836e+04,3.665943433322110650e+04,0.000000000000000000e+00
3.970500000000493301e+00,1.503668525182219362e+01,6.200349648724482465e-01,4.148485620916217975e-01,-7.336913291541077332e-03,-1.186475884344011245e-02,-7.931714915130472568e-03,9.250013397915020050e+02,-5.501061996394776088e+02,-7.198388973153490724e+02,-3.484578116992916030e-02,1.720348109592472667e+02,3.854796493637008098e+04,3.830803639797540382e+04,0.000000000000000000e+00
3.975500000000494971e+00,1.503665552184841481e+01,6.200281172260253548e-01,4.148619377399528352e-01,-6.108100289708875801e-03,3.101840359150599257e-03,3.395192472367911107e-02,-1.329925937953502853e+03,5.738205877590005457e+02,1.573370925689357819e+03,-3.490911340932004170e-02,1.726038387014856710e+02,2.714144001967363874e+04,4.615845993774830276e+04,0.000000000000000000e+00
3.980500000000496641e+00,1.503664509808214511e+01,6.199607452058736312e-01,4.148898726715256613e-01,-7.211028954814310485e-03,-5.453829000897338942e-03,2.551119109396201776e-02,9.704731978333563802e+02,-5.821242564619151381e+02,-7.890049604273629029e+02,-3.487440584761067330e-02,1.728929864311349434e+02,3.848487614647990267e+04,3.758598510263142816e+04,0.000000000000000000e+00
3.985500000000498311e+00,1.503664403012489181e+01,6.199447094138960113e-01,4.148537925053041864e-01,1.004895765182843743e-02,1.778353572180148409e-03,-3.631575052593540021e-02,8.304784034825319168e+02,-5.332493675515623863e+02,-6.075910285373754505e+02,-3.484180873462732614e-02,1.727967436375600983e+02,3.866121631609406177e+04,3.745790489064578287e+04,0.000000000000000000e+00
3.990500000000499981e+00,1.503673918922875608e+01,6.200884630158048916e-01,4.146740825747662895e-01,1.587673343070035437e-02,4.899314722405629513e-02,-2.172960993388322378e-03,-1.558159263883793528e+03,6.935546224099002757e+02,1.797387005669532755e+03,-3.488676380580355008e-02,1.720663538819817973e+02,2.676229356769656806e+04,4.620538731802571419e+04,0.000000000000000000e+00
3.995500000000501650e+00,1.503681328336059941e+01,6.201836672301876963e-01,4.146030701167903176e-01,1.047807944975598718e-02,-7.337825822551057725e-03,-2.600520098716316980e-02,9.161947034088639157e+02,-4.611916049054965470e+02,-5.349289749514583718e+02,-3.487552585624412865e-02,1.714879482798729669e+02,3.736405436207102321e+04,3.723296484791506373e+04,0.000000000000000000e+00
4.000500000000502432e+00,1.503679889526728353e+01,6.201258063350014726e-01,4.146260943289668544e-01,-3.694537284394126212e-03,-3.463231089650228162e-02,-2.667466778552438512e-03,-1.459070123267046711e+03,5.814265668679834107e+02,1.786623287301801383e+03,-3.493392574597785349e-02,1.717630166372618135e+02,2.603801857382737580e+04,4.661565839656448225e+04,0.000000000000000000e+00
4.005500000000499661e+00,1.503675219152276021e+01,6.199787050196712279e-01,4.147319954248491758e-01,-9.218400377365531043e-03,-4.341644006001261352e-02,-7.793979308814275725e-03,8.943341194137138928e+02,-4.267361153891802132e+02,-8.413898130770655825e+02,-3.502550346600762088e-02,1.719256125250633431e+02,3.771227507299084391e+04,3.688283460496154294e+04,0.000000000000000000e+00
4.010500000000496890e+00,1.503670550837690456e+01,6.198778326218936652e-01,4.148303975957194356e-01,-3.259355667863129188e-03,-9.676358646118949931e-04,3.304215603104939530e-02,8.751074563046122421e+02,-6.159744148297378388e+02,-6.347823798516498073e+02,-3.510597739987000171e-02,1.721780915793912072e+02,3.815568089851626428e+04,3.996548623025869892e+04,0.000000000000000000e+00
4.015500000000494119e+00,1.503670663959799469e+01,6.198148372595608802e-01,4.148353644720593203e-01,3.685085640154789257e-03,-3.303862083135102740e-02,-3.670405427553326272e-02,6.443060323534377858e+02,-5.441304467432819365e+02,-5.026670455909282396e+02,-3.501487575858001911e-02,1.723563509950883486e+02,3.837701871048278554e+04,3.870597098723346426e+04,0.000000000000000000e+00
4.020500000000491347e+00,1.503675633752146723e+01,6.197869041684012092e-01,4.148034704099676229e-01,1.311361864422851131e-02,-3.767139030232140307e-02,-5.837866472644854393e-02,6.152181093293571621e+02,-5.298942493106862912e+02,-4.614085273848862130e+02,-3.478957028138231905e-02,1.724040634850052243e+02,3.856053661920417653e+04,3.830763147023123020e+04,0.000000000000000000e+00
4.025500000000488576e+00,1.503677199615109039e+01,6.197856622720924191e-01,4.148296678693941253e-01,7.868697028991745654e-03,-1.227251715937490925e-02,-3.968301559303947373e-02,8.627391482657632196e+02,-3.651379421198955129e+02,-6.950683662092859549e+02,-3.474776392407666337e-02,1.720746533211035967e+02,3.837213913473496359e+04,3.812690014304139913e+04,0.000000000000000000e+00
4.030500000000485805e+00,1.503689006360884761e+01,6.198509505247148388e-01,4.145569862550476659e-01,2.890428002103837338e-02,1.178056779157367166e-02,-8.032570319578076490e-02,5.789105983626441230e+02,-5.321151752668089330e+02,-4.438496008655775995e+02,-3.499006788417378944e-02,1.715393070047944946e+02,3.926554619110778731e+04,3.742636856361979153e+04,0.000000000000000000e+00
4.035500000000483034e+00,1.503706014391794987e+01,6.200208798671108523e-01,4.143216281458959038e-01,2.892112361495479539e-02,2.757311163130203926e-02,-3.794958978910492609e-02,7.085126022676945468e+02,-6.068855443828442731e+02,-6.490036883106347432e+02,-3.498947427971000473e-02,1.706779833619060582e+02,3.776634775435003394e+04,3.704569927842319885e+04,0.000000000000000000e+00
4.040500000000480263e+00,1.503709138513168142e+01,6.200713965499325964e-01,4.142716804196391323e-01,-7.470354444880679401e-03,-8.662065672087640791e-03,-5.853039513926496830e-03,-1.475829825257311768e+03,6.884181656320803313e+02,1.719248407192380228e+03,-3.490546323900631936e-02,1.705184852404892126e+02,2.629254017045254659e+04,4.666598980623815442e+04,0.000000000000000000e+00
4.045500000000477492e+00,1.503698259771886114e+01,6.200195030666133533e-01,4.144308171701212573e-01,-1.236986349753740888e-02,-5.975549788843052129e-02,-4.744874879206146395e-02,8.312083100682400527e+02,-4.849253617397865810e+02,-5.809293588908357151e+02,-3.483244511317730441e-02,1.707048302760318279e+02,3.841572637653686252e+04,3.790255844871785666e+04,0.000000000000000000e+00
4.050500000000474721e+00,1.503689222827409999e+01,6.199337013914689720e-01,4.145348854811904404e-01,-1.370243741424623241e-02,-2.305333179249055217e-02,3.058979144576420145e-03,-1.361828118514934431e+03,7.573089562636741903e+02,1.491572227246300372e+03,-3.492532097593409324e-02,1.712191069617094854e+02,2.799654761627625703e+04,4.641499569730766234e+04,0.000000000000000000e+00
4.055500000000471950e+00,1.503680619131897522e+01,6.199186580928462975e-01,4.146912191203365183e-01,-1.930416575891362105e-02,5.115467548762422066e-03,5.426476136099282060e-02,9.437393609277768292e+02,-7.185174821718146632e+02,-6.030073325180117081e+02,-3.491860674962727479e-02,1.715363581966796289e+02,3.825571675105789473e+04,3.984952474800492200e+04,0.000000000000000000e+00
4.060500000000469178e+00,1.503674820334823181e+01,6.198560721499205561e-01,4.147340248853579325e-01,-5.613838579556512491e-03,-2.109643041911623065e-02,-1.687445647362801129e-02,1.106144726618244249e+03,-4.955484703910501594e+02,-9.045315061179626355e+02,-3.482420633772460861e-02,1.718290230993830505e+02,3.737707482829409128e+04,3.627437669660204847e+04,0.000000000000000000e+00
4.065500000000466407e+00,1.503669735340897518e+01,6.197694862657351367e-01,4.147926570560804826e-01,-5.069707010183356448e-03,-2.269169441861337497e-02,-1.214796944984712461e-02,-1.295557957271392070e+03,9.118076525589584662e+02,1.496402494387111801e+03,-3.487105949779445435e-02,1.724637456984421249e+02,2.911125749286804057e+04,4.663940442894744774e+04,0.000000000000000000e+00
4.070500000000463636e+00,1.503673781963161105e+01,6.199060557812949845e-01,4.147630257550027899e-01,2.095576794708026158e-02,4.085250987028862107e-02,-3.838074744218009093e-02,8.395803936126650342e+02,-5.956967908147530579e+02,-6.462133976704808447e+02,-3.488653884950826400e-02,1.721247403384574000e+02,3.801757815573251719e+04,3.825568467739981133e+04,0.000000000000000000e+00
4.075500000000460865e+00,1.503688177882390065e+01,6.201447687008485588e-01,4.145285915097207674e-01,3.095675585965800003e-02,3.675817669113375791e-02,-6.430710895941528504e-02,7.305666280049379111e+02,-6.014662581149425478e+02,-5.055548418322059661e+02,-3.499916029215564134e-02,1.710773929324357141e+02,3.876346180705317238e+04,3.771116284273350902e+04,0.000000000000000000e+00
4.080500000000458094e+00,1.503705064381751733e+01,6.202906530032162857e-01,4.142435290457913144e-01,2.409341429758556780e-02,3.880272700749608922e-02,-1.581141975265779260e-03,-1.419660119938994285e+03,4.901488482844181931e+02,1.717708836456706194e+03,-3.491199592537511109e-02,1.703052366223080014e+02,2.643728760606874494e+04,4.567715956375015958e+04,0.000000000000000000e+00
4.085500000000455323e+00,1.503708944250799107e+01,6.203269180702563057e-01,4.142604477574158284e-01,-4.049952473190519646e-03,9.042229380454574680e-03,4.360732672501636126e-02,9.005517220177541731e+02,-2.903191464473441101e+02,-6.374321587060850334e+02,-3.487477271628380143e-02,1.700221693977080974e+02,3.787651217017606541e+04,3.811477174150771316e+04,0.000000000000000000e+00
4.090500000000452552e+00,1.503701905829228735e+01,6.202159097857488090e-01,4.143810374620482961e-01,-2.252637200531745071e-02,-3.868266079180213146e-02,2.013107970782893053e-02,8.198707392538772183e+02,-6.019506536400825780e+02,-6.463454030535381207e+02,-3.485579799035937176e-02,1.702311564351069251e+02,3.809851462328812340e+04,3.845457565743219311e+04,0.000000000000000000e+00
4.095500000000449781e+00,1.503691087558714656e+01,6.201187636568010753e-01,4.145394994494694396e-01,-2.043463349545378629e-02,-3.463041843216083798e-02,5.594159618659853839e-03,6.597539699998545757e+02,-4.768773976866668818e+02,-5.255079768657568593e+02,-3.496669563896830785e-02,1.706239798588481449e+02,3.881401980528641434e+04,3.916263678558165702e+04,0.000000000000000000e+00
4.100500000000447010e+00,1.503682330236111042e+01,6.199722114481824864e-01,4.146351061104358027e-01,-2.172745969232861216e-02,-3.550901004043546284e-03,6.588307583967943637e-02,-1.473771820997949817e+03,6.722052230367302172e+02,1.684738689450514812e+03,-3.511542619330350334e-02,1.712580078251856719e+02,2.626545875682904807e+04,4.587569758600334171e+04,0.000000000000000000e+00
4.105500000000444238e+00,1.503674854386354731e+01,6.198934688521503533e-01,4.148080290241770718e-01,-1.336289616382384422e-02,-2.050322229420255184e-03,3.518526916145871958e-02,1.005015991267903814e+03,-5.093555885883857854e+02,-9.203037009310694430e+02,-3.509012563892118658e-02,1.716660306850597522e+02,3.829650657579462859e+04,3.779191664249266614e+04,0.000000000000000000e+00
4.110500000000441467e+00,1.503671545659141628e+01,6.198133456046290846e-01,4.148200316124317499e-01,-9.537953523090392238e-03,-1.254623160304438670e-02,1.822541162927261010e-02,-1.262319967626835023e+03,8.193649867442837831e+02,1.433836150874857140e+03,-3.505915873618734718e-02,1.722615507357354829e+02,2.766345058475180849e+04,4.699161046539644303e+04,0.000000000000000000e+00
4.115500000000438696e+00,1.503666677394836526e+01,6.197864203842742281e-01,4.148641425257816318e-01,-1.102126178599609208e-02,-5.175778246790684045e-03,6.086731392966823750e-03,-1.397826100740372340e+03,7.492185465557973885e+02,1.704477039406114955e+03,-3.509669243101903868e-02,1.727043797637876992e+02,2.674722788187267724e+04,4.623226501588399697e+04,0.000000000000000000e+00
4.120500000000435925e+00,1.503666511702209974e+01,6.198306013028600514e-01,4.148161477802262964e-01,1.192927991770981015e-02,-2.971291086898083730e-02,-7.519380667602218460e-02,5.096894315459621225e+02,-3.038324342274362380e+02,-3.061883409387885422e+02,-3.513927463964747894e-02,1.726590802316758015e+02,3.712601322010390140e+04,4.000828608381656522e+04,0.000000000000000000e+00
4.125500000000433154e+00,1.503678037549472002e+01,6.200381113941845213e-01,4.146493363012725974e-01,2.672591122977293829e-02,4.118175998367688828e-02,-4.945458371749189563e-02,-1.293335672628169050e+03,1.307551518944169629e+03,1.557014360569243536e+03,-3.494179349964751657e-02,1.720003980694563666e+02,2.990035476063447641e+04,4.400244183441727364e+04,0.000000000000000000e+00
4.130500000000430383e+00,1.503694618251685355e+01,6.202840144692658431e-01,4.143635092624347593e-01,3.606498822899881218e-02,1.210919726065616542e-02,-7.629143439132229920e-02,-1.363059665474233952e+03,5.463560441416278763e+02,1.879564408535715302e+03,-3.487975179076715365e-02,1.710795483588038337e+02,2.706476721859706595e+04,4.617228016118517553e+04,0.000000000000000000e+00
4.135500000000427612e+00,1.503706554232000059e+01,6.203491503988911582e-01,4.143176930942281122e-01,1.083754867812145896e-02,1.029379541498473549e-02,1.067129361080168017e-02,-1.479248073148565481e+03,6.796441892466565378e+02,1.571184153625316412e+03,-3.491594822003318138e-02,1.704328816745106394e+02,2.763552281307785597e+04,4.606276285084254050e+04,0.000000000000000000e+00
4.140500000000424841e+00,1.503706229767300506e+01,6.203302003093076333e-01,4.143870175678088241e-01,-1.320860142607844200e-02,-1.636675869831703475e-02,2.441901193797023362e-02,6.880411216205041001e+02,-6.809903236483359024e+02,-4.756997510637581854e+02,-3.485983143186920791e-02,1.703523137264349145e+02,3.821023777490105567e+04,3.978303346991779836e+04,0.000000000000000000e+00
4.145500000000422069e+00,1.503696339300724283e+01,6.202396175518085641e-01,4.144793743120244178e-01,-2.147414119110805514e-02,-2.645709721277622953e-02,1.081202200499161749e-02,8.862932878581325440e+02,-6.625969872354045265e+02,-6.210586593509508475e+02,-3.483643873318943013e-02,1.705605845423099254e+02,3.779035578719737532e+04,3.805239743127350812e+04,0.000000000000000000e+00
4.150500000000419298e+00,1.503684763644240441e+01,6.200863936293873335e-01,4.145627985295539664e-01,-2.216935321911944756e-02,-2.832545816822102519e-02,1.978345490175790686e-02,-1.358706318707899982e+03,7.393640894738531415e+02,1.708118468313368339e+03,-3.488051395075544847e-02,1.710405604984411809e+02,2.648723559669464521e+04,4.576942760558606824e+04,0.000000000000000000e+00
4.155500000000416527e+00,1.503674169629590196e+01,6.199741771753571884e-01,4.147457586688207409e-01,-1.362781709046766848e-02,-3.661462286943576588e-02,3.205288399545702660e-03,1.068854553773828002e+03,-4.797399046049301887e+02,-9.215761162172755121e+02,-3.480322891762763909e-02,1.715405469938388592e+02,3.732141631220687850e+04,3.663953676815726794e+04,0.000000000000000000e+00
4.160500000000413756e+00,1.503670357866806562e+01,6.198925940538438928e-01,4.148120350277280100e-01,-1.053347162462152722e-02,8.788516123069407653e-04,4.352206269746997092e-02,-1.350014079780592738e+03,9.395687846792526443e+02,1.413409963968838838e+03,-3.481436147997594294e-02,1.719612304679368435e+02,2.802235420531370619e+04,4.707437041625795246e+04,0.000000000000000000e+00
4.165500000000410985e+00,1.503664639463967134e+01,6.197721963290246938e-01,4.149071429880126227e-01,-2.452060474123097036e-02,-6.633661759833435652e-03,6.423677769838662122e-02,-1.536534394710479319e+03,8.305079124463070457e+02,1.620976646817327492e+03,-3.484852203439015722e-02,1.723205193768156960e+02,2.534817904281257142e+04,4.728015073936703993e+04,0.000000000000000000e+00
4.170500000000408214e+00,1.503660635067294926e+01,6.197512109430105554e-01,4.149068131927933778e-01,2.428192126788042762e-04,3.791605808461381844e-02,1.018424756141687003e-02,-1.519508700253042662e+03,1.446737799518656175e+03,1.664091862910060172e+03,-3.503538509968399939e-02,1.722522459798320540e+02,2.853973306555440286e+04,4.350408585842113825e+04,0.000000000000000000e+00
4.175500000000405443e+00,1.503667955230239528e+01,6.199531354925169602e-01,4.146963659372490674e-01,2.560810441941098470e-02,5.852082257867855658e-02,-4.478029357696844404e-02,-1.276317475661842764e+03,1.386898979327943835e+03,1.560234147932523229e+03,-3.513737520098767636e-02,1.714009353647129785e+02,2.990968116655086851e+04,4.352189100608749141e+04,0.000000000000000000e+00
4.180500000000402672e+00,1.503685372970653944e+01,6.202095133416376527e-01,4.144405080133219954e-01,3.934289740577831540e-02,4.207711159612746721e-02,-4.936968549146717594e-02,6.391651407077706608e+02,-5.484268133370932219e+02,-5.332377846697630730e+02,-3.506521950089192680e-02,1.702704994167115444e+02,3.646861474975728197e+04,3.789354166133736726e+04,0.000000000000000000e+00
4.185500000000399901e+00,1.503696302351057845e+01,6.203279956338449974e-01,4.143738720587173963e-01,1.168119718574017404e-02,2.768621150625072934e-03,-1.993295384351308208e-02,5.587618943904446951e+02,-6.323686708040222584e+02,-4.529501553908874030e+02,-3.477125541348863313e-02,1.698065817600995899e+02,3.816691372883268195e+04,3.892462718269685865e+04,0.000000000000000000e+00
4.190500000000397129e+00,1.503696456941198178e+01,6.202772126306641542e-01,4.144318562026684249e-01,-1.241766126161885850e-02,4.354417839804142210e-03,6.800651202683451191e-02,-1.187845012325937660e+03,6.661565528216142411e+02,1.336202390491115693e+03,-3.480095922571380812e-02,1.699831632585597561e+02,2.793519159003418463e+04,4.655155082284029049e+04,0.000000000000000000e+00
4.195500000000394358e+00,1.503690531131601560e+01,6.201708241342668293e-01,4.145187397821789577e-01,-1.501180439097401891e-02,-3.874674841614094561e-02,2.976383643261539501e-03,4.490845970401783234e+02,-5.843329874185616291e+02,-2.977596635247176664e+02,-3.474712438420991117e-02,1.702253513609251172e+02,3.825840889921146299e+04,4.092428265519120760e+04,0.000000000000000000e+00
4.200500000000391587e+00,1.503680619813178332e+01,6.200111594575189455e-01,4.146524726700522856e-01,-2.813032030468806677e-02,-1.431526976476628181e-02,7.438799649823800431e-02,-1.256921432148849590e+03,6.663985619538337914e+02,1.496539821518940926e+03,-3.476886647570379824e-02,1.707932394631403383e+02,2.661663924203047281e+04,4.579820943045357853e+04,0.000000000000000000e+00
4.205500000000388816e+00,1.503670442374604654e+01,6.198266629240383185e-01,4.148220575550216060e-01,-1.525380888855876541e-02,-4.565776680870699961e-02,5.765351420699600313e-03,1.069957393507576171e+03,-4.555080141891357357e+02,-9.254606131039965931e+02,-3.479022302238272968e-02,1.713105879507914437e+02,3.794622097532930638e+04,3.666698666621347365e+04,0.000000000000000000e+00
4.210500000000386045e+00,1.503662454091082346e+01,6.196026651183801359e-01,4.148957339507104436e-01,-1.660228258497735421e-02,-4.825931177544528355e-02,1.913127814493741780e-02,-1.248972855903230766e+03,8.606872009534749850e+02,1.447376229223190876e+03,-3.496471423148716368e-02,1.720329167897766922e+02,2.789251709412415585e+04,4.679219696527347696e+04,0.000000000000000000e+00
4.215500000000383274e+00,1.503652776025421645e+01,6.194711883775108063e-01,4.150244561597788429e-01,-1.338968529103312828e-02,-3.653606996884223301e-02,-9.412932063278750885e-03,7.699711647115084361e+02,-6.316530138491976913e+02,-5.243114372329713433e+02,-3.500514505781064656e-02,1.724127378199860061e+02,3.760557494989032421e+04,3.979692822540863563e+04,0.000000000000000000e+00
4.220500000000380503e+00,1.503653840657830720e+01,6.195266902879078552e-01,4.149662091318658264e-01,1.990522376860780901e-02,4.636529421653622085e-02,-2.107371616776251150e-02,-1.114452032881116111e+03,1.624689190020636715e+03,1.323957357792355651e+03,-3.498186686174420412e-02,1.722200578627824825e+02,2.950286546214739428e+04,4.318537251668385579e+04,0.000000000000000000e+00
4.225500000000377732e+00,1.503673213992324698e+01,6.197396309206363307e-01,4.146703438705951483e-01,5.240602214649598550e-02,5.168973709386232712e-02,-6.782730053186175612e-02,6.771861332751050213e+02,-5.656075433953515130e+02,-6.411110266030166258e+02,-3.512499526083067564e-02,1.710108303270211252e+02,3.849061803240745212e+04,3.704127730048431113e+04,0.000000000000000000e+00
4.230500000000374961e+00,1.503702425891055938e+01,6.199211096658333586e-01,4.143237701133759554e-01,6.218264433645177142e-02,4.088554331770551109e-02,-6.204715119169512683e-02,6.409478801740392555e+02,-5.801272076063684153e+02,-5.099307529070596843e+02,-3.513643328164336305e-02,1.695447658807125606e+02,3.884809066564727254e+04,3.751670714586655959e+04,0.000000000000000000e+00
4.235500000000372189e+00,1.503730092138995467e+01,6.200621020943845041e-01,4.139400154921481501e-01,3.721939762526012968e-02,1.684321882804898363e-02,-5.140028583284957792e-02,-1.789441053730282420e+03,6.332203853406959979e+02,2.044864764465105736e+03,-3.519854237005606845e-02,1.684763933550381410e+02,2.521437441549684809e+04,4.568576989640485408e+04,0.000000000000000000e+00
4.240500000000369418e+00,1.503736695024616843e+01,6.200987573135440245e-01,4.139108878471619013e-01,-8.566446910106479892e-03,1.438104296975891740e-02,5.613344064571910985e-02,-1.251753387545783880e+03,5.972800628737348916e+02,1.451918032566100010e+03,-3.516710835532082385e-02,1.677939117636705362e+02,2.736578144745300597e+04,4.622630401886860636e+04,0.000000000000000000e+00
4.245500000000366647e+00,1.503726652136462683e+01,6.200348900877951097e-01,4.140146020025419760e-01,-2.787362768419228420e-02,-3.033481036805956918e-02,7.835282070657170056e-03,4.858562828646340677e+02,-6.299132207514037418e+02,-4.107594789126335399e+02,-3.529283459326600092e-02,1.680827324883244387e+02,3.804102765212210943e+04,3.816340196004202153e+04,0.000000000000000000e+00
4.250500000000363876e+00,1.503707769927581772e+01,6.198622609543921191e-01,4.142223952159091449e-01,-4.232110225724394770e-02,-4.798804132707028963e-02,3.414597704089999269e-02,-1.100744575404128682e+03,8.569029790126141961e+02,1.245458091701781996e+03,-3.536545710946023546e-02,1.688723145346538672e+02,2.811803092401738104e+04,4.699203421337583859e+04,0.000000000000000000e+00
4.255500000000361105e+00,1.503684152814726005e+01,6.196574552719179563e-01,4.145420758190170862e-01,-4.011845039214819580e-02,-5.807356598309403040e-02,2.936005528871194273e-02,8.616014051293832381e+02,-5.142671933577991012e+02,-6.554498082085301576e+02,-3.529619670288737521e-02,1.697901013801332795e+02,3.842033344830795249e+04,3.910725430155263166e+04,0.000000000000000000e+00
4.260500000000358334e+00,1.503666297564477183e+01,6.195020946976868004e-01,4.148046546663228806e-01,-2.600397317290970706e-02,-4.668595332278904775e-02,1.181926838787639329e-02,7.912651810065123072e+02,-5.283866167360839654e+02,-6.029227902257304095e+02,-3.520372987326946673e-02,1.706701317088931091e+02,3.829894156663503964e+04,3.875452736022294994e+04,0.000000000000000000e+00
4.265500000000355563e+00,1.503655173900266462e+01,6.193779653470455893e-01,4.149569039061779541e-01,-2.136319693077861140e-02,-4.061985254607835411e-03,5.256759124457063836e-02,-1.149612263170098913e+03,8.715598227115690406e+02,1.313652889538083173e+03,-3.526150654778864579e-02,1.715734874515502213e+02,2.852042316975891299e+04,4.667147378299174306e+04,0.000000000000000000e+00
4.270500000000352792e+00,1.503648366590957153e+01,6.193339473085335278e-01,4.150658661395747462e-01,-9.323861212976463850e-03,3.551207985377556262e-03,2.899208052456169263e-02,8.670192017964548086e+02,-7.298850089264145709e+02,-6.183187567769224415e+02,-3.526225369444062341e-02,1.721557423872975505e+02,3.751697073539791745e+04,3.950678963298624149e+04,0.000000000000000000e+00
4.275500000000350020e+00,1.503649086915103972e+01,6.194102365311764391e-01,4.150344134471189994e-01,1.099963851730645890e-02,-1.156756424516663896e-03,-7.225040466334693712e-02,8.516773886280191164e+02,-4.853441059274239251e+02,-7.498765915508954549e+02,-3.517582257443384319e-02,1.720290138000560205e+02,3.792656511747717013e+04,3.819019890084059443e+04,0.000000000000000000e+00
4.280500000000347249e+00,1.503662581526696407e+01,6.196632028941126968e-01,4.147504149457316713e-01,3.601125046088932830e-02,5.909671689888129631e-02,-6.450411835362843127e-02,-1.200115321830885705e+03,1.403833674575236273e+03,1.526452829633114106e+03,-3.522438725469426157e-02,1.710451770609693938e+02,2.942524259084888035e+04,4.421845919330723700e+04,0.000000000000000000e+00
4.285500000000344478e+00,1.503680848519540802e+01,6.200033686987386217e-01,4.144852592747086950e-01,4.062766868117838326e-02,9.864849896775121363e-02,-1.752321362625175113e-02,6.527402601385955450e+02,-7.541717695873463754e+02,-4.452434079639152742e+02,-3.533120019179575300e-02,1.695424506339024617e+02,3.866321147498873324e+04,4.057671411097089003e+04,0.000000000000000000e+00
4.290500000000341707e+00,1.503700505251868158e+01,6.201643417451461193e-01,4.141404675408682512e-01,3.986160870812548856e-02,5.208184765676665551e-02,-2.276279784568544309e-02,-1.529606728633784087e+03,1.106082124319688091e+03,1.874115284348374189e+03,-3.536515560685753179e-02,1.685230738773761345e+02,2.684710708314664225e+04,4.246268757958296919e+04,0.000000000000000000e+00
4.295500000000338936e+00,1.503715037070010574e+01,6.203225677972328267e-01,4.139913310125116208e-01,1.135143006883530467e-02,3.238507650096900115e-02,2.930324060846176831e-02,-1.285649912551452871e+03,4.936680485395889946e+02,1.527275102786914204e+03,-3.517267490359132776e-02,1.677701894464023837e+02,2.754215853800033074e+04,4.578139013936553238e+04,0.000000000000000000e+00
4.300500000000336165e+00,1.503711389765680551e+01,6.202537241405884361e-01,4.140647312010901082e-01,-2.348877269065231810e-02,-7.809677257990172740e-03,6.793912682257091662e-02,-1.485809141884987412e+03,6.099955504469961625e+02,1.679491623517136759e+03,-3.511443503406156547e-02,1.679095963163107967e+02,2.579455378834622388e+04,4.574739166936123365e+04,0.000000000000000000e+00
4.305500000000333394e+00,1.503696333252712058e+01,6.201470413950656013e-01,4.143347154243182118e-01,-3.700361500902913520e-02,-1.873291207518310714e-02,8.224647467205367657e-02,8.957851250166818318e+02,-5.360489709725969760e+02,-7.526785248641883754e+02,-3.507716065960431173e-02,1.685514079339352804e+02,3.812298216140664590e+04,3.861522095129590889e+04,0.000000000000000000e+00
4.310500000000330623e+00,1.503679491080341535e+01,6.199318026332908405e-01,4.145715797455538087e-01,-3.186210000385675950e-02,-5.729772803533942499e-02,1.841668219842306289e-02,7.643572873938206840e+02,-5.319806511018057336e+02,-6.286324532419417892e+02,-3.507159597540186052e-02,1.692947967434715224e+02,3.756643202505917725e+04,3.854795258578223729e+04,0.000000000000000000e+00
4.315500000000327852e+00,1.503663000054410936e+01,6.197472170318510942e-01,4.148051629617469094e-01,-2.363996683495390300e-02,-5.146045773071034751e-02,1.242075483681500531e-02,8.100000437052682400e+02,-4.836753739801666825e+02,-5.178234840376304646e+02,-3.501725951315104446e-02,1.702094790300538421e+02,3.863584370759386366e+04,4.004303527361412853e+04,0.000000000000000000e+00
4.320500000000325080e+00,1.503651310696520582e+01,6.196170507874986244e-01,4.149989260117450951e-01,-2.320358190060179196e-02,-8.790346014480199255e-03,5.938496132127198818e-02,9.890507722700814384e+02,-5.625409059514749970e+02,-8.257691015643508763e+02,-3.503541149312275338e-02,1.711180958679376261e+02,3.821191021723284211e+04,3.866644801550814736e+04,0.000000000000000000e+00
4.325500000000322309e+00,1.503644876925264917e+01,6.195323774798444649e-01,4.150689747592827827e-01,-9.212832286131582629e-03,7.962056777592154203e-03,3.161652197556940463e-02,-9.346973620097984394e+02,9.175271435367121740e+02,1.129044748028933554e+03,-3.505794203680973747e-02,1.715596152306843862e+02,2.863288658658695567e+04,4.643728523931821110e+04,0.000000000000000000e+00
4.330500000000319538e+00,1.503644974706699600e+01,6.194500541580453268e-01,4.150850925274825465e-01,6.188503341377549205e-03,-2.982783323911250214e-02,-2.027792734987527573e-02,5.669352349101776554e+02,-5.698807277320847788e+02,-3.597198096344970963e+02,-3.509630573004236115e-02,1.719429585784963308e+02,3.825487338317393005e+04,4.037949012440456136e+04,0.000000000000000000e+00
4.335500000000316767e+00,1.503649126739418485e+01,6.194716184564103001e-01,4.150496600216912468e-01,1.990518650063478195e-02,-3.570462497059659433e-03,-4.731715634731309406e-02,6.880541094761317709e+02,-5.091941344445080517e+02,-4.507923966786999586e+02,-3.509811450177222070e-02,1.718948550705244145e+02,3.844011032411764609e+04,3.976562525978897611e+04,0.000000000000000000e+00
4.340500000000313996e+00,1.503665218528434622e+01,6.196219607100531546e-01,4.147935533786725193e-01,3.944336493257591392e-02,6.397624037340986225e-02,-4.016725928747679614e-02,-1.189479916978436222e+03,1.268204156195428595e+03,1.424305334588656478e+03,-3.521748116063846967e-02,1.711519598355758092e+02,2.903913326130321366e+04,4.372068973855799413e+04,0.000000000000000000e+00
4.345500000000311225e+00,1.503685878688412281e+01,6.198341441106590688e-01,4.144191431607617271e-01,4.177586857347329735e-02,1.859109783123423856e-02,-1.151164370127121250e-01,7.520276327214595540e+02,-4.908872007157283406e+02,-6.314027866190539271e+02,-3.540223337691317945e-02,1.699010107568189767e+02,3.787905191890947754e+04,3.640478433954217326e+04,0.000000000000000000e+00
4.350500000000308454e+00,1.503712001743993554e+01,6.201122645956685941e-01,4.141048394018344569e-01,5.399006267377841339e-02,5.085567722695122361e-02,-6.860877952735262852e-02,5.839248477502011383e+02,-5.782231057821991271e+02,-4.452039924827615209e+02,-3.527935587743100815e-02,1.684812135381127689e+02,3.847384503575886629e+04,3.827423350167348690e+04,0.000000000000000000e+00
4.355500000000305683e+00,1.503734090020368086e+01,6.203426426191063214e-01,4.137941349100063282e-01,3.439922796309456687e-02,3.920590172729258166e-02,-5.922360375375165797e-02,5.853295458779961109e+02,-6.125331796608747936e+02,-4.451349212494506560e+02,-3.517969872594416819e-02,1.673081969050416262e+02,3.831179001962463371e+04,3.790003135184829443e+04,0.000000000000000000e+00
4.360500000000302911e+00,1.503735973936381498e+01,6.203891886972201508e-01,4.137964271435061181e-01,-1.492400033363903110e-02,-1.039195689488279194e-02,2.522875399423199147e-02,-1.398516110947401103e+03,6.458050128182153458e+02,1.559112659262252237e+03,-3.494244155457554291e-02,1.671614995790626494e+02,2.785201861418180852e+04,4.614499961882735079e+04,0.000000000000000000e+00
4.365500000000300140e+00,1.503719941382518499e+01,6.203096675571810881e-01,4.140612835655553270e-01,-3.699325305022730520e-02,-2.896655361321346170e-02,2.880832332145318378e-02,7.764722131050594953e+02,-3.738550324324701251e+02,-7.504724562571409479e+02,-3.485928710684801923e-02,1.675717619162199696e+02,3.833353162873318797e+04,3.729522461630367616e+04,0.000000000000000000e+00
4.370500000000297369e+00,1.503699997713735215e+01,6.201956318998445017e-01,4.142637329442317440e-01,-4.360592338833144815e-02,-6.523009950851110707e-04,6.985412540605680232e-02,-1.012834074993639319e+03,7.080622093945729603e+02,1.153244081618085147e+03,-3.487221844532066573e-02,1.684253670989582758e+02,2.767332637420001993e+04,4.708893026997907145e+04,0.000000000000000000e+00
4.375500000000294598e+00,1.503684933106859489e+01,6.201817789059749231e-01,4.144512983178481602e-01,-2.984473652879465061e-02,3.576779814748815706e-02,9.439551270099978686e-02,-8.880563679719433594e+02,6.808010124620312808e+02,1.056070580376290991e+03,-3.487953132501948883e-02,1.692929300116053639e+02,2.808973643472290132e+04,4.705101177988885320e+04,0.000000000000000000e+00
4.380500000000291827e+00,1.503674778039766124e+01,6.201849472211566905e-01,4.146290196904069414e-01,-1.972641173346774066e-02,-3.121126175127251785e-03,3.410791989514371653e-02,6.969485794031943442e+02,-5.361004449689556850e+02,-5.756708644161474240e+02,-3.495872682897119277e-02,1.699643225114750749e+02,3.853394960627236287e+04,3.964011491126450710e+04,0.000000000000000000e+00
4.385500000000289056e+00,1.503667164605917428e+01,6.201146218133517518e-01,4.147463556482345881e-01,-1.382727528206188078e-02,-1.030521929701972914e-02,3.109649020981763989e-02,-1.302286662018439529e+03,6.971192727789497212e+02,1.625168442629801802e+03,-3.481933180799465927e-02,1.708844081432223163e+02,2.655064582219662043e+04,4.632517025771542103e+04,0.000000000000000000e+00
4.390500000000286285e+00,1.503660180655614198e+01,6.200707311532887012e-01,4.148902693542073083e-01,-2.480464255668620235e-02,9.531073945420014126e-03,7.659285086110258212e-02,-1.254973864151713315e+03,7.442138581649270463e+02,1.376940828248032403e+03,-3.480871079054214529e-02,1.717532793245086395e+02,2.707428584383551788e+04,4.752298119934676652e+04,0.000000000000000000e+00
4.395500000000283514e+00,1.503649206656979587e+01,6.199763716929713731e-01,4.150508943788704941e-01,-3.129290336906692671e-02,4.673977376339060776e-03,8.273251232620879025e-02,9.113979786561239962e+02,-7.414917718939781253e+02,-6.507539054584727864e+02,-3.478938777455407166e-02,1.728110436586785283e+02,3.832136929743448854e+04,4.007262416132486396e+04,0.000000000000000000e+00
4.400500000000280743e+00,1.503639597143177653e+01,6.199065859615340290e-01,4.151594349761774105e-01,-7.169045418726319001e-03,1.450456079121559922e-03,-6.700726250929058946e-04,7.855382018724786803e+02,-5.079152651774774085e+02,-5.474472666774111076e+02,-3.475188592017301736e-02,1.733229438670905438e+02,3.857535068370654335e+04,4.027278077408481477e+04,0.000000000000000000e+00
4.405500000000277971e+00,1.503644570032901662e+01,6.200863249197312577e-01,4.150220720543589814e-01,1.784154762308016659e-02,4.230942915550645056e-02,-5.109592379032272536e-02,5.200091928653964715e+02,-4.262896093750942441e+02,-4.362482852425899296e+02,-3.477165600202618279e-02,1.729396124655941662e+02,3.678916502076396137e+04,4.024808370077197469e+04,0.000000000000000000e+00
4.410500000000275200e+00,1.503655322588522125e+01,6.202752447860944152e-01,4.148722995338995911e-01,1.645751960763644148e-02,2.290631607821453850e-02,-3.373854594303373356e-03,7.863504442261929626e+02,-7.657766892370807454e+02,-4.863632985528848280e+02,-3.479354510808906759e-02,1.720458008267015657e+02,3.851322090631767060e+04,3.985372678380308207e+04,0.000000000000000000e+00
4.415500000000272429e+00,1.503661853239673718e+01,6.202640531823724324e-01,4.148086648933885234e-01,3.135263164603232199e-03,-5.497733326850485353e-03,6.963067565648112418e-03,1.089145696854658581e+03,-6.661421601197325799e+02,-9.252251314405799576e+02,-3.476961009243657169e-02,1.715771906679311769e+02,3.661998248005528148e+04,3.614449524200522865e+04,0.000000000000000000e+00
4.420500000000269658e+00,1.503663132702918404e+01,6.202078213417249186e-01,4.148482591781610385e-01,7.626372156789838243e-04,-2.280039706089137877e-02,5.409499366515459380e-03,8.383010154025686234e+02,-5.877447230638330211e+02,-5.666152197824977748e+02,-3.479217766335530870e-02,1.713445860647691177e+02,3.790096653710618557e+04,3.994075363014564937e+04,0.000000000000000000e+00
4.425500000000266887e+00,1.503661160572020172e+01,6.200400162512498259e-01,4.148850085119529796e-01,-1.285874184779222350e-02,-2.771572395929657734e-02,4.476690059603157662e-02,8.153971170648565021e+02,-7.587244877581050559e+02,-5.182249128690649513e+02,-3.488600050251319806e-02,1.716082321681730321e+02,3.808552861746117560e+04,4.017836796562763629e+04,0.000000000000000000e+00
4.430500000000264116e+00,1.503657910679532073e+01,6.197989650649695648e-01,4.149138848408778224e-01,-3.562488972437657681e-03,-5.045224129487937970e-02,-1.670481608726901920e-02,1.005473045283473539e+03,-3.310290667803382689e+02,-9.368811172972809800e+02,-3.503422577727210996e-02,1.721360912332476403e+02,3.798587202825560962e+04,3.693820424949676817e+04,0.000000000000000000e+00
4.435500000000261345e+00,1.503664242591155187e+01,6.198329534146715947e-01,4.148137992672867869e-01,2.635429206145267073e-02,-9.825033847820791380e-03,-8.493052664771964799e-02,4.030359642237763751e+02,-3.128155413136849461e+02,-2.525135675113183140e+02,-3.509331475789790461e-02,1.718659625623249667e+02,3.789649025410223112e+04,4.038643424632163078e+04,0.000000000000000000e+00
4.440500000000258574e+00,1.503680797532757651e+01,6.200923880766407992e-01,4.145742155971593457e-01,3.473590483969446474e-02,5.650116434320532482e-02,-6.038529937147021215e-02,7.121512626535377422e+02,-6.318923224889381345e+02,-6.338389545889101555e+02,-3.489050358461367324e-02,1.708498830460991087e+02,3.815283429035919107e+04,3.764858230184392596e+04,0.000000000000000000e+00
4.445500000000255802e+00,1.503700018505965907e+01,6.203188369244138078e-01,4.142322227122159362e-01,3.658006843559465093e-02,2.788165620089550975e-02,-6.626166341577903462e-02,-1.319430022552079208e+03,5.762237522184959744e+02,1.716422854953889782e+03,-3.491069530615863170e-02,1.697669553354621428e+02,2.633713107339396447e+04,4.672444152079153719e+04,0.000000000000000000e+00
4.450500000000253031e+00,1.503707059875543450e+01,6.204055808421804485e-01,4.141840776064760199e-01,3.171295533412818012e-03,3.315566930857725796e-03,-6.944497274567574402e-03,8.258113760769642795e+02,-5.218903168731168307e+02,-6.117089158360888632e+02,-3.484386966193696311e-02,1.691048983810429434e+02,3.840117733379299898e+04,3.787837718388997018e+04,0.000000000000000000e+00
4.455500000000250260e+00,1.503704813533354567e+01,6.203606935987496795e-01,4.142221993729605645e-01,-5.070550510088982395e-03,-4.017673980617570556e-02,-3.734990579976717184e-02,6.251835089104160943e+02,-4.705571504879357576e+02,-5.023011687882884075e+02,-3.482862591947301356e-02,1.694240873436411619e+02,3.875695919787884486e+04,3.854506289586182538e+04,0.000000000000000000e+00
4.460500000000247489e+00,1.503696468251190410e+01,6.202879548247872687e-01,4.143730602007436037e-01,-1.185662706301690746e-02,-5.552401572478365965e-02,-3.282536738272331250e-02,6.878851138009721353e+02,-4.412890534117246375e+02,-4.186987083411054869e+02,-3.480799600923214360e-02,1.698775473793365904e+02,3.827262370419508079e+04,3.974352673607436736e+04,0.000000000000000000e+00
4.465500000000244718e+00,1.503685779730066407e+01,6.201396556874094745e-01,4.145348236616023252e-01,-2.284301917873210463e-02,-3.544631899272940312e-02,2.481164452274212465e-02,7.175516982103529244e+02,-5.085531004230369945e+02,-6.404227433295686751e+02,-3.488724666545211378e-02,1.705726905627008136e+02,3.810375683446177572e+04,3.898925985339830368e+04,0.000000000000000000e+00
4.470500000000241947e+00,1.503674301189048457e+01,6.199640087579135761e-01,4.147162071008709816e-01,-2.042188215979939478e-02,-3.427913749870735438e-02,3.728754908741477997e-02,1.099337644516087494e+03,-5.899519347944838046e+02,-9.692134636676012178e+02,-3.494979267636222353e-02,1.713452535133670267e+02,3.730311500840782537e+04,3.687269972499077267e+04,0.000000000000000000e+00
4.475500000000239176e+00,1.503665237219424178e+01,6.198239021259597248e-01,4.148703553320730042e-01,-2.318700972581987790e-02,2.225902906363097945e-03,8.352856126486105093e-02,-1.251898492541937230e+03,6.551638426245916662e+02,1.531000968799037310e+03,-3.495325149806923631e-02,1.720512482122063886e+02,2.679010756718585981e+04,4.619696563110540592e+04,0.000000000000000000e+00
4.480500000000236405e+00,1.503657666965462347e+01,6.197340688464147984e-01,4.149845146880401514e-01,-9.964277071712466377e-03,-2.995208451709148109e-02,-2.890518789115414954e-04,8.191869730612397689e+02,-6.782919574738907613e+02,-4.630613163451297396e+02,-3.491345450205388806e-02,1.723983943090678395e+02,3.850835049113800051e+04,3.976470089333281067e+04,0.000000000000000000e+00
4.485500000000233634e+00,1.503653048498459910e+01,6.196432594665476357e-01,4.150018648173541824e-01,-2.149056133520720838e-03,4.876426111340701960e-03,-3.005631440057225396e-03,-1.187523009687005015e+03,1.519810520293534864e+03,1.397582629523823471e+03,-3.488484201338187124e-02,1.728270913690672899e+02,2.995731526819320425e+04,4.389798810893227346e+04,0.000000000000000000e+00
4.490500000000230862e+00,1.503659856315748478e+01,6.198716867373581518e-01,4.148822986909299071e-01,2.554050675370960963e-02,8.515656815726171947e-02,-2.561049094842763121e-02,6.645521176879772156e+02,-7.061751663016631255e+02,-4.351833662855831335e+02,-3.496269097746648735e-02,1.720969110462869764e+02,3.896041922203206195e+04,4.066717249621152587e+04,0.000000000000000000e+00
4.495500000000228091e+00,1.503674219217209362e+01,6.202650004882305224e-01,4.145844933635859375e-01,2.928096812104936594e-02,7.924911454828242885e-02,-6.307435927379166640e-02,6.824384552101067811e+02,-6.989606837017025782e+02,-4.880255704832953256e+02,-3.505576723592383759e-02,1.705080794578161090e+02,3.825961749504319596e+04,3.918454484874287300e+04,0.000000000000000000e+00
4.500500000000225320e+00,1.503689520504141086e+01,6.204823079206889247e-01,4.143115100264716522e-01,2.917909624607807964e-02,1.518209004067569250e-02,-6.624715082964843793e-02,6.113341932433789907e+02,-5.393966411527350147e+02,-3.809396366021748008e+02,-3.492872205392072438e-02,1.694856564550277938e+02,3.921344087306857546e+04,3.847207413684817584e+04,0.000000000000000000e+00
4.505500000000222549e+00,1.503696840696169978e+01,6.205681947294366951e-01,4.142680995429480761e-01,-2.954400139672341222e-03,1.078671585140913644e-02,2.684277474732013960e-02,5.755589348110485162e+02,-7.033343810719726434e+02,-5.371089129457466242e+02,-3.487928664771691722e-02,1.691031589383360370e+02,3.799362939014656149e+04,3.937267782862266904e+04,0.000000000000000000e+00
4.510500000000219778e+00,1.503692412242156706e+01,6.205018612881095796e-01,4.143062900886712030e-01,-1.600753098342221764e-02,-2.896109086402257754e-03,3.369760230044042265e-02,-1.120635449126864842e+03,7.787327086333451689e+02,1.240663162790282968e+03,-3.498446020212282043e-02,1.691612860436874257e+02,2.829261806335182700e+04,4.726800518860016746e+04,0.000000000000000000e+00
4.515500000000217007e+00,1.503685735851083649e+01,6.204105705079182576e-01,4.144310267328150110e-01,-1.382033069726862178e-02,-1.606278968529266382e-02,3.482572367978103295e-02,9.824286517105343819e+02,-5.075466435101663478e+02,-7.705758641428056990e+02,-3.502411522554849804e-02,1.695683377281403921e+02,3.841705206430916587e+04,3.857404741708488291e+04,0.000000000000000000e+00
4.520500000000214236e+00,1.503679179816785982e+01,6.202827560838085619e-01,4.145751050976122509e-01,-1.638754377659383532e-02,-2.148407739598261895e-02,4.707458417385685517e-02,6.130445984301680937e+02,-5.507414633699164597e+02,-4.731685342905316247e+02,-3.500729911643018361e-02,1.702113169093237843e+02,3.881294571903283213e+04,4.125616661438091251e+04,0.000000000000000000e+00
4.525500000000211465e+00,1.503671871469538246e+01,6.201446842486370015e-01,4.147079199683382789e-01,-1.999684485141749526e-02,-1.537493047418882902e-02,3.804311922007485441e-02,7.582464677194693650e+02,-5.699022042649909281e+02,-6.277309323275409270e+02,-3.496799049869983578e-02,1.708991360578343972e+02,3.855344236148579512e+04,3.900819439549074013e+04,0.000000000000000000e+00
4.530500000000208694e+00,1.503664762837066426e+01,6.200617457900350349e-01,4.148110104063323922e-01,-6.765487092179667261e-03,-1.042706622798278242e-02,2.038564825171888459e-02,1.072185303853910682e+03,-6.468285741666248896e+02,-9.373819748088894812e+02,-3.489898448868807013e-02,1.715396259687375959e+02,3.741954135913932259e+04,3.683813129209986801e+04,0.000000000000000000e+00
4.535500000000205922e+00,1.503659424083022245e+01,6.200014811264434877e-01,4.149134165631117588e-01,-1.872359004258802861e-02,1.724496832183776071e-02,5.712343757535113392e-02,-1.040452488123157309e+03,8.050453929995077260e+02,1.135170078764515210e+03,-3.479786153403228305e-02,1.721082647036223818e+02,2.815381500666981810e+04,4.769646373536204919e+04,0.000000000000000000e+00
4.540500000000203151e+00,1.503650503348434242e+01,6.199391721581040127e-01,4.149884608904086392e-01,-1.266949254666844757e-02,-1.942225076937499975e-02,-1.717320872893331185e-02,9.129220978094151633e+02,-4.375706608050437580e+02,-6.869263914196594669e+02,-3.476953252117838400e-02,1.726272451386510056e+02,3.836852760239738564e+04,3.863492628649350809e+04,0.000000000000000000e+00
4.545500000000200380e+00,1.503652179413143308e+01,6.200993837551601606e-01,4.149011141527094715e-01,1.849616173424154658e-02,5.607599869343055099e-02,-2.230394157305555514e-02,-1.048849729654790963e+03,1.272044257158604978e+03,1.390729401670483185e+03,-3.480908010223038307e-02,1.724975046278871957e+02,3.032429816987605591e+04,4.362330336051252380e+04,0.000000000000000000e+00
4.550500000000197609e+00,1.503668144366896087e+01,6.203631491930476916e-01,4.146752810225516339e-01,3.951253146971232810e-02,8.530005757471845196e-02,1.580740527907605053e-02,-1.296933064699200486e+03,3.530401551511105254e+02,1.678771224453196055e+03,-3.486147645193934941e-02,1.716439974844380174e+02,2.627870283561205724e+04,4.632423227381746983e+04,0.000000000000000000e+00
4.555500000000194838e+00,1.503684191338364151e+01,6.205675031189098467e-01,4.145298545015261293e-01,1.307109320594868757e-02,4.375237805043678818e-02,2.867163757316663897e-02,8.282604802837140596e+02,-8.427004001853896398e+02,-5.500083387907986889e+02,-3.486336442656407658e-02,1.708234971234739703e+02,3.806144645218166988e+04,3.984544719907889521e+04,0.000000000000000000e+00
4.560500000000192067e+00,1.503688122636137159e+01,6.205361367860039445e-01,4.144685166373250351e-01,2.378240996594651636e-03,-1.415226355816155343e-02,-6.325514077595463004e-03,1.013920839764536140e+03,-5.149559670498869082e+02,-6.987333581703685468e+02,-3.489154908780839337e-02,1.706433416582908364e+02,3.784724651508993702e+04,3.783331392907275585e+04,0.000000000000000000e+00
4.565500000000189296e+00,1.503689101051900501e+01,6.204497027685171862e-01,4.145115877022387818e-01,-1.199167981776977192e-02,9.540474691255771116e-04,5.788564293705967395e-02,-1.286559697495166802e+03,6.355531671028129495e+02,1.407146009028858543e+03,-3.488555551894948620e-02,1.707474938946180032e+02,2.690182950366433579e+04,4.666601774363844743e+04,0.000000000000000000e+00
4.570500000000186525e+00,1.503683427471357703e+01,6.203133649532205363e-01,4.145925638367556898e-01,-1.823228558052002179e-02,-1.535051803160550864e-02,5.066950319464452734e-02,-1.351001245349178589e+03,5.556738970555978767e+02,1.601902831499249942e+03,-3.487535471992550540e-02,1.711731991260280097e+02,2.663946338381570240e+04,4.626349764315759967e+04,0.000000000000000000e+00
4.575500000000183753e+00,1.503676609652940144e+01,6.201154532848738299e-01,4.147154178179177086e-01,-9.793933841789300918e-03,-1.723177175346777418e-02,6.587932528613983651e-02,-1.096452991623208391e+03,8.693045976203000009e+02,1.134253113178928743e+03,-3.493378866988827020e-02,1.718138164078883676e+02,2.889718874076926295e+04,4.645008536096275930e+04,0.000000000000000000e+00
4.580500000000180982e+00,1.503671311079614625e+01,6.199020347920713991e-01,4.148284397032805382e-01,-1.685818522310026865e-02,-1.966247557609626662e-02,5.720826475109656167e-02,-1.168020845086382451e+03,7.352969910208570354e+02,1.318165606112966316e+03,-3.482125076847537859e-02,1.723506048068774987e+02,2.810699618713065865e+04,4.620224721223064989e+04,0.000000000000000000e+00
4.585500000000178211e+00,1.503670901946721550e+01,6.198856982787670500e-01,4.148258261792087120e-01,9.257063611485776347e-03,6.335116708490624859e-02,3.723540345466804652e-02,-1.376070824585337505e+03,1.224962448812870662e+03,1.609381475051491407e+03,-3.482113280800291227e-02,1.722324929503002409e+02,2.860517370886380377e+04,4.304108080060050997e+04,0.000000000000000000e+00
4.590500000000175440e+00,1.503679619347355967e+01,6.200051442376340871e-01,4.145884603466920559e-01,2.119862295458520979e-02,8.711095424094812689e-02,9.229480764175783392e-03,-1.355651041967649917e+03,1.185981750682350139e+03,1.678926301932547176e+03,-3.500990190724021650e-02,1.714859050667724034e+02,2.941932353725935172e+04,4.245912886661953962e+04,0.000000000000000000e+00
4.595500000000172669e+00,1.503690083890885987e+01,6.202295983549021008e-01,4.144462957810420289e-01,2.319933544981079079e-02,-2.319601202753587138e-02,-7.755355076775467815e-02,3.143536242004537939e+02,-5.076013319445634124e+02,-2.887815591558962680e+01,-3.487985113758142880e-02,1.703462317937030832e+02,3.800215729579164326e+04,4.147470601861280011e+04,0.000000000000000000e+00
4.600500000000169898e+00,1.503696839217813697e+01,6.202583703493877998e-01,4.145220782960583050e-01,9.063662451734235195e-03,-1.691115139187650968e-02,-1.002310499036068205e-02,7.491550728635543237e+02,-5.485334544309434932e+02,-6.213702496358627059e+02,-3.471202755977483706e-02,1.699999675862537174e+02,3.753884678475223336e+04,3.831699100857917074e+04,0.000000000000000000e+00
4.605500000000167127e+00,1.503695586527927119e+01,6.201953851482051583e-01,4.145715001267417654e-01,-1.973131897771625981e-02,-6.436818304131375866e-03,5.643279849357349387e-02,8.055591003250597169e+02,-7.036726483945706150e+02,-5.490394312252490181e+02,-3.475417038687959870e-02,1.702212394569247067e+02,3.779888523413302755e+04,4.023284751480826526e+04,0.000000000000000000e+00
4.610500000000164356e+00,1.503689516535436255e+01,6.200422674142627155e-01,4.146159299450747349e-01,-2.146638916198177413e-02,-8.663967496917883426e-03,6.285995539219378647e-02,7.171376966055315734e+02,-5.577059242577257692e+02,-5.337171945100366202e+02,-3.477304277836918561e-02,1.704688722030597319e+02,3.888852603469035239e+04,4.087059969553884002e+04,0.000000000000000000e+00
4.615500000000161585e+00,1.503681353349131733e+01,6.198992099872859818e-01,4.146920378530211670e-01,-1.827334200032507128e-02,3.063366417938551047e-03,5.179081402394962452e-02,8.801201255085610455e+02,-6.110203742311429096e+02,-6.274475067592220512e+02,-3.473600891075907110e-02,1.706652902691291729e+02,3.835898513995077519e+04,4.045453906156504672e+04,0.000000000000000000e+00
4.620500000000158813e+00,1.503674901220365534e+01,6.197797722128327580e-01,4.147682426197192851e-01,-1.437558555550546777e-02,-3.735556359555936012e-02,5.074343395904130048e-03,7.829855553076289425e+02,-5.012703548834597882e+02,-6.427870691091462731e+02,-3.465530832822817653e-02,1.707383147240915093e+02,3.767196733528863115e+04,4.001548288087597030e+04,0.000000000000000000e+00
4.625500000000156042e+00,1.503666129740434165e+01,6.195996121745639407e-01,4.148037489590493676e-01,-2.036473697746225830e-02,-3.145280965336145346e-02,9.658926463196659817e-03,-1.218982383365706710e+03,9.892886235544723377e+02,1.351049764384351192e+03,-3.475401403492743568e-02,1.713223951164168568e+02,2.884559215422960551e+04,4.695867881710980146e+04,0.000000000000000000e+00
4.630500000000153271e+00,1.503654524579255991e+01,6.195470722351232862e-01,4.149167370118668208e-01,-1.521670032260618796e-02,-2.469742911549799996e-02,-2.633877960221544384e-02,-1.172496566807045156e+03,1.147111051387172665e+03,1.309940496565948024e+03,-3.473747836258014865e-02,1.718402419695389938e+02,2.784870305173839006e+04,4.767112165506323072e+04,0.000000000000000000e+00
4.635500000000150500e+00,1.503650200589119734e+01,6.197655707203992836e-01,4.150307048032716439e-01,4.719528127536781227e-03,9.538980792408028805e-03,-5.573782900381694244e-02,8.315423248218554590e+02,-5.064264330908804368e+02,-6.935479538475177606e+02,-3.460884442015341872e-02,1.711972702226268837e+02,3.739482740388981620e+04,3.770412892168026883e+04,0.000000000000000000e+00
4.640500000000147729e+00,1.503661834896788640e+01,6.199193900756795328e-01,4.147702837246234897e-01,3.412084050188155665e-02,6.815720594248453335e-02,-2.239482756516828627e-02,9.343093789090474957e+02,-5.948108474144739830e+02,-6.777968028882398812e+02,-3.475562218097100198e-02,1.706623899801130619e+02,3.779456552104037110e+04,3.814733355918982124e+04,0.000000000000000000e+00
4.645500000000144958e+00,1.503683902301197861e+01,6.201599435651664605e-01,4.144502714868048554e-01,4.836902792299648673e-02,6.739811809912521490e-02,-5.334731575127803216e-02,6.205032375773943158e+02,-5.704549928303496245e+02,-5.002498664703086888e+02,-3.509683662372956037e-02,1.696230457492332562e+02,3.889708360220882605e+04,3.811072589411534136e+04,0.000000000000000000e+00
4.650500000000142187e+00,1.503702341778845941e+01,6.203324135135269701e-01,4.142683072277850154e-01,2.556465165632031133e-02,3.913761632643356081e-02,3.680779000848882765e-02,8.179152508285453678e+02,-6.691562210209597197e+02,-7.132439652620582820e+02,-3.501164053089537292e-02,1.688345637582206393e+02,3.834483459829540516e+04,3.850245572739540512e+04,0.000000000000000000e+00
4.655500000000139416e+00,1.503708317317938992e+01,6.202656092458316284e-01,4.142223552277908283e-01,-7.389091480439494153e-03,1.529835057371590860e-02,7.041282138000298785e-02,-1.067074713216301461e+03,6.572719859345238547e+02,1.147676249577733643e+03,-3.477132777726246043e-02,1.689356172558964033e+02,2.803347125236064312e+04,4.629900721866013919e+04,0.000000000000000000e+00
4.660500000000136644e+00,1.503700724182968074e+01,6.202843415136327643e-01,4.143733756512246735e-01,-1.762979764707749836e-02,1.106171665334790104e-02,3.216815526601796843e-02,1.038081951061009249e+03,-5.405005446247645295e+02,-9.316783620023326193e+02,-3.472842925691173310e-02,1.693225282956149158e+02,3.735644593773804809e+04,3.691361736472256598e+04,0.000000000000000000e+00
4.665500000000133873e+00,1.503691292395267531e+01,6.203050809886708761e-01,4.144861929584216509e-01,-1.939908731242335690e-02,2.756455289985476707e-03,3.210654540001747076e-02,7.636767901135134480e+02,-6.619698690589297030e+02,-5.133651233663928224e+02,-3.474541304845002454e-02,1.698574314647292169e+02,3.850263472653708595e+04,4.049610803945452790e+04,0.000000000000000000e+00
4.670500000000131102e+00,1.503683213190755552e+01,6.202079483052970188e-01,4.145552365669610828e-01,-1.880800115249139232e-02,-1.331833773104665851e-02,3.952572567897301437e-02,-1.215603809973010584e+03,7.054070594841873572e+02,1.373805629531088243e+03,-3.478431093246932282e-02,1.704111850341239460e+02,2.760129805910509458e+04,4.668416797844095709e+04,0.000000000000000000e+00
4.675500000000128331e+00,1.503677554751270939e+01,6.201218426115006066e-01,4.146957186117510297e-01,-6.242559436162968545e-03,-2.959653643832073008e-02,2.122973048981128402e-02,9.472494500898629894e+02,-7.205897984989171619e+02,-7.171510126839195891e+02,-3.476712504621362609e-02,1.709030070130256718e+02,3.735183234194791294e+04,3.772387197311917407e+04,0.000000000000000000e+00
4.680500000000125560e+00,1.503670734227797823e+01,6.199406220796931377e-01,4.147440014706733069e-01,-1.527126007450551812e-02,-4.014995570989342982e-02,-2.896945463317189551e-02,6.948924420230647456e+02,-3.760235099669119450e+02,-6.944451622840226719e+02,-3.471214013813444382e-02,1.714663568153462165e+02,3.746682404799072538e+04,3.742856958120235504e+04,0.000000000000000000e+00
4.685500000000122789e+00,1.503669515342869722e+01,6.200705778972767090e-01,4.146900569800422987e-01,9.260679123503829518e-03,3.258868116958301558e-02,-3.906905671687241344e-02,5.042921273407324065e+02,-5.160398019981537345e+02,-2.623539979578364978e+02,-3.471080197051103905e-02,1.711938311911151800e+02,3.947486219315078779e+04,4.125188928594682511e+04,0.000000000000000000e+00
4.690500000000120018e+00,1.503679881455205525e+01,6.202612969710621371e-01,4.145128948868561092e-01,1.434104516848029760e-02,2.440378770077399756e-02,-2.605372910273747768e-03,3.640895605895620974e+02,-7.159881957499712826e+02,-1.213672849265151399e+02,-3.495440360636572347e-02,1.705865660248786071e+02,3.666317612967128662e+04,4.148339589551866811e+04,0.000000000000000000e+00
4.695500000000117247e+00,1.503681475316293081e+01,6.202413834794028302e-01,4.145688553169896151e-01,-2.144010309600022715e-04,-2.868760076682680751e-02,-3.791802807650157623e-03,9.020586855163609243e+02,-4.592477916821680992e+02,-7.254725598375625850e+02,-3.487051056265534632e-02,1.706283797773567414e+02,3.787899411329041322e+04,3.820499661733152607e+04,0.000000000000000000e+00
4.700500000000114476e+00,1.503677461889430056e+01,6.200884077047859044e-01,4.146393487363861374e-01,-2.653806004833838498e-03,-6.763658812614851967e-02,-5.111888361364133604e-02,7.703245057570188692e+02,-2.852263531291784489e+02,-7.085552524146572750e+02,-3.486463041779096911e-02,1.711179395695197911e+02,3.841315823494889628e+04,3.711001227282312175e+04,0.000000000000000000e+00
4.705500000000111704e+00,1.503669613669783800e+01,6.199917179592284722e-01,4.148534191283673178e-01,-6.701217117369802009e-03,-5.143407563526460752e-02,-2.083786290112251555e-02,9.998710584290704446e+02,-4.316734163096285783e+02,-7.517015935575692538e+02,-3.482572355396421071e-02,1.711615556581941462e+02,3.793083287872213987e+04,3.779879716035377351e+04,0.000000000000000000e+00
4.710500000000108933e+00,1.503666349886816889e+01,6.198526259257347570e-01,4.148867530411802229e-01,-8.416689819769547151e-03,-5.632893536762513705e-03,2.863080936126838338e-02,1.015542385321521124e+03,-5.862751320359375313e+02,-7.793727282326794921e+02,-3.489304702578440581e-02,1.716417761498217374e+02,3.801450874630214821e+04,3.804664742596547876e+04,0.000000000000000000e+00
4.715500000000106162e+00,1.503663165192709528e+01,6.197440059106117394e-01,4.149853648846629217e-01,-1.321338581184444694e-02,-1.004819228020820479e-02,4.609189671654551762e-02,8.366914603262355286e+02,-5.690371310683118509e+02,-7.071685888522773666e+02,-3.496664179623747148e-02,1.721404872783868996e+02,3.861106144936245983e+04,3.904719799105537095e+04,0.000000000000000000e+00
4.720500000000103391e+00,1.503660819588906961e+01,6.196495657613898533e-01,4.149537981710846868e-01,-1.573242170231025847e-02,5.220878704713923651e-02,8.447588739890996012e-02,-1.159278020412654314e+03,7.476626690691211934e+02,1.304721314723707110e+03,-3.507302201886819404e-02,1.725529341591374077e+02,2.633506210215921237e+04,4.731068907700802083e+04,0.000000000000000000e+00
4.725500000000100620e+00,1.503661129357933213e+01,6.197287224929879379e-01,4.149075309125498934e-01,8.651915758744081059e-03,8.270809222842498420e-02,3.899756778990848965e-02,-1.366001570466489056e+03,1.362038860550866048e+03,1.511996629511205128e+03,-3.510287802032415611e-02,1.722779275209252035e+02,2.841738051994560374e+04,4.363322143796118326e+04,0.000000000000000000e+00
4.730500000000097849e+00,1.503669696448033122e+01,6.198595751178526125e-01,4.146647374049028389e-01,2.799933206180596490e-02,6.093086885410137904e-02,-3.673285462745137092e-02,-1.126607585022314652e+03,1.368369732263666947e+03,1.456947400734124130e+03,-3.518251820557247861e-02,1.715750824939314327e+02,2.983385404072021265e+04,4.395033732446235081e+04,0.000000000000000000e+00
4.735500000000095078e+00,1.503685243030502150e+01,6.201656111868655286e-01,4.144658138803424818e-01,3.702058831678401579e-02,5.434831910176982778e-02,-3.785452024594727904e-02,7.225655985184178007e+02,-6.626103451333350449e+02,-5.101471636116147579e+02,-3.519425469779294269e-02,1.702482029576900686e+02,3.966337744184109033e+04,3.809752554130436329e+04,0.000000000000000000e+00
4.740500000000092307e+00,1.503699331592503974e+01,6.202942175822006021e-01,4.143103644544550712e-01,1.699051428652963505e-02,2.017475828094169449e-02,3.979393838695361764e-03,5.338784478315839124e+02,-6.938283818609770606e+02,-3.761335764754807656e+02,-3.510493948961699445e-02,1.695723203433832964e+02,3.855987852419004048e+04,4.045478099960144027e+04,0.000000000000000000e+00
4.745500000000089535e+00,1.503703939618445240e+01,6.203112371971042371e-01,4.142811769089475016e-01,-1.562658867603300156e-03,3.586123614784545843e-03,6.545834887961989902e-03,8.917108739780538826e+02,-4.514660734165863119e+02,-5.801218750814665555e+02,-3.498001287608832471e-02,1.695029699255449316e+02,3.718932013349400950e+04,3.787107066439341725e+04,0.000000000000000000e+00
4.750500000000086764e+00,1.503701166245708443e+01,6.202936469786419771e-01,4.143467070607166902e-01,-7.018897702500179192e-03,-7.622304303543408176e-03,1.980915731076468220e-03,7.853904117161682734e+02,-5.296683390064464447e+02,-6.529629493479792472e+02,-3.490850451404490379e-02,1.698542346675585577e+02,3.824336072486252669e+04,3.890981919421982457e+04,0.000000000000000000e+00
4.755500000000083993e+00,1.503694432239225875e+01,6.202049248212141430e-01,4.144591528507839961e-01,-1.770086394124491258e-02,-2.547359998930233752e-02,3.437743762566391331e-02,-1.396971629634497731e+03,5.707070631468645843e+02,1.662108781872593681e+03,-3.487575552804660084e-02,1.703549202511437670e+02,2.669366527504972692e+04,4.623645797422200121e+04,0.000000000000000000e+00
4.760500000000081222e+00,1.503686093075416608e+01,6.200480820054697917e-01,4.145905122728642533e-01,-1.788793976782022954e-02,-2.552818590863387138e-02,3.222724701418894222e-02,9.776246183706595048e+02,-4.761324875808208503e+02,-7.603128692623669167e+02,-3.492992054950268960e-02,1.709695874571743559e+02,3.827749880658135226e+04,3.819518096374887682e+04,0.000000000000000000e+00
4.765500000000078451e+00,1.503676858212174849e+01,6.198810334385486120e-01,4.147370104696410098e-01,-1.658588236901917951e-02,-2.361591136803162932e-02,3.823477660088706737e-02,8.391891344178083045e+02,-5.300919435667101425e+02,-7.209168354243812473e+02,-3.495617626621264074e-02,1.715750805121658971e+02,3.833779276530395873e+04,3.903726052238592092e+04,0.000000000000000000e+00
4.770500000000075680e+00,1.503668917606748501e+01,6.197121180587185085e-01,4.148112314768954145e-01,-7.848705308518992563e-03,-4.834255393744157914e-02,-4.063900228236713014e-02,1.041846133757775306e+03,-4.263841431587831039e+02,-8.529695822394567131e+02,-3.489347401166568996e-02,1.721031020294141172e+02,3.733484242870891467e+04,3.576993375193113025e+04,0.000000000000000000e+00
4.775500000000072909e+00,1.503668799813523549e+01,6.198471994422160014e-01,4.148534193156751537e-01,1.281820187506557338e-02,-5.088391200018279117e-03,-7.544258669773329373e-02,7.327735147028211031e+02,-4.979387475801460141e+02,-5.531131313145521062e+02,-3.491200890705105364e-02,1.718715732209476528e+02,3.820350447637637990e+04,3.812140383671878953e+04,0.000000000000000000e+00
4.780500000000070138e+00,1.503681249762398942e+01,6.199933032690541079e-01,4.146096501680969770e-01,3.011311598711112134e-02,1.216024187859069024e-02,-6.927846563545780878e-02,4.029358061864618890e+02,-4.306419418580073852e+02,-2.244989614916914604e+02,-3.495536689859774643e-02,1.712266251415196905e+02,3.817537205032595375e+04,3.907323663346935064e+04,0.000000000000000000e+00
4.785500000000067367e+00,1.503698881504414508e+01,6.201129234537919865e-01,4.143949963449280460e-01,3.159159430873071522e-02,2.067861907396852106e-02,-2.389287191107645689e-02,7.542969440468498306e+02,-5.904835970795146523e+02,-6.132456950258198276e+02,-3.485377575802893479e-02,1.704030631403617235e+02,3.847106636314640491e+04,3.798330317544114223e+04,0.000000000000000000e+00
4.790500000000064595e+00,1.503708088318904679e+01,6.200863155858400422e-01,4.142590485699317315e-01,7.627024486885335477e-03,3.237423292952639701e-03,-1.677559068932296194e-03,-1.165714374502448663e+03,7.905286387882697454e+02,1.281716919494564081e+03,-3.483100789443339951e-02,1.700932311411574460e+02,2.827870633805503894e+04,4.608173017813893966e+04,0.000000000000000000e+00
4.795500000000061824e+00,1.503705645331798912e+01,6.200837560941504512e-01,4.143316591558061091e-01,-1.955500863772511103e-02,9.250401319703345504e-03,7.156557208704959760e-02,-1.516833091457215687e+03,5.574435853624631818e+02,1.651290880230582616e+03,-3.491564609400132912e-02,1.699466420673145421e+02,2.548545618999069120e+04,4.590729593015208957e+04,0.000000000000000000e+00
4.800500000000059053e+00,1.503695871871388512e+01,6.199484957618733860e-01,4.144469757955994704e-01,-2.394489193756891426e-02,-2.643224079808361576e-02,2.380137217598127242e-02,8.197403978776684426e+02,-4.237891162676532417e+02,-7.879418492475559788e+02,-3.504444020271251653e-02,1.701109322940710626e+02,3.766469840083978488e+04,3.746298130598603166e+04,0.000000000000000000e+00
4.805500000000056282e+00,1.503684598320638699e+01,6.198309703553123162e-01,4.145566671661050084e-01,-1.976074105743597445e-02,-2.347491611825366226e-02,1.586107429152110518e-02,6.418109230419916003e+02,-4.355059277637737978e+02,-4.553585829227481554e+02,-3.521665880148915767e-02,1.705505879958282662e+02,3.709398981383386854e+04,4.014452208497351967e+04,0.000000000000000000e+00
4.810500000000053511e+00,1.503677463639442102e+01,6.197177848994493976e-01,4.146779921079388198e-01,-1.029958076637459488e-02,-5.639631259718069084e-02,-2.588163057601624087e-02,7.771482591589661979e+02,-4.742312429840824848e+02,-6.907569213822235952e+02,-3.504105409453981551e-02,1.712042343178640067e+02,3.766639818695037684e+04,3.714859400777948031e+04,0.000000000000000000e+00
4.815500000000050740e+00,1.503671946594699982e+01,6.197139431427109990e-01,4.147654859007633976e-01,2.314566734966104142e-03,5.748949846455384677e-03,-2.302788139279045992e-02,6.161997956500283635e+02,-4.665847231814743168e+02,-4.454227849436601332e+02,-3.483723143902769243e-02,1.716795698151351246e+02,3.893566343748968211e+04,4.035926544597177417e+04,0.000000000000000000e+00
4.820500000000047969e+00,1.503679305163486468e+01,6.199228921225373723e-01,4.146024318375653994e-01,2.689670688009059354e-02,8.136685812176105981e-02,-1.979638034808553493e-02,-1.020849066925671536e+03,1.220219038082130965e+03,1.391668651522148366e+03,-3.487211875231294861e-02,1.711985995419437074e+02,3.000004666683895994e+04,4.347980455113852076e+04,0.000000000000000000e+00
4.825500000000045198e+00,1.503697524340574176e+01,6.201853725872680245e-01,4.143128158624365120e-01,3.501604752508764851e-02,1.869841810312997121e-02,-8.785647680274309701e-02,4.553432673184950659e+02,-4.662845742534452711e+02,-3.366966251833902675e+02,-3.500774777632464224e-02,1.700995935264593868e+02,3.630025174639558099e+04,3.796874342872482521e+04,0.000000000000000000e+00
4.830500000000042427e+00,1.503707674818103968e+01,6.203081664690460739e-01,4.142107841464326978e-01,3.738283652634197349e-03,1.614054235419593031e-02,8.144428687659284113e-03,-1.289413833211492602e+03,7.133767283291275589e+02,1.362281274619609576e+03,-3.483265511692867217e-02,1.695217712602806159e+02,2.816254820036622914e+04,4.640492699918306607e+04,0.000000000000000000e+00
4.835500000000039655e+00,1.503701580713908648e+01,6.202976531885070477e-01,4.142421767239516939e-01,-1.821769879084717339e-02,-1.124817916710032367e-02,1.716096778574602300e-02,-1.245310707413498903e+03,5.689078894017338826e+02,1.491459193690890061e+03,-3.489051026255705901e-02,1.695920372316760734e+02,2.734911716563793743e+04,4.664184149281268765e+04,0.000000000000000000e+00
4.840500000000036884e+00,1.503689131300137660e+01,6.202382999275668496e-01,4.144301662784211637e-01,-1.325401902993743677e-02,-5.906168458362223012e-02,-5.032616197546451592e-02,7.042560306247156632e+02,-4.271460860478774748e+02,-5.012503401393168474e+02,-3.480251688928454046e-02,1.699448408877877341e+02,3.788731145867677697e+04,3.815804208279225713e+04,0.000000000000000000e+00
4.845500000000034113e+00,1.503678079724729066e+01,6.201788360803502931e-01,4.146662675594989245e-01,-1.495027848305893053e-02,-4.155055002731420505e-02,-3.061002670833112317e-03,7.202399862160584689e+02,-6.309891923635904050e+02,-4.058067988678871529e+02,-3.479360696721010837e-02,1.704337084575818437e+02,3.814832848032876791e+04,3.983895338543232356e+04,0.000000000000000000e+00
4.850500000000031342e+00,1.503672781841448192e+01,6.200660186886456371e-01,4.147457428738088869e-01,-1.673877109136752851e-03,-3.620587985827065231e-02,-1.913701277253502392e-02,9.745860626097406794e+02,-4.599481967404977354e+02,-7.162530688813034203e+02,-3.490967823591167862e-02,1.711554259758636647e+02,3.840047061833472981e+04,3.779583113298843091e+04,0.000000000000000000e+00
4.855500000000028571e+00,1.503674192987227265e+01,6.199540659778984830e-01,4.147662656250630797e-01,1.874531233242314162e-03,-1.120967261288558468e-02,2.298213513137053673e-02,-1.032117564545668301e+03,8.512285441846798903e+02,1.135548566780840019e+03,-3.480132557986406056e-02,1.716882127647377558e+02,2.887114666639741336e+04,4.661579780204066628e+04,0.000000000000000000e+00
4.860500000000025800e+00,1.503671649079533346e+01,6.198715327168817790e-01,4.148183655334272690e-01,-1.747435164861275633e-02,-2.366028509755846096e-02,1.235002814725088410e-02,6.410466424977333872e+02,-6.889279971500676538e+02,-4.149459562164853423e+02,-3.474348423520232099e-02,1.719383265283086644e+02,3.833287072319102299e+04,3.988441029970053933e+04,0.000000000000000000e+00
4.865500000000023029e+00,1.503666335210527905e+01,6.198874180543633150e-01,4.148056357248363635e-01,4.518012441387221113e-03,4.453823070058248595e-02,-8.558401168198562919e-03,7.443966430819183415e+02,-5.785546489789397810e+02,-5.920187757383653206e+02,-3.471147289963179977e-02,1.718035152479710632e+02,3.838013470789288112e+04,3.958426821830903646e+04,0.000000000000000000e+00
4.870500000000020258e+00,1.503673641901417746e+01,6.201102421559546718e-01,4.145893931763072193e-01,2.389418843243974050e-02,6.011064742934845578e-02,-4.211802192187217436e-02,-1.203112876889726749e+03,1.256702492379832847e+03,1.553246837632605320e+03,-3.475576201531764553e-02,1.708768856417654263e+02,3.035993050836615657e+04,4.369628397066463367e+04,0.000000000000000000e+00
4.875500000000017486e+00,1.503687002827502539e+01,6.203320466083341866e-01,4.143818615222852886e-01,2.121945832783563371e-02,1.403456136635462467e-02,-4.350936906312018182e-02,4.674257515854737903e+02,-4.337908515857370730e+02,-3.082210075587054234e+02,-3.491876695754625448e-02,1.699515982259202644e+02,3.735996022623780300e+04,4.016445884465613199e+04,0.000000000000000000e+00
4.880500000000014715e+00,1.503695986957623276e+01,6.204022093594051546e-01,4.143783202359241358e-01,2.736117013843253516e-03,2.086386220878327577e-02,4.894206421284327813e-02,-1.562520113397484693e+03,5.481390863527643660e+02,1.670828514210522599e+03,-3.482174036005258877e-02,1.699184687756803669e+02,2.559403581450246929e+04,4.598711470183839265e+04,0.000000000000000000e+00
4.885500000000011944e+00,1.503694781870510333e+01,6.203521778246985363e-01,4.144530731686859593e-01,-1.194271383162965466e-02,2.074836340878924087e-03,4.579459396185026759e-02,-1.211196618736408027e+03,6.577340993784391685e+02,1.349179846560222813e+03,-3.485136542478887989e-02,1.704212490194565817e+02,2.734740429624581157e+04,4.674673501351653977e+04,0.000000000000000000e+00
4.890500000000009173e+00,1.503686700491910422e+01,6.202718986775923593e-01,4.145967126358921506e-01,-2.052284182936693971e-02,-8.147744853492297837e-03,4.429483545634339825e-02,9.734334966252592949e+02,-4.579454505652723242e+02,-9.170860111749922225e+02,-3.480500134047019578e-02,1.708915577367612002e+02,3.760313678201601579e+04,3.725438223405212193e+04,0.000000000000000000e+00
4.895500000000006402e+00,1.503677710138225265e+01,6.201316267209333599e-01,4.146869550790928671e-01,-1.150106785815567523e-02,-4.821714998468604185e-02,-2.472088370370859392e-02,9.858379248087769611e+02,-4.264209798083700775e+02,-5.536989596863937777e+02,-3.482986628703941406e-02,1.713288517415336969e+02,3.771092494084216014e+04,3.767927129779646930e+04,0.000000000000000000e+00
4.900500000000003631e+00,1.503671948911049583e+01,6.200475707957695537e-01,4.147945457064651231e-01,-1.808672194780695450e-02,9.930658370368777507e-03,6.308136185432046406e-02,-1.076777962775154947e+03,7.350696680145819073e+02,1.145731322217656498e+03,-3.485094326602688336e-02,1.719020544183420327e+02,2.879963479231785459e+04,4.678523189457147237e+04,0.000000000000000000e+00
4.905500000000000860e+00,1.503662563865283097e+01,6.199503688592669093e-01,4.148743822003046477e-01,-1.935634799632507397e-02,-3.581294733826002885e-02,-9.062285235136271350e-03,6.973170381413507357e+02,-5.807813725445956834e+02,-4.894468863807258003e+02,-3.478879447757782933e-02,1.723908046645158265e+02,3.844726841562739719e+04,3.893296725477988366e+04,0.000000000000000000e+00
4.910499999999998089e+00,1.503662845309962570e+01,6.200368305619525788e-01,4.148433546745234901e-01,1.750721514019253772e-02,4.271476862379829792e-02,-3.002572769978223421e-02,9.502972084085594133e+02,-5.616746762458476496e+02,-8.511943614088760341e+02,-3.479726401883606601e-02,1.724961252460720118e+02,3.801961814275201323e+04,3.743934335526832001e+04,0.000000000000000000e+00
4.915499999999995318e+00,1.503674965888309067e+01,6.202628150664011297e-01,4.146316349717906746e-01,2.736649448843513424e-02,2.881848054379726118e-02,-4.330967406276381437e-02,-1.373565249943436584e+03,5.082460778188591348e+02,1.826256140124330614e+03,-3.486631916724891589e-02,1.718929260970535040e+02,2.643917740004670122e+04,4.612473934447456122e+04,0.000000000000000000e+00
4.920499999999992546e+00,1.503685502109265926e+01,6.203694238060534216e-01,4.145346819733228272e-01,7.802692189997224512e-03,2.620761407182501182e-02,2.893573865663281661e-02,-1.320383334963022435e+03,6.126608422510253149e+02,1.467240594998576853e+03,-3.490352404369619077e-02,1.711271170171926030e+02,2.705420776118488720e+04,4.623981698321057775e+04,0.000000000000000000e+00
4.925499999999989775e+00,1.503686657569401142e+01,6.203082988256881647e-01,4.145518409025937268e-01,-2.858002065736585991e-03,-3.126856206153591500e-02,-7.885247105582096627e-03,5.997635652538975819e+02,-4.913937326666424497e+02,-5.201717994437258312e+02,-3.485046065291173140e-02,1.709447924666044116e+02,3.835394252696127660e+04,3.922538051881420688e+04,0.000000000000000000e+00
4.930499999999987004e+00,1.503680718161334973e+01,6.201566137359548758e-01,4.146593973384564147e-01,-8.814382255986547010e-03,-4.845708899094493260e-02,-1.291181481392027035e-02,9.872542510970316698e+02,-4.383956620530507848e+02,-7.265054381824844540e+02,-3.485415775467629734e-02,1.712523252539115788e+02,3.794356247624349635e+04,3.768055131113402604e+04,0.000000000000000000e+00
4.935499999999984233e+00,1.503678213501533278e+01,6.199911783627372053e-01,4.147267881798793465e-01,1.387662018124831941e-03,-5.169612055996865990e-02,-1.212637845762382267e-02,7.938787999991744755e+02,-5.096125847624683729e+02,-5.021270516887892654e+02,-3.480565097640039851e-02,1.716788971211076671e+02,3.870968411238486442e+04,3.971357433410955855e+04,0.000000000000000000e+00
4.940499999999981462e+00,1.503674155855411421e+01,6.198170693589217795e-01,4.148221860986142651e-01,-1.028394341577945452e-02,-1.489115067822995020e-02,3.778472136991450903e-02,-1.090098468394872043e+03,8.141135268578166233e+02,1.162086366857923622e+03,-3.480459281895227630e-02,1.721322949903676829e+02,2.896898941742235911e+04,4.707925890119114047e+04,0.000000000000000000e+00
4.945499999999978691e+00,1.503667292905939590e+01,6.196563440165739900e-01,4.148944003298447036e-01,-1.476880526753650107e-02,-5.647888015196275702e-02,-1.829346629367726434e-02,8.328400116105376583e+02,-6.877856932509192802e+02,-6.116057793812941554e+02,-3.473291938948073337e-02,1.723474904517752009e+02,3.693714838350479113e+04,3.858078171413224482e+04,0.000000000000000000e+00
4.950499999999975920e+00,1.503664040690994419e+01,6.196175631761428049e-01,4.149083551306547712e-01,4.269619607222101265e-03,1.980849500964544652e-02,7.819758432539189799e-03,-1.280372884257506257e+03,1.310884996090560207e+03,1.627272381729960671e+03,-3.468915520947073172e-02,1.721863303244216468e+02,2.879648227404012141e+04,4.311949298694993195e+04,0.000000000000000000e+00
4.955499999999973149e+00,1.503670929740456153e+01,6.197356738272389309e-01,4.147828749118783742e-01,1.931565317183842750e-02,3.493359833613738502e-02,-3.559035489422247844e-02,7.931483068833474590e+02,-5.926964238433815808e+02,-6.208627653686020267e+02,-3.469937334350078895e-02,1.713697930098695110e+02,3.854043694848887390e+04,3.830996196521965612e+04,0.000000000000000000e+00
4.960499999999970377e+00,1.503682648249387910e+01,6.198485396052803020e-01,4.145731687757756023e-01,2.365928340654322934e-02,-1.165209953543460721e-02,-6.110636289152344969e-02,6.090768635042744563e+02,-7.587064124939471412e+02,-2.811354217751899682e+02,-3.502321286958755969e-02,1.705471499629115044e+02,3.839017960453900014e+04,3.960904239529770712e+04,0.000000000000000000e+00
4.965499999999967606e+00,1.503689663298099966e+01,6.198149930442383715e-01,4.145161023351676133e-01,1.321296100140824208e-02,-2.693616536814626497e-02,-3.164935360790979008e-02,9.219280007869759856e+02,-4.367033355471970140e+02,-7.141844578987189607e+02,-3.530052464324130723e-02,1.701653794601535878e+02,3.784999690345305862e+04,3.753368207234168221e+04,0.000000000000000000e+00
4.970499999999964835e+00,1.503692286651177312e+01,6.197334890328966006e-01,4.145046119592544209e-01,2.913828461368747711e-03,-3.297017403828771120e-02,-3.759182916404843477e-02,9.185404693766131459e+02,-4.716232128321798314e+02,-8.004399372814176559e+02,-3.528992625579300407e-02,1.701906414647455392e+02,3.682290910264788545e+04,3.604472616370843753e+04,0.000000000000000000e+00
4.975499999999962064e+00,1.503690317747078353e+01,6.196638209402698383e-01,4.145452306695238676e-01,-1.196106066547178957e-02,-1.811990632731310183e-02,4.105599607097684678e-02,7.513603443507785187e+02,-7.385011582306408400e+02,-4.911041773275169930e+02,-3.520225826120086665e-02,1.703853440257990997e+02,3.809708995203655650e+04,4.007185742344230675e+04,0.000000000000000000e+00
4.980499999999959293e+00,1.503686361801671190e+01,6.195331832680425199e-01,4.145815418269401254e-01,-7.096291357116990724e-03,9.562782227150229755e-03,3.187391987899265700e-02,-1.131598690374700254e+03,1.303183134307288128e+03,1.379985425931397685e+03,-3.519387136314491848e-02,1.707300066546579842e+02,2.965321190312377075e+04,4.371461525667197566e+04,0.000000000000000000e+00
4.985499999999956522e+00,1.503688295862642832e+01,6.196384188034982365e-01,4.145297829166465498e-01,9.831192935182416631e-03,3.847572144690639129e-02,-2.412438396589127593e-02,6.206054227858468266e+02,-5.220823786057511597e+02,-5.065333993462984949e+02,-3.521219675858044962e-02,1.703825646044224982e+02,3.856334063702579442e+04,3.898966936211474240e+04,0.000000000000000000e+00
4.990499999999953751e+00,1.503699813581558153e+01,6.198544875134207599e-01,4.143105677635587347e-01,2.961718608902195321e-02,5.573466768933217630e-02,-4.461828176121925699e-02,7.193988115120168914e+02,-5.717265418111464896e+02,-4.573233192466880723e+02,-3.514016978253804713e-02,1.697837439067683931e+02,3.869029372135596350e+04,3.734315318012160424e+04,0.000000000000000000e+00
4.995499999999950980e+00,1.503709017859568675e+01,6.200504290333478385e-01,4.142342009461804087e-01,-6.264672308778602506e-04,4.523752215992379866e-02,6.212531266331181024e-02,-1.437696163749133120e+03,4.140288592429628238e+02,1.642799428018996650e+03,-3.488704995445883472e-02,1.693441670818652369e+02,2.661512934736646639e+04,4.525698137867164769e+04,0.000000000000000000e+00
