time,x,y,z,vx,vy,vz,Fx,Fy,Fz,min_contact_distance,mechanical_energy,base_load,left_edge_load,right_edge_load
1.000000000000000021e-03,8.003579383314800566e+00,0.000000000000000000e+00,3.866770604928230437e+00,3.579383314800978155e+00,0.000000000000000000e+00,-1.795311354164808026e+00,0.000000000000000000e+00,0.000000000000000000e+00,0.000000000000000000e+00,0.000000000000000000e+00,8.887029569943473462e+02,0.000000000000000000e+00,0.000000000000000000e+00,0.000000000000000000e+00
1.100000000000000283e-02,8.039373216462806226e+00,-5.242444944940328069e-39,3.848277941386581968e+00,3.579383314800978155e+00,-1.575123561277408644e-36,-1.893411354164808991e+00,0.000000000000000000e+00,0.000000000000000000e+00,0.000000000000000000e+00,0.000000000000000000e+00,8.886936937885419638e+02,0.000000000000000000e+00,0.000000000000000000e+00,0.000000000000000000e+00
2.100000000000001171e-02,8.075167049610811887e+00,-2.146826625738303385e-38,3.828804277844934045e+00,3.579383314800978155e+00,2.985774961056409944e-37,-1.991511354164809955e+00,0.000000000000000000e+00,0.000000000000000000e+00,0.000000000000000000e+00,0.000000000000000000e+00,8.886844305827361268e+02,0.000000000000000000e+00,0.000000000000000000e+00,0.000000000000000000e+00
3.100000000000002059e-02,8.110960882758817547e+00,-6.577781431348980726e-38,3.808349614303285779e+00,3.579383314800978155e+00,1.459170311796814806e-36,-2.089611354164808699e+00,0.000000000000000000e+00,0.000000000000000000e+00,0.000000000000000000e+00,0.000000000000000000e+00,8.886751673769308582e+02,0.000000000000000000e+00,0.000000000000000000e+00,0.000000000000000000e+00
4.100000000000002948e-02,8.146754715906823208e+00,3.669766199159074933e-40,3.786913950761638059e+00,3.579383314800978155e+00,-5.052060729499464398e-37,-2.187711354164807442e+00,0.000000000000000000e+00,0.000000000000000000e+00,0.000000000000000000e+00,0.000000000000000000e+00,8.886659041711252485e+02,0.000000000000000000e+00,0.000000000000000000e+00,0.000000000000000000e+00
5.100000000000003836e-02,8.182548549054828868e+00,-3.317158025119677663e-37,3.764497287219989996e+00,3.579383314800978155e+00,-6.567765019246623081e-35,-2.285811354164806186e+00,0.000000000000000000e+00,0.000000000000000000e+00,0.000000000000000000e+00,0.000000000000000000e+00,8.886566409653197525e+02,0.000000000000000000e+00,0.000000000000000000e+00,0.000000000000000000e+00
6.100000000000004724e-02,8.218395862978866262e+00,2.131527110075698858e-04,3.742775104787162466e+00,3.483285827186553441e+00,5.400369893922762204e-02,-1.788886113710574932e+00,-3.329677143220996186e+03,-6.024986810625534872e+01,3.506352707525896221e+03,-1.203464119452190553e-03,8.774214978340816060e+02,5.055685723993820829e+03,7.663095536859899539e+02,2.875600285301136978e+02
7.100000000000004918e-02,8.252467678804654483e+00,2.275238603119013239e-03,3.727200468339234352e+00,3.360968707061802618e+00,2.668219487527120348e-01,-1.461435757326335017e+00,5.191102356286662456e+01,-1.300413524742953131e+00,1.190992549238967371e+02,-2.295542740762481111e-04,8.379979597224665895e+02,8.734318547560778256e+01,0.000000000000000000e+00,4.241906099829979837e+01
8.100000000000005806e-02,8.286089391590516939e+00,4.935696254357756912e-03,3.712115832061205545e+00,3.363591297487086074e+00,2.660335171407122723e-01,-1.549829995362117963e+00,0.000000000000000000e+00,0.000000000000000000e+00,0.000000000000000000e+00,0.000000000000000000e+00,8.379581118604439780e+02,0.000000000000000000e+00,0.000000000000000000e+00,0.000000000000000000e+00
9.100000000000006695e-02,8.319755663238673549e+00,7.595536595336420740e-03,3.696111679297920727e+00,3.368638726728179211e+00,2.659357678915162948e-01,-1.642493217908158165e+00,0.000000000000000000e+00,0.000000000000000000e+00,0.000000000000000000e+00,0.000000000000000000e+00,8.379436146721034220e+02,0.000000000000000000e+00,0.000000000000000000e+00,0.000000000000000000e+00
1.010000000000000758e-01,8.353451523374259224e+00,1.024960528829738787e-02,3.679157871704144434e+00,3.369298939608480481e+00,2.643405057816736181e-01,-1.738219696879363285e+00,1.361600986449549922e+01,-4.544489956200585823e-01,3.146602565461562406e+01,-1.048134760514731747e-03,8.378805599635554699e+02,1.679030061066406532e+01,0.000000000000000000e+00,1.745303586976890742e+01
1.110000000000000847e-01,8.387116289785936374e+00,1.287730792538426504e-02,3.661278791505564012e+00,3.363216943847892271e+00,2.650662816424067536e-01,-1.828438511979924685e+00,-7.806058664887864040e+00,7.833725638082029263e+01,7.208637512536184033e+01,-1.051862793286983608e-03,8.377603311735705347e+02,0.000000000000000000e+00,0.000000000000000000e+00,9.863463663172883855e+01
1.210000000000000936e-01,8.420725754267404994e+00,1.581192075470438246e-02,3.643473428329050190e+00,3.428661516087144090e+00,2.668027601696736362e-01,-1.679383688893060000e+00,2.449591749878870530e+02,-8.972046131653783618e+00,5.604252985315965816e+02,-2.523456357433413906e-04,8.338332006010655277e+02,5.090719476517255657e+02,0.000000000000000000e+00,1.018387967369027933e+02
1.310000000000000886e-01,8.455244114874355787e+00,1.843099445660574542e-02,3.626532098012331229e+00,3.458397963828485189e+00,2.664427825568508323e-01,-1.714024813684682513e+00,1.767095650616604132e+02,-4.155568362845834862e+00,4.043346983253718463e+02,-3.825814727485960225e-04,8.336224431970196065e+02,1.869395561616559576e+02,2.537776937256607539e+02,0.000000000000000000e+00
1.410000000000000975e-01,8.490200570826237580e+00,2.128401711012759337e-02,3.609700690982664995e+00,3.499280340890816188e+00,2.880244708877847670e-01,-1.716802887229213814e+00,3.776424762808021640e+00,-1.465434722816819912e-01,8.671291695639805397e+00,-4.400514187395199520e-05,8.331256573878947620e+02,3.079575879294772278e+00,6.367068811970837849e+00,0.000000000000000000e+00
1.510000000000001064e-01,8.525281668292162607e+00,2.420971448876852589e-02,3.592126124775649298e+00,3.538884690351688622e+00,3.057075037983936205e-01,-1.749640702267853953e+00,2.482658265189970450e+02,-7.267702920531061039e+00,5.686119904120703268e+02,-2.156700474860969233e-04,8.329064985978556024e+02,1.084768284542695227e+01,6.088420124644557063e+02,0.000000000000000000e+00
1.610000000000001152e-01,8.560717584928648094e+00,2.732260079186366736e-02,3.574385432597754431e+00,3.547907638287395748e+00,3.165621905063635277e-01,-1.790717840079952383e+00,0.000000000000000000e+00,0.000000000000000000e+00,0.000000000000000000e+00,0.000000000000000000e+00,8.325931520123797327e+02,0.000000000000000000e+00,0.000000000000000000e+00,0.000000000000000000e+00
1.710000000000001241e-01,8.596365230499104726e+00,3.054455037165762846e-02,3.556151855453753896e+00,3.573098598085229227e+00,3.254076573501144543e-01,-1.854034031703282626e+00,0.000000000000000000e+00,0.000000000000000000e+00,0.000000000000000000e+00,0.000000000000000000e+00,8.324028643739661675e+02,0.000000000000000000e+00,0.000000000000000000e+00,0.000000000000000000e+00
1.810000000000001330e-01,8.632696455746566855e+00,3.362394692014506609e-02,3.538567652289827059e+00,3.668454733398401224e+00,2.965977425471247875e-01,-1.740230688141051640e+00,1.096245992799179270e+01,-4.547027283709862977e-01,2.519960078867658382e+01,-7.623882731811304058e-04,8.314983627946382967e+02,1.062745912697035777e+01,0.000000000000000000e+00,1.682055710502412893e+01
1.910000000000001419e-01,8.669394698292535395e+00,3.657852645194532154e-02,3.520660115437445725e+00,3.669713039855772685e+00,2.949015638015057283e-01,-1.832700162712070036e+00,2.926142376993666083e+00,-4.901075636271018041e-03,6.713449092785515937e+00,-6.446775350321806361e-05,8.314472144437823999e+02,7.314293908926181587e+00,0.000000000000000000e+00,0.000000000000000000e+00
2.010000000000001508e-01,8.706108592337473695e+00,3.948935653587871270e-02,3.501960364065843656e+00,3.680888262227488550e+00,2.786871113308617698e-01,-1.857074839324767579e+00,1.518065631002274074e+02,-1.699576196935234096e+00,3.519187068660582440e+02,-7.350365787113402431e-05,8.312035068400623459e+02,1.804850988346892109e+02,0.000000000000000000e+00,2.023034159265364451e+02
2.110000000000001597e-01,8.743234512279579818e+00,4.227732101361591360e-02,3.483418687059816055e+00,3.770222495403710017e+00,2.859487880720538167e-01,-1.810634624790927072e+00,1.762298805609949000e+02,-3.097409940504523451e+00,4.039940748369909329e+02,-3.861019322524688203e-04,8.304953094184410247e+02,4.138906920162434631e+02,2.632225037030619319e+01,0.000000000000000000e+00
2.210000000000001685e-01,8.781120683090309242e+00,4.522877980322868169e-02,3.465117549134751673e+00,3.793068898258028288e+00,3.019707271806179594e-01,-1.842562759651351856e+00,6.492916517302438351e+00,-5.533486290099585980e-02,1.486445713757213838e+01,-5.376481813547319584e-05,8.301606220368557842e+02,0.000000000000000000e+00,1.620045293144233867e+01,0.000000000000000000e+00
2.310000000000001774e-01,8.819035267170194814e+00,4.824460709272495457e-02,3.446207933012257030e+00,3.792625958611903769e+00,2.976552917681147270e-01,-1.912549157858586257e+00,1.633943331487684247e+02,-1.963674103356966905e+00,3.753255370104034228e+02,-9.288878197555978065e-05,8.301116945798055440e+02,2.139674542492161606e+02,2.454133742727834644e+01,1.703330960625105490e+02
2.410000000000001863e-01,8.857026779079946621e+00,5.116563174353006005e-02,3.426846794642592009e+00,3.825288225623936889e+00,2.862171452140201966e-01,-1.917686100098788815e+00,4.065812997569573213e+02,-6.659660190206588837e+00,9.342221826402479792e+02,-1.214939545106429129e-04,8.298374779498093403e+02,8.678537675469763144e+02,1.103146223442515250e+01,1.387214029534189876e+02
2.510000000000001674e-01,8.895813758195602716e+00,5.403456262780908376e-02,3.407872211451754563e+00,3.886154401817804693e+00,2.883671782612043932e-01,-1.928763824878490851e+00,1.015111841252162250e+01,-1.345154312044661848e-01,2.355398760932354563e+01,-4.672438334829493237e-04,8.291268187390043067e+02,2.160115706441031591e+01,4.015122480614341960e+00,0.000000000000000000e+00
2.610000000000001763e-01,8.934743994999747585e+00,5.697789984619713866e-02,3.388462156651041113e+00,3.894111643188291616e+00,2.949024381986366516e-01,-1.981377359528414317e+00,1.994105512669956060e+00,4.379603372735470235e-04,4.584683117007899433e+00,-2.709982972158965844e-05,8.289250974878208353e+02,4.993334075233290648e+00,0.000000000000000000e+00,0.000000000000000000e+00
2.710000000000001852e-01,8.974172342808135028e+00,5.990845385017655456e-02,3.369105008796723144e+00,3.964520605212938253e+00,2.917303245368626508e-01,-1.943696021815466413e+00,5.650122745692582882e+00,-6.486755693741112772e-02,1.300174204943884959e+01,-6.810686037684600923e-05,8.283040673973650883e+02,6.567171382099343369e+00,9.851834442024687277e-02,7.493181323176225206e+00
2.810000000000001941e-01,9.013854663656331923e+00,6.281175303220552786e-02,3.349410931261646684e+00,3.971980291269323615e+00,2.896973417981876797e-01,-1.991018440102637843e+00,2.959485411565768942e+00,3.040332762328869058e-03,6.815840694218531226e+00,-6.139025128211851937e-05,8.280743440307629726e+02,2.784897679411076243e+00,4.636453927385304929e+00,0.000000000000000000e+00
2.910000000000002029e-01,9.053913571334016197e+00,6.570246889483438713e-02,3.329591732711351781e+00,4.029855961731195535e+00,2.886139141108756689e-01,-1.972737475239913163e+00,6.160477641685632832e+00,6.184296898442850215e-03,1.422311452328691317e+01,-1.134974993360132398e-04,8.275031019625596400e+02,6.051906971911447108e+00,5.318681360541076764e+00,4.110127570640154104e+00
3.010000000000002118e-01,9.094286370861857094e+00,6.860186630766423876e-02,3.309537210448372679e+00,4.071065729243592557e+00,2.923556431707083902e-01,-1.976871932885488237e+00,1.637877620619063350e+02,-2.062736594445936156e+00,3.779485077025427131e+02,-2.492774028454254262e-05,8.271326470679566683e+02,2.106617839995652730e+02,1.150383660494114650e+02,8.570238651100787308e+01
3.110000000000002207e-01,9.135053329754573070e+00,7.150421798946852980e-02,3.289367774371883879e+00,4.092353913266808974e+00,2.847711342247278843e-01,-2.008475715387851857e+00,1.565214228077495875e+02,-1.007161908392346650e+00,3.609121424579428208e+02,-2.518450463001890502e-05,8.268086516231021506e+02,3.822028970894984354e+02,0.000000000000000000e+00,1.069870847049641505e+01
3.210000000000002296e-01,9.176185745673588912e+00,7.438130539847662148e-02,3.269066887838060875e+00,4.128375818091066130e+00,2.909694118095071946e-01,-2.021437228781120421e+00,1.542012356117387526e+02,-8.457717028649314184e-01,3.557173803040473103e+02,-2.879471613746872535e-05,8.264049010667844186e+02,3.872192882167570929e+02,0.000000000000000000e+00,0.000000000000000000e+00
3.310000000000002385e-01,9.217700743968357813e+00,7.728340566934209510e-02,3.248619293258724561e+00,4.161640984144058919e+00,2.857098032411576893e-01,-2.058610373206326560e+00,1.632676001548273632e+02,-3.919088073874089639e-01,3.768361654120528783e+02,-7.882013842537040349e-05,8.261095004090198017e+02,1.976571756345393283e+01,1.832816185895161709e+01,3.720778794541386674e+02
3.410000000000002474e-01,9.259545411501733270e+00,8.015211387158703571e-02,3.228028350863550333e+00,4.213609409608609191e+00,2.970739166136224241e-01,-2.040799643235242655e+00,4.571657881339755924e+00,3.954041825718825065e-02,1.054283037751167029e+01,-4.188436205714929708e-05,8.254621385018866704e+02,1.147696191359411522e+01,0.000000000000000000e+00,0.000000000000000000e+00
3.510000000000002562e-01,9.301693674193344918e+00,8.310373863052529508e-02,3.207169913755020918e+00,4.220995684297141004e+00,2.868020465093561455e-01,-2.090880176766276577e+00,1.416559376529182259e+02,-1.299663267526949828e-01,3.270925877761589504e+02,-3.775065493525275526e-05,8.253101502041973845e+02,1.990262613667318021e+02,0.000000000000000000e+00,1.569769242715342727e+02
3.610000000000002651e-01,9.344268457751843115e+00,8.587420698833472810e-02,3.186216429193778676e+00,4.268510954645378774e+00,2.790089430329800169e-01,-2.104983274592195919e+00,1.902400038447502482e+02,-5.278863383654963659e-01,4.416414979472776281e+02,-1.849874583133852453e-04,8.249117424658580831e+02,2.601073153918351295e+02,2.115832587762506307e+02,8.581545227656761199e+00
3.710000000000002740e-01,9.387141796801214966e+00,8.876180907590752733e-02,3.165049156659982987e+00,4.300198358089001971e+00,2.932473303993644032e-01,-2.143509027334252082e+00,0.000000000000000000e+00,0.000000000000000000e+00,0.000000000000000000e+00,0.000000000000000000e+00,8.244811288697239888e+02,0.000000000000000000e+00,0.000000000000000000e+00,0.000000000000000000e+00
3.810000000000002829e-01,9.430346802103949599e+00,9.172065192370110198e-02,3.143687440579111314e+00,4.340753853025848485e+00,2.861363006542269050e-01,-2.136130047503134399e+00,1.640709945610138050e+02,2.353914542627260631e-01,3.793792302901527478e+02,-1.287357459407592955e-05,8.240368786934222953e+02,2.325466870459462996e+02,0.000000000000000000e+00,1.802723075866998954e+02
3.910000000000002918e-01,9.473946958339819702e+00,9.455435604614774447e-02,3.122203777281746806e+00,4.377032204789963465e+00,2.895995083300587636e-01,-2.151648562871690817e+00,1.769497494928123729e+02,-6.257818602479150449e-01,4.094141485750101879e+02,-7.295643548664533171e-05,8.236228408696567840e+02,3.181630627357524759e+02,1.112205652807334246e+02,1.607557753662779376e+01
4.010000000000003006e-01,9.517878139581018360e+00,9.744735134205534388e-02,3.100536538241470463e+00,4.413896076710056349e+00,2.799186236713148701e-01,-2.168342178961955913e+00,1.698797142787065866e+02,6.997848827588488696e-01,3.932025757229313285e+02,-2.984188788245729571e-05,8.231908663376691493e+02,2.403945148127712912e+02,1.607192891034767257e+01,1.713255795625721021e+02
4.110000000000003095e-01,9.562192494986824443e+00,1.003214122848076068e-01,3.078747757093413639e+00,4.450420415304143340e+00,2.947417328969405559e-01,-2.179607221467452671e+00,1.752705791158620627e+02,2.952576760228113328e-01,4.059744862703848298e+02,-5.821032558145605544e-05,8.227489965033288399e+02,3.708381020429863497e+02,7.080107483242930755e+01,0.000000000000000000e+00
4.210000000000003184e-01,9.606846023731401729e+00,1.032559782388611375e-01,3.056822843607211571e+00,4.486831507490916415e+00,2.840262907403199311e-01,-2.197687200193471746e+00,6.471738731295414659e+00,-1.035685052938667555e-01,1.503191170216701522e+01,-5.821094443581769154e-05,8.222237036316844296e+02,1.119210406283390036e+01,0.000000000000000000e+00,5.153659156486248172e+00
4.310000000000003273e-01,9.651801481250400272e+00,1.060704067696983527e-01,3.034566334356346040e+00,4.528137942533986049e+00,2.878604708645274846e-01,-2.202480590547679640e+00,3.833581503518975637e+02,5.093571482957442997e-01,8.887371857146005141e+02,-7.446434245502592253e-05,8.219507068485289665e+02,9.188483484624078983e+02,3.212528632865318201e+01,1.570469387187590016e+01
4.410000000000003362e-01,9.697136556127837537e+00,1.089812524494274681e-01,3.012258271093679607e+00,4.551211729816449392e+00,2.899596433306221854e-01,-2.250788418174480388e+00,2.398982299866585208e+02,-3.929167203464853930e-01,5.581147295459401221e+02,-1.414015250972393278e-04,8.215933050052899489e+02,5.646963056338821616e+02,2.542511302159850572e+01,1.660753457789845200e+01
4.510000000000003451e-01,9.742878079209496889e+00,1.118061601770145019e-01,2.989846837309732219e+00,4.575707966867026855e+00,2.816194477751983172e-01,-2.276301492269801496e+00,5.492197040857671908e+00,-3.807601501030983410e-02,1.278916320679139673e+01,-9.660164248434435080e-05,8.210697162561925779e+02,8.717129537449576304e+00,5.184068139059001545e+00,0.000000000000000000e+00
4.610000000000003539e-01,9.788910716096079767e+00,1.147641826659335090e-01,2.967180615113377939e+00,4.612562125239994870e+00,2.953275290966311251e-01,-2.267689485944528904e+00,1.692953287675234151e+02,1.246870896755642777e+00,3.927135917080114496e+02,-1.059574922162109887e-04,8.206305586713215234e+02,2.239210371895611331e+02,2.605980638276368389e+00,2.005814104508845048e+02
4.710000000000003628e-01,9.835334240432516140e+00,1.176265513076854841e-01,2.944394351283392552e+00,4.654083021038301737e+00,2.757300346606543773e-01,-2.276239392245393844e+00,1.491908416771072154e+02,5.046451887333432751e+00,3.533111063251665769e+02,-6.840249464783415383e-05,8.201173104081183283e+02,2.205708713888622015e+02,0.000000000000000000e+00,1.629264146386736911e+02
4.810000000000003717e-01,9.882085201052865031e+00,1.204695396264750529e-01,2.921410697997239847e+00,4.688295324816809995e+00,2.916850623539377074e-01,-2.308384277805366924e+00,5.304616543569568243e+00,1.098178965045172872e-01,1.233635930938126180e+01,-8.219836075001396916e-05,8.196258197739315392e+02,1.341153156941734714e+01,0.000000000000000000e+00,0.000000000000000000e+00
4.910000000000003806e-01,9.929177916610345989e+00,1.234316101307592339e-01,2.898277739591219149e+00,4.730516471206476226e+00,2.906164522154580099e-01,-2.293100999824542185e+00,1.681289763062734721e+02,1.466367998703411502e+00,3.900593196080834559e+02,-7.362025750036341534e-05,8.191153005989974645e+02,3.188513618515074768e+02,0.000000000000000000e+00,1.053587957152344359e+02
5.010000000000003340e-01,9.976607581499642663e+00,1.263048209287699064e-01,2.874953365562218366e+00,4.748678163384378870e+00,2.857640346978102541e-01,-2.369900744767721612e+00,5.289823648911897713e+00,1.033303203575573065e-01,1.227160308804385913e+01,-5.124615066980260647e-05,8.188766568193584590e+02,9.380973228800955965e+00,0.000000000000000000e+00,3.965030520437601957e+00
5.110000000000003428e-01,1.002444038619513300e+01,1.291680137749158241e-01,2.851582223853868836e+00,4.797815407020485701e+00,2.885699248610307244e-01,-2.335655629764456620e+00,5.225290414048800791e+00,1.272968877065707403e-02,1.219769952915249078e+01,-1.307567859775507230e-04,8.181663889392533520e+02,9.909624843355619106e+00,2.234816209444085544e+00,1.108649797496030098e+00
5.210000000000003517e-01,1.007258404828678167e+01,1.320963748552345662e-01,2.827888988407125659e+00,4.831347124647041191e+00,2.917361408538264311e-01,-2.392258986151181155e+00,2.998567379015217860e+00,2.175218936917612533e-03,6.990204133727273117e+00,-5.265553021548824431e-05,8.178883230170124534e+02,7.596618150488740895e+00,0.000000000000000000e+00,0.000000000000000000e+00
5.310000000000003606e-01,1.012109286578439793e+01,1.349844073127022814e-01,2.804131527420855363e+00,4.867483240141634582e+00,2.866100495891393818e-01,-2.370749853731202172e+00,3.112866820905350718e+00,-9.237973854974643184e-03,7.258966206707705204e+00,-1.162331124141555497e-05,8.172383984978398530e+02,4.505704048005653384e+00,0.000000000000000000e+00,3.382639344622495159e+00
5.410000000000003695e-01,1.016995737039565917e+01,1.378504349299948528e-01,2.780114762261495009e+00,4.900836469641883575e+00,2.907226957671878442e-01,-2.426765523709931927e+00,7.613946448582157522e+00,1.818856407186428270e-01,1.781187255079321474e+01,-6.688064759706284501e-05,8.169483550569484578e+02,0.000000000000000000e+00,1.934679626694484966e+01,0.000000000000000000e+00
5.510000000000003784e-01,1.021916704269998455e+01,1.408083767543252540e-01,2.756056118216054340e+00,4.949066764233316817e+00,2.956017865301457381e-01,-2.397087771286441793e+00,3.673260454461017233e+00,1.076171992308828651e-01,8.604924649163539385e+00,-6.945883581494860862e-05,8.162332210510024879e+02,9.344376836909814799e+00,0.000000000000000000e+00,0.000000000000000000e+00
5.610000000000003872e-01,1.026868435445740957e+01,1.437426923141953972e-01,2.731612682639030787e+00,4.970728890249946019e+00,2.835757860348472881e-01,-2.446107213214955944e+00,3.638469527807985742e+02,5.896863528765720730e+00,8.488661059945799252e+02,-5.450094092318016024e-05,8.161824693285670946e+02,3.906186009327011561e+02,0.000000000000000000e+00,5.317529082014684718e+02
5.710000000000003961e-01,1.031867812222701453e+01,1.465375217123069951e-01,2.707339432010622993e+00,5.015141091143523688e+00,2.830025419333797587e-01,-2.448935034789462950e+00,5.954904121883700441e+00,1.106012284857226247e-01,1.386506774970654376e+01,-1.464882820692353302e-05,8.153609675424748957e+02,6.426572285069273249e+00,8.643776011522390945e+00,0.000000000000000000e+00
5.810000000000004050e-01,1.036891676652042626e+01,1.494488187502939214e-01,2.682717310121325749e+00,5.052577811853888434e+00,3.048180638459236924e-01,-2.453642151149836081e+00,1.741834288250819895e+02,3.263546529048223288e+00,4.101311592811470632e+02,-2.543538692206716995e-05,8.149181339215359685e+02,4.246243091291176484e+02,2.039963911151513187e+01,0.000000000000000000e+00
5.910000000000004139e-01,1.041946181659186976e+01,1.524858988883516508e-01,2.657764453559509743e+00,5.065650616228132286e+00,2.953453434678831035e-01,-2.480207307733280242e+00,2.504915708341470690e+02,5.169699011232125052e+00,5.873953217457597020e+02,-1.196461419999334582e-04,8.145651457270874971e+02,3.047480652547225759e+02,1.852129042137114823e+01,3.144883934429665260e+02
6.010000000000004228e-01,1.047043173247264214e+01,1.553621361449957494e-01,2.632969077586117201e+00,5.106465957117712229e+00,2.867121926581320812e-01,-2.512218200506048937e+00,7.582077637741512000e+00,6.246045286162649895e-02,1.769923402024998538e+01,-1.080962845548148407e-04,8.139647933946371268e+02,1.923025509166603442e+01,0.000000000000000000e+00,0.000000000000000000e+00
6.110000000000004317e-01,1.052170188718366184e+01,1.583379640349643347e-01,2.607700208939877751e+00,5.143469247189133675e+00,3.098807023820083772e-01,-2.513024550535534196e+00,5.521576063421121283e+00,1.284809402629426001e-01,1.286705781786426961e+01,-7.955689286581833081e-06,8.133762733880382712e+02,9.326755949913422938e+00,4.656856442339336155e+00,0.000000000000000000e+00
6.210000000000004405e-01,1.057341013089314785e+01,1.613083761564862995e-01,2.582597358707055424e+00,5.185926142461746657e+00,2.902214423754563288e-01,-2.523744200031266871e+00,0.000000000000000000e+00,0.000000000000000000e+00,0.000000000000000000e+00,0.000000000000000000e+00,8.128457537135054736e+02,0.000000000000000000e+00,0.000000000000000000e+00,0.000000000000000000e+00
6.310000000000004494e-01,1.062532810987730691e+01,1.642272468631805205e-01,2.556906446651177500e+00,5.221471475399285467e+00,3.010901963174081319e-01,-2.573217103108909054e+00,1.957283172353917564e+02,3.009918000860620335e+00,4.582897692924619264e+02,-3.421221880374296365e-05,8.126161375371968916e+02,4.845821824622091185e+02,1.310997360395892031e+01,0.000000000000000000e+00
6.410000000000004583e-01,1.067771489602779056e+01,1.672418367925487537e-01,2.531556478958202572e+00,5.241099595558583069e+00,3.002571244035162623e-01,-2.570107593098146737e+00,8.537279021922993039e+00,2.733131679801086705e-02,1.992226449566454249e+01,-6.697632567596151741e-05,8.119305242762984562e+02,9.819270362953020026e+00,0.000000000000000000e+00,1.182741214957486697e+01
6.510000000000004672e-01,1.073039803112645707e+01,1.701809934439033056e-01,2.505627420370259539e+00,5.277082180664371514e+00,2.912586519141686647e-01,-2.625897826446983885e+00,4.226699620193169693e+00,3.344292901942742813e-02,9.898697260640565432e+00,-8.198431062677365849e-06,8.116130209039961301e+02,6.788989576122102854e+00,0.000000000000000000e+00,3.960508716531972784e+00
6.610000000000004761e-01,1.078348227284415017e+01,1.731014831079675798e-01,2.479811048724625877e+00,5.331255400478209339e+00,2.958232850132033187e-01,-2.572232407610688387e+00,0.000000000000000000e+00,0.000000000000000000e+00,0.000000000000000000e+00,0.000000000000000000e+00,8.107037290928547009e+02,0.000000000000000000e+00,0.000000000000000000e+00,0.000000000000000000e+00
6.710000000000004849e-01,1.083681974276910331e+01,1.760780115787257682e-01,2.453587201500116777e+00,5.349250168931447114e+00,3.050062204176962055e-01,-2.645080280221172142e+00,2.037882528624501504e+02,3.341063379008324397e+00,4.773748703638230495e+02,-4.770718993372165956e-05,8.106626876288769381e+02,3.061169312780356790e+02,2.122589434659280130e+02,0.000000000000000000e+00
6.810000000000004938e-01,1.089053822361406887e+01,1.791045424901025196e-01,2.427258372405238784e+00,5.382885266601596719e+00,3.005191174010843347e-01,-2.643636579008779020e+00,3.176087116959654733e+00,1.099083810361137781e-01,7.436151994941880616e+00,-4.903941621556468823e-05,8.098630067915587460e+02,0.000000000000000000e+00,0.000000000000000000e+00,8.075193018050484284e+00
6.910000000000005027e-01,1.094469699205177093e+01,1.820267507954086150e-01,2.400919987276040501e+00,5.423954764468783551e+00,2.928131227176800078e-01,-2.646987938335634283e+00,6.649654402934916497e+00,2.123035234379083425e-01,1.554845561795994691e+01,-8.993900935710258393e-06,8.092725923282389431e+02,1.266509404450278709e+01,4.223572942266431873e+00,0.000000000000000000e+00
7.010000000000005116e-01,1.099912360774004405e+01,1.850570132397726386e-01,2.374293700767718285e+00,5.457874329721354556e+00,3.118674649042894598e-01,-2.673987541640353793e+00,5.695640949203154335e+00,1.843661615986625368e-01,1.333067223971558946e+01,-4.482129998536598520e-05,8.088151860469986332e+02,1.313808256880718872e+01,1.339367820344118609e+00,0.000000000000000000e+00
7.110000000000005205e-01,1.105389242356835311e+01,1.881017295913224308e-01,2.347574445770759688e+00,5.504667166715941917e+00,2.965082988700600830e-01,-2.666368168035598618e+00,0.000000000000000000e+00,0.000000000000000000e+00,0.000000000000000000e+00,0.000000000000000000e+00,8.081203269868418602e+02,0.000000000000000000e+00,0.000000000000000000e+00,0.000000000000000000e+00
7.210000000000005294e-01,1.110896879217016675e+01,1.910869680917677838e-01,2.320498089215244253e+00,5.527746321398008256e+00,3.116563679865049230e-01,-2.682933234946382139e+00,3.869322235501740010e+02,7.556875337356806277e+00,9.076494130669583456e+02,-9.841752428948048574e-05,8.079057168303784238e+02,8.281190876551409019e+02,1.572611462204118027e+02,0.000000000000000000e+00
7.310000000000005382e-01,1.116448583482640800e+01,1.941564313070805459e-01,2.293500441189829875e+00,5.571081984544076882e+00,2.993248591756733634e-01,-2.708224328944530246e+00,0.000000000000000000e+00,0.000000000000000000e+00,0.000000000000000000e+00,0.000000000000000000e+00,8.070945275431085975e+02,0.000000000000000000e+00,0.000000000000000000e+00,0.000000000000000000e+00
7.410000000000005471e-01,1.122029409451835669e+01,1.971238593254772964e-01,2.266155321968450043e+00,5.616768574747427856e+00,3.056882604619268751e-01,-2.697042410204125051e+00,3.810772738360022345e+02,8.848879797487077425e+00,8.954078055982294018e+02,-9.548413802232757173e-05,8.066599962913408035e+02,8.895639426471930165e+02,6.880042726857095658e+01,1.347520745135211584e+01
7.510000000000005560e-01,1.127647124909204912e+01,2.001970203893505551e-01,2.238747616715519584e+00,5.619786752105277117e+00,3.103863723961511889e-01,-2.763741464899625022e+00,0.000000000000000000e+00,0.000000000000000000e+00,0.000000000000000000e+00,0.000000000000000000e+00,8.061750950832708895e+02,0.000000000000000000e+00,0.000000000000000000e+00,0.000000000000000000e+00
7.610000000000005649e-01,1.133302312500224218e+01,2.032184728707743526e-01,2.211194168492955914e+00,5.665833921473987012e+00,3.009900085476920895e-01,-2.783101400575880735e+00,2.223054761901699372e+00,5.477996506899815432e-02,5.232260822203758543e+00,-1.133687511403963857e-05,8.056178823152586119e+02,0.000000000000000000e+00,5.677238346345379050e+00,0.000000000000000000e+00
7.710000000000005738e-01,1.138988061652010408e+01,2.062811057824522343e-01,2.183433692396533399e+00,5.716543161152309871e+00,3.086228456588820390e-01,-2.760989643504228486e+00,2.001738957428466303e+00,3.996984548579986252e-02,4.705809134975079466e+00,-2.856197238268118332e-06,8.048133953469132393e+02,4.236367805384353424e+00,8.706862252680813707e-01,0.000000000000000000e+00
7.810000000000005826e-01,1.144706866400546730e+01,2.093537591423320909e-01,2.155465421190014386e+00,5.721413172465521058e+00,3.057786741683450327e-01,-2.823112698204721660e+00,5.425901281036163759e+00,1.263713212492108828e-01,1.275418778324826619e+01,-6.192442035647086236e-05,8.045725135822492575e+02,1.384206645602984409e+01,0.000000000000000000e+00,0.000000000000000000e+00
7.910000000000005915e-01,1.150467772870404026e+01,2.123967195635238225e-01,2.127535300041123012e+00,5.772712211716099162e+00,3.055010563888265196e-01,-2.803460449079254069e+00,3.959874337416610768e+00,9.551918361999828244e-02,9.321630481642479538e+00,-1.768943206651319572e-05,8.037842786996538962e+02,2.829733393213301973e+00,7.284360323343582522e+00,0.000000000000000000e+00
8.010000000000006004e-01,1.156259994667559354e+01,2.155274092187051682e-01,2.099225806313331777e+00,5.806829871925832443e+00,3.188139066369516939e-01,-2.853929775760405629e+00,5.843326129647849143e+00,1.895655332458895947e-01,1.374042761510893129e+01,-1.286608745341239965e-05,8.034297866856635437e+02,4.350082489671797781e+00,0.000000000000000000e+00,1.056099072017673279e+01
8.110000000000006093e-01,1.162077283457837140e+01,2.185793266542902236e-01,2.070685262117510916e+00,5.820021417582791123e+00,3.035705653954768324e-01,-2.887906507042627968e+00,3.052953214350019095e+00,1.106024479243660763e-01,7.172628167120723042e+00,-1.237625028375566663e-05,8.029761329799798659e+02,4.232061982830039426e+00,3.552830417722587342e+00,0.000000000000000000e+00
8.210000000000006182e-01,1.167942668595852673e+01,2.217176608014725658e-01,2.042157743149153770e+00,5.873139872219476310e+00,3.080023995300534834e-01,-2.857245419081136273e+00,2.103908103122117836e+02,7.052354057294288658e+00,4.950944160984375344e+02,-5.387917699031428108e-05,8.022627983444115216e+02,3.100879726424518594e+02,0.000000000000000000e+00,2.271257163071852858e+02
8.310000000000006271e-01,1.173837473460625169e+01,2.248365513136592608e-01,2.013402007582188791e+00,5.921204081457721813e+00,3.189118761557405701e-01,-2.861329317623791724e+00,3.566999284596936715e+00,1.569646043141346425e-01,8.436709051285522065e+00,-3.436495942669677908e-05,8.014183521152685898e+02,8.012851857259326138e+00,0.000000000000000000e+00,1.134748922880475241e+00
8.410000000000006359e-01,1.179763339337613992e+01,2.279626982179677186e-01,1.984486793848294628e+00,5.928074645892373873e+00,3.110609296730451057e-01,-2.928824500718508084e+00,2.598874288726419124e+00,8.760702436660430803e-02,6.196252274300441343e+00,-6.779805932472654506e-05,8.012144365058994708e+02,5.065899330581070004e+00,0.000000000000000000e+00,1.644586605000362800e+00
8.510000000000006448e-01,1.185733771385384649e+01,2.310592022687024960e-01,1.955501604614992228e+00,5.982710433984656184e+00,3.080175732286974943e-01,-2.902694130180480947e+00,6.353242368224180758e+00,2.351156086194298445e-01,1.523338655262305963e+01,-6.672898035054494054e-05,8.003180865746423933e+02,9.165230880838107552e+00,6.066539336899507973e+00,1.252075872103910026e+00
8.610000000000006537e-01,1.191730547916681893e+01,2.341981239352330102e-01,1.926147038604675510e+00,6.022365684189456836e+00,3.282878853787594142e-01,-2.918627765951840480e+00,2.337404068305263252e+02,7.333490815888405123e+00,5.516931017364271383e+02,-2.123301173630543284e-04,7.999059834006920937e+02,4.706044256970330366e+02,1.179073902199615418e+02,9.844347695990530056e+00
8.710000000000006626e-01,1.197761759428089157e+01,2.374911601051091503e-01,1.896821340492754082e+00,6.045609499117040819e+00,3.161106801536462951e-01,-2.923601528037067965e+00,1.994523470075783962e+02,7.367097229800538827e+00,4.705675924933456145e+02,-8.344442414631660261e-05,7.992255134516094586e+02,2.691866405201181465e+02,0.000000000000000000e+00,2.412140873935334184e+02
8.810000000000006715e-01,1.203827941630337506e+01,2.406246703254049379e-01,1.867219170813843254e+00,6.079656494512370557e+00,3.121768076889662180e-01,-2.995251465520857970e+00,0.000000000000000000e+00,0.000000000000000000e+00,0.000000000000000000e+00,0.000000000000000000e+00,7.987578495512539121e+02,0.000000000000000000e+00,0.000000000000000000e+00,0.000000000000000000e+00
8.910000000000006803e-01,1.209936939944888223e+01,2.436673781766449942e-01,1.837538128377167235e+00,6.136863132379726693e+00,3.054605657843049715e-01,-2.951779902948000966e+00,5.203098185294765976e+00,9.477397357845097625e-01,1.643731219636036300e+01,-4.042722608711068425e-04,7.976002655245972619e+02,8.443179538960880137e+00,0.000000000000000000e+00,8.799865424594973007e+00
9.010000000000006892e-01,1.216060001697046822e+01,2.471649698065006562e-01,1.808148673774770510e+00,6.099531430437564516e+00,3.989016046712392516e-01,-2.945391644675938281e+00,0.000000000000000000e+00,0.000000000000000000e+00,0.000000000000000000e+00,0.000000000000000000e+00,7.896093348623088559e+02,0.000000000000000000e+00,0.000000000000000000e+00,0.000000000000000000e+00
9.110000000000006981e-01,1.222228587602056038e+01,2.511877139782343615e-01,1.779372584948511138e+00,6.212108791840172728e+00,4.118784635773417024e-01,-2.795953336520294208e+00,1.604802362901177659e+01,3.779481497551432589e+00,5.694756252737525415e+01,-6.979073368474600792e-04,7.876799777165504111e+02,2.102100894078533599e+01,0.000000000000000000e+00,3.819105145089577746e+01
9.210000000000007070e-01,1.228455179798853258e+01,2.553378491478750512e-01,1.751011387093539762e+00,6.234771408825630523e+00,4.157857856773178318e-01,-2.867534297940363963e+00,2.281421836751084697e+01,6.466827859029765868e+00,7.109293238315933650e+01,-8.636698106403897356e-04,7.873735777248552949e+02,7.112175764988073468e+00,2.145081822837477148e+01,4.645031842561785140e+01
9.310000000000007159e-01,1.234716768140752663e+01,2.595463626323001871e-01,1.722439961924299379e+00,6.331999063763336544e+00,4.266639723600542111e-01,-2.741424448707683315e+00,2.222397130410696491e+02,4.072008181540719107e+01,6.585826551880676334e+02,-5.307612314607702917e-04,7.856724267391762169e+02,2.800107193713442939e+02,5.951491746571555552e+01,3.560212124829552636e+02
9.410000000000007248e-01,1.241091718226092766e+01,2.638464913461984196e-01,1.696060361888145351e+00,6.380558557433908540e+00,4.341219355488258325e-01,-2.638850480481044425e+00,3.787837547351346501e+01,3.168084238875741221e+01,1.329648817709030482e+02,-2.002808041200458862e-04,7.839710492543392775e+02,0.000000000000000000e+00,8.598961976561056986e+01,5.676772616932359483e+01
9.510000000000007336e-01,1.247523552544829606e+01,2.682094325148844383e-01,1.670093451835883647e+00,6.510588967305462660e+00,4.304654078845954746e-01,-2.480828973690141215e+00,3.731949649648567515e+02,7.267657560830942032e+01,1.170359371512276994e+03,-4.895603195058885384e-04,7.819980366516458616e+02,5.108898237117153940e+02,2.424225637422305724e+01,6.942006655032556637e+02
9.610000000000007425e-01,1.254037930566935444e+01,2.723118338987390863e-01,1.645687479596799063e+00,6.510757495097927894e+00,4.069325270136214256e-01,-2.462894741290607037e+00,2.211904723095977232e+01,4.421919917429822711e+00,6.345258543280268526e+01,-7.445092456073031280e-04,7.806761726237587027e+02,4.727766279066077004e+01,3.700478910701514024e-01,1.971667863198278070e+01
9.710000000000007514e-01,1.260588885409598703e+01,2.763245025450798420e-01,1.622002912235396943e+00,6.597979966997884915e+00,3.977152751846991241e-01,-2.291930862881545572e+00,0.000000000000000000e+00,0.000000000000000000e+00,0.000000000000000000e+00,0.000000000000000000e+00,7.760449262436264917e+02,0.000000000000000000e+00,0.000000000000000000e+00,0.000000000000000000e+00
9.810000000000007603e-01,1.267199852501181567e+01,2.804791026850044222e-01,1.600008696959731358e+00,6.626926974135447068e+00,4.337962989868262564e-01,-2.107805703241544926e+00,2.297749211203696973e+01,2.856941709062126744e+00,6.788331695346431616e+01,-1.102343806413274684e-03,7.736120678444333407e+02,5.307065874520164073e+01,1.848175380396447665e+01,0.000000000000000000e+00
9.910000000000007692e-01,1.273842959441010869e+01,2.848656829605505925e-01,1.578751766132176160e+00,6.697669966642615158e+00,4.526431611754302975e-01,-2.083047975772051252e+00,1.185806723639999944e+02,9.239074563039199006e+01,5.551622350452917090e+02,-2.507285280405945147e-04,7.725137730048513731e+02,4.135016295243206628e+02,0.000000000000000000e+00,1.605412298687838870e+02
1.001000000000000556e+00,1.280569291115422992e+01,2.898329739998266597e-01,1.558818465252580499e+00,6.737823078946591160e+00,5.391768089687200005e-01,-1.902598653657217032e+00,0.000000000000000000e+00,0.000000000000000000e+00,0.000000000000000000e+00,0.000000000000000000e+00,7.700562476458594574e+02,0.000000000000000000e+00,0.000000000000000000e+00,0.000000000000000000e+00
1.010999999999999455e+00,1.287304418595720890e+01,2.952734119550305403e-01,1.539451743562661568e+00,6.733799455361323183e+00,5.473458847569243613e-01,-1.969586106218663257e+00,0.000000000000000000e+00,0.000000000000000000e+00,0.000000000000000000e+00,0.000000000000000000e+00,7.696842311305431394e+02,0.000000000000000000e+00,0.000000000000000000e+00,0.000000000000000000e+00
1.020999999999998353e+00,1.294026046743550218e+01,3.008987339490466484e-01,1.520094649607928394e+00,6.720227257242132879e+00,5.680009423110862210e-01,-1.956935766946774180e+00,0.000000000000000000e+00,0.000000000000000000e+00,0.000000000000000000e+00,0.000000000000000000e+00,7.686412979667102263e+02,0.000000000000000000e+00,0.000000000000000000e+00,0.000000000000000000e+00
1.030999999999997252e+00,1.300751372892440116e+01,3.066175339708723246e-01,1.499901503240972156e+00,6.728986884653724410e+00,5.747441278546676635e-01,-2.068305568004903172e+00,0.000000000000000000e+00,0.000000000000000000e+00,0.000000000000000000e+00,0.000000000000000000e+00,7.686065746904512253e+02,0.000000000000000000e+00,0.000000000000000000e+00,0.000000000000000000e+00
1.040999999999996151e+00,1.307474775509892950e+01,3.124630229949354465e-01,1.479181494724145285e+00,6.721981114842363603e+00,5.884597557014822344e-01,-2.094504330687171567e+00,0.000000000000000000e+00,0.000000000000000000e+00,0.000000000000000000e+00,0.000000000000000000e+00,7.679686187664607360e+02,0.000000000000000000e+00,0.000000000000000000e+00,0.000000000000000000e+00
1.050999999999995049e+00,1.314196253541568105e+01,3.183865512942369858e-01,1.457866905696909132e+00,6.720302144147763279e+00,5.950535487477849328e-01,-2.157366127527295063e+00,0.000000000000000000e+00,0.000000000000000000e+00,0.000000000000000000e+00,0.000000000000000000e+00,7.676650814542390435e+02,0.000000000000000000e+00,0.000000000000000000e+00,0.000000000000000000e+00
1.060999999999993948e+00,1.320917562318600780e+01,3.243335609864488323e-01,1.435806658986244155e+00,6.722016520969165576e+00,5.942466245136251990e-01,-2.245757846038284544e+00,0.000000000000000000e+00,0.000000000000000000e+00,0.000000000000000000e+00,0.000000000000000000e+00,7.676441198320947024e+02,0.000000000000000000e+00,0.000000000000000000e+00,0.000000000000000000e+00
1.070999999999992847e+00,1.327640214772212168e+01,3.302667086089073334e-01,1.412863475389480872e+00,6.723170927879818848e+00,5.925281933443801163e-01,-2.334565411431499093e+00,0.000000000000000000e+00,0.000000000000000000e+00,0.000000000000000000e+00,0.000000000000000000e+00,7.676272474299083797e+02,0.000000000000000000e+00,0.000000000000000000e+00,0.000000000000000000e+00
1.080999999999991745e+00,1.334364115880674539e+01,3.361840789860245371e-01,1.389005817118529107e+00,6.724545822278964913e+00,5.912117809463142137e-01,-2.428619669717544838e+00,0.000000000000000000e+00,0.000000000000000000e+00,0.000000000000000000e+00,0.000000000000000000e+00,7.676083469968195914e+02,0.000000000000000000e+00,0.000000000000000000e+00,0.000000000000000000e+00
1.090999999999990644e+00,1.341089490308439558e+01,3.420929166647311837e-01,1.364171943416806476e+00,6.726021586457232360e+00,5.907126009773759900e-01,-2.529088554660148258e+00,0.000000000000000000e+00,0.000000000000000000e+00,0.000000000000000000e+00,0.000000000000000000e+00,7.675903230598548816e+02,0.000000000000000000e+00,0.000000000000000000e+00,0.000000000000000000e+00
1.100999999999989543e+00,1.347816078468937206e+01,3.479983686846244706e-01,1.338306622724595218e+00,6.726915269164969402e+00,5.903425535184336770e-01,-2.633903895054670041e+00,0.000000000000000000e+00,0.000000000000000000e+00,0.000000000000000000e+00,0.000000000000000000e+00,7.675779734416566953e+02,0.000000000000000000e+00,0.000000000000000000e+00,0.000000000000000000e+00
1.110999999999988441e+00,1.354543036778258802e+01,3.538959344917737004e-01,1.311387727575003659e+00,6.726870174292710836e+00,5.891022764700257763e-01,-2.739079082106960605e+00,0.000000000000000000e+00,0.000000000000000000e+00,0.000000000000000000e+00,0.000000000000000000e+00,7.675684711816265917e+02,0.000000000000000000e+00,0.000000000000000000e+00,0.000000000000000000e+00
1.120999999999987340e+00,1.361269673645140799e+01,3.597752663191602363e-01,1.283432249176273521e+00,6.726478355992579594e+00,5.868848881921274740e-01,-2.841105167801960985e+00,0.000000000000000000e+00,0.000000000000000000e+00,0.000000000000000000e+00,0.000000000000000000e+00,7.675562607485096578e+02,0.000000000000000000e+00,0.000000000000000000e+00,0.000000000000000000e+00
1.130999999999986239e+00,1.367996272632166388e+01,3.656316600922819293e-01,1.254481192566747394e+00,6.726899622459042050e+00,5.847378510621137337e-01,-2.938632563725928293e+00,0.000000000000000000e+00,0.000000000000000000e+00,0.000000000000000000e+00,0.000000000000000000e+00,7.675410887930034960e+02,0.000000000000000000e+00,0.000000000000000000e+00,0.000000000000000000e+00
1.140999999999985137e+00,1.374724124494846578e+01,3.714731194027520722e-01,1.224575676495914589e+00,6.728871144994894138e+00,5.839233973968240843e-01,-3.032666483474606434e+00,0.000000000000000000e+00,0.000000000000000000e+00,0.000000000000000000e+00,0.000000000000000000e+00,7.675265638287792171e+02,0.000000000000000000e+00,0.000000000000000000e+00,0.000000000000000000e+00
1.150999999999984036e+00,1.381454704889880958e+01,3.773159591501002441e-01,1.193738089990084905e+00,6.732098305415115114e+00,5.847973482113698607e-01,-3.125593315351223644e+00,0.000000000000000000e+00,0.000000000000000000e+00,0.000000000000000000e+00,0.000000000000000000e+00,7.675143707484604647e+02,0.000000000000000000e+00,0.000000000000000000e+00,0.000000000000000000e+00
1.160999999999982935e+00,1.388188709959202782e+01,3.831732565264474033e-01,1.161965716320708442e+00,6.735497000106620114e+00,5.865152528609990368e-01,-3.219831020170738523e+00,0.000000000000000000e+00,0.000000000000000000e+00,0.000000000000000000e+00,0.000000000000000000e+00,7.675029540308595415e+02,0.000000000000000000e+00,0.000000000000000000e+00,0.000000000000000000e+00
1.170999999999981833e+00,1.394925670463907963e+01,3.890457525919121529e-01,1.129236594969716956e+00,6.737959779842046082e+00,5.876678009722710039e-01,-3.316789978158386720e+00,0.000000000000000000e+00,0.000000000000000000e+00,0.000000000000000000e+00,0.000000000000000000e+00,7.674908971932703707e+02,0.000000000000000000e+00,0.000000000000000000e+00,0.000000000000000000e+00
1.180999999999980732e+00,1.401664332935425783e+01,3.949217125172139742e-01,1.095522225850207976e+00,6.739038599049854028e+00,5.872825106281003293e-01,-3.416503851971107508e+00,0.000000000000000000e+00,0.000000000000000000e+00,0.000000000000000000e+00,0.000000000000000000e+00,7.674790658733518285e+02,0.000000000000000000e+00,0.000000000000000000e+00,0.000000000000000000e+00
1.190999999999979631e+00,1.408403468986024443e+01,4.007854491705757916e-01,1.060800260678579798e+00,6.739128017845079199e+00,5.854804656352825543e-01,-3.517903544938691507e+00,0.000000000000000000e+00,0.000000000000000000e+00,0.000000000000000000e+00,0.000000000000000000e+00,7.674685924163730988e+02,0.000000000000000000e+00,0.000000000000000000e+00,0.000000000000000000e+00
1.200999999999978529e+00,1.415142557034526938e+01,4.066281631257535056e-01,1.025062258527636105e+00,6.739107732660165162e+00,5.833300811088375504e-01,-3.619437650460141320e+00,0.000000000000000000e+00,0.000000000000000000e+00,0.000000000000000000e+00,0.000000000000000000e+00,7.674587421059488861e+02,0.000000000000000000e+00,0.000000000000000000e+00,0.000000000000000000e+00
1.210999999999977428e+00,1.421881947880853758e+01,4.124533133188417189e-01,9.883148546772628773e-01,6.739761585186034409e+00,5.820454557015567465e-01,-3.719723717904766858e+00,0.000000000000000000e+00,0.000000000000000000e+00,0.000000000000000000e+00,0.000000000000000000e+00,7.674482237021486526e+02,0.000000000000000000e+00,0.000000000000000000e+00,0.000000000000000000e+00
1.220999999999976326e+00,1.428622435782231292e+01,4.182733989355035265e-01,9.505751516256348843e-01,6.740733463792764724e+00,5.821136476625803358e-01,-3.818069602091902048e+00,6.987759146035205760e+00,7.883080962491707533e-01,2.206315542508838945e+01,-1.207779427929991977e-03,7.674029255906887101e+02,0.000000000000000000e+00,2.286914002796735801e+01,0.000000000000000000e+00
1.230999999999975225e+00,1.435340999978826382e+01,4.234368883723514387e-01,9.121725279512266082e-01,6.716554252397663127e+00,5.005483134832197090e-01,-3.879223384521634177e+00,1.346552439580849381e+01,4.029958592456049926e-01,5.054429795855584473e+01,-1.923934587449595886e-03,7.612415948429458012e+02,0.000000000000000000e+00,5.206242642811356092e+01,0.000000000000000000e+00
1.240999999999974124e+00,1.442061940036884415e+01,4.286125023240003329e-01,8.728931710643210717e-01,6.726382022440843933e+00,5.337969780351302651e-01,-3.966759961096537612e+00,0.000000000000000000e+00,0.000000000000000000e+00,0.000000000000000000e+00,0.000000000000000000e+00,7.609788210568419800e+02,0.000000000000000000e+00,0.000000000000000000e+00,0.000000000000000000e+00
1.250999999999973022e+00,1.448789241287219731e+01,4.340869820499854148e-01,8.328069544010803238e-01,6.728731410917623279e+00,5.628636951500908259e-01,-4.039770997220220927e+00,0.000000000000000000e+00,0.000000000000000000e+00,0.000000000000000000e+00,0.000000000000000000e+00,7.604062070488973859e+02,0.000000000000000000e+00,0.000000000000000000e+00,0.000000000000000000e+00
1.260999999999971921e+00,1.455521844565766365e+01,4.398894266638692097e-01,7.920374685796327530e-01,6.732988516722416605e+00,5.906914762441547451e-01,-4.105453042997177171e+00,3.604862397414114383e+01,6.774408178010142834e-01,9.783887415370288920e+01,-4.858354210020619877e-04,7.598882728033963758e+02,0.000000000000000000e+00,1.036471839663531966e+02,0.000000000000000000e+00
1.270999999999970820e+00,1.462259355937367822e+01,4.459673737725778353e-01,7.506534047843953505e-01,6.739200489530502658e+00,6.161525714965521150e-01,-4.165912558607925753e+00,3.093962460385273161e+01,1.207973595557512159e-01,8.073644076256223912e+01,-1.807382407864911505e-03,7.595458588159390274e+02,0.000000000000000000e+00,8.606119956193722942e+01,0.000000000000000000e+00
1.280999999999969718e+00,1.468999068967659127e+01,4.522363468999163749e-01,7.086814586192849985e-01,6.742310435447736339e+00,6.374220261289353928e-01,-4.224501208350749160e+00,0.000000000000000000e+00,0.000000000000000000e+00,0.000000000000000000e+00,0.000000000000000000e+00,7.592978270370042537e+02,0.000000000000000000e+00,0.000000000000000000e+00,0.000000000000000000e+00
1.290999999999968617e+00,1.475742342409221308e+01,4.586565230402693261e-01,6.660387694211926668e-01,6.741983134162151892e+00,6.448013292984373646e-01,-4.296747382115571945e+00,2.553251748647586084e+01,2.790329650397131545e+00,7.044004067592801732e+01,-7.389829613662309872e-04,7.590289518576037153e+02,7.474059405861362393e+01,0.000000000000000000e+00,0.000000000000000000e+00
1.300999999999967516e+00,1.482483581508563653e+01,4.651612242556342758e-01,6.226435094368879541e-01,6.740585611639756891e+00,6.525246041653540718e-01,-4.378292182232491392e+00,0.000000000000000000e+00,0.000000000000000000e+00,0.000000000000000000e+00,0.000000000000000000e+00,7.588910067273943696e+02,0.000000000000000000e+00,0.000000000000000000e+00,0.000000000000000000e+00
1.310999999999966414e+00,1.489221574173465790e+01,4.716768575813783948e-01,5.783409137177923931e-01,6.735344488072842140e+00,6.498343827732230293e-01,-4.474012616807510057e+00,0.000000000000000000e+00,0.000000000000000000e+00,0.000000000000000000e+00,0.000000000000000000e+00,7.588247624630789687e+02,0.000000000000000000e+00,0.000000000000000000e+00,0.000000000000000000e+00
1.320999999999965313e+00,1.495952303791539784e+01,4.781218686342554314e-01,5.330331683645903595e-01,6.726545026167806363e+00,6.392100874172710334e-01,-4.578195287793466406e+00,0.000000000000000000e+00,0.000000000000000000e+00,0.000000000000000000e+00,0.000000000000000000e+00,7.587831233566068931e+02,0.000000000000000000e+00,0.000000000000000000e+00,0.000000000000000000e+00
1.330999999999964212e+00,1.502673325278412264e+01,4.844436829098828778e-01,4.866628556823809904e-01,6.716538600882621779e+00,6.267615631021704603e-01,-4.684985441478477952e+00,0.000000000000000000e+00,0.000000000000000000e+00,0.000000000000000000e+00,0.000000000000000000e+00,7.587632159078392533e+02,0.000000000000000000e+00,0.000000000000000000e+00,0.000000000000000000e+00
1.340999999999963110e+00,1.509385011253710474e+01,4.906639253574526238e-01,4.392453971026971660e-01,6.708161076395332323e+00,6.191419388062152640e-01,-4.786979053121131145e+00,0.000000000000000000e+00,0.000000000000000000e+00,0.000000000000000000e+00,0.000000000000000000e+00,7.587364215750071708e+02,0.000000000000000000e+00,0.000000000000000000e+00,0.000000000000000000e+00
1.350999999999962009e+00,1.516090360221291178e+01,4.968422238572751670e-01,3.908590778878358041e-01,6.703772242111782020e+00,6.174122633316722064e-01,-4.879321455362474858e+00,0.000000000000000000e+00,0.000000000000000000e+00,0.000000000000000000e+00,0.000000000000000000e+00,7.586960146743421092e+02,0.000000000000000000e+00,0.000000000000000000e+00,0.000000000000000000e+00
1.360999999999960908e+00,1.522794068325619499e+01,5.030169618605083715e-01,3.416024825299507905e-01,6.704391001259319083e+00,6.173671025517313282e-01,-4.962498065924169310e+00,0.000000000000000000e+00,0.000000000000000000e+00,0.000000000000000000e+00,0.000000000000000000e+00,7.586574674535168015e+02,0.000000000000000000e+00,0.000000000000000000e+00,0.000000000000000000e+00
1.370999999999959806e+00,1.529500766602748740e+01,5.091773263787732207e-01,2.915409727680996488e-01,6.709012433917654228e+00,6.142561007906083281e-01,-5.041815483562460010e+00,0.000000000000000000e+00,0.000000000000000000e+00,0.000000000000000000e+00,0.000000000000000000e+00,7.586254537181202977e+02,0.000000000000000000e+00,0.000000000000000000e+00,0.000000000000000000e+00
1.380999999999958705e+00,1.536100428347659275e+01,5.149144958319481491e-01,2.415620253260635786e-01,6.334670461016820298e+00,4.886404916598006132e-01,-4.767806941122336717e+00,-1.139675735823157083e+03,1.119529898832662411e+02,2.428567904215048202e+03,-1.212931333534533057e-02,7.064527198835201034e+02,4.941899048759715697e+03,0.000000000000000000e+00,9.048163449948138805e+03
1.390999999999957604e+00,1.541912210292028185e+01,5.257059342543103364e-01,2.065944361208023328e-01,5.440914597613246251e+00,1.599067082096652381e+00,-2.499826786187578698e+00,-3.507207064061718711e+02,6.682045037374205094e+02,3.816190544661014428e+03,-1.348125784525352165e-02,4.880503193389598096e+02,1.057600934786939433e+04,0.000000000000000000e+00,1.519119185673732318e+04
1.400999999999956502e+00,1.546962935692544328e+01,5.393317319268473575e-01,1.890264511630058708e-01,4.854901133640114885e+00,1.300962417346518851e+00,-1.443164080394068183e+00,-1.898047557946628103e+02,4.533973540661131096e+01,9.218466850471804719e+01,-1.295330588349948540e-02,3.942405393918246546e+02,2.088603154136542798e+03,0.000000000000000000e+00,6.394233904222890487e+03
1.410999999999955401e+00,1.551407968522548764e+01,5.528799950409349906e-01,1.840274790498227231e-01,3.994465297925096969e+00,1.352888973827120367e+00,3.264744023523460381e-01,-1.198284741530748306e+03,-2.384014613492989838e+02,2.114168064005545148e+03,-1.002245800366831190e-02,2.767345854752066430e+02,2.436186599271138221e+03,0.000000000000000000e+00,6.990207277184966188e+03
1.420999999999954300e+00,1.555431166015369904e+01,5.657373989332801223e-01,1.893060344607767065e-01,4.150602480639158820e+00,1.197484103918247778e+00,3.875179357738164909e-01,-1.691578377189114235e+01,-2.773758410532122980e+02,-8.002928660222896724e+02,-6.388341046152767010e-03,2.618819121001247368e+02,1.271822563024234341e+03,0.000000000000000000e+00,2.373488638358437584e+03
1.430999999999953198e+00,1.559668540153043104e+01,5.771286216733411134e-01,1.915389383199398166e-01,4.291909038357016648e+00,1.100584669105512781e+00,1.446033573887304247e-01,0.000000000000000000e+00,0.000000000000000000e+00,0.000000000000000000e+00,0.000000000000000000e+00,2.585221236698642997e+02,0.000000000000000000e+00,0.000000000000000000e+00,0.000000000000000000e+00
1.440999999999952097e+00,1.564016473497087567e+01,5.877061224271951101e-01,1.922132888829548858e-01,4.394701165954430166e+00,1.027182765521714503e+00,1.004951662488366357e-02,0.000000000000000000e+00,0.000000000000000000e+00,0.000000000000000000e+00,0.000000000000000000e+00,2.578546535339128241e+02,0.000000000000000000e+00,0.000000000000000000e+00,0.000000000000000000e+00
1.450999999999950996e+00,1.568487328043611839e+01,5.978029382416294446e-01,1.916189907373276879e-01,4.542832257813776309e+00,1.003555330172839266e+00,-1.223037279210117123e-01,0.000000000000000000e+00,0.000000000000000000e+00,0.000000000000000000e+00,0.000000000000000000e+00,2.567711662315687136e+02,0.000000000000000000e+00,0.000000000000000000e+00,0.000000000000000000e+00
1.460999999999949894e+00,1.573134047399546276e+01,6.078751329038906137e-01,1.893296398570207262e-01,4.733238875119949896e+00,1.010750477211638687e+00,-3.323222478403738411e-01,0.000000000000000000e+00,0.000000000000000000e+00,0.000000000000000000e+00,0.000000000000000000e+00,2.557508873871115327e+02,0.000000000000000000e+00,0.000000000000000000e+00,0.000000000000000000e+00
1.470999999999948793e+00,1.577959446481194128e+01,6.179488552950488378e-01,1.843321252370557495e-01,4.889110751522991016e+00,9.993910512901923449e-01,-6.519239143889118404e-01,0.000000000000000000e+00,0.000000000000000000e+00,0.000000000000000000e+00,0.000000000000000000e+00,2.552808204849497145e+02,0.000000000000000000e+00,0.000000000000000000e+00,0.000000000000000000e+00
1.480999999999947692e+00,1.582886005385291384e+01,6.277181009031621572e-01,1.756935519967616766e-01,4.937928804576981356e+00,9.544136076894451648e-01,-1.042679887435069341e+00,0.000000000000000000e+00,0.000000000000000000e+00,0.000000000000000000e+00,0.000000000000000000e+00,2.552420206666130014e+02,0.000000000000000000e+00,0.000000000000000000e+00,0.000000000000000000e+00
1.490999999999946590e+00,1.587790229078683701e+01,6.369341192217637948e-01,1.631008216106771269e-01,4.858453065445423213e+00,8.943938857166747747e-01,-1.430410239937416339e+00,0.000000000000000000e+00,0.000000000000000000e+00,0.000000000000000000e+00,0.000000000000000000e+00,2.553899491200504315e+02,0.000000000000000000e+00,0.000000000000000000e+00,0.000000000000000000e+00
1.500999999999945489e+00,1.592555931373857092e+01,6.455801577274512537e-01,1.469637483012294077e-01,4.678290341208036551e+00,8.431303831076749633e-01,-1.750002297063853574e+00,0.000000000000000000e+00,0.000000000000000000e+00,0.000000000000000000e+00,0.000000000000000000e+00,2.554652968005517835e+02,0.000000000000000000e+00,0.000000000000000000e+00,0.000000000000000000e+00
1.510999999999944388e+00,1.597110666064329187e+01,6.538543895315717114e-01,1.281716002913133590e-01,4.451277382145216066e+00,8.198921911286154440e-01,-1.969415340895061650e+00,0.000000000000000000e+00,0.000000000000000000e+00,0.000000000000000000e+00,0.000000000000000000e+00,2.552467759858878935e+02,0.000000000000000000e+00,0.000000000000000000e+00,0.000000000000000000e+00
1.520999999999943286e+00,1.601440588264044607e+01,6.620982616618027450e-01,1.077073047420808033e-01,4.235760082828971207e+00,8.332786978414140622e-01,-2.098720591059303420e+00,0.000000000000000000e+00,0.000000000000000000e+00,0.000000000000000000e+00,0.000000000000000000e+00,2.548282330513027887e+02,0.000000000000000000e+00,0.000000000000000000e+00,0.000000000000000000e+00
1.530999999999942185e+00,1.605575771793252571e+01,6.706345437693640443e-01,8.624867496327763561e-02,4.057926913298958382e+00,8.726787863824985170e-01,-2.180598457678654345e+00,0.000000000000000000e+00,0.000000000000000000e+00,0.000000000000000000e+00,0.000000000000000000e+00,2.545041301937228866e+02,0.000000000000000000e+00,0.000000000000000000e+00,0.000000000000000000e+00
1.540999999999941084e+00,1.609544960573601813e+01,6.796178220138050508e-01,6.407874766815643830e-02,3.896293806451422537e+00,9.194199110126765051e-01,-2.244037747900677449e+00,0.000000000000000000e+00,0.000000000000000000e+00,0.000000000000000000e+00,0.000000000000000000e+00,2.543423675507989401e+02,0.000000000000000000e+00,0.000000000000000000e+00,0.000000000000000000e+00
1.550999999999939982e+00,1.613347363195593687e+01,6.890722798108170899e-01,4.142921019646496339e-02,3.723435402489544632e+00,9.673506880701702171e-01,-2.274489445689832579e+00,0.000000000000000000e+00,0.000000000000000000e+00,0.000000000000000000e+00,0.000000000000000000e+00,2.541728368714868793e+02,0.000000000000000000e+00,0.000000000000000000e+00,0.000000000000000000e+00
1.560999999999938881e+00,1.616974290124646529e+01,6.990522699835958198e-01,1.881587835230618191e-02,3.551042892980786458e+00,1.025478522645488555e+00,-2.238916957622581805e+00,0.000000000000000000e+00,0.000000000000000000e+00,0.000000000000000000e+00,0.000000000000000000e+00,2.538727675359288014e+02,0.000000000000000000e+00,0.000000000000000000e+00,0.000000000000000000e+00
1.570999999999937780e+00,1.620450392370380754e+01,7.097103276760416968e-01,-3.021117112582713364e-03,3.425725665336905035e+00,1.101411665112551841e+00,-2.128585479879786746e+00,0.000000000000000000e+00,0.000000000000000000e+00,0.000000000000000000e+00,0.000000000000000000e+00,2.534449566070633466e+02,0.000000000000000000e+00,0.000000000000000000e+00,0.000000000000000000e+00
1.580999999999936678e+00,1.623848462463430309e+01,7.212017640475227864e-01,-2.346730850689528192e-02,3.391020816922034609e+00,1.188798183822780796e+00,-1.972548018120939384e+00,0.000000000000000000e+00,0.000000000000000000e+00,0.000000000000000000e+00,0.000000000000000000e+00,2.529428960901572054e+02,0.000000000000000000e+00,0.000000000000000000e+00,0.000000000000000000e+00
1.590999999999935577e+00,1.627269435711830425e+01,7.335528403562140420e-01,-4.232922775097823498e-02,3.460487144896850609e+00,1.270778504257415342e+00,-1.819783688765845842e+00,0.000000000000000000e+00,0.000000000000000000e+00,0.000000000000000000e+00,0.000000000000000000e+00,2.524183876002543627e+02,0.000000000000000000e+00,0.000000000000000000e+00,0.000000000000000000e+00
1.600999999999934476e+00,1.630809646139650937e+01,7.466114777807872915e-01,-5.989751138800832042e-02,3.615767102911654707e+00,1.330160141151082165e+00,-1.715039022471329000e+00,0.000000000000000000e+00,0.000000000000000000e+00,0.000000000000000000e+00,0.000000000000000000e+00,2.519197795551943386e+02,0.000000000000000000e+00,0.000000000000000000e+00,0.000000000000000000e+00
1.610999999999933374e+00,1.634414598945462060e+01,7.587850299103819918e-01,-7.557967085878833369e-02,3.537130097018524211e+00,9.899923069426308508e-01,-1.376983660937215470e+00,-3.499459740538903816e+02,-8.732939851436935896e+02,5.527938891669634813e+02,-2.443464789311189725e-02,2.198776321998139167e+02,2.934101126238987490e+03,0.000000000000000000e+00,3.522926080327083127e+03
1.620999999999932273e+00,1.637810192788136732e+01,7.620293155981092692e-01,-8.608272116257387196e-02,3.336847309408445206e+00,-9.146374087671840791e-02,-8.471174878562904853e-01,-1.797469530753427875e+02,-7.799463345552220517e+02,4.001779036667302307e+02,-2.870085032125467908e-02,1.795874492101122541e+02,2.997494663711562225e+03,0.000000000000000000e+00,3.032672803248301079e+03
1.630999999999931172e+00,1.641229678221290911e+01,7.592661727420260132e-01,-9.338833812578878346e-02,3.508140144060811316e+00,-4.040544417412679223e-01,-6.615172979097576622e-01,-1.058900439732358336e+02,-3.741819006834493280e+02,2.689404357502646690e+02,-3.452767135877009980e-02,1.782389283789763681e+02,2.651463439275783912e+03,0.000000000000000000e+00,3.944827230405222508e+03
1.640999999999930070e+00,1.644839883182183726e+01,7.554268208901462334e-01,-1.030221099815299135e-01,3.638219268096660297e+00,-3.703362762229314709e-01,-1.257079777776736629e+00,-1.893462226117878799e+02,4.911607387184358231e+01,-3.875135625205007273e+02,-3.737414126034175471e-02,1.645083031993088696e+02,2.261737169384885874e+03,0.000000000000000000e+00,6.417242100587094683e+03
1.650999999999928969e+00,1.648393411930902630e+01,7.510766255238255917e-01,-1.184665418892167921e-01,3.484995344309343324e+00,-4.601572189109344180e-01,-1.725553661789127391e+00,-1.771118138966098741e+02,1.661000798884319920e+02,-1.113431695689195067e+02,-3.932225306171105439e-02,1.509278087813524110e+02,2.292998752106385837e+03,0.000000000000000000e+00,5.401224660087621487e+03
1.660999999999927867e+00,1.651808617427908032e+01,7.461193454608499032e-01,-1.370103145111399578e-01,3.340952516907022662e+00,-5.655594587742057699e-01,-1.955310947321630799e+00,-2.722767245549341624e+02,-2.216546958325698142e+02,4.862816588220781000e+01,-4.005059867539857016e-02,1.445611264964151417e+02,2.923922435929133826e+03,0.000000000000000000e+00,4.850695243376940198e+03
1.670999999999926766e+00,1.655053799866607989e+01,7.394940995356905633e-01,-1.575866333238653272e-01,3.172603307667809069e+00,-7.197663449750422160e-01,-2.135571129585945638e+00,-2.083671083019221442e+02,-6.746637248721867763e+01,6.407771666657208698e+01,-3.969519374356107050e-02,1.377695178668730023e+02,2.998215041314882910e+03,0.000000000000000000e+00,4.410328740360721895e+03
1.680999999999925665e+00,1.658150645788039768e+01,7.323295143225104775e-01,-1.798160000341227083e-01,3.036015688775130172e+00,-6.983466814711277726e-01,-2.289745722190729360e+00,-1.874325619882897627e+02,5.217570397582585429e+01,4.427208204059229502e+01,-3.863271008997886530e-02,1.319487481167579404e+02,3.457524792989054276e+03,0.000000000000000000e+00,4.115249997320961484e+03
1.690999999999924563e+00,1.661146754908846290e+01,7.262927385689362803e-01,-2.029511459845138310e-01,2.968321149468980735e+00,-4.997329887885108013e-01,-2.319779455761819431e+00,-1.304338096366648188e+02,3.429509998068717778e+02,1.393967857445254594e+02,-3.753262265769798101e-02,1.252674447559890609e+02,3.417176657475151387e+03,0.000000000000000000e+00,4.522791838399300104e+03
1.700999999999923462e+00,1.664065231464386940e+01,7.222503634020794872e-01,-2.262528285142112738e-01,2.874954589341028655e+00,-3.430982642164113194e-01,-2.334787034947912510e+00,-1.797698736679199101e+02,2.103620639723060322e+02,1.796414343816630890e+02,-3.665588945527404469e-02,1.187878739061795841e+02,3.960413550352929178e+03,0.000000000000000000e+00,3.998626919916179759e+03
1.710999999999922361e+00,1.666883129876704928e+01,7.193429874232397658e-01,-2.496177444495579212e-01,2.763447017903538416e+00,-2.647724839733560098e-01,-2.351163701183143218e+00,-2.392755557781674725e+02,8.439790373967730375e+01,1.448144310602655196e+02,-3.582082964179691964e-02,1.112128985259139569e+02,3.974203830855976776e+03,0.000000000000000000e+00,4.116218350094252855e+03
1.720999999999921259e+00,1.669567878766798685e+01,7.167802927519867362e-01,-2.735432488755935032e-01,2.614591365530568368e+00,-2.419166669305173323e-01,-2.430516847351285481e+00,-2.638990701258862828e+02,2.397760740442333827e+02,1.948568688035630885e+02,-3.551935896711194696e-02,1.027896908075628630e+02,3.551970887716674042e+03,0.000000000000000000e+00,4.328979388401656252e+03
1.730999999999920158e+00,1.672105774119162547e+01,7.158083805245654130e-01,-2.977343311172678253e-01,2.467532362361088083e+00,9.152490573297579479e-02,-2.393138921288431753e+00,-4.060062499182456577e+02,9.273555186830574257e+02,2.782535310112999696e+02,-3.351168587532527693e-02,8.751253278435052607e+01,3.906629064123336320e+03,0.000000000000000000e+00,5.040301401980357696e+03
1.740999999999919057e+00,1.674457027279285981e+01,7.197658794089244472e-01,-3.212725494324686348e-01,2.266345712021624603e+00,5.936980152083556339e-01,-2.313051393693287050e+00,-4.177476466516252458e+02,6.676582025396785411e+02,3.003860097799359892e+02,-3.135140832860476567e-02,7.617397879342449585e+01,3.681157492643242222e+03,0.000000000000000000e+00,4.972350920016724558e+03
1.750999999999917955e+00,1.676633662441262018e+01,7.269941363806565748e-01,-3.438266645633058505e-01,2.105919506159427357e+00,7.955696616889409434e-01,-2.211547453974199495e+00,-3.886831087120226584e+02,2.796210509323465203e+02,2.516192642393729102e+02,-2.986322568674557379e-02,6.975906737129976420e+01,3.217715156807062613e+03,0.000000000000000000e+00,5.187216217011437948e+03
1.760999999999916854e+00,1.678649486020157866e+01,7.354153679799504406e-01,-3.656430683640873869e-01,1.938408940181410633e+00,8.748505625660762952e-01,-2.163584588681933152e+00,-3.988241476075017999e+02,2.180237367289290660e+02,2.484098037989160161e+02,-2.832322155786655415e-02,6.328493820203378561e+01,3.672800035883899454e+03,0.000000000000000000e+00,5.528029789452163641e+03
1.770999999999915753e+00,1.680478938373897080e+01,7.446857594529981972e-01,-3.870883155414750476e-01,1.740285756339299050e+00,9.688728648122181264e-01,-2.126876036389473423e+00,-4.004294947760938044e+02,2.019338866332270186e+02,2.659118085483010532e+02,-2.689639483464224476e-02,5.575766318992487669e+01,3.995603266231830730e+03,0.000000000000000000e+00,5.287772568609487280e+03
1.780999999999914651e+00,1.682114978019133744e+01,7.548252997051290158e-01,-4.080507640692719318e-01,1.552013358434308987e+00,1.044584910307685854e+00,-2.072333387738481747e+00,-3.066523840452490504e+02,8.323734531040742013e+01,3.218233773131825046e+02,-2.542078761315945401e-02,4.858273323092975460e+01,4.203425212915696648e+03,0.000000000000000000e+00,4.968616648674621501e+03
1.790999999999913550e+00,1.683775718104612196e+01,7.657628600337530456e-01,-4.255402597469234438e-01,1.703999623030854060e+00,1.132426978643392035e+00,-1.539991261468666384e+00,-2.580566903224791986e+01,9.110872273926483444e+01,9.746258135518280596e+02,-2.418914863640556773e-02,3.084370990165761839e+01,5.830317729455045992e+03,0.000000000000000000e+00,7.063970495383842717e+03
1.800999999999912449e+00,1.685435973262681131e+01,7.772769475869382161e-01,-4.393637692561821462e-01,1.597164488900673307e+00,1.158780541390169505e+00,-1.271738978353806671e+00,-2.894205696750453853e+02,-9.648535542772593487e+01,5.368298041698240013e+02,-2.379233795071575980e-02,2.294444783828865653e+01,6.796178391749012007e+03,0.000000000000000000e+00,6.878945432224992146e+03
1.810999999999911347e+00,1.686907268198278587e+01,7.887092383240482674e-01,-4.510791732397564924e-01,1.355042040300521444e+00,1.119600556469899644e+00,-1.101887663659131711e+00,-3.715917965660451046e+02,-2.412326035757591001e+02,4.336726036505208413e+02,-2.383522998534878812e-02,1.590518657101819144e+01,7.390991817231618370e+03,0.000000000000000000e+00,7.438188160249925204e+03
1.820999999999910246e+00,1.688137635084654775e+01,7.993922835464359888e-01,-4.611282977743885736e-01,1.132897625638580541e+00,1.024702012950639674e+00,-9.092838204007626102e-01,-3.666449614912453399e+02,-2.996435778571764104e+02,6.169143401951566830e+02,-2.395009116133145141e-02,8.980053074578890460e+00,7.757216531436110017e+03,0.000000000000000000e+00,8.096423570673407994e+03
1.830999999999909145e+00,1.689132186754333276e+01,8.091151739458655179e-01,-4.687563452436792621e-01,8.800908968871726801e-01,9.010007464118918730e-01,-6.540255059939013016e-01,-5.088874653067748568e+02,-3.845911135995045242e+02,5.894925344931996278e+02,-2.440837687982246387e-02,3.997038773353363439e+00,8.005672683927015896e+03,0.000000000000000000e+00,9.426932304474494231e+03
1.840999999999908043e+00,1.689881092582162836e+01,8.167479816753498989e-01,-4.741497920312937597e-01,6.480286390152776299e-01,6.442554819600139204e-01,-4.446698746485742704e-01,-4.483599400009778719e+02,-3.761841884050450631e+02,6.296856782320285220e+02,-2.434720564209828103e-02,-1.599787407767507830e-01,7.575691529469480884e+03,0.000000000000000000e+00,9.627294118735435404e+03
1.850999999999906942e+00,1.690398512929537844e+01,8.213487106760445355e-01,-4.778705522441386022e-01,4.075553846305902117e-01,3.056935270821372619e-01,-3.110586610313032518e-01,-4.987319703328353739e+02,-5.487133744990951527e+02,5.067754390781033180e+02,-2.389670209905197032e-02,-4.899884172083104339e+00,8.468328067077100059e+03,0.000000000000000000e+00,9.416201030422091208e+03
1.860999999999905841e+00,1.690669119169911738e+01,8.230162008103363291e-01,-4.798745101149235470e-01,1.502486994650019392e-01,6.888567803166087411e-02,-1.185078297750393611e-01,-5.508644527262703150e+02,-4.088588167205120385e+02,4.487595758584483292e+02,-2.349743723315095636e-02,-9.334729971289098316e+00,9.004456874823586986e+03,0.000000000000000000e+00,8.951464409746744423e+03
1.870999999999904739e+00,1.690676552475207117e+01,8.227183611320744161e-01,-4.800826971774986851e-01,-1.168596169746270869e-01,-9.689576788019656217e-02,5.179400099851698414e-02,-5.545658686467679672e+02,-1.143640181651482379e+02,4.350826482214712314e+02,-2.378200312149982010e-02,-1.166023197259343469e+01,8.371211123005012269e+03,0.000000000000000000e+00,8.948925273405910048e+03
1.880999999999903638e+00,1.690430971377350744e+01,8.210619805678057714e-01,-4.786576326796511682e-01,-3.473467771043339258e-01,-2.345726608890281450e-01,2.049517171080687261e-01,-3.393371987377935284e+02,-3.371141907312394892e+02,4.922491217418958058e+02,-2.463514393159311686e-02,-1.213517908027169767e+01,8.290294329320306133e+03,0.000000000000000000e+00,9.508329044568701647e+03
1.890999999999902537e+00,1.690020610898604403e+01,8.174813261552246191e-01,-4.760173792825677652e-01,-4.494999801607963974e-01,-4.608717344593954435e-01,3.007844243135694429e-01,-8.158199218538510422e+01,-4.818127239806781290e+02,2.734436398866789659e+02,-2.474521798302469280e-02,-1.210648816011947915e+01,8.507571838505975393e+03,0.000000000000000000e+00,1.047409082459930505e+04
1.900999999999901435e+00,1.689531249225769827e+01,8.117305168242590074e-01,-4.727679308957177806e-01,-5.402107929295449917e-01,-6.433090133773073926e-01,3.464343171132909238e-01,-2.994864842441701285e+02,-1.585645418616752522e+02,3.506729553331220473e+02,-2.524543934459140895e-02,-1.421289166130778270e+01,9.275004061554651344e+03,0.000000000000000000e+00,1.025146601070480028e+04
1.910999999999900334e+00,1.688902166014379702e+01,8.049489501844266925e-01,-4.687065975719770239e-01,-6.901919435806498360e-01,-7.154740816256842662e-01,4.556747093042047836e-01,-2.444856853483038890e+02,-1.841548587547094087e+02,2.878883232196080826e+02,-2.562287694745767064e-02,-1.632348457118287754e+01,9.391132218190447020e+03,0.000000000000000000e+00,1.008890437989355996e+04
1.920999999999899233e+00,1.688134023720999366e+01,7.973317853871698668e-01,-4.637988896726463750e-01,-8.192005296734591324e-01,-8.007102111769927033e-01,5.325739423583998322e-01,-1.052226033092102853e+01,-2.229389169293410191e+02,4.992480278540385825e+02,-2.613426591702118496e-02,-1.777979890469037727e+01,8.774799158765223183e+03,0.000000000000000000e+00,1.112397431732830591e+04
1.930999999999898131e+00,1.687262371618563250e+01,7.888046447717891319e-01,-4.581380131463674288e-01,-9.299833117624165535e-01,-8.778829158652160514e-01,5.767002823891926866e-01,-2.574548340165879949e+02,2.115695996954292468e+01,3.064564646441976947e+02,-2.685841704417224474e-02,-1.943564301091671709e+01,9.932488755464462884e+03,0.000000000000000000e+00,1.049951937115009969e+04
1.940999999999897030e+00,1.686284739880917627e+01,7.800688035178764412e-01,-4.518037772990480816e-01,-1.016535489401044989e+00,-8.752322157756570187e-01,6.634646123971809084e-01,-2.421627528348803651e+02,-3.975823449783001706e+01,1.706028214507820735e+02,-2.667798278503115059e-02,-2.093060692126676869e+01,8.546492619594038842e+03,0.000000000000000000e+00,1.078699667170028079e+04
1.950999999999895929e+00,1.685244626331956752e+01,7.711520604070229989e-01,-4.449470391862758722e-01,-1.046997469864660468e+00,-9.154665832814354864e-01,6.912942040445608782e-01,1.017438771570758149e+01,-9.870517310911665732e+01,2.041064969969428944e+02,-2.703576887592332861e-02,-2.116445589067053135e+01,8.834698212529883676e+03,0.000000000000000000e+00,1.157236230222571430e+04
1.960999999999894827e+00,1.684166882024231526e+01,7.622040094455434511e-01,-4.381369057793280675e-01,-1.108727670238063290e+00,-8.542459617277258221e-01,6.709126587695073418e-01,-1.241488707155035058e+02,1.709508760426348886e+02,8.829368998845293959e+01,-2.739916102069231071e-02,-2.270777520032324404e+01,7.779196348469095938e+03,0.000000000000000000e+00,1.121913156260408869e+04
1.970999999999893726e+00,1.683065143501259442e+01,7.539986190355388862e-01,-4.317130462641401434e-01,-1.092860917014185196e+00,-7.831232319169771916e-01,6.140172461785406988e-01,2.244563590035402001e+01,1.774330552110034773e+02,8.822953902179648367e+00,-2.777846616854198411e-02,-2.437423071985313783e+01,7.745982926641068843e+03,0.000000000000000000e+00,1.136675462981265628e+04
1.980999999999892625e+00,1.681995510810902061e+01,7.467817294268793704e-01,-4.258271962062262772e-01,-1.016553040380814066e+00,-7.082883818532773601e-01,5.480158221102513494e-01,2.024473288789707794e+02,3.627607389116538172e+01,-1.339661984487279369e+02,-2.831348236268128524e-02,-2.554439157617299472e+01,7.855626091650340641e+03,0.000000000000000000e+00,1.176348124266434752e+04
1.990999999999891523e+00,1.681067484501405218e+01,7.399425588136103737e-01,-4.211211092209519169e-01,-8.508856216706912612e-01,-6.388235058380973275e-01,4.094208432138783937e-01,2.933898678178434238e+02,3.020285332972772494e+02,-1.040213015696356535e+02,-2.926794448884096483e-02,-3.023948903744852856e+01,8.583506665451473964e+03,0.000000000000000000e+00,1.131941869543648681e+04
2.000999999999890644e+00,1.680259407292688678e+01,7.350662430153800386e-01,-4.181285694441376766e-01,-7.764015213883593836e-01,-3.539298282045431066e-01,2.208900196520210968e-01,2.087588901095589904e+02,4.107655052456523777e+02,-2.034375127405650119e+01,-2.976526094913482107e-02,-3.457077237493931676e+01,8.900167282090345907e+03,0.000000000000000000e+00,1.257935206042662685e+04
2.010999999999889543e+00,1.679616609327546684e+01,7.319457045524422334e-01,-4.165593980092826554e-01,-5.631493575805109897e-01,-2.781599376586927908e-01,1.500765900983059009e-01,3.425992781982023416e+01,2.858918510506565553e+02,2.541024940026942431e+02,-3.018445743259496813e-02,-4.355756323760926563e+01,8.687862795411336265e+03,0.000000000000000000e+00,1.142654700901278920e+04
2.020999999999888441e+00,1.679150062045645697e+01,7.287783524760830245e-01,-4.155023092456255340e-01,-4.046885597346736030e-01,-3.458584168527831237e-01,6.389576739629362900e-02,2.155998267654267693e+02,-2.923369731661304627e+01,-3.214100597019682937e+01,-3.121430991359435900e-02,-5.348430240461767937e+01,9.749682174233559635e+03,0.000000000000000000e+00,1.077266695598197839e+04
2.030999999999887340e+00,1.678789746351268519e+01,7.255170412168906457e-01,-4.149603872234707835e-01,-3.185894757771750019e-01,-3.075866240611669911e-01,6.325316635019138933e-02,1.950619764065537538e+02,1.086287989493454376e+02,2.028354106147955918e+02,-3.210758038411284238e-02,-5.716963520729590442e+01,8.880638508151570932e+03,0.000000000000000000e+00,1.331577701617134699e+04
2.040999999999886239e+00,1.678513758451627069e+01,7.227465852380735578e-01,-4.145946397779654569e-01,-2.383764832249745946e-01,-2.497741651233602589e-01,7.019294808684147131e-03,1.270926305730843069e+02,1.913650545208258791e+02,8.908122809364601835e+01,-3.248990819264928331e-02,-5.884325513285995157e+01,9.948384714328996779e+03,0.000000000000000000e+00,1.293435378847678112e+04
2.050999999999885137e+00,1.678332959062690577e+01,7.207262424232452336e-01,-4.146854904739701309e-01,-1.288940055133486751e-01,-1.737419535582271080e-01,-1.524344584787533201e-02,7.471211068213676754e+01,2.140602721839909464e+02,1.123699909883782766e+02,-3.263838213675503142e-02,-5.968518797272498944e+01,1.020863485104190295e+04,0.000000000000000000e+00,1.356784769417211101e+04
2.060999999999884036e+00,1.678233319713248761e+01,7.195422320640328939e-01,-4.151435434618169773e-01,-7.255791352525525761e-02,-8.470741940473214271e-02,-6.861549092502546021e-02,-1.985149569147063175e+01,3.583872440471063783e+02,7.766476840486802757e+01,-3.288725052457379394e-02,-5.989345946236939966e+01,1.063596561883824143e+04,0.000000000000000000e+00,1.341275520236261218e+04
2.070999999999882935e+00,1.678190167516696363e+01,7.192202380173416953e-01,-4.160241498328454135e-01,-6.532753266698536170e-03,-7.934736099898387698e-03,-9.830573186681690334e-02,1.738205549348210184e+02,3.373807267243027752e+01,1.735837240958998109e+02,-3.323593980574689188e-02,-5.995668254021163079e+01,9.636023426037172612e+03,0.000000000000000000e+00,1.528085395364626493e+04
2.080999999999881833e+00,1.678199769288769971e+01,7.196740168185284947e-01,-4.174247386820140737e-01,4.139442545932944806e-02,7.209635183208613907e-02,-1.597754261500386741e-01,6.792760370444489126e+01,2.410705181127634091e+02,1.070379185433563407e+02,-3.356673583575425779e-02,-6.016778145182848192e+01,1.080155662817814846e+04,0.000000000000000000e+00,1.367483517971403489e+04
2.090999999999880732e+00,1.678282741405744005e+01,7.208865610340579044e-01,-4.192517858253125840e-01,1.107708298926565194e-01,1.523783316955196754e-01,-2.003478290359188563e-01,3.990285912884064601e+01,1.571033404903694191e+02,3.167545142769313316e+01,-3.366267958248459619e-02,-6.092706207781972694e+01,1.095869868372308156e+04,0.000000000000000000e+00,1.421285835757459608e+04
2.100999999999879631e+00,1.678443650288405919e+01,7.224281934857056386e-01,-4.211654620486892098e-01,1.921184709886263886e-01,1.544523762521690102e-01,-2.015454495099643917e-01,1.109533350944798258e+02,-2.665392516699080261e+01,-7.771477632342339348e+01,-3.364646274737170817e-02,-6.197228575452943744e+01,1.125337342275732590e+04,0.000000000000000000e+00,1.475124918625212376e+04
2.110999999999878529e+00,1.678679084965311574e+01,7.238971827991405039e-01,-4.232926700393363495e-01,2.684401255258225816e-01,1.334050461313488201e-01,-2.354301888425675282e-01,1.461448369448230551e+02,-4.034432692602371873e+01,-1.020146556023776725e+02,-3.361707510365864737e-02,-6.247428237517917893e+01,1.157370030129323095e+04,0.000000000000000000e+00,1.423244453847259319e+04
2.120999999999877428e+00,1.678947349781905629e+01,7.253207493902771308e-01,-4.257869899819233805e-01,2.600730325129669840e-01,1.502452925640800074e-01,-2.591093613859543066e-01,-1.343926848810808110e+02,7.691050939198402148e+01,6.817689803424491402e+01,-3.363199340614209804e-02,-6.341913719667395810e+01,1.168508463599254173e+04,0.000000000000000000e+00,1.549009206758223445e+04
2.130999999999876326e+00,1.679195201120301562e+01,7.268272204951696791e-01,-4.281070376497009833e-01,2.276607168029013140e-01,1.479608533385465552e-01,-2.091775419472663156e-01,-1.180807353988147952e+02,-2.412580332151279094e+01,2.569002171607962737e+02,-3.353137449127545355e-02,-6.450479646191224958e+01,1.152560265907857320e+04,0.000000000000000000e+00,1.707339183619575124e+04
2.140999999999875225e+00,1.679378846038628126e+01,7.281246372765395325e-01,-4.299607759374470262e-01,1.419034845097796038e-01,1.095711353938181587e-01,-1.647744934508357795e-01,-1.981468040399340680e+02,-7.289389014023224433e+01,3.017134998775113672e+02,-3.342085224844230235e-02,-6.514339373912753217e+01,1.134611440046750067e+04,0.000000000000000000e+00,1.800403538348181610e+04
2.150999999999874124e+00,1.679461233538697584e+01,7.288671240338926438e-01,-4.313523337221029097e-01,3.318844764677084114e-02,4.392984446266867682e-02,-1.161945598240381183e-01,-2.113895489418117108e+02,-1.078714672059254838e+02,3.022741347967155434e+02,-3.338721169939352917e-02,-6.551301830027995265e+01,1.125866475473444189e+04,0.000000000000000000e+00,1.842932069142751425e+04
2.160999999999873022e+00,1.679441436274106891e+01,7.288782737749672780e-01,-4.322292688654750803e-01,-6.277054794344252842e-02,-3.699381144548071626e-02,-6.724803317497216049e-02,-1.756307711131036626e+02,-1.585914842760854242e+02,2.814564470097726598e+02,-3.346916101500255203e-02,-6.592124561861936627e+01,1.134278301855066275e+04,0.000000000000000000e+00,1.914704617571761264e+04
2.170999999999871921e+00,1.679326704165000095e+01,7.281055115222940799e-01,-4.327497753678994918e-01,-1.531620174866248352e-01,-1.061084198348425517e-01,-4.050109043464298481e-02,-1.059868062651437413e+02,-1.062974101745870001e+02,2.527121174715035750e+02,-3.352415937077894009e-02,-6.666978516757498596e+01,1.199434633551935622e+04,0.000000000000000000e+00,1.955154998789415185e+04
2.180999999999870820e+00,1.679136840494454930e+01,7.268501962952672590e-01,-4.331819543318765064e-01,-2.232975780559948165e-01,-1.420082285110152442e-01,-6.493494495604619499e-02,-1.136958438146236290e+02,-1.125133629584642847e+02,9.416120956813301746e+01,-3.342848615872519996e-02,-6.735902215168985663e+01,1.280993443501616457e+04,0.000000000000000000e+00,2.050926841259194043e+04
2.190999999999869718e+00,1.678896464115820564e+01,7.251766494771406668e-01,-4.339625635416106686e-01,-2.502305273765333959e-01,-1.709499263174207306e-01,-7.849725755511224867e-02,-1.683264350059494063e+01,-2.675588672165257265e+01,1.686740761637672676e+02,-3.334706203806719199e-02,-6.799952634522679773e+01,1.424310525894087186e+04,0.000000000000000000e+00,2.081833882619428550e+04
2.200999999999868617e+00,1.678641985123683256e+01,7.234272283354388211e-01,-4.349670676666296254e-01,-2.460629922334516828e-01,-1.688108701741657114e-01,-1.189598471225503939e-01,5.339420747861277050e+01,1.546696461810306289e+00,7.540747049013225478e+01,-3.335695665548145394e-02,-6.854575551091133434e+01,1.736675947812867889e+04,0.000000000000000000e+00,1.872949561305135285e+04
2.210999999999867516e+00,1.678416101070076394e+01,7.218222633250862552e-01,-4.362746853885927090e-01,-2.038043254720623976e-01,-1.444525406256459976e-01,-1.328590417888199093e-01,6.246121503994640989e+01,3.133614572175842738e+01,1.315254933642459036e+02,-3.352673062042528518e-02,-6.959018476495906214e+01,1.571189495225356222e+04,0.000000000000000000e+00,2.116762826460052020e+04
2.220999999999866414e+00,1.678229359131620058e+01,7.206012155895951121e-01,-4.376547851662047628e-01,-1.755798901057024630e-01,-9.385911689265875879e-02,-1.299323530586752040e-01,4.587014777649937969e+01,1.210937460362168707e+02,3.186112707820774403e+02,-3.374904169495436534e-02,-7.065454933793657233e+01,1.587410307811119128e+04,0.000000000000000000e+00,2.535404268077161032e+04
2.230999999999865313e+00,1.678072272448402913e+01,7.198610873240187669e-01,-4.388544604705544305e-01,-1.449256531681336058e-01,-6.955895620633227583e-02,-1.220618336712843283e-01,4.019156800478299374e+01,2.007757416791693572e+01,1.726379316772795391e+02,-3.378673180786906372e-02,-7.150638034792218889e+01,1.654879715277351352e+04,0.000000000000000000e+00,2.708990742986173427e+04
2.240999999999864212e+00,1.677944663015899707e+01,7.192377254513265816e-01,-4.400754661205413809e-01,-1.288224602819424691e-01,-6.360555369345317900e-02,-1.155894919625746892e-01,-1.303271858785915356e+02,-2.753588210025279182e+01,2.404310097811264768e+02,-3.375852916469862519e-02,-7.208472011362296428e+01,1.674727291426641023e+04,0.000000000000000000e+00,2.950926053073649746e+04
2.250999999999863110e+00,1.677808265008777511e+01,7.185302463032712250e-01,-4.411707302107077400e-01,-1.379644614643274758e-01,-8.674449160411513982e-02,-1.134270852444534128e-01,-2.094925263501966128e+01,-1.163585581766483443e+02,1.187247759723315994e+02,-3.364701607805577893e-02,-7.217715919452065521e+01,1.705572312206136121e+04,0.000000000000000000e+00,3.083331573634011147e+04
2.260999999999862009e+00,1.677710605057504623e+01,7.173462243911318259e-01,-4.422138461213244165e-01,-4.189912214484633329e-02,-1.331977784312394497e-01,-9.193673845832277258e-02,1.549157054596018952e+02,-1.538520788694738428e+01,1.874342173286396473e+02,-3.335319459392445396e-02,-7.207466127800456945e+01,1.852101465823684703e+04,0.000000000000000000e+00,3.554011269075583550e+04
2.270999999999860908e+00,1.677713572628739058e+01,7.164157095350680571e-01,-4.428508192013697053e-01,4.716057071152061214e-02,-2.766246255970185308e-02,-3.405348062487560667e-02,1.278958773304160559e+02,3.497291837181596748e+02,3.009058087327925932e+02,-3.327934581079552978e-02,-7.167268307542829575e+01,2.294135091954805102e+04,0.000000000000000000e+00,3.633262845902328991e+04
2.280999999999859806e+00,1.677794078192905403e+01,7.166968166279450436e-01,-4.430436891875695893e-01,1.002665011745787621e-01,5.649626056828097043e-02,-1.575774556936131512e-02,3.509744698613860692e+01,9.087620557099378971e+01,1.700091288660815962e+02,-3.583599376803861536e-02,-7.045170935295550407e+01,2.557200549511540157e+04,0.000000000000000000e+00,3.805528050067336153e+04
2.290999999999858705e+00,1.677882939661055772e+01,7.173183719184601514e-01,-4.432699127195740552e-01,7.922152026269337066e-02,6.622237620595712582e-02,-3.021416339062044445e-02,-1.065898798649116088e+02,1.148558599427772009e+01,2.369598710633747487e+02,-3.920622196369377699e-02,-6.908223947877408477e+01,2.569642358249871540e+04,0.000000000000000000e+00,4.272923908539707918e+04
2.300999999999857604e+00,1.678010580576452426e+01,7.179785429371853267e-01,-4.437915227928785900e-01,1.768092165746943112e-01,6.429466394260320572e-02,-7.422841849575628759e-02,1.318943351305229044e+02,-3.055064941330224926e+01,8.861212139794156428e+01,-4.221129180679601689e-02,-6.794313484424216654e+01,2.685195724716458426e+04,0.000000000000000000e+00,4.357592054353386629e+04
2.310999999999856502e+00,1.678222438826916729e+01,7.186661201047940262e-01,-4.446794832028866939e-01,2.266679787561499404e-01,7.326663889552795239e-02,-9.412416680369309341e-02,7.780341236574088271e+01,-2.012178603016614176e+01,2.059076545151365281e+02,-4.471398024328557264e-02,-6.805898093596789522e+01,2.654592529206913241e+04,0.000000000000000000e+00,4.650574854797627631e+04
2.320999999999855401e+00,1.678453704346454955e+01,7.194452289748016760e-01,-4.455399368437049645e-01,2.259385200415233996e-01,7.971166356956767285e-02,-7.929863910101224433e-02,-2.645692227126187390e+01,-1.865876206666207793e+00,2.061294116215844952e+02,-4.636152156485441600e-02,-6.956107644987727667e+01,2.763406709930986835e+04,0.000000000000000000e+00,4.772530126047554950e+04
2.330999999999854300e+00,1.678611611893676070e+01,7.199629754386753788e-01,-4.463206812735667772e-01,1.106983341090352346e-01,3.459025098081484895e-02,-6.963160779131863376e-02,-1.888098286077749890e+02,-3.397231720307427594e+01,2.832674313172390157e+02,-4.697268108991022040e-02,-7.157693400931674432e+01,2.591304231165345846e+04,0.000000000000000000e+00,5.105535730628240708e+04
2.340999999999853198e+00,1.678709092192162444e+01,7.202993491611386911e-01,-4.469995543567071294e-01,8.379128838768382104e-02,3.022595658205181821e-02,-6.211751846768465146e-02,-3.952412631164895629e+01,-4.244666345767836191e+00,2.163984351626802436e+02,-4.657767399408756226e-02,-7.243394639876417784e+01,2.594190980140047759e+04,0.000000000000000000e+00,5.142137870562689204e+04
2.350999999999852097e+00,1.678770672641806172e+01,7.204822970067003007e-01,-4.474422676701390045e-01,3.802568260872335459e-02,3.589000955947795491e-03,-3.412685445899071163e-02,-1.116750314492732059e+02,-9.306208493367813617e+01,2.231396549669705109e+02,-4.639617342115773951e-02,-7.275619987306697567e+01,2.607098799386930477e+04,0.000000000000000000e+00,5.228871740737668006e+04
2.360999999999850996e+00,1.678791563231859385e+01,7.204047748072677226e-01,-4.477321364756929323e-01,1.261991911768184024e-02,-1.310806003945163070e-02,-2.526519932004382685e-02,-4.709572547910568119e+01,-3.766394965815792517e+01,2.075433677407338564e+02,-4.627782866672563999e-02,-7.277684693645774416e+01,2.626242529252580789e+04,0.000000000000000000e+00,5.295447710695468413e+04
2.370999999999849894e+00,1.678801334495882358e+01,7.202494547872695385e-01,-4.479567152079111936e-01,5.872981254766970749e-03,-1.775932447262458524e-02,-2.068708700274076925e-02,-3.915820329200766992e+01,-1.852611677072586360e+01,2.179625023103542389e+02,-4.623373688861673325e-02,-7.274822517183484649e+01,2.655649948228401627e+04,0.000000000000000000e+00,5.341237130436040025e+04
2.380999999999848793e+00,1.678809096696987879e+01,7.200664149002137249e-01,-4.481327288719143542e-01,3.356150998067027914e-03,-2.019139588750093472e-02,-1.678722823924296698e-02,-2.997872284455058889e+01,-1.100227722523008111e+01,2.105703264599949307e+02,-4.636387276281413866e-02,-7.267868868684901429e+01,2.675516302470049050e+04,0.000000000000000000e+00,5.388500864201049990e+04
2.390999999999847692e+00,1.678817064301910733e+01,7.198765724229662100e-01,-4.482833845280140284e-01,1.776624831755815349e-03,-2.211244950674285878e-02,-1.605453872281054420e-02,-1.494937090762891785e+01,-1.412623274691175723e+01,1.971348869164301050e+02,-4.649824486906686122e-02,-7.256356796726673508e+01,2.694730209441571787e+04,0.000000000000000000e+00,5.416436713185832195e+04
2.400999999999846590e+00,1.678821177774648632e+01,7.197305451630463535e-01,-4.484606951163342958e-01,-9.598189454323819911e-03,-1.846159897601328675e-02,-1.408751856381173020e-02,-8.328790719032213019e+01,-1.199831945858798576e+02,3.083530373962580597e+02,-4.653882967498735451e-02,-7.242451854521326027e+01,2.907986171148130961e+04,0.000000000000000000e+00,5.631810467048588907e+04
2.410999999999845489e+00,1.678821017168566243e+01,7.195517888179977506e-01,-4.485704958370823614e-01,-1.500342734634293280e-03,-1.473577997199719894e-02,-1.520164931463417572e-02,-2.532400570023673936e+01,1.192909576481370770e+01,1.500654641552398516e+02,-4.665866108779034849e-02,-7.232451918563278070e+01,2.796029429435733618e+04,0.000000000000000000e+00,5.569201020792364579e+04
2.420999999999844388e+00,1.678823866706505896e+01,7.193394510451263102e-01,-4.487515181866633118e-01,1.959332894681355131e-02,-2.682912179482363491e-02,-2.395491778453972057e-02,8.430123607138511943e+00,3.649542827031471859e+01,1.413194822893181026e+02,-4.671589041195260694e-02,-7.230552683059423202e+01,2.876861269873838683e+04,0.000000000000000000e+00,5.566401067887794488e+04
2.430999999999843286e+00,1.678852193972127438e+01,7.188904255634652740e-01,-4.490944492687945488e-01,4.287943436031606270e-02,-5.545238949828521641e-02,-3.770616661786885260e-02,9.922708898134374067e+01,3.235345082673605077e+01,9.889031383712836032e+01,-4.700401553816874883e-02,-7.227301842343622695e+01,3.072286676118911419e+04,0.000000000000000000e+00,5.229397780340769532e+04
2.440999999999842185e+00,1.678892716039533539e+01,7.184406228168649378e-01,-4.494219679545309876e-01,2.508502039698236319e-02,-4.195865556711224353e-02,-2.899098310668719869e-02,-8.290660937018742516e+01,9.434638555964625084e-01,2.504167334782841863e+02,-4.733655218179999569e-02,-7.171777551040909771e+01,2.821157251321156218e+04,0.000000000000000000e+00,5.802522144641205523e+04
2.450999999999841084e+00,1.678917092464143579e+01,7.180202266352636586e-01,-4.497206831467961408e-01,3.145968814373319156e-02,-3.573998673109173019e-02,-2.508698875820369184e-02,-1.147075531410496296e+01,3.475115442069979110e+01,2.626062491059187778e+02,-4.763694179583467109e-02,-7.112041428255861319e+01,2.707943533644559284e+04,0.000000000000000000e+00,5.832374876803228835e+04
2.460999999999839982e+00,1.678939942850400513e+01,7.176253228187079447e-01,-4.499085663182058048e-01,1.374476809091908398e-02,-3.950172637313925650e-02,-1.438223169608785629e-02,-2.408368241736786786e+01,-4.451769957794226684e+00,2.220363577211296615e+02,-4.784454791044039784e-02,-7.096762759161697431e+01,2.735388988944740049e+04,0.000000000000000000e+00,5.909592757226854155e+04
2.470999999999838881e+00,1.678963213726248682e+01,7.172715369160989063e-01,-4.500981718955406330e-01,2.211009058964265306e-02,-3.058797222046931441e-02,-2.063124986495286708e-02,-6.223021444694245474e+01,2.751764797206438118e+01,2.232755848160495589e+02,-4.805107838242805157e-02,-7.119206905237322758e+01,2.702377846233415039e+04,0.000000000000000000e+00,5.986388729916611192e+04
2.480999999999837780e+00,1.678980141274984916e+01,7.170248786873915092e-01,-4.502851350147156761e-01,2.845750055739703493e-02,-2.085759177571385597e-02,-1.469048194783973901e-02,5.798460383046381139e+01,-4.251924144147430695e+01,1.221830917417980800e+02,-4.826536024423573601e-02,-7.142619153594864656e+01,2.970387580302589777e+04,0.000000000000000000e+00,5.530424425902123039e+04
2.490999999999836678e+00,1.678995773430245464e+01,7.167392373022032359e-01,-4.503849260689262723e-01,2.270645770642722508e-02,-2.903408931879055202e-02,-1.018905095849008575e-02,5.842611278453546220e+01,-8.410526202001165075e-01,1.207811335245348801e+02,-4.845194107955939911e-02,-7.159660431224460808e+01,2.984986853854290894e+04,0.000000000000000000e+00,5.525393631102502695e+04
2.500999999999835577e+00,1.679004813405277119e+01,7.164914808090310228e-01,-4.504899816121116785e-01,9.947314494910524524e-03,-2.200486285295491853e-02,-9.771869964940119863e-03,8.778495442065991483e+01,1.973717722054999513e-01,1.032497303480656683e+02,-4.858529055160806104e-02,-7.171987376130601888e+01,2.998920454079527917e+04,0.000000000000000000e+00,5.534768695971580746e+04
2.510999999999834476e+00,1.679016846011840869e+01,7.162801028678659199e-01,-4.505604341414893854e-01,1.840853144734755018e-02,-2.068740550493575886e-02,-6.595129161944454296e-03,6.621263013572320233e+01,1.268637202179530732e+01,1.111670542592842139e+02,-4.873129267880714488e-02,-7.185470046136248357e+01,3.013103222542229923e+04,0.000000000000000000e+00,5.527503918600153702e+04
2.520999999999833374e+00,1.679030017118846629e+01,7.161126948639117140e-01,-4.506550222561426233e-01,1.513746525083032798e-02,-1.268123828690642142e-02,-9.131585423399746909e-03,4.041218948926689336e+01,1.010020672157683919e+01,1.193599544648059236e+02,-4.881569004546267021e-02,-7.193979202692601405e+01,3.058743606383055157e+04,0.000000000000000000e+00,5.546179627646906010e+04
2.530999999999832273e+00,1.679043117197953805e+01,7.159540497820385818e-01,-4.507422229260865665e-01,2.622083185836471958e-02,-1.390676113338417015e-02,-1.439428859265979438e-02,5.883279215868765277e+01,1.817396656292976331e+01,1.283241212347211331e+02,-4.893173207928083746e-02,-7.198609970637195943e+01,3.086371876654954394e+04,0.000000000000000000e+00,5.544077241273645632e+04
2.540999999999831171e+00,1.679058947465280482e+01,7.157621490740774250e-01,-4.508689541006242751e-01,1.848075783972686834e-02,-1.918764603898132082e-02,-1.292686148370619098e-02,-3.908018659802655748e+01,-1.483922164698630297e+01,2.228514871629001846e+02,-4.906193539628164735e-02,-7.202607188413846018e+01,2.828341548312813029e+04,0.000000000000000000e+00,6.041018367806410242e+04
2.550999999999830070e+00,1.679071715847196344e+01,7.155578294170000797e-01,-4.509892376704019434e-01,1.520969839882575086e-02,-2.044052536504190748e-02,-9.123084039750907481e-03,-3.711617986857913820e+01,-2.644093859518022782e+01,2.384217785382863894e+02,-4.919751959290767640e-02,-7.213067591245183507e+01,2.861515333780738001e+04,0.000000000000000000e+00,6.006593026164403273e+04
2.560999999999828969e+00,1.679087505985964768e+01,7.153624784711204443e-01,-4.511159357821157845e-01,1.492182424969403821e-02,-1.789691318416388940e-02,-1.469023291036640651e-02,-3.643898946513922965e+01,-7.510635922444890866e+00,2.271508371076822641e+02,-4.932249415176769708e-02,-7.221727091736234172e+01,2.880626558489844319e+04,0.000000000000000000e+00,6.064531713737932296e+04
2.570999999999827867e+00,1.679102318816526207e+01,7.151812703844585561e-01,-4.512275087182391897e-01,8.084437085257519667e-03,-1.862810270936258311e-02,-1.046889746845135194e-02,-3.839378685291057991e+01,1.973242760089685532e+01,1.977089694561550459e+02,-4.946193061168014521e-02,-7.230697537669712460e+01,2.932292032111655135e+04,0.000000000000000000e+00,6.096144455770843342e+04
2.580999999999826766e+00,1.679115948188720608e+01,7.150495604532561833e-01,-4.513278617152280958e-01,1.351392265300665335e-02,-8.677805107905231866e-03,-1.167839230067892718e-02,-2.040240618904817893e+00,3.055197972622001146e+01,1.164438505609925869e+02,-4.956086925983154562e-02,-7.242332050102540109e+01,3.061955833284937398e+04,0.000000000000000000e+00,6.057992223446723801e+04
2.590999999999825665e+00,1.679127174577568482e+01,7.149844397623570380e-01,-4.514111987804426684e-01,3.938324263886737973e-03,-8.601620933568979860e-03,-7.594304289269891532e-03,-1.935826730784560823e+01,-1.498885754045609531e+01,2.035757452831537648e+02,-4.962025296992290252e-02,-7.248193587829742057e+01,2.980217636334497365e+04,0.000000000000000000e+00,6.096289785707637930e+04
2.600999999999824563e+00,1.679139083150682765e+01,7.149496840321332147e-01,-4.514807563707930460e-01,2.348607251540250906e-02,1.035303010315323253e-03,-7.087200218434777307e-03,7.727917015762545816e+01,5.067749825671178598e+01,1.278854147638787708e+02,-4.967507951314496101e-02,-7.257193776336151814e+01,3.266775564606099215e+04,0.000000000000000000e+00,5.571214500616271835e+04
2.610999999999823462e+00,1.679151559003233984e+01,7.149132816645045185e-01,-4.515512797517996502e-01,1.187639495637667596e-02,-3.948816911122379758e-03,-6.653233982532124821e-03,-3.955566115576561970e+01,-3.681171558466678562e+01,2.202143974457362674e+02,-4.969307575915705988e-02,-7.271490013108150663e+01,3.049839326788530525e+04,0.000000000000000000e+00,6.104973953178942611e+04
2.620999999999822361e+00,1.679163965816328385e+01,7.148938045357206006e-01,-4.516340506466822169e-01,1.780997444543797742e-02,2.985029814387084833e-03,-1.157022556243957230e-02,2.716435204991398678e+01,2.262932083224747259e+01,2.035943681979033499e+02,-4.973234424738778164e-02,-7.282764894891167273e+01,3.019117207915045583e+04,0.000000000000000000e+00,6.054606874695973966e+04
2.630999999999821259e+00,1.679182621853903257e+01,7.149190182475689825e-01,-4.517220711438648117e-01,1.281659577895568822e-02,7.825559698490949052e-04,-6.946767070807918082e-03,6.539215157554463076e+01,8.133618288738266244e+01,1.182100106821646932e+02,-4.978868093258220079e-02,-7.292953793940868934e+01,3.353973331220104592e+04,0.000000000000000000e+00,5.593401266343480529e+04
2.640999999999820158e+00,1.679191900255180769e+01,7.149014566940304904e-01,-4.517839983799014636e-01,1.046428400428278498e-02,-3.448732385540977975e-03,-4.760418844317261707e-03,-4.620158476831420558e+01,-3.209579356143065354e+01,2.304211431389378504e+02,-4.981488930101062029e-02,-7.297083524280272115e+01,3.182475951806882949e+04,0.000000000000000000e+00,6.126191291571618785e+04
2.650999999999819057e+00,1.679196664943584238e+01,7.148399669375389287e-01,-4.518327260523883893e-01,3.797487205439145728e-03,-6.652400015011717717e-03,-4.581373169440929732e-03,-3.041656345687260909e+01,-1.236276950321435208e+01,2.153163233382986164e+02,-4.984408463091991731e-02,-7.303160286646428290e+01,3.173545384968501821e+04,0.000000000000000000e+00,6.138693336410600750e+04
2.660999999999817955e+00,1.679202145702693727e+01,7.147805887087175236e-01,-4.518777098225143507e-01,1.020359698105328082e-02,-3.555457276509594450e-03,-4.376545743454227783e-03,8.516791827152951555e+01,7.039425643523179588e+01,1.127138230245354862e+02,-4.987091139145460872e-02,-7.310813129036800717e+01,3.370776335823753470e+04,0.000000000000000000e+00,5.591128230061422801e+04
2.670999999999816854e+00,1.679208500498524970e+01,7.147275813470487238e-01,-4.519206595678526006e-01,2.561924150001680927e-03,-6.516636916335726178e-03,-4.459810485341202807e-03,-3.157012200574536109e+01,-3.165431865510527132e+00,2.045653157595102130e+02,-4.990733240435437507e-02,-7.321013227084476682e+01,3.220565946742615779e+04,0.000000000000000000e+00,6.164165305950723996e+04
2.680999999999815753e+00,1.679218198853654442e+01,7.146976131286726375e-01,-4.519943030628867930e-01,1.085017292340627153e-02,-1.655589128098605787e-03,-8.836998527902806960e-03,2.165578155320417864e-01,1.753617911007559371e+01,1.969910644198089358e+02,-4.996003848772755107e-02,-7.326220155676465140e+01,3.202033867456911321e+04,0.000000000000000000e+00,6.068047977491738129e+04
2.690999999999814651e+00,1.679229472935768896e+01,7.146563818596817219e-01,-4.520486559829994810e-01,1.011926150722839909e-02,-4.938651777379025366e-03,-4.952190943372785682e-03,8.099932474932074911e+01,4.920859225982222540e+01,1.021358379593095833e+02,-4.998447112569037731e-02,-7.328201077026012911e+01,3.340659423540390708e+04,0.000000000000000000e+00,5.561073972420697100e+04
2.700999999999813550e+00,1.679236006188095232e+01,7.145990181210434278e-01,-4.521000524564418588e-01,1.287281916883210517e-02,-1.200684087504934328e-03,-3.874613362170053771e-03,4.931633034895116907e+01,5.727589539681947883e+01,1.398345010950997676e+02,-5.000739220367202142e-02,-7.325251484683317926e+01,3.494964395683528710e+04,0.000000000000000000e+00,5.637714320285586291e+04
2.710999999999812449e+00,1.679240878257641612e+01,7.145526928411028988e-01,-4.521444368815323855e-01,4.339552595290423719e-03,-4.397247430225391732e-03,-4.003880144560649501e-03,-3.537817324551610909e+01,-2.344229133054858494e+01,2.195349776824982655e+02,-5.004493059721388387e-02,-7.328452005934630620e+01,3.306950691899166850e+04,0.000000000000000000e+00,6.199007511332057766e+04
2.720999999999811347e+00,1.679249194954707036e+01,7.145325207419680469e-01,-4.521979058432289422e-01,3.657560628213555633e-03,-3.121867603770167934e-03,-5.685175040002474200e-03,-3.503673244683227495e+01,-2.898864830880610555e+01,2.170356571097054257e+02,-5.000812089529376586e-02,-7.336622009378019982e+01,3.352476096738593333e+04,0.000000000000000000e+00,6.202073553980634460e+04
2.730999999999810246e+00,1.679254131144525175e+01,7.145049793504425484e-01,-4.522431675782581095e-01,2.795305928829686440e-03,-4.553223038142756654e-03,-3.801261250538567980e-03,-3.481181594064173623e+01,-2.213209881941628510e+01,2.056764616048283187e+02,-5.009668394824016296e-02,-7.337911509214410444e+01,3.355643765074420662e+04,0.000000000000000000e+00,6.219804553494981519e+04
2.740999999999809145e+00,1.679261609902696506e+01,7.144903688487964644e-01,-4.522840161624495092e-01,4.558414621666220454e-03,-1.557069906044102059e-03,-4.577619897633320757e-03,-3.421993633663669243e+01,-1.821906448275720436e+01,2.092534928333500375e+02,-5.013626689651165536e-02,-7.340738807737390914e+01,3.401859461671082681e+04,0.000000000000000000e+00,6.215513898996130592e+04
2.750999999999808043e+00,1.679276756346792254e+01,7.145200641951032772e-01,-4.523603506468546476e-01,2.647707257177771625e-02,9.999929145034723230e-03,-1.010179166861786826e-02,-1.607542276036770090e+01,-1.262601250973774114e+01,2.307674320613764394e+02,-5.008662390509387857e-02,-7.340994203850907240e+01,3.302490300387587195e+04,0.000000000000000000e+00,6.144146822602218163e+04
2.760999999999806942e+00,1.679288265363031840e+01,7.145337075998913212e-01,-4.524325980127667512e-01,6.188815133231378475e-03,-2.221273767456127465e-03,-5.952722159899098871e-03,-3.545128842511485345e+01,-3.943633817925203289e+01,2.209210919178863151e+02,-5.013896334579796832e-02,-7.341284774059435847e+01,3.364774546642840141e+04,0.000000000000000000e+00,6.234082403116044588e+04
2.770999999999805841e+00,1.679292348598385942e+01,7.145100591919195665e-01,-4.524854318164195366e-01,1.192046744041089365e-03,-2.839556018190762289e-03,-5.379909277066972223e-03,-2.000517601144588298e+01,-1.322334382629488658e+01,2.077287147843735511e+02,-5.017874479416600808e-02,-7.335769970785673877e+01,3.381296445045916334e+04,0.000000000000000000e+00,6.260467358458371746e+04
2.780999999999804739e+00,1.679297300795903780e+01,7.144963688344732056e-01,-4.525321435413172666e-01,5.520489516370285892e-03,-7.330191902389519886e-04,-4.044317903086510485e-03,-3.645080676590669100e+01,-2.658540011763444966e+01,2.223141446295082915e+02,-5.019457629767393875e-02,-7.327558249937750645e+01,3.455463041645414341e+04,0.000000000000000000e+00,6.273155409122344281e+04
2.790999999999803638e+00,1.679301627706041344e+01,7.144879276229144649e-01,-4.525768154894537765e-01,1.101096670984258973e-02,2.631097973346563281e-03,-5.482605232088854849e-03,-5.357453496074958821e+01,-4.142095310198844516e+01,2.276733390186971064e+02,-5.022338588288552397e-02,-7.318076371120375256e+01,3.491377138267408009e+04,0.000000000000000000e+00,6.288115957608387544e+04
2.800999999999802537e+00,1.679308686673330797e+01,7.145027890220615463e-01,-4.526251791955195336e-01,2.571939216110245233e-03,-1.023874447416262380e-03,-3.901526365238121210e-03,-3.171573387289413404e+01,-3.293894231641948522e+01,2.167333359281901721e+02,-5.023095722714957662e-02,-7.311556246941154313e+01,3.559340220989297814e+04,0.000000000000000000e+00,6.296584879263408948e+04
2.810999999999801435e+00,1.679312757118988841e+01,7.144910069940261232e-01,-4.526645102803674159e-01,6.704793204270515124e-03,-1.685215271051897722e-04,-3.975713101519093989e-03,-1.933364232839448960e+01,-3.568104841356327483e+01,2.125079506043377933e+02,-5.023771617149697111e-02,-7.302170050333921836e+01,3.456803786976708216e+04,0.000000000000000000e+00,6.257899390427636536e+04
2.820999999999800334e+00,1.679316042288267496e+01,7.144691507638379901e-01,-4.527010904238195632e-01,7.689514558768166877e-03,-4.731503504799302153e-05,-3.524441695033631895e-03,9.759213773191686414e+01,9.298012298756016492e+01,1.027405175509466062e+02,-5.026125413022985988e-02,-7.294068158413179503e+01,3.726637822471949039e+04,0.000000000000000000e+00,5.729343779491864552e+04
2.830999999999799233e+00,1.679319141264510051e+01,7.144462452339743752e-01,-4.527345662562286543e-01,4.851456484282257176e-03,-2.816652143845203762e-03,-4.813820777759859892e-03,-3.473403567041350470e+01,-1.786032106454226209e+01,2.091030054876546274e+02,-5.027634939699029970e-02,-7.298229403826631767e+01,3.553786082173683826e+04,0.000000000000000000e+00,6.328151283588562364e+04
2.840999999999798131e+00,1.679321538107250689e+01,7.144190366350153809e-01,-4.527900815348915309e-01,6.983082386395662693e-03,-2.129523371507648294e-04,-5.814386394554912560e-03,9.996329699736497787e+01,8.161277364035059634e+01,8.511912387850770756e+01,-5.030282024249970591e-02,-7.307051696543335595e+01,3.678138031260464777e+04,0.000000000000000000e+00,5.773531950567627064e+04
2.850999999999797030e+00,1.679323297696100070e+01,7.143805389171821174e-01,-4.528482239851969182e-01,1.174169509619749042e-03,-4.502856835171813177e-03,-5.388552052700172797e-03,-1.691364018877379749e+01,-2.398830548055127565e+01,2.165448249659752946e+02,-5.031392321331564638e-02,-7.315487805156934087e+01,3.576055671330131008e+04,0.000000000000000000e+00,6.413061178579515399e+04
2.860999999999795929e+00,1.679327463724482428e+01,7.143502912661326976e-01,-4.528995833185146536e-01,6.919799911442289612e-03,-3.168712424117316965e-03,-5.119073087815180501e-03,-1.957985804858913070e+01,-2.478203089140673399e+01,2.120886361536565801e+02,-5.035420091335544857e-02,-7.319843078868146335e+01,3.566801672050367051e+04,0.000000000000000000e+00,6.387082203782036959e+04
2.870999999999794827e+00,1.679330726071308177e+01,7.143021405629160769e-01,-4.529450101419566499e-01,6.569748548277614753e-04,-8.203354409102922920e-03,-4.819335714792216847e-03,-6.456966698136511695e+00,-3.057232714386690020e+01,1.883698578051200911e+02,-5.038703922093749898e-02,-7.327650315698446093e+01,3.421863798492187925e+04,0.000000000000000000e+00,6.422397279895533575e+04
2.880999999999793726e+00,1.679336609193160257e+01,7.142199072973162144e-01,-4.530022664142501765e-01,2.283321195084458619e-03,-8.650194769033595424e-03,-5.156691604778177764e-03,-3.136122609960580121e+01,3.150830471805591060e+00,2.191649639919055517e+02,-5.043231600033409173e-02,-7.335940726427858749e+01,3.669396540478472161e+04,0.000000000000000000e+00,6.479185150651681761e+04
2.890999999999792625e+00,1.679341823316057614e+01,7.141504218592887865e-01,-4.530537758387641611e-01,1.041254324145987620e-02,-7.454669620705863149e-03,-6.941354739556069436e-03,-1.897811464728238207e+01,-8.527992705881175084e+01,1.918012561664922941e+02,-5.049018884480020730e-02,-7.338861880156305517e+01,3.225585148001662310e+04,0.000000000000000000e+00,6.473218749394339102e+04
2.900999999999791523e+00,1.679345625721856905e+01,7.140813328417532357e-01,-4.531025683599210763e-01,6.730341658405342110e-04,-8.500845660850624153e-03,-4.378166798191928527e-03,-3.201294605653401959e+00,-2.333764703298814425e+01,1.907327796657382351e+02,-5.054840210175298026e-02,-7.348055514466366844e+01,3.471010127743757039e+04,0.000000000000000000e+00,6.467016914899055701e+04
2.910999999999790422e+00,1.679353451426217703e+01,7.140234068426530856e-01,-4.531520960480320825e-01,1.335163291411744536e-02,-2.038843477322460455e-03,-4.862361557244683496e-03,-4.020220770946639277e+01,-1.912221130844744721e+01,2.435683330352599114e+02,-5.055942155134941079e-02,-7.355521576143108575e+01,3.622677728665755421e+04,0.000000000000000000e+00,6.498877906324028299e+04
2.920999999999789321e+00,1.679358130131775084e+01,7.139568289706487159e-01,-4.531940557295034977e-01,6.356191255059892012e-04,-1.000940981701919225e-02,-4.079149381508439219e-03,-2.904374859918789298e+01,-7.614564017671094120e+01,1.920687932181722317e+02,-5.064126973527621062e-02,-7.360276535232198114e+01,3.381435774664926430e+04,0.000000000000000000e+00,6.525716249261251505e+04
2.930999999999788219e+00,1.679361058098132986e+01,7.138772692686762289e-01,-4.532370625980215451e-01,1.533503635980133784e-02,-1.533993186588881704e-03,-5.722259428149385242e-03,1.806813067306320590e+02,1.587504989726212727e+02,5.596186484030386055e+01,-5.068780767462917336e-02,-7.370346406976551634e+01,3.704896125791663508e+04,0.000000000000000000e+00,5.834358688235642330e+04
2.940999999999787118e+00,1.679368698879813238e+01,7.138224396257645266e-01,-4.532930441799911114e-01,1.229347350917341618e-02,-1.907489626269839866e-03,-4.996087508721889885e-03,7.237070574261679212e+00,-1.394531893820422397e+01,2.274574675060807749e+02,-5.071982939743031882e-02,-7.383626034613558886e+01,3.604842268143239926e+04,0.000000000000000000e+00,6.450441876059754577e+04
2.950999999999786017e+00,1.679373648713454514e+01,7.137736328284446374e-01,-4.533110394827568612e-01,8.351004891171265668e-03,2.823748282729496555e-03,-1.793083279796200318e-03,-2.188103315508396918e+01,-1.356388752071507042e+01,2.194937180515426007e+02,-5.075629659335458704e-02,-7.393791392000915152e+01,3.612995151475897728e+04,0.000000000000000000e+00,6.515677510894648731e+04
2.960999999999784915e+00,1.679383917826823591e+01,7.138186832867076115e-01,-4.533459954829695548e-01,1.985511881010045693e-02,1.016695664334167117e-02,-4.814771285829804078e-03,-3.294317410543158076e+01,-4.021098969685112934e+01,2.325278230345984412e+02,-5.075454968093433272e-02,-7.405797098901690845e+01,3.740802598358265095e+04,0.000000000000000000e+00,6.458390159374280483e+04
2.970999999999783814e+00,1.679390912850070805e+01,7.138028281388376639e-01,-4.533885310699853344e-01,-1.126038854972698580e-02,-1.452937414157021156e-02,-7.844439991391199745e-04,-1.654187312994865806e+02,-1.855308609408928362e+02,2.607246996315361685e+02,-5.099787721575758243e-02,-7.419731339950342885e+01,3.772599492596901109e+04,0.000000000000000000e+00,6.606615808304934762e+04
2.980999999999782712e+00,1.679382823346461961e+01,7.136740787968726130e-01,-4.533764358879884826e-01,2.293636625659880831e-04,-4.464414186708847050e-03,-2.110295844257731313e-03,-5.975678216243977658e+00,-5.714993358636155563e+01,2.389947711881877694e+02,-5.159575157902986792e-02,-7.421840251001817990e+01,3.580367791348078754e+04,0.000000000000000000e+00,6.693872416690476530e+04
2.990999999999781611e+00,1.679399849245606546e+01,7.136718278110396607e-01,-4.534613550808305193e-01,2.742033819533559735e-02,1.959928166860983034e-03,-1.585032682211390612e-02,-9.198713229365512234e+01,-6.226945786535543448e+01,2.167710960946765226e+02,-5.200447527572484713e-02,-7.455185763932384191e+01,3.910149306087328296e+04,0.000000000000000000e+00,6.572733032274484867e+04
3.000999999999780510e+00,1.679415584693215280e+01,7.135987561508129184e-01,-4.536256937514230314e-01,1.483611312000613844e-02,-1.166202105190376585e-02,-1.700840226226155508e-02,9.343031511921162746e+01,8.268639101080157161e+01,6.866897296612432910e+01,-5.262080543924346071e-02,-7.495128839247161068e+01,4.066316853012518550e+04,0.000000000000000000e+00,6.121720713640280883e+04
3.010999999999779408e+00,1.679428890203511315e+01,7.134541115085080154e-01,-4.537874561414377839e-01,1.055923931716846488e-02,-1.787574178210963455e-02,-1.354123735980241813e-02,-4.796883733668937566e+01,-4.958855953937728600e+01,3.203425484147142015e+02,-5.335940911843100459e-02,-7.528095879893623987e+01,3.649931361770344665e+04,0.000000000000000000e+00,6.842364526087211561e+04
3.020999999999778307e+00,1.679443060636400631e+01,7.132754395862808128e-01,-4.539248225724575869e-01,1.040217409206829237e-02,-2.096772795993274291e-02,-1.255964874194183227e-02,-6.741403491678534010e+01,-7.802781170226992913e+01,2.536184440274919325e+02,-5.390537596719414265e-02,-7.532483204609226846e+01,3.746010470586879819e+04,0.000000000000000000e+00,6.951422800546625513e+04
3.030999999999777206e+00,1.679455191578290396e+01,7.130733600037650888e-01,-4.540502581305447816e-01,1.197147723603974798e-02,-1.866639401231955445e-02,-1.245343507299236617e-02,-5.169332129899112260e+01,-1.825343505586573656e+01,2.238083747354403386e+02,-5.453164564265153280e-02,-7.550108049506738439e+01,3.943759621325008629e+04,0.000000000000000000e+00,6.790236724616614811e+04
3.040999999999776104e+00,1.679449712859873145e+01,7.127227906600186458e-01,-4.540790790089690443e-01,-3.674660092894941471e-02,-6.136908656070560325e-02,1.018742361313503333e-02,-1.709009087402607747e+02,-2.207688674558285697e+02,3.037785091317114166e+02,-5.520235341638259075e-02,-7.544219340847715216e+01,3.780442374594410649e+04,0.000000000000000000e+00,6.984137394484286779e+04
3.050999999999775003e+00,1.679403122369496160e+01,7.120093696320969334e-01,-4.539011041351835307e-01,-6.441719279895655181e-02,-8.501791110103211480e-02,2.693167330633049542e-02,-1.430309143800567426e+02,-1.679036021405007659e+02,4.223158771736857489e+02,-5.570257079407519435e-02,-7.495760602389270844e+01,3.735019174883874075e+04,0.000000000000000000e+00,7.079685988699682639e+04
3.060999999999773902e+00,1.679328757683062534e+01,7.111263679318508002e-01,-4.535953484883301634e-01,-7.036100895345592798e-02,-8.541029186317967981e-02,2.665168734311828061e-02,-2.296447298773614420e+01,2.454699550764397031e+01,1.274934263866498441e+02,-5.567179247839014467e-02,-7.442193099620226349e+01,3.923354752842486050e+04,0.000000000000000000e+00,6.798042009053262882e+04
3.070999999999772800e+00,1.679273536409159107e+01,7.104246777941244373e-01,-4.534094277184763100e-01,-4.393585364080983963e-02,-6.058160707441632292e-02,1.462109455655578524e-02,-2.170183772233008312e+01,2.108793294995189171e+01,3.440561132219565934e+02,-5.570996363436956506e-02,-7.402954729906515752e+01,3.634088928522977221e+04,0.000000000000000000e+00,7.168303811008727644e+04
3.080999999999771699e+00,1.679244457020870485e+01,7.100389823694684965e-01,-4.533270548157112279e-01,-1.333607442481338223e-02,-2.038043589264314920e-02,3.375626212891131867e-03,1.481466450430266377e+02,2.100161244863311936e+02,-4.024617429042245931e+01,-5.572294768272582910e-02,-7.393421349039958557e+01,4.195586447859404871e+04,0.000000000000000000e+00,6.317858458577077545e+04
3.090999999999770598e+00,1.679232277446893562e+01,7.098887994247529143e-01,-4.533065161352433092e-01,-3.870302229193922899e-03,-8.047561004748786384e-03,-8.234017161775257845e-04,1.229569847147040491e+02,1.474693993524414850e+02,-2.765428118992349482e+01,-5.575236310301589365e-02,-7.403081204317932418e+01,4.233171430985072948e+04,0.000000000000000000e+00,6.370252508315505111e+04
3.100999999999769496e+00,1.679221548325854130e+01,7.096335036810641483e-01,-4.532642955104769222e-01,-1.020202222045861820e-02,-3.298396490829793443e-02,6.042741035164124128e-03,1.046984843659677153e+02,8.325738346251841904e+01,2.444615133228489867e+01,-5.582152948662150865e-02,-7.410019447031950790e+01,3.928007253227467299e+04,0.000000000000000000e+00,6.750719892821265967e+04
3.110999999999768395e+00,1.679215353570036484e+01,7.093208759704231481e-01,-4.532249309420023908e-01,-1.345652333330119195e-02,-3.321569061697783598e-02,4.856087611425694180e-03,-1.029574912149116699e+02,-8.798577591869241132e+01,2.905962963153010605e+02,-5.594342120959204523e-02,-7.435479469419193777e+01,3.879665510645197355e+04,0.000000000000000000e+00,7.265216546634334372e+04
3.120999999999767294e+00,1.679205234805051816e+01,7.090174260185122534e-01,-4.531992546972011260e-01,-1.179509115213788970e-02,-2.752648991098464656e-02,3.159729248071856036e-03,-2.404322800889826794e+01,-3.699514318064757390e+00,2.250988521110225520e+02,-5.604966351546265130e-02,-7.445721469792458436e+01,3.947661738865083316e+04,0.000000000000000000e+00,7.077657438428142632e+04
3.130999999999766192e+00,1.679189584975705785e+01,7.087617094710475518e-01,-4.531792314520041165e-01,-1.582923922523728905e-02,-2.228373333134827869e-02,-4.754286237395379000e-04,6.903244710168110032e+01,8.351799857225412893e+01,7.684354133259603259e+00,-5.610912050182821631e-02,-7.465124122291071274e+01,4.132473093871589663e+04,0.000000000000000000e+00,6.981023856993544905e+04
3.140999999999765091e+00,1.679176881141932398e+01,7.086280207267721121e-01,-4.531711807020996630e-01,-8.846426923467621065e-03,-4.334610361633615440e-03,2.411217985230137278e-03,-1.549456211760343649e+01,8.181489863394020290e+01,1.205456771294848295e+02,-5.610350823647576590e-02,-7.483471089704615054e+01,4.119663298191736976e+04,0.000000000000000000e+00,6.995455295160475362e+04
3.150999999999763990e+00,1.679162810813843976e+01,7.085446610638310716e-01,-4.531337246963725862e-01,-1.207431076216904618e-02,-1.037359444688297667e-02,3.345741924321359202e-03,-1.683754208490199744e+01,1.980147535668720593e+01,1.859295243948463394e+02,-5.610630193751268979e-02,-7.473722345850990223e+01,3.645817450108884805e+04,0.000000000000000000e+00,7.036676389063983515e+04
3.160999999999762888e+00,1.679156283099355207e+01,7.084690778982545289e-01,-4.531344615948183496e-01,-1.020777733682430230e-02,-6.454454801534176799e-03,8.739680591230663111e-05,5.054653235269643119e+01,8.190563900600091074e+01,7.742081247612713923e+01,-5.611969702005199789e-02,-7.454228149661994962e+01,4.089219571419951535e+04,0.000000000000000000e+00,6.855901039908883104e+04
3.170999999999761787e+00,1.679149012769115146e+01,7.084083811166799194e-01,-4.531394995815992144e-01,-6.110948330601094838e-03,-1.548416844577102641e-03,-8.438099883657329504e-04,-2.662270723570668451e+01,-9.239450636722040144e+00,2.486747948585884842e+02,-5.612039856490995404e-02,-7.427508261221677799e+01,3.803404683508470043e+04,0.000000000000000000e+00,7.080717458372557303e+04
3.180999999999760686e+00,1.679139922071573210e+01,7.083427889566814573e-01,-4.531377724250196248e-01,-1.490142840520526472e-02,-9.999314072599014072e-03,2.343374185295064513e-03,-8.821109927427050934e+01,-1.182043862424369536e+02,3.260932163846578078e+02,-5.611365620756870315e-02,-7.392413747789699130e+01,3.568011680078573409e+04,0.000000000000000000e+00,7.808608452265175583e+04
3.190999999999759584e+00,1.679131825048107629e+01,7.082659782523765823e-01,-4.531445134406568154e-01,-1.146227178782648938e-02,-1.225445825728093893e-02,2.218422915851514694e-03,9.062951340962899849e+01,1.241297348878290734e+02,-4.117175308967080127e+01,-5.607086149165295408e-02,-7.359625697713615011e+01,4.255195929948366393e+04,0.000000000000000000e+00,6.854754807308111049e+04
3.200999999999758483e+00,1.679124599888568170e+01,7.081941994585927436e-01,-4.531667875577461424e-01,-2.113241062127024783e-02,-1.488852501239375063e-02,2.301056020994169619e-03,-1.057273411345469185e+02,-1.555448561243891845e+02,4.207867696726975737e+02,-5.608371228059005897e-02,-7.342990732679102450e+01,3.433320333241779736e+04,0.000000000000000000e+00,7.831362199272666476e+04
3.210999999999757382e+00,1.679121550957920306e+01,7.081486815731613538e-01,-4.531807972060087342e-01,1.076790904287111897e-02,4.130788647712262986e-03,-7.558569068793183181e-03,5.785737526250954943e+01,5.479440799059861433e+01,7.717081924399917625e+01,-5.607111270784031348e-02,-7.323973916182583821e+01,4.020946943267014285e+04,0.000000000000000000e+00,7.198121316863276297e+04
3.220999999999756280e+00,1.679119414160008716e+01,7.081104441473696776e-01,-4.531878546889453463e-01,7.571961440440732813e-03,8.617183853634790072e-04,-2.289567542689009347e-03,-1.494395813279061258e+01,2.082870289873164893e+01,1.932774064284249107e+02,-5.605280856293196057e-02,-7.308846665598350967e+01,3.792090840844046761e+04,0.000000000000000000e+00,7.228587411574882572e+04
3.230999999999755179e+00,1.679113433516092613e+01,7.080574225835586377e-01,-4.531697162786928468e-01,4.352442511640230603e-04,3.146633291244748179e-04,-1.280953017249202974e-03,1.416831004516473058e+01,4.575554442045404357e+01,1.862576997844139441e+02,-5.604901991709542591e-02,-7.291613790941676143e+01,3.921075266731242300e+04,0.000000000000000000e+00,6.928881850884566666e+04
3.240999999999754078e+00,1.679109415329742561e+01,7.080205950233261492e-01,-4.531522851475912050e-01,3.668896591136143123e-03,-1.700147344559739841e-03,-5.159778579981679934e-04,9.443757456950766027e+01,1.239283087358921307e+02,-3.480542390078880999e+01,-5.602715009172417465e-02,-7.263634505298487909e+01,4.132623476777298492e+04,0.000000000000000000e+00,6.948976052285837068e+04
3.250999999999752976e+00,1.679105226250189986e+01,7.079706525905323788e-01,-4.531592285111895047e-01,-4.205094691495221693e-03,-4.785683735221194467e-03,-7.882756391822775925e-04,-1.214755118563912220e+02,-1.697241468676725162e+02,4.603021911043495038e+02,-5.605245257512513068e-02,-7.248569782739187417e+01,3.310282140272003016e+04,0.000000000000000000e+00,7.884209605114467558e+04
3.260999999999751875e+00,1.679100957933238902e+01,7.079401808808443164e-01,-4.531496447357948876e-01,-1.284942807160017846e-02,-9.154761038176409058e-03,4.371886907825960414e-03,-1.091083514050162648e+02,-1.499975856877008482e+02,4.132945805994791044e+02,-5.602582575907476964e-02,-7.235756084348230388e+01,3.330000345879334782e+04,0.000000000000000000e+00,7.885664744153567881e+04
3.270999999999750774e+00,1.679094387106796304e+01,7.078871033051293837e-01,-4.531498409187634802e-01,-1.325477947529000132e-02,-9.464463626381328099e-03,2.377099348841209530e-03,3.195100030589253493e+01,1.554156266663267161e+01,1.945886781602325755e+02,-5.604161439177397785e-02,-7.221011185050925008e+01,3.573652946811034053e+04,0.000000000000000000e+00,7.243068204023074941e+04
3.280999999999749672e+00,1.679090794493465211e+01,7.078509622541220292e-01,-4.531663131653798637e-01,-2.487281704451256049e-03,1.638045388100448183e-04,-1.987930243363585526e-03,5.790174188141168088e+01,6.155723844476187878e+01,1.144844071107895616e+02,-5.601451993308036170e-02,-7.211280124846804540e+01,3.887613135539986251e+04,0.000000000000000000e+00,7.065258259674927103e+04
3.290999999999748571e+00,1.679080635808523425e+01,7.077827924377295687e-01,-4.531499560948418215e-01,-8.936488434059539424e-03,-4.987885889482783497e-03,2.862329050030387213e-03,5.633774101475273710e+01,7.216455170487814996e+01,8.456439113073702174e+01,-5.600741657178053695e-02,-7.204300183889748155e+01,3.560311070856251899e+04,0.000000000000000000e+00,7.365395200637982634e+04
3.300999999999747470e+00,1.679076161201556516e+01,7.077647268018809612e-01,-4.531611206848737972e-01,-7.695427353310866150e-03,-6.958954740395230203e-03,2.244698001703394202e-03,-3.270098712145795616e+01,-2.413397880936736328e+01,1.980377305198785507e+02,-5.603826261217215859e-02,-7.189102643523766289e+01,3.475629563060806686e+04,0.000000000000000000e+00,7.639805992938467534e+04
3.310999999999746368e+00,1.679076773426343294e+01,7.077527891290824602e-01,-4.531910764021506721e-01,-2.623910938656268295e-03,-2.041993167121595402e-03,5.362620287320870455e-04,2.859735843386965826e+01,3.925318804041921794e+01,1.833344091245230629e+02,-5.599063540460560290e-02,-7.177718611976607122e+01,3.755627474228852952e+04,0.000000000000000000e+00,7.084280185666898615e+04
3.320999999999745267e+00,1.679075612152325903e+01,7.077218974235601756e-01,-4.531640575938991056e-01,1.396347126560858621e-04,-3.044550309661818357e-03,2.716335048357648024e-03,-1.356278889360040694e+02,-1.821137039593994587e+02,4.506601798348513057e+02,-5.600697339876446745e-02,-7.163924470009887102e+01,3.247540988361625932e+04,0.000000000000000000e+00,8.035289620578402537e+04
3.330999999999744166e+00,1.679070031285495901e+01,7.076903144612863850e-01,-4.531610020985878950e-01,5.425978220804391836e-03,1.789288002052589208e-03,-1.717847652728028522e-03,-4.651539868087968443e+01,-7.748118087100283446e+01,3.470913152165976499e+02,-5.603087032904827819e-02,-7.151321891055546587e+01,3.487750952920581767e+04,0.000000000000000000e+00,7.575956399481835251e+04
3.340999999999743064e+00,1.679066527907352935e+01,7.076700110889806439e-01,-4.531681146858709819e-01,-5.207879902318241286e-03,-3.270008128076243217e-03,2.077418050746787127e-03,-1.124013883530499243e+02,-1.619711712802156853e+02,4.301635696269859181e+02,-5.597631805293797752e-02,-7.150888393829529832e+01,3.214269137157867954e+04,0.000000000000000000e+00,8.049488145547012391e+04
3.350999999999741963e+00,1.679064762266476407e+01,7.076451902127979254e-01,-4.531451372487254048e-01,2.559710382728000964e-03,6.509697389025082383e-04,1.957439244737601333e-03,1.312162605042874475e+01,5.049854834250595559e+01,1.626219591440503791e+02,-5.598709997463108268e-02,-7.136878697009458961e+01,3.771929739969383081e+04,0.000000000000000000e+00,7.139098438869764504e+04
3.360999999999740862e+00,1.679060111572973213e+01,7.076261093159720295e-01,-4.531328591799915206e-01,-1.356952187167984741e-02,-4.156609279606386133e-03,2.376542206294544966e-04,-9.311416955577965382e+01,-1.580059139456019466e+02,4.190008312524155372e+02,-5.600190117289529507e-02,-7.124546886321998329e+01,3.188731814666502760e+04,0.000000000000000000e+00,8.063181429642011062e+04
3.370999999999739760e+00,1.679058155076342729e+01,7.076070726604993810e-01,-4.531419238956443940e-01,-9.222336231629860506e-03,-3.859448572450893244e-03,1.710367150447812592e-03,5.254710894075287797e+00,7.840495218238993402e+01,8.766682931914783694e+01,-5.596342796226443095e-02,-7.110763173810784110e+01,3.923989084394926613e+04,0.000000000000000000e+00,7.272622094515879871e+04
3.380999999999738659e+00,1.679054555445459940e+01,7.075707000090203369e-01,-4.531194316097587604e-01,-1.593127573842356454e-04,-3.308618869693415090e-03,2.368218256226020495e-03,8.949321200901636075e+01,7.680016010534427551e+01,-2.399340261161796661e+00,-5.599121942033974397e-02,-7.105983645602898946e+01,3.768336416814957192e+04,0.000000000000000000e+00,7.512788276265887544e+04
3.390999999999737557e+00,1.679049471060290344e+01,7.075513632865571001e-01,-4.530755902359105969e-01,-1.698519022610270671e-02,-1.015658606852818183e-02,7.197905608594451846e-03,-5.821829276903861228e+01,-9.948319706156541997e+01,3.275338050956565894e+02,-5.598675860252514541e-02,-7.095079228619115952e+01,3.399412615333441499e+04,0.000000000000000000e+00,7.817558918356112554e+04
3.400999999999736456e+00,1.679046214613149246e+01,7.075401906108927941e-01,-4.530827577882385881e-01,-3.031962350886540335e-03,1.043713088748558619e-04,4.666739986586532999e-04,-1.511011607606644702e+01,-1.980006634829487666e+01,2.623317434647015034e+02,-5.597880088576408231e-02,-7.088567456030523317e+01,3.640956751320295734e+04,0.000000000000000000e+00,7.396873947484418750e+04
3.410999999999735355e+00,1.679043603933919471e+01,7.075303770511496282e-01,-4.530677703105985277e-01,-6.957453838586053624e-03,-2.372976736879036253e-03,3.459061239302270094e-03,-4.032166448797602243e+01,-5.363917182861769106e+01,2.439015946874392284e+02,-5.594147040477480404e-02,-7.077450133823167278e+01,3.726611357304331614e+04,0.000000000000000000e+00,7.813428092239405669e+04
3.420999999999734253e+00,1.679040896562658958e+01,7.075063192776405163e-01,-4.530470264261729496e-01,-2.427605292487403001e-03,-2.397914910592968338e-03,3.465675960081081460e-04,3.470888713529757297e+01,1.054656010540886655e+02,4.093173950656273519e+01,-5.595910940323948340e-02,-7.069155006819724463e+01,4.103800018250899302e+04,0.000000000000000000e+00,7.265758856612896489e+04
3.430999999999733152e+00,1.679038231936816317e+01,7.074929438070209908e-01,-4.530333788792075267e-01,5.442324713267008944e-03,2.034016296537521570e-03,-4.564450957685790866e-04,7.469628291539447673e+01,6.000864626674481883e+01,3.889789888490076919e+01,-5.594995980020402160e-02,-7.070622040034287181e+01,3.854684307270573481e+04,0.000000000000000000e+00,7.365464575916648027e+04
3.440999999999732051e+00,1.679036291079326659e+01,7.074789841673836399e-01,-4.530343613801485203e-01,8.271048443294995737e-05,1.514489920699638214e-03,6.383455494723289797e-04,1.058852456030410849e+01,5.291779638908337802e+01,1.679289119431023209e+02,-5.593928681972480665e-02,-7.069907596844336695e+01,3.784110538751340209e+04,0.000000000000000000e+00,7.171255816698096169e+04
3.450999999999730949e+00,1.679031938692151016e+01,7.074539179705059411e-01,-4.530053697747432606e-01,-1.828887769780515593e-02,-1.191681697620967928e-02,7.466286698838687369e-03,-6.335169985786285451e+01,-5.536694454417511224e+01,3.029766251183514214e+02,-5.592722291074384705e-02,-7.062471955811747648e+01,3.249268882379036586e+04,0.000000000000000000e+00,7.900135118700537714e+04
3.460999999999729848e+00,1.679026890743842770e+01,7.074341824354838382e-01,-4.529884039890987313e-01,-1.712255466493669068e-02,-1.096080214584335168e-02,4.367890166780233861e-03,-9.318955635574820917e+01,-1.506700342718843331e+02,4.024327382504761772e+02,-5.593670993422661386e-02,-7.049731406481430440e+01,3.247435505489863135e+04,0.000000000000000000e+00,8.058111822158822906e+04
3.470999999999728747e+00,1.679024928063849487e+01,7.074234699264269066e-01,-4.529986419906535944e-01,-1.027267296147891390e-02,-7.717018314790910320e-03,3.227053532100456704e-03,-9.910523210407893657e+01,-1.545927686763340034e+02,4.322585588989647931e+02,-5.591116278892788172e-02,-7.048288811765148409e+01,3.315691135660321743e+04,0.000000000000000000e+00,8.006153549083608959e+04
3.480999999999727645e+00,1.679019037255275038e+01,7.073959605301054498e-01,-4.529808297959052599e-01,1.337370540474283435e-03,2.433268570026801084e-03,1.851806339341324954e-04,1.520965056087395624e+02,2.155272205997461015e+02,-1.584067183060085426e+02,-5.589093908257757037e-02,-7.047135135350497137e+01,4.157445611793683202e+04,0.000000000000000000e+00,6.959563899520387349e+04
3.490999999999726544e+00,1.679018668631966094e+01,7.074035945860681629e-01,-4.529706415310062462e-01,-3.155890728959252507e-03,-2.996445615141534423e-03,3.226517601029888112e-03,-8.614312100446807108e+01,-1.340707905325373304e+02,3.782213240732639861e+02,-5.591357589712211973e-02,-7.045794608550711757e+01,3.458371944852055458e+04,0.000000000000000000e+00,7.824516272288023902e+04
3.500999999999725443e+00,1.679020223406135415e+01,7.074025355691203609e-01,-4.529612194783587675e-01,-6.682239638655477869e-03,-4.285242273087261876e-03,2.461804601137963788e-03,-7.738465651999717920e+01,-1.281361058733690470e+02,3.837729375539279317e+02,-5.586534806243762669e-02,-7.041858320852061581e+01,3.450686428978178446e+04,0.000000000000000000e+00,7.771797949669374793e+04
3.510999999999724341e+00,1.679017957323834409e+01,7.073817128133258469e-01,-4.529263537494613856e-01,1.307343463448284180e-03,-6.202131290242905931e-04,2.288463070235126438e-03,-9.888304092663440770e+01,-1.338412024489471150e+02,3.807085750497417393e+02,-5.592647568757525001e-02,-7.045072719888641188e+01,3.413523519801165094e+04,0.000000000000000000e+00,7.815605323586464510e+04
3.520999999999723240e+00,1.679014446054489795e+01,7.073674934831604144e-01,-4.529215144512267477e-01,3.643341702557003920e-04,1.696640631047547677e-03,7.564925456767263457e-04,7.823473094106498138e+01,9.449318398536757968e+01,6.342376084592660845e+01,-5.593443396917596039e-02,-7.040569634871441451e+01,3.694964905444978649e+04,0.000000000000000000e+00,7.211885086978324398e+04
3.530999999999722139e+00,1.679013746534226215e+01,7.073663888391777954e-01,-4.529111062707665836e-01,3.366473220492433374e-03,4.271204108687720949e-03,-2.324177068591238779e-03,-9.161933799234475373e+00,7.172487646301294717e+01,1.116730470921120286e+02,-5.591145004566867860e-02,-7.038744654576393600e+01,3.896526346803353226e+04,0.000000000000000000e+00,7.221703518070583232e+04
3.540999999999721037e+00,1.679009734481516603e+01,7.073623883758612951e-01,-4.529048141839587260e-01,-6.513458805716091683e-03,-2.192184023980026531e-03,-7.640379171277489247e-04,-7.644205910254765968e+01,-1.176882314007212926e+02,3.442772826635755337e+02,-5.590318627074213065e-02,-7.027421285102164461e+01,3.393940846126367978e+04,0.000000000000000000e+00,8.071020441867463524e+04
3.550999999999719936e+00,1.679005975768879111e+01,7.073519836578753273e-01,-4.529062383136686631e-01,-6.626753834416434369e-03,-1.136646326966317356e-03,3.536653647509523709e-03,5.069529309098629710e+01,5.171540185388607824e+01,1.647186288158522984e+02,-5.591425831730026386e-02,-7.025076575403690526e+01,3.916594424256480852e+04,0.000000000000000000e+00,7.081061847373764613e+04
3.560999999999718835e+00,1.679005048898582331e+01,7.073531099027354774e-01,-4.528902839926295387e-01,-4.910133800875300658e-03,-3.589018335988195408e-03,3.867204725574559156e-03,2.439547515582216874e+01,-2.077314369883367817e+01,2.181215444523777478e+02,-5.590724687454354941e-02,-7.019366332510973905e+01,3.645660131604615162e+04,0.000000000000000000e+00,7.339357126617241011e+04
3.570999999999717733e+00,1.679004870971517605e+01,7.073395818535364032e-01,-4.528836435906299918e-01,4.534964402745012522e-03,4.420590156831913191e-03,-2.059575729413979425e-03,-2.900870413123539038e+01,-5.306553596088861013e+00,2.660189102805929906e+02,-5.590449206991281866e-02,-7.021597104437773851e+01,3.693242407718210598e+04,0.000000000000000000e+00,7.374513896193998517e+04
3.580999999999716632e+00,1.679001015388331197e+01,7.073278800406357369e-01,-4.528704399507896272e-01,-7.240652214007649475e-03,-2.513145353067944721e-03,3.298951689087782115e-03,2.419755319168405094e+01,1.076003228037620829e+00,2.071922524160081593e+02,-5.588068129687714242e-02,-7.022500447095652021e+01,3.620369313710033020e+04,0.000000000000000000e+00,7.361448692538408795e+04
3.590999999999715531e+00,1.678998079117467057e+01,7.073314318333252526e-01,-4.528627422365221200e-01,-8.265906351886035883e-03,-2.557878392337004005e-03,1.506426110733385514e-03,8.891590768068226680e+00,3.588274300946989115e+01,1.681528196525355270e+02,-5.583958520088320998e-02,-7.011065279757305291e+01,3.877009690838083043e+04,0.000000000000000000e+00,7.448965592919925984e+04
3.600999999999714429e+00,1.678993938716025269e+01,7.073110523445564901e-01,-4.528454730809429729e-01,-9.609636974528901546e-04,-3.584489692989560865e-03,4.528806251240858108e-04,-1.842309054057864159e+01,-5.297295612825286071e+01,2.489790056254159936e+02,-5.587711663890865266e-02,-7.014418323853193726e+01,3.362954090713192272e+04,0.000000000000000000e+00,7.868477596897368494e+04
3.610999999999713328e+00,1.678991942099035484e+01,7.072968163870068103e-01,-4.528424901122297119e-01,-1.208753391354762310e-03,1.478678926745517330e-03,4.313667855237829861e-04,8.716831344095953682e+01,1.974053089443875137e+02,-1.045115535785225802e+02,-5.586819880085429346e-02,-7.010168964971813921e+01,4.202237593065112742e+04,0.000000000000000000e+00,6.983217461781986640e+04
3.620999999999712227e+00,1.678990389376037484e+01,7.072974540851456604e-01,-4.528376834870495027e-01,2.474395815534278890e-03,2.268382304794758653e-03,-1.107092161448915927e-03,-9.648824783243946968e+01,-1.484671951502049296e+02,4.182912018308768438e+02,-5.584700989649609565e-02,-7.013877349791869165e+01,3.576547454663152894e+04,0.000000000000000000e+00,7.817055273821568699e+04
3.630999999999711125e+00,1.678987243934173534e+01,7.072913454111522391e-01,-4.528216485309480843e-01,1.637286801859201557e-02,9.565227744114994379e-03,-3.669894281250688471e-03,9.303639540896074323e+01,1.087113539302603158e+02,1.362654166361676289e+01,-5.585193116857754825e-02,-7.012293038537292489e+01,3.984545517519665736e+04,0.000000000000000000e+00,7.104992528124382079e+04
3.640999999999710024e+00,1.678984072107043701e+01,7.072733776189437105e-01,-4.528036237797639640e-01,-2.457518550009629970e-03,-3.963442419774001655e-04,2.796408704375356012e-03,-1.070241863450996789e+01,-1.244251709117111204e+01,2.360321806283254773e+02,-5.588073908457585892e-02,-7.016052517625765006e+01,3.599090525324158079e+04,0.000000000000000000e+00,7.408770059402713377e+04
3.650999999999708923e+00,1.678983703984633991e+01,7.072646449237005584e-01,-4.527849370521720984e-01,-8.743450658202546119e-03,-2.542998487321450427e-03,4.093229127015545095e-03,-1.856194730122308556e+01,2.020939777791545566e+01,1.979088853792618465e+02,-5.585086497604422467e-02,-7.016960232365063632e+01,3.674425510796760500e+04,0.000000000000000000e+00,7.456025549374020193e+04
3.660999999999707821e+00,1.678982586978192870e+01,7.072710773372692383e-01,-4.527584788913496805e-01,-3.562707133815444863e-04,1.583274197484155405e-04,1.013221456931628949e-03,2.082477994965552170e+01,-3.524900203083788597e+00,1.387463245041494702e+02,-5.584956483560563067e-02,-7.007590222339142372e+01,3.612602871134530869e+04,0.000000000000000000e+00,7.757069913310139964e+04
3.670999999999706720e+00,1.678983483947186528e+01,7.072791095286713459e-01,-4.527378579134025416e-01,-2.596853694785296448e-04,-2.007339208394713290e-03,5.761693660838359534e-04,-9.906308358976559703e+01,-1.325160469887767931e+02,3.498162364935633377e+02,-5.583496903260599248e-02,-6.996919976639344441e+01,3.425596641219851153e+04,0.000000000000000000e+00,8.055963438807245984e+04
3.680999999999705619e+00,1.678982417930780713e+01,7.072733962688885212e-01,-4.527535458727326989e-01,7.400527511478748521e-04,-1.818056259288422082e-03,2.355978552275526906e-04,-4.190418562904653754e+01,-5.850798185580742938e+01,3.116936348516269391e+02,-5.581141091380249081e-02,-7.003552068636133754e+01,3.493278460739592265e+04,0.000000000000000000e+00,7.590014039909209532e+04
3.690999999999704517e+00,1.678976616338162486e+01,7.072442896387289846e-01,-4.527172039501781708e-01,-1.050299465645164985e-02,-1.816506186975380124e-03,4.947478624299148781e-03,7.028607833683281569e+00,2.388661252980500649e+01,1.833141522076921319e+02,-5.584926538059739598e-02,-7.010344808718767240e+01,3.580620964202492905e+04,0.000000000000000000e+00,7.364581182775109482e+04
3.700999999999703416e+00,1.678975104780885985e+01,7.072433969236618934e-01,-4.526936284490191698e-01,-5.405477697411052197e-03,-9.417549672975096108e-04,3.658925206547931908e-03,1.508673172709870869e+01,3.206700536943856150e+01,1.606781796946429495e+02,-5.581135469111305619e-02,-6.995743613631212554e+01,3.870225861586384417e+04,0.000000000000000000e+00,7.361715508366950962e+04
3.710999999999702315e+00,1.678974735996024847e+01,7.072493461386901714e-01,-4.526930633752079269e-01,5.395411148203402806e-03,4.782510835169003632e-03,-3.044198119554046914e-03,-4.247897817301577561e+00,-2.992395917154340168e+01,2.631093975414587476e+02,-5.579721532570601494e-02,-6.990289415499050563e+01,3.641187995153462543e+04,0.000000000000000000e+00,7.313072037352435291e+04
3.720999999999701213e+00,1.678968282543884527e+01,7.072125377922848788e-01,-4.526735781158731098e-01,-9.359871960485519754e-03,-4.423627345164768583e-03,-7.524090205120977429e-05,-2.199538969112109044e+01,6.636263344966164368e+01,1.159667242681712196e+02,-5.581495689803131488e-02,-6.987792606947483876e+01,3.715148548374058009e+04,0.000000000000000000e+00,7.479310504846733238e+04
3.730999999999700112e+00,1.678970923574380691e+01,7.072271316993995471e-01,-4.527078732906901770e-01,-9.513749528996674754e-03,-6.433664640362369430e-03,2.948754257560587053e-03,-8.775994509375107100e+01,-6.897131668527049442e+01,3.486853874357489076e+02,-5.572368812965014517e-02,-6.995112339592432704e+01,3.381644989279023139e+04,0.000000000000000000e+00,7.875729214980047254e+04
3.740999999999699011e+00,1.678967305925198161e+01,7.072177499847625004e-01,-4.526883959660633061e-01,-8.565208589393552346e-04,2.828746843946796600e-03,5.815593658036427409e-04,-2.407352547609593785e+01,-2.533356321469227623e+00,2.291974906404298054e+02,-5.577839451321069120e-02,-6.992609251098917866e+01,3.661039000337565813e+04,0.000000000000000000e+00,7.414226448021260148e+04
3.750999999999697909e+00,1.678963835313090058e+01,7.072009377263239749e-01,-4.526768884110780600e-01,8.611951780455987015e-04,3.240867022200919628e-03,-1.454886860951985555e-03,-2.222052085082123085e+01,-6.108015294489632652e-01,2.488954214129744287e+02,-5.580613000348760844e-02,-6.987589898365978058e+01,3.664333803780614835e+04,0.000000000000000000e+00,7.382446886853728211e+04
3.760999999999696808e+00,1.678962307969565870e+01,7.071804039062079550e-01,-4.526685343513637272e-01,-3.523817899923252939e-03,-6.650185874394031870e-04,2.314888329962949947e-03,-1.582003171177996137e+01,-6.682046877366019544e+00,2.323548057041643915e+02,-5.579399129160204224e-02,-6.987554109440188199e+01,3.651070943994852132e+04,0.000000000000000000e+00,7.431555843256413937e+04
3.770999999999695707e+00,1.678961507807061082e+01,7.071747554808176517e-01,-4.526667345662783171e-01,-8.346382361804929179e-03,-5.154503451982976603e-03,2.869658757564777160e-03,-1.038961548764332292e+02,-1.609742827406957986e+02,4.310132062223092362e+02,-5.574335261308641792e-02,-6.989404404300530871e+01,3.321299258067311894e+04,0.000000000000000000e+00,8.003849101957258245e+04
3.780999999999694605e+00,1.678957363691100824e+01,7.071547968903083570e-01,-4.526335445559031001e-01,-1.010896498944614461e-02,-3.918133056496256317e-03,5.078894285955667595e-03,-9.017323069302062777e+01,-8.281518835928477529e+01,3.281611502991736415e+02,-5.581080840091913464e-02,-6.985642101870347176e+01,3.349115125743432873e+04,0.000000000000000000e+00,7.922037251147323695e+04
3.790999999999693504e+00,1.678957408133732088e+01,7.071584986704446685e-01,-4.526283824542703949e-01,-2.679900717799262554e-03,1.937218968389810335e-04,-4.467020769107317370e-04,3.556712593568579450e+01,9.157478767307406997e+01,3.759176525911425415e+01,-5.577007593688938086e-02,-6.975006107128142219e+01,4.089446181623471784e+04,0.000000000000000000e+00,7.291924547803800669e+04
3.800999999999692402e+00,1.678957220070725143e+01,7.071547252941404738e-01,-4.526222584928007997e-01,1.565544962123393419e-02,1.163522808358351431e-02,-3.779388027428911417e-03,1.538848464544489616e+02,1.857173574553231674e+02,-1.076111389704610701e+02,-5.581114003007044827e-02,-6.974402575031987794e+01,4.128502417807142047e+04,0.000000000000000000e+00,6.864880988232884556e+04
3.810999999999691301e+00,1.678955551669137591e+01,7.071547058419370702e-01,-4.526286844341097515e-01,6.075772921122110128e-03,3.815689107901558061e-03,-3.030560471626935273e-03,-6.174143986658327776e+01,-9.662954847309424622e+01,2.938806168765272560e+02,-5.579552337719918820e-02,-6.973234394886134169e+01,3.554762917885788193e+04,0.000000000000000000e+00,7.843076393584434118e+04
3.820999999999690200e+00,1.678952290363475086e+01,7.071314070278436059e-01,-4.526132765639239719e-01,4.213930813070751631e-03,2.473873569374153425e-03,1.597102216485665098e-03,6.223616688104198147e+01,9.672011860831614172e+01,8.175723469640524854e+01,-5.579838440889891421e-02,-6.977010780325571204e+01,3.817303105222229351e+04,0.000000000000000000e+00,7.177405140417622169e+04
3.830999999999689098e+00,1.678950523424406427e+01,7.071352525900640451e-01,-4.526188721835229245e-01,-1.112314759525716637e-02,-5.340617887266474462e-03,6.260814640674911523e-04,-9.941276774182279041e+01,-1.492279592369852708e+02,4.114247096991919079e+02,-5.576212239837468471e-02,-6.977854663474595043e+01,3.203435371363718150e+04,0.000000000000000000e+00,8.079376441715398687e+04
3.840999999999687997e+00,1.678948627960728857e+01,7.071116879063591432e-01,-4.526010153507554756e-01,8.594942191983208357e-03,2.795690559963487452e-03,1.369089620562482894e-03,1.629216524026344359e+01,2.865962101087632163e+01,1.948801685198432097e+02,-5.576447260033151609e-02,-6.980370405100147480e+01,3.747484437127246201e+04,0.000000000000000000e+00,7.072515025997810881e+04
3.850999999999686896e+00,1.678949332949991202e+01,7.071197122592604023e-01,-4.525845091608557968e-01,-1.156488580547434565e-03,4.924082697284897121e-04,5.293593759547823591e-04,-2.157671627838135464e+01,1.280644757788854804e+01,2.082308126751922828e+02,-5.571698596083397848e-02,-6.974105808928008798e+01,3.574788756076416030e+04,0.000000000000000000e+00,7.391713227177596127e+04
3.860999999999685794e+00,1.678945409493505281e+01,7.071026805400093540e-01,-4.525647676244670681e-01,1.834370551946128223e-03,1.684756309630940823e-03,-2.577445565583996994e-03,1.050514162022084292e+02,1.779518382744668656e+02,-6.805962710294670615e+01,-5.578513668821456772e-02,-6.969412334418912280e+01,4.029600468486921454e+04,0.000000000000000000e+00,6.979183138250962656e+04
3.870999999999684693e+00,1.678944277543420682e+01,7.071248479206436732e-01,-4.525859611383033498e-01,3.033779475628546000e-03,3.271336289509551437e-03,-1.303000002707704191e-03,4.250698501836700416e+01,5.426198744012492625e+01,1.184959837102114761e+02,-5.577203535755256153e-02,-6.959061603025267573e+01,3.859561434327971074e+04,0.000000000000000000e+00,7.193613440404123685e+04
3.880999999999683592e+00,1.678942911226872781e+01,7.071098413523166926e-01,-4.525687135086811086e-01,2.718289123855880882e-03,7.566419708441848380e-04,-1.813915004746828727e-03,2.029793632975042783e+01,9.209107330326173724e+01,6.237538502667939611e+01,-5.577455251999961089e-02,-6.952244774296214302e+01,4.134148385129866801e+04,0.000000000000000000e+00,7.259100839312492462e+04
3.890999999999682490e+00,1.678942035293126622e+01,7.071107668925239453e-01,-4.525718468233941305e-01,1.650929059395269067e-03,2.594513726001382824e-03,1.480981742009687555e-03,-5.140040954338917345e+01,-7.117829236760735512e+01,3.054647791726874857e+02,-5.577951640863833965e-02,-6.955738341359705146e+01,3.481755898128991248e+04,0.000000000000000000e+00,7.636913178035592136e+04
3.900999999999681389e+00,1.678939059529689359e+01,7.070856951578966543e-01,-4.525472858444317681e-01,-1.148020897061389177e-02,-7.267110727936921047e-03,6.338334720891857649e-03,2.947034658337474866e+01,1.818765397148138163e+01,1.780996564931119792e+02,-5.576256487575229764e-02,-6.953423439616899770e+01,3.632520256181959849e+04,0.000000000000000000e+00,7.333159421215229668e+04
3.910999999999680288e+00,1.678937469493765278e+01,7.070831841374619620e-01,-4.525597446998615991e-01,-7.025277100278971669e-03,-5.102614241880428989e-03,1.969360836516360815e-03,2.774049114149829620e+01,-1.087572680699508965e+00,2.268694152854923232e+02,-5.572454709453552452e-02,-6.961575411928052404e+01,3.721761685715879867e+04,0.000000000000000000e+00,7.291083746249976684e+04
3.920999999999679186e+00,1.678939951090669425e+01,7.070944664713402217e-01,-4.525557291935776716e-01,5.745766653243290431e-03,5.835085639037123836e-03,-2.132484722427063946e-03,-5.058172867365192360e+01,-1.161249029703685665e+01,2.490479076898868698e+02,-5.570699795541877303e-02,-6.962490800839418625e+01,3.652999508898284694e+04,0.000000000000000000e+00,7.440626676730341569e+04
3.930999999999678085e+00,1.678935119743837134e+01,7.070911528185782613e-01,-4.525555358253307570e-01,6.006041628435161706e-03,2.812557271268196091e-03,-2.635122026967261916e-03,6.032988843639532206e+01,3.972702406530012809e+01,1.191702830667536546e+02,-5.576580188255621240e-02,-6.961990808644297601e+01,3.578303726254130743e+04,0.000000000000000000e+00,7.437949750911018054e+04
3.940999999999676984e+00,1.678932462287404803e+01,7.070799560414220419e-01,-4.525456579193569140e-01,5.406485009582683542e-03,6.564469480944594773e-03,-3.049563473451151908e-03,9.471472753665170785e+01,1.128139304238122236e+02,2.840946301256099105e+01,-5.572082754722323950e-02,-6.962292535066811183e+01,3.861368441955274466e+04,0.000000000000000000e+00,7.464770109182882879e+04
3.950999999999675882e+00,1.678931303768528949e+01,7.070737008213092700e-01,-4.525325318815157094e-01,4.204554930078841304e-03,1.423873758875741522e-03,-2.322234569202399467e-03,-7.838381207801944583e+00,5.537013123806366366e+01,1.247848005363844095e+02,-5.574685395317561382e-02,-6.965201195787351196e+01,3.907688861843417544e+04,0.000000000000000000e+00,7.254689301794180938e+04
3.960999999999674781e+00,1.678929915404587447e+01,7.070454767982177202e-01,-4.525140902720005687e-01,1.577777544948377915e-03,1.769656358321009459e-03,1.555520561546193132e-03,1.297452493857310856e+02,1.968225299233442058e+02,-1.348983689602882805e+02,-5.573311718688113425e-02,-6.970467915693654959e+01,4.234945586406042275e+04,0.000000000000000000e+00,6.944941754193707311e+04
3.970999999999673680e+00,1.678927049477755773e+01,7.070358953818753900e-01,-4.524934245197544391e-01,-1.342981691204806101e-02,-6.137384101454431730e-03,3.802987800634806143e-03,-6.780806392157478513e+01,-8.484630520578662072e+01,3.343454515565908878e+02,-5.573530942355614526e-02,-6.974598005002275158e+01,3.315557733553438447e+04,0.000000000000000000e+00,7.885064735133625800e+04
3.980999999999672578e+00,1.678924494207560159e+01,7.070270391943306310e-01,-4.524803660131754834e-01,-1.506280511900881199e-04,1.693009454391638898e-05,1.587607123882793124e-04,5.038212420777881562e+01,-4.877832510693451695e+00,1.322559654546953425e+02,-5.574464365818226907e-02,-6.961060632808651860e+01,3.483576173729155562e+04,0.000000000000000000e+00,7.582014417362620588e+04
3.990999999999671477e+00,1.678926206623699713e+01,7.070298116614555095e-01,-4.524906067792062170e-01,3.161850471430243704e-03,1.746020226625690690e-03,3.804634865303936294e-05,1.688799506999521327e+01,3.330362924305075012e+01,1.937495549851864780e+02,-5.569299941330813075e-02,-6.953329851128302153e+01,3.880904713532023743e+04,0.000000000000000000e+00,7.127926834231888643e+04
4.000999999999670820e+00,1.678922205039727800e+01,7.070046721669461798e-01,-4.524679510115106607e-01,-1.021220994033978161e-02,-5.891944310576049774e-03,3.740750894431617464e-03,-2.128942513770130063e+01,-4.001173381932630946e+01,2.673560640787109151e+02,-5.574528875969655961e-02,-6.948938802285663030e+01,3.490745464318888844e+04,0.000000000000000000e+00,7.619877599409258983e+04
4.010999999999674159e+00,1.678920161218220031e+01,7.069858087851451645e-01,-4.524737397546195194e-01,-1.253742357728549785e-02,-5.178871820827268824e-03,1.461617383202968180e-03,-5.994933839649854690e+01,-1.041356505407834447e+02,3.539294758022574570e+02,-5.574290407075553622e-02,-6.948661700279832587e+01,3.404339247752145457e+04,0.000000000000000000e+00,7.793955910150262935e+04
4.020999999999677499e+00,1.678921340317184629e+01,7.070105131909991680e-01,-4.524768763977120023e-01,4.478153420282945940e-03,4.365612125082241057e-03,1.163039507843767950e-03,2.880648068490290825e+01,2.452782929873251305e+01,1.904916720984383574e+02,-5.572687613168052917e-02,-6.948672442850173070e+01,3.779287009514278907e+04,0.000000000000000000e+00,7.068429527031678299e+04
4.030999999999680838e+00,1.678920051217432174e+01,7.070035953490542147e-01,-4.524578885349305191e-01,2.472076554803484972e-03,2.692034041209560771e-03,1.704091757666957628e-03,1.636407903179429013e+01,3.149217534561500997e+01,1.762923433471014505e+02,-5.571877346457468350e-02,-6.942954164074657797e+01,3.838327374554172275e+04,0.000000000000000000e+00,7.138731447675467643e+04
4.040999999999684178e+00,1.678918499563204136e+01,7.070049420374513449e-01,-4.524555024380934043e-01,7.294211106131193341e-03,7.308214117280485179e-03,-4.786384078576629876e-03,1.396966976374337719e+02,1.261536145407305582e+02,-5.618231719467394214e+01,-5.572518397516210142e-02,-6.935236259894422517e+01,4.038254293061917269e+04,0.000000000000000000e+00,7.141491715744507383e+04
4.050999999999687518e+00,1.678915655612768631e+01,7.069879450917793129e-01,-4.524479925287480109e-01,-5.307641151384549956e-03,-4.660537424856055905e-03,4.332270299201205523e-03,2.586342809336179016e+01,1.208817885850442053e+01,2.089913087808640739e+02,-5.571340393031103122e-02,-6.935514118928171001e+01,3.681109863155589119e+04,0.000000000000000000e+00,7.286146768019060255e+04
4.060999999999690857e+00,1.678916861643779512e+01,7.070061541031077423e-01,-4.524398590566698353e-01,2.185912337135046801e-03,4.556067025510289643e-03,7.266622467271322038e-04,7.253280798950072494e-01,8.950769123829445562e+00,1.857939941425693178e+02,-5.568312471724344570e-02,-6.929381769437897276e+01,3.872316245793638518e+04,0.000000000000000000e+00,7.403428867046328378e+04
4.070999999999694197e+00,1.678916979437148527e+01,7.070003154734243456e-01,-4.524323292899062876e-01,2.567561759582934634e-03,1.086416965704529785e-03,-2.678082643328679423e-03,-9.150893710263949288e+01,-1.497620523825777354e+02,4.056193022936777197e+02,-5.567063159651378101e-02,-6.933417047864541871e+01,3.404134117240100022e+04,0.000000000000000000e+00,7.784861755899933632e+04
4.080999999999697536e+00,1.678913326023113939e+01,7.069778635912610243e-01,-4.524186337380652900e-01,5.404995237801025511e-03,3.036284941418979869e-03,-1.796162264573734684e-03,3.111603060750758232e+01,7.452918050352479895e+01,1.179658824904945504e+02,-5.571984411842865331e-02,-6.933059238321970952e+01,3.974646151329873828e+04,0.000000000000000000e+00,7.175069475879598758e+04
4.090999999999700876e+00,1.678913821069520296e+01,7.069841452403771154e-01,-4.524062733213933818e-01,1.838768520213442462e-02,1.289534728682539474e-02,-6.222581730822224384e-03,6.658311331842969594e+01,1.100710849583245192e+02,2.140206196943859140e+01,-5.568334464613790974e-02,-6.934440611842174462e+01,3.878548823723854002e+04,0.000000000000000000e+00,7.147242402216445771e+04
4.100999999999704215e+00,1.678912280576940930e+01,7.069891953569659160e-01,-4.524111441355286312e-01,1.386451978199604307e-02,1.016249086708537024e-02,-3.415447503174548309e-03,1.204406209281455631e+01,-1.065626358962447284e+01,1.984483344442605812e+02,-5.571203993846873814e-02,-6.938474376944745359e+01,3.766317738608424406e+04,0.000000000000000000e+00,7.340243596706785320e+04
4.110999999999707555e+00,1.678908795833014267e+01,7.069496580669694108e-01,-4.523839603259229847e-01,7.978561284877096205e-03,4.853741010326513908e-03,-1.295895729019890495e-03,1.153503478634420389e+02,2.176691160606441997e+02,-9.860448834760859427e+01,-5.569425610556612977e-02,-6.935675548540753255e+01,4.192566841302529065e+04,0.000000000000000000e+00,6.899064112327279872e+04
4.120999999999710894e+00,1.678905000353189791e+01,7.069461854745144880e-01,-4.523736837361170271e-01,-5.620590504173570909e-03,-5.157977136620845934e-03,4.942255534801302634e-03,-3.640094233291029013e+01,-5.899953804229539855e+01,2.855326671075249578e+02,-5.569519749893748345e-02,-6.940607326666534505e+01,3.535609564870118629e+04,0.000000000000000000e+00,7.611373112768480496e+04
4.130999999999714234e+00,1.678904314302327094e+01,7.069248139813429921e-01,-4.523649738666162268e-01,-1.331476782527322468e-02,-6.323079872646355896e-03,9.241391443443948720e-04,-6.063755127592321514e+01,-1.022088145548665352e+02,3.521322324256475440e+02,-5.567482004961923914e-02,-6.937756994987761061e+01,3.384805759479536937e+04,0.000000000000000000e+00,7.767084333174490894e+04
4.140999999999717573e+00,1.678902967457641182e+01,7.069262722559802592e-01,-4.523557672453850098e-01,4.128205651986648940e-03,1.035740693884142040e-03,2.131980093271056143e-03,6.509072437238273778e+00,-1.248894349475415311e+01,2.435062246463985502e+02,-5.568945832441397209e-02,-6.935048395854448700e+01,3.687353297344956081e+04,0.000000000000000000e+00,7.258816777983706561e+04
4.150999999999720913e+00,1.678901123624886438e+01,7.069153402119245921e-01,-4.523386102328507685e-01,6.589115496403777882e-03,8.191219269859656774e-03,-5.950147426522315978e-03,1.085621729267284081e+02,1.593738529063454621e+02,-6.943193131805787743e+01,-5.570060803144641359e-02,-6.926298638937527130e+01,3.946795567697387014e+04,0.000000000000000000e+00,6.981060346309919260e+04
4.160999999999724253e+00,1.678895928614561228e+01,7.069146905695621319e-01,-4.523447025198015781e-01,-1.176054149479407313e-02,-2.987634701430334251e-03,8.527741522962867379e-04,-1.049172938059541593e+02,-1.495425875551079571e+02,3.983272115862650935e+02,-5.568532707700849654e-02,-6.915609874085370734e+01,3.212235730882523421e+04,0.000000000000000000e+00,8.093904378128769167e+04
4.170999999999727592e+00,1.678894969132825921e+01,7.069191755444224068e-01,-4.523553209697579458e-01,3.437688779661818446e-04,1.413198202170257373e-03,-3.851805785537674651e-03,-5.172400643580022006e+01,-7.722911827145128427e+01,2.869011723777289262e+02,-5.567767869282742865e-02,-6.905916713711420130e+01,3.517934953274573490e+04,0.000000000000000000e+00,7.864908305016474333e+04
4.180999999999730932e+00,1.678892448376113578e+01,7.069045537980770399e-01,-4.523459156629729971e-01,-5.960230315337425831e-03,-3.127962160803933727e-03,2.329493451422865857e-03,-2.953427703958050188e+01,-8.197721849181800735e+01,2.547178845458915930e+02,-5.566485203723050418e-02,-6.903593059471398874e+01,3.578422030449791782e+04,0.000000000000000000e+00,7.836021149400553259e+04
4.190999999999734271e+00,1.678889699286249026e+01,7.068958334670478738e-01,-4.523360069056308608e-01,-2.885524278280461596e-03,3.541436173066158863e-03,-3.001720164992979605e-03,-2.515687327422062936e+01,3.878478668662978635e+01,1.487745049153822947e+02,-5.568090453754781510e-02,-6.900114467476269908e+01,3.759364040229249076e+04,0.000000000000000000e+00,7.486485411448031664e+04
4.200999999999737611e+00,1.678889322595916056e+01,7.068907232550570852e-01,-4.523300635437886297e-01,-2.630284145467363943e-03,-8.082358843392232995e-04,4.352666827612736850e-03,2.840428633652481949e+01,6.085308081127448077e+01,1.362200714656237324e+02,-5.565684905726394488e-02,-6.908074900248617212e+01,3.835483924802553520e+04,0.000000000000000000e+00,7.151519990069407504e+04
4.210999999999740950e+00,1.678888937500639500e+01,7.068798717927629038e-01,-4.523079077239724466e-01,-1.333419295000925001e-02,-9.897497431156213055e-03,6.226307693647630155e-03,-9.987061165466741386e+01,-1.467285095604233902e+02,3.858591881290331003e+02,-5.566125578300731847e-02,-6.901740006041136155e+01,3.283929490451789752e+04,0.000000000000000000e+00,8.044834908128589450e+04
4.220999999999744290e+00,1.678887570820579356e+01,7.068708996821290169e-01,-4.522824320230337536e-01,-1.522334450290083532e-02,-9.307065657286315435e-03,5.687499758590047055e-03,-2.739767941506170246e+01,-5.480100815625485211e+01,2.168588345996945463e+02,-5.566799944090797259e-02,-6.898121511543679674e+01,3.586261151346179395e+04,0.000000000000000000e+00,7.829979038789270271e+04
4.230999999999747629e+00,1.678886207692966792e+01,7.068672697205518052e-01,-4.522803907821083547e-01,1.125534668565759044e-03,4.021672761437971059e-04,-6.369903806570380474e-04,1.737859955211254146e+02,2.256694174159287343e+02,-1.731490161918575268e+02,-5.561989150760685702e-02,-6.896814457467192483e+01,4.169680895741173299e+04,0.000000000000000000e+00,6.947331443756796943e+04
4.240999999999750969e+00,1.678882045912314425e+01,7.068573132757149935e-01,-4.522726556180897695e-01,-5.207502419403045417e-03,-4.463909400902930924e-03,3.964797235222980790e-03,6.277254384184197988e+01,3.813545507771092957e+01,1.098128573749872885e+02,-5.562209892072175060e-02,-6.900514883834166824e+01,3.702841456912318972e+04,0.000000000000000000e+00,7.421986271808714082e+04
4.250999999999754309e+00,1.678882400301921862e+01,7.068938091165262172e-01,-4.522742577093974981e-01,-5.330398677160226410e-03,-8.304334516173223109e-04,1.702463167294736854e-03,6.371274478615532644e+00,-1.088424987377152320e+01,2.085468151338673124e+02,-5.560570134441752271e-02,-6.898936160424871389e+01,3.661991126900968084e+04,0.000000000000000000e+00,7.577759779672649165e+04
4.260999999999757648e+00,1.678882351219996494e+01,7.068987661986960713e-01,-4.522571959361422755e-01,1.021717226530667599e-03,8.220205426763159060e-04,3.039213599040523810e-04,-9.544986724357772800e+01,-1.239863186025112327e+02,3.481581989361402520e+02,-5.560299864537328329e-02,-6.905886911448966714e+01,3.435538453971570561e+04,0.000000000000000000e+00,8.024043623584572924e+04
4.270999999999760988e+00,1.678881225278044909e+01,7.068916784214321902e-01,-4.522455545025887980e-01,-2.161152061439962878e-03,-1.422618687024962750e-04,-9.694065488050950322e-04,-1.017252278556344436e+02,-9.522649236523534455e+01,3.678319323620607975e+02,-5.560039810123088705e-02,-6.909992312234197698e+01,3.389593014429569303e+04,0.000000000000000000e+00,7.893467739517026348e+04
4.280999999999764327e+00,1.678879353963359478e+01,7.068758021219669896e-01,-4.522353346670638929e-01,-6.058994327992445542e-03,-3.335614646586002388e-03,2.766980949242098167e-03,-6.112949216284414433e+01,-5.428908712871441367e+01,2.884423981052341333e+02,-5.561114958511038930e-02,-6.912590030581134215e+01,3.571721085237994703e+04,0.000000000000000000e+00,7.658935143753293960e+04
4.290999999999767667e+00,1.678876605127262778e+01,7.068602854613250663e-01,-4.522202306079044498e-01,-8.805048231702182829e-03,-7.420792957820336773e-03,2.701080159129858396e-03,-7.601169832321011199e+01,-9.688324066096743081e+01,3.056592196470669478e+02,-5.561481270714047076e-02,-6.903635553127085700e+01,3.410783331212463236e+04,0.000000000000000000e+00,8.058227095912788354e+04
4.300999999999771006e+00,1.678875729831493402e+01,7.068482111538946233e-01,-4.522344332691027868e-01,-4.420841811554702787e-03,-4.233812998975317390e-03,1.458412376411831468e-03,6.434052854089793527e+01,7.946244908265566664e+01,9.440742683819189551e+01,-5.559958764151869820e-02,-6.904292330477935025e+01,3.937453158508783235e+04,0.000000000000000000e+00,7.153788645569114306e+04
4.310999999999774346e+00,1.678876177715469709e+01,7.068434251386758183e-01,-4.522254346157738580e-01,-5.994309230608849473e-03,-1.756324214180528861e-03,2.302321583330266003e-03,-7.967989360436388324e+01,-8.633706527046024348e+01,3.494162498670748391e+02,-5.557303020639169089e-02,-6.902660022330697132e+01,3.319220651517267106e+04,0.000000000000000000e+00,7.821584335224330425e+04
4.320999999999777685e+00,1.678875026833296147e+01,7.068480922083063556e-01,-4.522168524003239987e-01,1.494221868202467128e-02,9.913967699464109121e-03,-7.697601388939072017e-03,-8.047740471960241848e+01,-1.892132814174851774e+01,2.289414701976347715e+02,-5.560332246284385715e-02,-6.893693403544301646e+01,3.716498080701958679e+04,0.000000000000000000e+00,7.435158014069419005e+04
4.330999999999781025e+00,1.678871044632661480e+01,7.068259136339848370e-01,-4.522112168377787067e-01,-3.934921813435889905e-03,-4.139815993575643449e-03,1.559563651413639531e-03,-1.176548532018045989e+01,-4.754391743015307270e+01,2.296002358378691497e+02,-5.559388635958356639e-02,-6.894360498682189586e+01,3.368251483380452555e+04,0.000000000000000000e+00,7.856050778568511305e+04
4.340999999999784364e+00,1.678870330825970569e+01,7.068287465249243340e-01,-4.522080343400313174e-01,-2.460886442560857555e-03,2.820194787382338409e-03,-3.095355901688487052e-03,3.242856878676343513e+01,1.017132560298455246e+02,3.421111372855875743e+01,-5.561700522727969220e-02,-6.886939446299116696e+01,4.054236967333493521e+04,0.000000000000000000e+00,7.278713867453280545e+04
4.350999999999787704e+00,1.678870170293764730e+01,7.068211220760468594e-01,-4.522054435485681756e-01,5.148324584472349988e-03,4.246983399101842901e-03,-9.519639162715598252e-04,9.971223758815222027e+01,1.890837520089944803e+02,-9.809157631256289278e+01,-5.562163180734026185e-02,-6.887175836238895954e+01,4.196695217345633137e+04,0.000000000000000000e+00,6.964075325463332410e+04
4.360999999999791044e+00,1.678866747827522587e+01,7.068201263404511048e-01,-4.521902520422544924e-01,1.415941190724072374e-02,7.654664925538250467e-03,-4.194916077754875378e-03,1.230027754468151215e+02,1.300683432511610818e+02,-3.437153913187489707e+01,-5.559373130825449177e-02,-6.882506929363188419e+01,4.054040586939367495e+04,0.000000000000000000e+00,7.105872036022304383e+04
4.370999999999794383e+00,1.678864974562251788e+01,7.068170246990186367e-01,-4.521931404044544633e-01,2.751990859556882000e-03,8.659337117442701204e-04,-1.921548511334739444e-03,-2.560784099883244380e+01,-7.701011132590173247e+01,2.643920810164077011e+02,-5.560714037697650491e-02,-6.880872519837707557e+01,3.520165893104078714e+04,0.000000000000000000e+00,7.885567625589395175e+04
4.380999999999797723e+00,1.678864901617576066e+01,7.068196195074296639e-01,-4.521954253233832488e-01,-9.854719805792829662e-03,-7.312987269207364693e-03,2.432204475981265563e-03,-1.070173304504955922e+02,-1.371048661354222986e+02,3.916469727081666861e+02,-5.556199158479401684e-02,-6.881925094828652334e+01,3.242779836565993901e+04,0.000000000000000000e+00,8.069933366074574587e+04
4.390999999999801062e+00,1.678862156740903089e+01,7.068114507007234870e-01,-4.521724734662111445e-01,-1.189093517240764029e-02,-7.009550608190612264e-03,4.893728437633556964e-03,-6.319926057981922440e+01,-1.118453245357766264e+02,3.477988989430468791e+02,-5.557712881397481458e-02,-6.882107997965020729e+01,3.467737605630736653e+04,0.000000000000000000e+00,7.754523726665231516e+04
4.400999999999804402e+00,1.678860817381631776e+01,7.068023336350429675e-01,-4.521745423933311581e-01,4.473784084321017905e-04,-2.600395406344006323e-03,3.055287246845273235e-03,8.750031907544166643e+01,1.001090062785141299e+02,7.320536039825265107e+01,-5.558333027198799486e-02,-6.881368205842443331e+01,3.790373058907450468e+04,0.000000000000000000e+00,7.146049569602937845e+04
4.410999999999807741e+00,1.678862368451000719e+01,7.068240771616679519e-01,-4.521912663757481909e-01,5.163480534531830930e-03,3.876286036475458125e-03,-1.774408741398355357e-03,-9.311696549826308456e+01,-1.524898335819947306e+02,4.132614487924879541e+02,-5.556352113189631792e-02,-6.890164812748619738e+01,3.447574881592342717e+04,0.000000000000000000e+00,7.761968304951513710e+04
4.420999999999811081e+00,1.678859809602990794e+01,7.068123748661429007e-01,-4.521685600995513088e-01,2.779945240395777315e-03,-2.854120477148938012e-04,2.398234154653224211e-03,2.646813416316422263e+01,-2.670124659721983562e+01,1.623432666373032589e+02,-5.556615266607038695e-02,-6.895250951585221344e+01,3.592312814438444184e+04,0.000000000000000000e+00,7.577662809486697370e+04
4.430999999999814420e+00,1.678857837201899983e+01,7.068141767702037503e-01,-4.521470400476746976e-01,-6.007741272722477884e-03,-1.087839907244996310e-03,2.789239408425812482e-03,-1.134589630802588545e+01,-8.334064674756703539e+01,2.512554293384987432e+02,-5.557424811528537123e-02,-6.888236558043536206e+01,3.424776427996200073e+04,0.000000000000000000e+00,7.859477128939755494e+04
4.440999999999817760e+00,1.678857581344312422e+01,7.068068156090815402e-01,-4.521494411664859769e-01,2.553661693982486099e-03,-4.322220719301459314e-04,-3.032515722289639074e-03,1.848774165375880330e+01,-6.035533525407259958e+00,1.511641628024713100e+02,-5.557863512549914703e-02,-6.882018336422055427e+01,3.561004662620367162e+04,0.000000000000000000e+00,7.818394752483947377e+04
4.450999999999821100e+00,1.678857159297521662e+01,7.068099373814270558e-01,-4.521473979251269260e-01,4.238367523671478405e-03,5.498452687518287987e-03,-1.857171630565466070e-03,-2.960848514160034028e+01,-5.783381509631226436e+00,2.552057193700002244e+02,-5.555369860870736087e-02,-6.887329348965671727e+01,3.694073972049883014e+04,0.000000000000000000e+00,7.369147696085272764e+04
4.460999999999824439e+00,1.678859438994723874e+01,7.068146118478421114e-01,-4.521366003982550952e-01,-6.945119107942504359e-04,-3.315617785288765742e-03,1.189237205648971483e-03,-4.961197749132293211e+01,-6.736595956598159773e+01,2.538000238760687353e+02,-5.552343397015474524e-02,-6.885383951949918924e+01,3.589359486607377767e+04,0.000000000000000000e+00,7.826044970842625480e+04
4.470999999999827779e+00,1.678856872576749026e+01,7.067892763780376786e-01,-4.521269791899195090e-01,1.035942498953505882e-02,3.335820082554227534e-03,-2.046295664375570676e-03,8.676256579562755178e+01,1.245777450999462701e+02,3.222639268731882112e+00,-5.557786168379592190e-02,-6.889910573582149311e+01,3.964002927061046648e+04,0.000000000000000000e+00,7.107474858112992661e+04
4.480999999999831118e+00,1.678854838361167268e+01,7.067815621341015930e-01,-4.521129237947593693e-01,7.250223696622472465e-03,3.966951132845508710e-03,-2.413096794144981537e-03,1.181218631273168285e+02,1.347318711532918769e+02,-3.250100102575129313e+01,-5.555948542716339367e-02,-6.893120644045268364e+01,3.880088912189860275e+04,0.000000000000000000e+00,6.943312197548200493e+04
4.490999999999834458e+00,1.678854502068490717e+01,7.067892149919156042e-01,-4.521062601963389826e-01,2.705741699005076591e-04,3.590170587321404351e-03,-2.878946679653699380e-04,-2.852934217066217570e+01,-2.367629927628559017e+01,2.532397188049994838e+02,-5.554418776034026478e-02,-6.881959202188718905e+01,3.722795864180788340e+04,0.000000000000000000e+00,7.390393517160949705e+04
4.500999999999837797e+00,1.678850533887010599e+01,7.067868409917222872e-01,-4.521162233218943283e-01,-2.161299554996534613e-03,1.071884225260427226e-03,-2.331460511113180468e-03,4.090110899014212009e+01,1.127259173957437497e+02,2.824256775665071473e+01,-5.554817880599453167e-02,-6.871803933684518029e+01,4.014461078103692125e+04,0.000000000000000000e+00,7.214648102131596534e+04
4.510999999999841137e+00,1.678849995268814510e+01,7.067904543257067518e-01,-4.521344403093356390e-01,4.779421888587326826e-03,4.716467289170882780e-03,-2.408777128502079170e-03,1.461657668633131379e+01,4.420019251323765275e+01,1.897688785213376832e+02,-5.555163631938254271e-02,-6.869576731278277748e+01,3.833222848433221952e+04,0.000000000000000000e+00,7.129477836767218832e+04
4.520999999999844476e+00,1.678849617798948657e+01,7.067887453125473174e-01,-4.521299584759392864e-01,5.159317880465426331e-03,4.793540439794145326e-03,-1.045348795601462946e-03,4.141381255283101837e+01,6.487835845502149823e+01,1.308952615863954634e+02,-5.553968032117407444e-02,-6.861556502895787446e+01,4.023939522539500467e+04,0.000000000000000000e+00,7.134519485346638248e+04
4.530999999999847816e+00,1.678850226129931755e+01,7.067729081632109223e-01,-4.521264641776127080e-01,1.190095723080661708e-03,-3.510211507437366926e-03,8.841652540777668714e-04,-4.082682543823113974e+01,-5.187478925791106121e+01,3.002133330986725923e+02,-5.550156565165048628e-02,-6.868029451990562961e+01,3.484380132629787840e+04,0.000000000000000000e+00,7.630110537578293588e+04
4.540999999999851156e+00,1.678844889660041417e+01,7.067401254853057369e-01,-4.520933044222021358e-01,7.658556865980339912e-03,5.263270982883152919e-03,-1.246063265468665224e-03,1.409380313999167811e+02,1.796109267977402340e+02,-8.986833115853028175e+01,-5.546903053776364861e-02,-6.869174547394364083e+01,4.297219770793593489e+04,0.000000000000000000e+00,6.913949530063281418e+04
4.550999999999854495e+00,1.678844884642131419e+01,7.067373858855950930e-01,-4.520833380178700400e-01,1.099832963984941417e-02,5.592096717980581631e-03,-9.572480551035836499e-04,1.036523919270214265e+02,1.172840743760887108e+02,2.733981391844281461e+00,-5.553584547689398992e-02,-6.870382966713665951e+01,3.954868494806239323e+04,0.000000000000000000e+00,6.940635635630782053e+04
4.560999999999857835e+00,1.678840526395650201e+01,7.067239270880349977e-01,-4.520918429696326735e-01,3.201706617474131631e-03,5.082627765898762749e-04,-1.095902584149427124e-03,1.192004095039615095e+02,1.325444793821080225e+02,-1.732336230481564598e+01,-5.549780146530276098e-02,-6.876921131525668329e+01,3.954433782785676158e+04,0.000000000000000000e+00,6.979531465864757774e+04
4.570999999999861174e+00,1.678839624118370466e+01,7.067090655799249665e-01,-4.520942224501419693e-01,2.401296745133383193e-03,2.620687493172071773e-03,-3.469848295711926069e-03,8.220197743008725411e+01,6.993062722316366830e+01,6.767801067719346975e+01,-5.552953578577714960e-02,-6.872995740595706593e+01,3.578874318745901837e+04,0.000000000000000000e+00,7.729753638412010332e+04
4.580999999999864514e+00,1.678840273307980269e+01,7.067059621106491774e-01,-4.520951089187850158e-01,4.314005338541307931e-03,1.068287053067806889e-03,-1.636355281306679918e-03,-1.028777585892521529e+01,5.981475674007413090e+01,1.136711368077294537e+02,-5.554646481461929935e-02,-6.875695908923006527e+01,3.885074711665961513e+04,0.000000000000000000e+00,7.231779312857918558e+04
4.590999999999867853e+00,1.678840228086572139e+01,7.067051697183726056e-01,-4.521121770811101781e-01,2.312456590806744299e-03,3.968022016153946972e-03,-1.096790402701796653e-03,-1.778252968796937239e+01,3.130340682509267936e+01,1.700735349104566012e+02,-5.557407984661010686e-02,-6.872423264893089367e+01,3.769773306102758215e+04,0.000000000000000000e+00,7.518015643923137395e+04
4.600999999999871193e+00,1.678839859005408286e+01,7.067010662892352357e-01,-4.521073297154339365e-01,2.720816235236652673e-03,2.304848311465284520e-03,1.035999704060728459e-03,4.595917457490395464e+01,7.103260021315986705e+01,1.160386107750609881e+02,-5.553472329987334255e-02,-6.867751236256691527e+01,4.049043944238124095e+04,0.000000000000000000e+00,7.173551778045787069e+04
4.610999999999874532e+00,1.678837506548492442e+01,7.067079868273785648e-01,-4.521069096858205127e-01,8.124176389825186334e-03,7.855860519840241266e-03,-6.110477648124355843e-03,-1.880973613489459240e+00,6.424456965684089482e+01,1.291962050822849051e+02,-5.554125763980035518e-02,-6.858169285792223491e+01,3.866010988864555839e+04,0.000000000000000000e+00,7.215605683895775292e+04
4.620999999999877872e+00,1.678836374916762253e+01,7.066890767937363815e-01,-4.521308077907222334e-01,-2.274322072168719414e-03,-4.045129400137323188e-03,-8.112462686819027404e-04,-1.980793564775297000e+01,1.800122376471335883e-02,2.539947354697155788e+02,-5.553552778475869672e-02,-6.861864868279305085e+01,3.749649836564167344e+04,0.000000000000000000e+00,7.500062808800915082e+04
4.630999999999881211e+00,1.678831428087119093e+01,7.066709966785258423e-01,-4.521165642484425984e-01,-4.410360275670360992e-03,-1.676411764641136479e-03,1.992881315519096693e-03,5.795152143475888806e+01,8.449845950650200166e+00,1.286593073416065636e+02,-5.553477379443128720e-02,-6.863885147879980764e+01,3.566172951350349467e+04,0.000000000000000000e+00,7.620196200324638630e+04
4.640999999999884551e+00,1.678831271939363390e+01,7.066631190199915702e-01,-4.520966569007248137e-01,-2.184255022185898915e-03,-7.810771191953073001e-04,3.735704750496808210e-03,-2.603242847818989958e+01,-7.709448598242715889e+00,2.291466158664889008e+02,-5.554164166051273055e-02,-6.860317995121920376e+01,3.707214592196386366e+04,0.000000000000000000e+00,7.524246714287067880e+04
4.650999999999887891e+00,1.678829239064884860e+01,7.066626881414722616e-01,-4.520910196644931656e-01,-2.439800901635648302e-03,1.301448093741092984e-04,2.639622005336223973e-03,3.857794455242662934e+01,4.624070525885667848e+01,1.713965021656936187e+02,-5.554356858918448742e-02,-6.852032936541542085e+01,3.903478283216916316e+04,0.000000000000000000e+00,7.169273531240779266e+04
4.660999999999891230e+00,1.678828393194730140e+01,7.066463684733333972e-01,-4.520856620190822905e-01,-3.510387677845632718e-03,-2.647106005635006549e-03,-1.525076466932017132e-03,1.296252223548858638e+02,1.774793550804388929e+02,-1.025376586058514476e+02,-5.552027789758355591e-02,-6.841673781437192758e+01,4.097251543820028019e+04,0.000000000000000000e+00,7.277843907719281560e+04
4.670999999999894570e+00,1.678832373111851339e+01,7.066556967016723867e-01,-4.520958814053478436e-01,9.650413941490817646e-03,4.097628518301306248e-03,-2.276000903192255606e-03,4.648722081664004691e+00,3.721490883622936963e+01,1.873905562249328796e+02,-5.552899094050130213e-02,-6.853621835903338422e+01,3.753045621528621268e+04,0.000000000000000000e+00,7.226503153065066726e+04
4.680999999999897909e+00,1.678832461163512590e+01,7.066499001333029772e-01,-4.520831770438618613e-01,9.586254695664521864e-04,-4.877255471545091973e-04,-9.713230560319599527e-04,-1.265816472436582671e+02,-1.827957331007946777e+02,4.466416840781309929e+02,-5.552428857363092551e-02,-6.852618766199600486e+01,3.265322735136731717e+04,0.000000000000000000e+00,8.125987260652928671e+04
4.690999999999901249e+00,1.678831096615524743e+01,7.066430568064192563e-01,-4.520660130188999815e-01,1.242096245673402453e-02,8.929592044101493375e-03,-6.914906062176257376e-03,3.055014212929836503e+01,1.051758491139227374e+02,3.179116865241940104e+01,-5.555476146273888999e-02,-6.846064624391915743e+01,3.802472745076475258e+04,0.000000000000000000e+00,7.387331893095627311e+04
4.700999999999904588e+00,1.678830442262784217e+01,7.066332414045630728e-01,-4.520722640302677897e-01,1.136393846129394279e-03,-3.429078881394121542e-04,6.516063535045736108e-07,-6.354101822035511304e+01,-4.847020481976426254e+01,3.082295855172865231e+02,-5.554828143017783576e-02,-6.856682837717352186e+01,3.484025795981787815e+04,0.000000000000000000e+00,7.692715904640917142e+04
4.710999999999907928e+00,1.678832791055108586e+01,7.066559496101147975e-01,-4.520732093995544765e-01,2.711827977281238995e-03,1.397273277827698222e-03,2.536997725961710921e-04,-9.770086649882614438e+01,-1.313895290993611980e+02,3.679871816209788449e+02,-5.547058970852505877e-02,-6.860084228403380280e+01,3.377473833393515815e+04,0.000000000000000000e+00,7.901521359621456941e+04
4.720999999999911267e+00,1.678830452825586050e+01,7.066430348806970185e-01,-4.520585499614790392e-01,-6.548468748224593391e-03,-1.929853192098347466e-03,1.481525296759427608e-03,-1.028693373842085066e+02,-8.056711168952392654e+01,3.409922056532527677e+02,-5.551412952460194755e-02,-6.847845249930557543e+01,3.349932516389776720e+04,0.000000000000000000e+00,8.011990616463396873e+04
4.730999999999914607e+00,1.678827856420612008e+01,7.066410909641376303e-01,-4.520570735472327906e-01,5.716194516988047820e-03,2.871379807579081591e-03,-4.503959530574948647e-03,-9.260793934071625699e+01,-8.547690808780612315e+01,2.879534808527791938e+02,-5.553803467789169418e-02,-6.846500048178349118e+01,3.640702196374724008e+04,0.000000000000000000e+00,7.776458785872432054e+04
4.740999999999917947e+00,1.678824478261653752e+01,7.066073793356444366e-01,-4.520559504119540106e-01,-3.728464060375182520e-04,-8.149755511451503608e-04,-1.232731816629340253e-03,1.482556625810125297e+02,2.012610808660837733e+02,-1.233526911939081856e+02,-5.552328772452171102e-02,-6.850604957970124076e+01,4.232808259500299755e+04,0.000000000000000000e+00,7.026006656403142551e+04
4.750999999999921286e+00,1.678821728266030533e+01,7.066168323012710362e-01,-4.520619030108881664e-01,-9.759579531530155824e-03,-6.582476817401797589e-03,1.994428490618542233e-03,-1.001916483918442964e+02,-1.597815611518598189e+02,4.103152493747647895e+02,-5.549992191339401387e-02,-6.851434423201727952e+01,3.256835401175937295e+04,0.000000000000000000e+00,8.142096734388703771e+04
4.760999999999924626e+00,1.678821783135473922e+01,7.066136067736500381e-01,-4.520598623557568474e-01,1.460112747927101544e-02,1.239603440868154195e-02,-9.357041125959194433e-03,-2.299235899659618099e+01,4.780522717899225427e+01,1.457961152720286009e+02,-5.552384905494307105e-02,-6.848527779146162686e+01,3.790968830474934657e+04,0.000000000000000000e+00,7.307617034862840956e+04
4.770999999999927965e+00,1.678821628865669169e+01,7.066190267874353781e-01,-4.520661520075580087e-01,8.309138520155801011e-03,4.841055164270587075e-03,7.820105945920476651e-04,9.256181383557077424e+00,2.018050664208203671e+01,1.926820162694284591e+02,-5.552556863096425044e-02,-6.851496375834435071e+01,3.754003460567567527e+04,0.000000000000000000e+00,7.237726594936331094e+04
4.780999999999931305e+00,1.678821127621563392e+01,7.066307754461159663e-01,-4.520509554087429049e-01,1.359360076241201065e-03,2.259444279971301994e-03,7.370530775565875548e-04,3.979518368373646808e-01,1.696310984032220404e+01,1.778020012303099975e+02,-5.552258108205170711e-02,-6.844341050358481482e+01,3.835947754784636345e+04,0.000000000000000000e+00,7.513669552497789846e+04
4.790999999999934644e+00,1.678820126965132786e+01,7.066224848924326229e-01,-4.520336513255185928e-01,2.928944727066605221e-04,6.129514426805403706e-04,-1.249025235011897491e-03,1.976856115857844998e+01,1.108639850993112077e+02,2.656409493234423280e+01,-5.551995126634828859e-02,-6.838634749697072834e+01,4.030427458984922851e+04,0.000000000000000000e+00,7.357121987569774501e+04
4.800999999999937984e+00,1.678820479378249431e+01,7.066283944638170889e-01,-4.520460389796353007e-01,-8.872475803516542692e-03,-7.609118374835650150e-03,3.871645351933176125e-03,-7.340590021442062607e+01,-1.079429449023787129e+02,3.385352191214997220e+02,-5.549815154305068332e-02,-6.849570154315622972e+01,3.417757862441171164e+04,0.000000000000000000e+00,7.901500900665750669e+04
4.810999999999941323e+00,1.678818165344119606e+01,7.066215382896403607e-01,-4.520279299769887627e-01,1.445996308639751950e-03,4.111813335558835679e-03,6.365948976105048965e-04,-3.423905552417954823e+01,-5.130441556450705320e+00,2.266625785781184277e+02,-5.551307794885633473e-02,-6.850768982020005637e+01,3.688435454857819423e+04,0.000000000000000000e+00,7.512966449990081310e+04
4.820999999999944663e+00,1.678818677157851980e+01,7.066227357881215143e-01,-4.520053780755531325e-01,-5.914466092507376710e-04,-2.245099787172959160e-03,2.080302203252711556e-03,-1.079329760071141209e+02,-1.510371412584314612e+02,3.830847281324104188e+02,-5.551065599707166731e-02,-6.843251589379519828e+01,3.281277714733683388e+04,0.000000000000000000e+00,8.146020455828004924e+04
4.830999999999948002e+00,1.678816467717280858e+01,7.066148074099039000e-01,-4.520197969469006427e-01,9.264928450460433243e-03,5.570737946802233054e-03,-2.787453117671976396e-03,6.461767470806398705e+01,7.664060722901837153e+01,9.782803546946706774e+01,-5.551554006005041120e-02,-6.848357463508578746e+01,3.712920324280959176e+04,0.000000000000000000e+00,7.294513719024142483e+04
4.840999999999951342e+00,1.678815634854886696e+01,7.066046318269699755e-01,-4.520073128985246935e-01,7.407871180416285978e-03,1.853390194644515031e-03,-1.839984133099411721e-03,8.875586936711465569e+01,7.160535458821902921e+01,1.556865373597611324e+01,-5.547380168571519610e-02,-6.849430501096037460e+01,3.747270616268737649e+04,0.000000000000000000e+00,7.608130369557984523e+04
4.850999999999954682e+00,1.678818219072912044e+01,7.066231952571621067e-01,-4.520050351399813038e-01,7.226857500355132052e-03,6.545160008178239723e-03,-9.291729375036104693e-04,-4.440782112768806655e+01,-1.083871786332861120e+01,2.513947268281981451e+02,-5.546175490296557237e-02,-6.844142109438242016e+01,3.690978333677761111e+04,0.000000000000000000e+00,7.473252288541645976e+04
4.860999999999958021e+00,1.678815565759194328e+01,7.066060446154599495e-01,-4.519876697943270849e-01,5.689205433631253431e-03,1.159434475288025502e-03,-4.145023339495307449e-05,1.094798450016924107e+01,5.383211233928523143e+01,1.673715859998355882e+02,-5.549736960225069154e-02,-6.838572384244953639e+01,3.745591016578541894e+04,0.000000000000000000e+00,7.191164200812907075e+04
4.870999999999961361e+00,1.678816509564231652e+01,7.066057649518938666e-01,-4.519950054483556912e-01,8.422836513762852959e-03,4.841037900567628574e-03,-3.987648144876146557e-03,7.969234600608388064e+01,7.877582742544538519e+01,9.390323753984739596e+01,-5.551266375223991301e-02,-6.836757031959071185e+01,3.849117585122578021e+04,0.000000000000000000e+00,7.259675310597935459e+04
4.880999999999964700e+00,1.678815626747795875e+01,7.066061885150883848e-01,-4.520062404245641097e-01,1.211871831263051230e-03,4.304076904650131277e-03,-2.314886926387241597e-03,4.497065258141810773e+01,5.405363011477095370e+01,1.273894073061178460e+02,-5.545599432490649905e-02,-6.830417349017136530e+01,3.997100772321031400e+04,0.000000000000000000e+00,7.288039870441849052e+04
4.890999999999968040e+00,1.678811324030738206e+01,7.065965815043516729e-01,-4.520051943865320276e-01,9.732752534043064008e-03,8.901239007572827808e-03,-5.413220465854295081e-03,8.819161461098360633e+01,7.809484792560428446e+01,8.611985163163808465e+01,-5.548864446259812316e-02,-6.831034372650535147e+01,3.690188317221715261e+04,0.000000000000000000e+00,7.279387002968144952e+04
4.900999999999971379e+00,1.678811441208160815e+01,7.066025689234762819e-01,-4.520017340549724039e-01,-8.859392160665323715e-03,-6.857739477295802556e-03,3.144196863104169442e-03,-1.077578843135743227e+02,-1.373395879663200958e+02,3.874807401023304010e+02,-5.546825108627321393e-02,-6.838893399421263553e+01,3.247670199987342494e+04,0.000000000000000000e+00,8.156057817759639875e+04
4.910999999999974719e+00,1.678808067537280735e+01,7.065863631295233871e-01,-4.519817828321945896e-01,1.170371181839321723e-03,1.793898744101740444e-03,-4.734424063728934770e-04,1.170416383646645500e+02,1.370964808963865096e+02,-2.352047740422108291e+01,-5.547854385475928241e-02,-6.837340774309869573e+01,4.034102987537314766e+04,0.000000000000000000e+00,7.064210990508779651e+04
4.920999999999978058e+00,1.678810632236039879e+01,7.066049701303031005e-01,-4.519871663931639416e-01,3.263344265499618004e-03,9.971481104669589323e-04,-9.264049147323892563e-04,-9.119090877752717006e+01,-1.445217603139428775e+02,3.599984013887774381e+02,-5.544931401415623823e-02,-6.832259782362807243e+01,3.460349782759262598e+04,0.000000000000000000e+00,8.130849785887850157e+04
4.930999999999981398e+00,1.678809903718860141e+01,7.065870472429041094e-01,-4.519811475774101472e-01,7.960932396795909055e-03,2.490761230311070752e-03,-1.101550043341102810e-03,-6.819761918485482965e+00,1.307129162957483004e+01,1.956407776589362584e+02,-5.549039316817951789e-02,-6.832452303485122513e+01,3.740911573083372059e+04,0.000000000000000000e+00,7.497217249809947680e+04
4.940999999999984738e+00,1.678810944503543112e+01,7.066071104304402217e-01,-4.519798814563723011e-01,4.943773918834157462e-03,8.656397180738604341e-03,-5.836987218821135769e-03,-4.948652391634414016e+01,2.779462737064204703e+01,1.555331492880977748e+02,-5.545925431771057956e-02,-6.838224538934110797e+01,3.654103321015198890e+04,0.000000000000000000e+00,7.545966385859840375e+04
4.950999999999988077e+00,1.678809759456307660e+01,7.066095644632203188e-01,-4.519950256757225282e-01,1.135145937881298049e-02,9.023144986756650651e-03,-6.502714576912814112e-03,1.243880106277097184e+02,1.367580313465877566e+02,8.582709721715218620e+00,-5.548612828112707562e-02,-6.843710123737658080e+01,4.014716578382174339e+04,0.000000000000000000e+00,7.004555833037347475e+04
4.960999999999991417e+00,1.678808956367205241e+01,7.066032862501583356e-01,-4.519935331794627809e-01,-5.235667968126385755e-03,-4.159533425690540957e-03,2.652324172190996445e-03,-9.789589681109760022e+00,5.326745071493633077e+00,2.226463822043092478e+02,-5.544773668166329272e-02,-6.846782256636375052e+01,3.709682778120161674e+04,0.000000000000000000e+00,7.519124758845362521e+04
4.970999999999994756e+00,1.678808541743143579e+01,7.066005469273805017e-01,-4.519799612307263126e-01,-3.473350257564747790e-03,-2.936220685359827720e-03,2.437302864062840073e-03,-7.749217329148666522e+01,-1.297848276682800588e+02,3.584906058577007570e+02,-5.546494332302043945e-02,-6.842807842705803978e+01,3.412614666800884879e+04,0.000000000000000000e+00,7.896183168605389073e+04
4.980999999999998096e+00,1.678808071674542646e+01,7.065823763993095419e-01,-4.519586308625878623e-01,7.240477139789727908e-03,5.426590538259314089e-03,-1.409405196680378223e-03,6.521357430826083146e+01,7.372275792802960837e+01,8.120498274602641686e+01,-5.547613169143071621e-02,-6.842364232133027713e+01,3.685827234851030516e+04,0.000000000000000000e+00,7.781699154596005974e+04
4.991000000000001435e+00,1.678808810411753782e+01,7.066018506782438813e-01,-4.519703486394686109e-01,-1.154701545658405560e-03,-7.035816725166076134e-04,1.361753195235799367e-03,4.145594437044223923e+00,-4.873727238901665260e+00,2.212055062144618205e+02,-5.542457478900968126e-02,-6.847887614963536862e+01,3.616074373132672190e+04,0.000000000000000000e+00,7.443395830088536604e+04
