time,x,y,z,vx,vy,vz,Fx,Fy,Fz,min_contact_distance,mechanical_energy,base_load,left_edge_load,right_edge_load
1.000000000000000021e-03,8.003579383314800566e+00,0.000000000000000000e+00,3.866770604928230437e+00,3.579383314800978155e+00,0.000000000000000000e+00,-1.795311354164808026e+00,0.000000000000000000e+00,0.000000000000000000e+00,0.000000000000000000e+00,0.000000000000000000e+00,8.887029569943473462e+02,0.000000000000000000e+00,0.000000000000000000e+00,0.000000000000000000e+00
1.100000000000000283e-02,8.039373216462806226e+00,-2.459975648703485619e-38,3.848277941386581968e+00,3.579383314800978155e+00,-1.831551894278493572e-35,-1.893411354164808325e+00,0.000000000000000000e+00,0.000000000000000000e+00,0.000000000000000000e+00,0.000000000000000000e+00,8.886936937885419638e+02,0.000000000000000000e+00,0.000000000000000000e+00,0.000000000000000000e+00
2.100000000000001171e-02,8.075167049610811887e+00,-1.779534892477930884e-36,3.828804277844934045e+00,3.579383314800978155e+00,-4.783799898648282632e-34,-1.991511354164809067e+00,0.000000000000000000e+00,0.000000000000000000e+00,0.000000000000000000e+00,0.000000000000000000e+00,8.886844305827361268e+02,0.000000000000000000e+00,0.000000000000000000e+00,0.000000000000000000e+00
3.100000000000002059e-02,8.110960882758817547e+00,-7.417636645973034420e-36,3.808349614303285779e+00,3.579383314800978155e+00,-3.348984856558085239e-34,-2.089611354164807810e+00,0.000000000000000000e+00,0.000000000000000000e+00,0.000000000000000000e+00,0.000000000000000000e+00,8.886751673769308582e+02,0.000000000000000000e+00,0.000000000000000000e+00,0.000000000000000000e+00
4.100000000000002948e-02,8.146754715906823208e+00,-1.255512531080269812e-35,3.786913950761638059e+00,3.579383314800978155e+00,-5.669540783403838507e-34,-2.187711354164806554e+00,0.000000000000000000e+00,0.000000000000000000e+00,0.000000000000000000e+00,0.000000000000000000e+00,8.886659041711252485e+02,0.000000000000000000e+00,0.000000000000000000e+00,0.000000000000000000e+00
5.100000000000003836e-02,8.182548549054828868e+00,-1.975449922554597498e-35,3.764497287219989996e+00,3.579383314800978155e+00,-1.024111169723099582e-33,-2.285811354164805298e+00,0.000000000000000000e+00,0.000000000000000000e+00,0.000000000000000000e+00,0.000000000000000000e+00,8.886566409653197525e+02,0.000000000000000000e+00,0.000000000000000000e+00,0.000000000000000000e+00
6.100000000000004724e-02,8.218312560350138796e+00,4.860816946423787981e-04,3.742735308508513992e+00,3.447667603387321034e+00,2.083486579881091705e-01,-1.684320872593046969e+00,-2.237918117450902628e+03,-1.196474306782413635e+02,3.451830818598398764e+03,-1.611093358895199007e-03,8.671292916768003352e+02,3.978806366337739291e+03,9.272398578021046660e+02,5.232376072982127653e+02
7.100000000000004918e-02,8.252925371824806788e+00,2.859297369695119363e-03,3.727299969423567561e+00,3.418674002181318450e+00,2.831948578476268241e-01,-1.479473274093890067e+00,2.517160300036214715e-01,-5.305029388073694875e-03,5.767417692209515501e-01,-1.363752295428643114e-04,8.432108609900792544e+02,6.284991143741707198e-01,0.000000000000000000e+00,0.000000000000000000e+00
8.100000000000005806e-02,8.287203315232762435e+00,5.690888616489413188e-03,3.711956008457405254e+00,3.434749049713952562e+00,2.831546428694803330e-01,-1.578313625234321060e+00,0.000000000000000000e+00,0.000000000000000000e+00,0.000000000000000000e+00,0.000000000000000000e+00,8.431879460616469260e+02,0.000000000000000000e+00,0.000000000000000000e+00,0.000000000000000000e+00
9.100000000000006695e-02,8.321560062741401254e+00,8.521772663605440071e-03,3.695671267513326530e+00,3.434564368476652696e+00,2.830154899870107044e-01,-1.669553155113992604e+00,0.000000000000000000e+00,0.000000000000000000e+00,0.000000000000000000e+00,0.000000000000000000e+00,8.431733951529718070e+02,0.000000000000000000e+00,0.000000000000000000e+00,0.000000000000000000e+00
1.010000000000000758e-01,8.355894921741969128e+00,1.125217656736303071e-02,3.678447033398267063e+00,3.430692551333674789e+00,2.392570493067304460e-01,-1.766061976504556430e+00,1.418992332690229752e+01,-1.065740768615978995e+00,3.298510547626753464e+01,-8.648824209794179693e-04,8.431345367344306396e+02,3.588245496697700077e+01,0.000000000000000000e+00,0.000000000000000000e+00
1.110000000000000847e-01,8.390211417007892081e+00,1.364895114584875092e-02,3.660259151436534353e+00,3.438171628726303553e+00,2.478683899863210749e-01,-1.863675385834134168e+00,6.583498794896312845e+00,-1.145286284884175776e-01,1.508935494225815077e+01,-1.270006938667784298e-04,8.430263468692721744e+02,1.644282303408761692e+01,0.000000000000000000e+00,0.000000000000000000e+00
1.210000000000000936e-01,8.424605900102779543e+00,1.633199526586488065e-02,3.641124549484870521e+00,3.445129317505996713e+00,3.958467823077182479e-01,-1.940821498613692464e+00,1.056549358595988650e+02,-6.529253817029697871e+00,2.404220010957760678e+02,-2.712871471072498229e-04,8.429732304944981252e+02,2.623080984484948317e+02,0.000000000000000000e+00,0.000000000000000000e+00
1.310000000000000886e-01,8.460144285857110091e+00,1.949446751583693710e-02,3.624231404098865461e+00,3.587498939402403497e+00,2.421228256810024626e-01,-1.612219927344203940e+00,1.170876624536245814e+01,-2.563408364815426554e-01,2.668775018267204757e+01,-3.555297046086073991e-04,8.388941463416930446e+02,5.494171494509539677e+00,0.000000000000000000e+00,2.361343454732604030e+01
1.410000000000000975e-01,8.496100489889748530e+00,2.216052810089057593e-02,3.607551280198269872e+00,3.595413461285494883e+00,3.174275021210559156e-01,-1.711580386757814320e+00,1.636160223566545824e+01,4.006044252093277080e+00,5.302939937593191644e+01,-6.933900760004653614e-04,8.387998376661239490e+02,5.599616051054236721e+01,0.000000000000000000e+00,0.000000000000000000e+00
1.510000000000001064e-01,8.532060781310999431e+00,2.585033985429453784e-02,3.589921776075864823e+00,3.595043887987578568e+00,3.742410385209029022e-01,-1.804583276177561091e+00,0.000000000000000000e+00,0.000000000000000000e+00,0.000000000000000000e+00,0.000000000000000000e+00,8.387493711630909274e+02,0.000000000000000000e+00,0.000000000000000000e+00,0.000000000000000000e+00
1.610000000000001152e-01,8.568020068578137582e+00,2.941630058005138479e-02,3.571351979260572129e+00,3.592498512952664758e+00,3.038734900339603029e-01,-1.898658925698060385e+00,8.996956708459169505e+00,-2.917924412182926752e-01,2.060888779614771238e+01,-2.195067301012305124e-04,8.387269455177778354e+02,1.384488417389169967e+01,0.000000000000000000e+00,8.614805890351647122e+00
1.710000000000001241e-01,8.604002572379137348e+00,3.173199392752483472e-02,3.551980661431020980e+00,3.623394844039235618e+00,4.026860164132279873e-01,-1.938500749163464709e+00,2.038198209609244600e+02,-1.339212907386699491e+01,4.647228900405681884e+02,-4.737249259563994664e-04,8.384797857932061333e+02,5.068481533569615181e+02,0.000000000000000000e+00,0.000000000000000000e+00
1.810000000000001330e-01,8.641158920990479331e+00,3.456004995828702159e-02,3.534527651797918502e+00,3.750246028726626601e+00,2.124828863894973330e-01,-1.687741961208133246e+00,1.288281993500572753e+01,-7.187774917963488663e-01,2.943447380795506163e+01,-4.303551069641891290e-04,8.354797880113026167e+02,1.573811263267644378e+01,1.635301713122371936e+01,0.000000000000000000e+00
1.910000000000001419e-01,8.678637830816290588e+00,3.744228059207287129e-02,3.517136466582787779e+00,3.754119138599726124e+00,3.137590005297021256e-01,-1.784972530450967820e+00,0.000000000000000000e+00,0.000000000000000000e+00,0.000000000000000000e+00,0.000000000000000000e+00,8.354395459337772536e+02,0.000000000000000000e+00,0.000000000000000000e+00,0.000000000000000000e+00
2.010000000000001508e-01,8.716151994845075635e+00,4.069954085141550687e-02,3.498781401839625271e+00,3.753883300390389088e+00,3.591348197954092325e-01,-1.879427776170075948e+00,5.116036340274841443e+00,-9.628313494001880524e-02,1.181535682664853759e+01,-5.730755919257216925e-05,8.354198141003337241e+02,1.211774260852078910e+01,7.415300392010977237e-01,0.000000000000000000e+00
2.110000000000001597e-01,8.753677392187926287e+00,4.452858130423847927e-02,3.479489515405903344e+00,3.747046553656022461e+00,4.747015165939505454e-01,-1.966091511054044227e+00,2.149257110803759829e+01,3.812612891031880724e-01,5.241955802487985494e+01,-7.389607859669832142e-04,8.338306852366438306e+02,5.658266156120363632e+01,0.000000000000000000e+00,0.000000000000000000e+00
2.210000000000001685e-01,8.791222082186976650e+00,4.718398195581750137e-02,3.459372299097795533e+00,3.721605958748976484e+00,1.346654864463064927e-01,-2.021786502511347727e+00,4.346777158107326500e+01,-1.135779331796521685e+00,1.009885934954967581e+02,-4.437692215575742612e-04,8.336591246258776664e+02,7.987589171659861620e+01,2.993334094679924107e+01,0.000000000000000000e+00
2.310000000000001774e-01,8.828379870509710514e+00,5.057033844746253864e-02,3.441326875298504451e+00,3.726763425851359113e+00,4.460989241157153340e-01,-1.764480915940093153e+00,3.283072949271883090e+00,-1.606537786560249814e-01,7.550098005112379163e+00,-2.251384207477686011e-04,8.169986697963274764e+02,0.000000000000000000e+00,0.000000000000000000e+00,8.222989749007712845e+00
2.410000000000001863e-01,8.865545130350374947e+00,5.407596614253546569e-02,3.423301093732680211e+00,3.694998302898670595e+00,2.762162003038958757e-01,-1.828968696484892575e+00,6.525328954532636949e+00,-1.095791815255261897e-01,1.509524363726363028e+01,-4.950176196143879492e-05,8.169108915339022587e+02,1.642440818534440439e+01,0.000000000000000000e+00,0.000000000000000000e+00
2.510000000000001674e-01,8.902657390457404674e+00,5.689723814845899091e-02,3.404423499705698131e+00,3.727205477519995203e+00,3.093322123525866774e-01,-1.935926959786093304e+00,2.656900596918885071e+01,-9.227272458810302780e-01,6.146242644586946824e+01,-5.583125540044460954e-04,8.168122367668927382e+02,3.479796180950611983e+01,1.524461193314646579e+01,1.683417948785920970e+01
2.610000000000001763e-01,8.940335417551885655e+00,6.028254801546403807e-02,3.386008895452716772e+00,3.806551544992706759e+00,2.557046023073615282e-01,-1.752005076692792374e+00,0.000000000000000000e+00,0.000000000000000000e+00,0.000000000000000000e+00,0.000000000000000000e+00,8.140968896251215483e+02,0.000000000000000000e+00,0.000000000000000000e+00,0.000000000000000000e+00
2.710000000000001852e-01,8.978422869498492886e+00,6.378299547009745607e-02,3.368035585710297042e+00,3.812869530497744464e+00,3.914838280122148184e-01,-1.838862767636901818e+00,0.000000000000000000e+00,0.000000000000000000e+00,0.000000000000000000e+00,0.000000000000000000e+00,8.140639638809693679e+02,0.000000000000000000e+00,0.000000000000000000e+00,0.000000000000000000e+00
2.810000000000001941e-01,9.016543072977905027e+00,6.823588972267553843e-02,3.349123593157454337e+00,3.816006758456959247e+00,4.865137779067564283e-01,-1.935190020037157455e+00,0.000000000000000000e+00,0.000000000000000000e+00,0.000000000000000000e+00,0.000000000000000000e+00,8.140374963630985121e+02,0.000000000000000000e+00,0.000000000000000000e+00,0.000000000000000000e+00
2.910000000000002029e-01,9.054679638608030601e+00,7.214069611372858626e-02,3.329274869405072224e+00,3.807010599848605015e+00,2.965028938618162191e-01,-2.022060533996601794e+00,6.873390126235397801e+00,6.198599503587541582e-02,1.586557472211491060e+01,-8.916708489091311474e-05,8.139252443621111297e+02,2.443122315093916974e+00,0.000000000000000000e+00,1.482622369270552554e+01
3.010000000000002118e-01,9.093539989914043886e+00,7.566756110307551464e-02,3.310085451082583674e+00,3.935897409466441399e+00,4.611776408736595334e-01,-1.846854559017183428e+00,5.158050730879685908e+00,-2.427434691542649514e-01,1.190768374900506466e+01,-3.526546014333377995e-04,8.125910618219645585e+02,1.296150594688583979e+01,0.000000000000000000e+00,0.000000000000000000e+00
3.110000000000002207e-01,9.132883749528227568e+00,8.001004271888678687e-02,3.291128627327108536e+00,3.935011054146959619e+00,3.603503327042162363e-01,-1.938336072653580544e+00,1.412964162840819604e+01,4.537840034032504910e+00,3.863043681396523255e+01,-5.136546347540731951e-04,8.125346265251621389e+02,4.159659274598232059e+01,0.000000000000000000e+00,0.000000000000000000e+00
3.210000000000002296e-01,9.172275120812612315e+00,8.325638143689910453e-02,3.271232192282251372e+00,3.940418868389799822e+00,4.025754380436965540e-01,-2.027005815103613440e+00,2.339674879537916397e+01,-9.161446272550833880e-01,5.388410325075563634e+01,-2.092555931192180071e-04,8.124786884449370064e+02,5.707859470593841422e+01,1.598317385897154885e+00,0.000000000000000000e+00
3.310000000000002385e-01,9.212118186745122728e+00,8.731672443567990716e-02,3.251435337392336589e+00,4.024390006120415642e+00,3.851741912694560677e-01,-1.917395583743505272e+00,2.363603923540517471e+01,-4.151377077658139902e-01,5.446897998643379424e+01,-1.093044244102876848e-04,8.114644574377513209e+02,4.770058428216573532e+01,1.160464089092638318e+01,0.000000000000000000e+00
3.410000000000002474e-01,9.252421002691130880e+00,9.116773867702557266e-02,3.231725796081643232e+00,4.031400159473650824e+00,3.835798526233071826e-01,-2.014508995885038178e+00,5.999446531534570859e+00,-1.542946434507803943e-02,1.384760358279670101e+01,-8.985814809455783606e-05,8.114411825792205946e+02,1.237368812643641647e+01,1.303510610258142632e+00,1.396171994101935487e+00
3.510000000000002562e-01,9.292878588745423940e+00,9.499257360182250531e-02,3.211333361661389940e+00,4.073697364793654074e+00,3.915753336651807692e-01,-1.993464214586745609e+00,5.001730915844934344e+01,-7.716850223966881250e-01,1.156299572117068806e+02,-1.853636599499031232e-04,8.108334681891032005e+02,7.592031596281366035e+01,0.000000000000000000e+00,4.991045626079981901e+01
3.610000000000002651e-01,9.333983554987682396e+00,9.848617969088113711e-02,3.191567282007329087e+00,4.118254538817821775e+00,3.414327272312141504e-01,-2.019070403602619024e+00,2.358811618476464034e+00,1.062252269483806577e-01,5.455623996188750269e+00,-2.870590608442793665e-05,8.102888243214117665e+02,5.936544370233042933e+00,0.000000000000000000e+00,0.000000000000000000e+00
3.710000000000002740e-01,9.375143295277263533e+00,1.019675052997005005e-01,3.170871760224858171e+00,4.116619437852753194e+00,3.530450926780480114e-01,-2.111740817465219244e+00,5.649834177687597325e+00,8.474309936302309998e-02,1.305463187823810500e+01,-7.936728598377344734e-05,8.102486086872921760e+02,1.420785727547514199e+01,0.000000000000000000e+00,0.000000000000000000e+00
3.810000000000002829e-01,9.416826268863127680e+00,1.054814973633203951e-01,3.150429662821052634e+00,4.181315502111781157e+00,3.387154344143623041e-01,-2.059371984968958014e+00,5.502381487358721124e+00,2.683511084870040531e-01,1.267760657321210083e+01,-8.256441966666278054e-06,8.094866317020409952e+02,9.210839453978152847e+00,0.000000000000000000e+00,4.592059412967643084e+00
3.910000000000002918e-01,9.458790394065021090e+00,1.089920102584494288e-01,3.129666728917743335e+00,4.217604491005488399e+00,3.431250462635989651e-01,-2.052053612002588512e+00,1.188810513489818455e+01,1.913905104520765010e-01,2.742523385923856694e+01,-4.429976580518253659e-05,8.089748524198687392e+02,2.985368103835265785e+01,0.000000000000000000e+00,0.000000000000000000e+00
4.010000000000003006e-01,9.501118720675496121e+00,1.124910662250480503e-01,3.108739862722442737e+00,4.268349767026427877e+00,3.536806529096422902e-01,-2.054130800708139581e+00,3.519084276503475621e+02,1.339921055464503796e+00,8.153156756296325511e+02,-1.131836074778809226e-04,8.086592172656902449e+02,4.623498184173817549e+02,1.874567591623132046e+02,2.370912397043860551e+02
4.110000000000003095e-01,9.543799157865423766e+00,1.159919764994237906e-01,3.087704169188679959e+00,4.276742196206912539e+00,3.539195961722451655e-01,-2.148758382783332088e+00,1.110253905166146282e+01,-1.290828478137973356e-01,2.563932706196208855e+01,-6.851016097104132598e-05,8.084332408990958356e+02,2.790545745891274976e+01,0.000000000000000000e+00,0.000000000000000000e+00
4.210000000000003184e-01,9.586855676156234907e+00,1.194640833199721586e-01,3.066521275048089468e+00,4.329187104808717379e+00,3.199709995564851694e-01,-2.155201911772303358e+00,1.765080411582437847e+01,1.508031575961094051e-02,4.083271990381329886e+01,-9.181970024023248036e-05,8.079351348817261851e+02,4.442773697988302217e+01,0.000000000000000000e+00,0.000000000000000000e+00
4.310000000000003273e-01,9.630250480740667030e+00,1.229686862975271772e-01,3.045108498841109235e+00,4.389827345148695770e+00,3.350189214955586192e-01,-2.130157810435580057e+00,3.911362949406010898e+02,3.879699183204649682e+00,9.079304683725400764e+02,-1.323613853423711868e-04,8.075019906682745159e+02,4.421263722043269127e+02,2.817241322502024445e+02,2.634730264618435740e+02
4.410000000000003362e-01,9.674081657278883029e+00,1.264641066087504317e-01,3.023836445362712677e+00,4.379581278537370892e+00,3.613692993487231941e-01,-2.166540855094345464e+00,4.977440900163740523e+00,-4.343706571411729556e+00,1.718294748955832318e+01,-6.638526545382165273e-05,8.070615568798913273e+02,1.838577909877471583e+01,0.000000000000000000e+00,0.000000000000000000e+00
4.510000000000003451e-01,9.718104990421560174e+00,1.299953332891199131e-01,3.001928899710748500e+00,4.423359751453555866e+00,3.545794902712236518e-01,-2.154939079549829994e+00,1.015419207923381073e+01,2.415559995954108530e-01,2.370246547606071630e+01,-6.172416500454017650e-05,8.064441725931915244e+02,0.000000000000000000e+00,1.789157927368336587e+01,7.860682247042356963e+00
4.610000000000003539e-01,9.762557226661327192e+00,1.335104020255488411e-01,2.980073431267072692e+00,4.464833464578354949e+00,3.519252612108879630e-01,-2.206448933051832650e+00,2.196542506301530651e+01,3.255583525771775233e-01,5.107894526691093517e+01,-1.070303118376454785e-04,8.061458756806969177e+02,4.072602858782931889e+01,8.138323176507720191e+00,6.666199791824531040e+00
4.710000000000003628e-01,9.807361676315810683e+00,1.370398576091778897e-01,2.958108616111032596e+00,4.493870044538430086e+00,3.828264618651017193e-01,-2.213302567088154316e+00,2.050771143293840382e+01,1.110154548945528619e-01,4.760535919800580729e+01,-1.717128552250770344e-04,8.053526228925201167e+02,3.997425498002903765e+01,1.179444398188212517e+01,0.000000000000000000e+00
4.810000000000003717e-01,9.852480641897185976e+00,1.406948968095196595e-01,2.935988292457467175e+00,4.528944248105200465e+00,3.684609490190168812e-01,-2.219209780413855082e+00,7.204003489913707980e+00,3.897635322737743602e-01,1.675671951899726508e+01,-1.268495662167911774e-04,8.048675857795851698e+02,1.821425732266346387e+01,0.000000000000000000e+00,0.000000000000000000e+00
4.910000000000003806e-01,9.897909227440159441e+00,1.442208645287634539e-01,2.913535329752328096e+00,4.567861141612906906e+00,3.361865515324483633e-01,-2.245895748486137933e+00,3.633816414491181490e+01,1.451480825111097772e+00,8.483884101770389918e+01,-4.960604384431771541e-05,8.044512720344775971e+02,9.216736070842846118e+01,0.000000000000000000e+00,0.000000000000000000e+00
5.010000000000003340e-01,9.943761517659492455e+00,1.477651213427327859e-01,2.891096572561168365e+00,4.601752479280147412e+00,3.665183750869203672e-01,-2.242978361536246634e+00,1.830592827005745349e+01,3.934297093115636801e-01,4.285346062759570174e+01,-1.507441700575970923e-04,8.039141353094076976e+02,4.031327320802144953e+01,1.580936975946006573e+00,4.644276404072586573e+00
5.110000000000003428e-01,9.989884192648224470e+00,1.514429495392780878e-01,2.868381478435772625e+00,4.634499046081875129e+00,4.002256449481769729e-01,-2.257690876295365801e+00,1.644254645595124842e+01,2.286945796021135902e-01,3.844561806252178116e+01,-8.176910821562958197e-05,8.034602924468044876e+02,1.150269128674201546e+01,1.248001223672037696e+01,1.777508940753216393e+01
5.210000000000003517e-01,1.003643301433586466e+01,1.549664703994864390e-01,2.845569911251489614e+00,4.681366731216864530e+00,3.298333153596632594e-01,-2.286344222156717620e+00,7.424230898277828672e+00,1.996043737552971875e-01,1.736424061564542853e+01,-4.194723470212846986e-05,8.030012422327082504e+02,1.316706034091932587e+01,3.223926961871315555e+00,2.468318917643604227e+00
5.310000000000003606e-01,1.008329127449320772e+01,1.586346315675038754e-01,2.822612849172340788e+00,4.701256432672362706e+00,3.960370348096378113e-01,-2.277702894267873646e+00,1.177886821815670615e+01,3.471764038033003930e-01,2.760611988508130921e+01,-5.739557938917293906e-05,8.024660146836299646e+02,2.997345646836765098e+01,0.000000000000000000e+00,0.000000000000000000e+00
5.410000000000003695e-01,1.013046356098930545e+01,1.622108817632063882e-01,2.799318685897898451e+00,4.746532504258855312e+00,3.447363913993511941e-01,-2.322109931701200392e+00,4.667939847059530507e+02,1.732838101389334895e+01,1.096840819665551635e+03,-9.701607791242402440e-05,8.024142061807469872e+02,7.615507306118327051e+02,1.519601152944190972e+02,2.768375712654685685e+02
5.510000000000003784e-01,1.017804921097759596e+01,1.659197382483746652e-01,2.776125107444683326e+00,4.770683219891373561e+00,3.371345331372505583e-01,-2.366024241128430905e+00,0.000000000000000000e+00,0.000000000000000000e+00,0.000000000000000000e+00,0.000000000000000000e+00,8.017571711371691663e+02,0.000000000000000000e+00,0.000000000000000000e+00,0.000000000000000000e+00
5.610000000000003872e-01,1.022598271510098300e+01,1.695424895923137165e-01,2.752690515274109018e+00,4.813602880372521042e+00,3.518630566348868172e-01,-2.350712876055931932e+00,0.000000000000000000e+00,0.000000000000000000e+00,0.000000000000000000e+00,0.000000000000000000e+00,8.011064408196223212e+02,0.000000000000000000e+00,0.000000000000000000e+00,0.000000000000000000e+00
5.710000000000003961e-01,1.027418500239950916e+01,1.732168534671160443e-01,2.728898528460188988e+00,4.865704378176420875e+00,3.558400329140237184e-01,-2.321466462459131019e+00,3.808607080522397723e+02,1.621068992883262538e+01,8.962847055229428861e+02,-7.580440196785468050e-05,8.006031971225221469e+02,4.956966442144599796e+02,2.511105789557524588e+02,2.255982098174830526e+02
5.810000000000004050e-01,1.032280676614639425e+01,1.769282330020600646e-01,2.705188999927703453e+00,4.864933227063445997e+00,3.739914216280831316e-01,-2.414593058531359304e+00,7.771178521823174812e+00,3.295465495858643790e-01,2.713075408020599610e+01,-5.296188320434800506e-05,8.003247902643884117e+02,0.000000000000000000e+00,9.275664260547952011e+00,1.901131368031547453e+01
5.910000000000004139e-01,1.037175193139308149e+01,1.806107982552019042e-01,2.681165264220597866e+00,4.921625996143712101e+00,3.497485636997095804e-01,-2.390006803872974928e+00,3.183958080801907009e+00,1.710213283151318653e-01,7.520589481872605120e+00,-6.618317045444053331e-06,7.995187348653853405e+02,8.154329771341982891e+00,0.000000000000000000e+00,0.000000000000000000e+00
6.010000000000004228e-01,1.042104879457140498e+01,1.842838525264532401e-01,2.656947314905448554e+00,4.962535101208878530e+00,3.835687209123103125e-01,-2.403326005173434421e+00,2.790104431140784769e+01,1.026629841406562438e+00,6.597523183072146935e+01,-1.624744511868456056e-04,7.989913014339854271e+02,7.152521784067398869e+01,0.000000000000000000e+00,0.000000000000000000e+00
6.110000000000004317e-01,1.047061923077908752e+01,1.880752752171566955e-01,2.632632904394772044e+00,4.973949917121131215e+00,3.891831949645974675e-01,-2.417464116392272988e+00,8.324827588936024370e+00,4.282131734637348308e-01,1.971012123448277720e+01,-6.625172728110884438e-05,7.984473254361630552e+02,1.586479525518373990e+01,0.000000000000000000e+00,5.497724563886400517e+00
6.210000000000004405e-01,1.052060859997817310e+01,1.918518063443232502e-01,2.608238765983806662e+00,5.003231875903221493e+00,3.819976089564564026e-01,-2.456454294664630833e+00,2.428163017934644952e+00,4.746935301553188713e-02,5.742713170784224275e+00,-1.304158017481540227e-05,7.980624496595918345e+02,6.225671337159992547e+00,0.000000000000000000e+00,0.000000000000000000e+00
6.310000000000004494e-01,1.057091803366897231e+01,1.956125785018973107e-01,2.583694286308003463e+00,5.055085593909554476e+00,3.879768846086382728e-01,-2.428618123291658382e+00,4.969298253544701005e+00,1.366803948446301820e-01,1.178032861253784169e+01,-3.452897173913905757e-05,7.964525895912323676e+02,7.021210598002026515e+00,4.004677247964124831e+00,1.740044993732151601e+00
6.410000000000004583e-01,1.062149410097403113e+01,1.993965306055320019e-01,2.558875053511014741e+00,5.056230118328697287e+00,3.783937197274443442e-01,-2.523429886308357073e+00,0.000000000000000000e+00,0.000000000000000000e+00,0.000000000000000000e+00,0.000000000000000000e+00,7.964016116368682106e+02,0.000000000000000000e+00,0.000000000000000000e+00,0.000000000000000000e+00
6.510000000000004672e-01,1.067246647771201573e+01,2.032337999188210953e-01,2.534031210027587466e+00,5.110744814703962469e+00,3.840091671581482569e-01,-2.497348503152531762e+00,3.982277376276733172e+00,2.980577080615673391e-01,9.483464213904960971e+00,-4.392219897036888504e-05,7.955927074070525578e+02,0.000000000000000000e+00,4.981004860396896383e+00,5.287792363948442542e+00
6.610000000000004761e-01,1.072372694627802758e+01,2.069838741053136033e-01,2.508797346370295500e+00,5.198166573714058991e+00,2.959741144782361277e-01,-2.507083223033832464e+00,7.087015789182491687e+01,4.663115612883717453e+00,1.688198219297894127e+02,-9.464587195666417964e-05,7.948976731580615933e+02,1.630865794008033731e+02,1.970053132902678783e+01,0.000000000000000000e+00
6.710000000000004849e-01,1.077534142746863211e+01,2.108131151128473102e-01,2.483543496421452890e+00,5.189315289603968040e+00,3.467342605574706416e-01,-2.571778056291867731e+00,2.189771799871127556e+01,9.226265795008016246e-01,5.205481528347726794e+01,-1.045456085828359773e-04,7.945361483574240538e+02,5.291605757893201201e+01,3.464317038546545824e+00,0.000000000000000000e+00
6.810000000000004938e-01,1.082735643676573467e+01,2.146821649577478341e-01,2.458283871216149663e+00,5.191166847940102969e+00,4.064433281877455895e-01,-2.529885547956439051e+00,2.663189627184747366e+01,1.395811678611706741e+00,6.354590346808468837e+01,-3.560332621510037699e-04,7.937820649792977292e+02,6.274205546938827638e+01,6.044059663128695803e+00,0.000000000000000000e+00
6.910000000000005027e-01,1.087955365830753429e+01,2.185957033146308792e-01,2.432486277175733402e+00,5.234231171912815839e+00,3.690926025446057968e-01,-2.555317659206272740e+00,4.590960487595680206e+02,2.634657657144726528e+01,1.099175915731831537e+03,-2.218823481068968925e-04,7.935873165084134371e+02,1.189205014182220339e+03,0.000000000000000000e+00,0.000000000000000000e+00
7.010000000000005116e-01,1.093241909943781032e+01,2.228907554991259865e-01,2.408032397742311481e+00,5.346819289566840716e+00,1.900597847636252280e-01,-2.399148663035679530e+00,1.950273872751406401e+01,1.166672229124711135e+00,4.727721173854929759e+01,-7.222774082428242131e-04,7.792716894764441804e+02,3.875924356125344872e+01,1.229051343883086744e+01,0.000000000000000000e+00
7.110000000000005205e-01,1.098514023611531343e+01,2.269899638091453786e-01,2.384084159157974891e+00,5.287131621953494509e+00,4.669802817266650585e-01,-2.441689779539308436e+00,0.000000000000000000e+00,0.000000000000000000e+00,0.000000000000000000e+00,0.000000000000000000e+00,7.790397259292265062e+02,0.000000000000000000e+00,0.000000000000000000e+00,0.000000000000000000e+00
7.210000000000005294e-01,1.103784540748897136e+01,2.320204513306566019e-01,2.359228331851226823e+00,5.236150504793943838e+00,5.334104919057900407e-01,-2.512454462274270828e+00,0.000000000000000000e+00,0.000000000000000000e+00,0.000000000000000000e+00,0.000000000000000000e+00,7.789896809222758520e+02,0.000000000000000000e+00,0.000000000000000000e+00,0.000000000000000000e+00
7.310000000000005382e-01,1.109013370736338722e+01,2.373586221960831133e-01,2.333627151953495904e+00,5.215949064827836601e+00,5.535884722283388459e-01,-2.597670499384454157e+00,5.326204666655342201e+00,4.022720396739065118e-01,1.274625140800474199e+01,-8.248603354862904004e-05,7.789688873607350388e+02,0.000000000000000000e+00,1.379015378451912355e+01,0.000000000000000000e+00
7.410000000000005471e-01,1.114223517216066561e+01,2.430237730629733472e-01,2.307159929656565911e+00,5.212424488382072951e+00,5.671780994270527732e-01,-2.690320329203284011e+00,0.000000000000000000e+00,0.000000000000000000e+00,0.000000000000000000e+00,0.000000000000000000e+00,7.789507647718622820e+02,0.000000000000000000e+00,0.000000000000000000e+00,0.000000000000000000e+00
7.510000000000005560e-01,1.119446941545290741e+01,2.485851177004435864e-01,2.279679106286935930e+00,5.261803717515734391e+00,4.965986830308060651e-01,-2.808527363279408551e+00,2.041581743188195475e+01,9.183432941876351618e-01,4.906405742347783416e+01,-4.058636266929295522e-04,7.787713793488485408e+02,5.190337793279459788e+01,0.000000000000000000e+00,1.136267146879185175e+00
7.610000000000005649e-01,1.124793644226007849e+01,2.533543747365658572e-01,2.252826131568621992e+00,5.423885887620924606e+00,5.177426316123575623e-01,-2.462798735580586484e+00,5.473881349686747200e+01,3.239946936678919975e+00,1.326014872876463073e+02,-2.295484788490250935e-04,7.743764289253908828e+02,1.431976031166644816e+02,0.000000000000000000e+00,0.000000000000000000e+00
7.710000000000005738e-01,1.130210463475991389e+01,2.587724442883411191e-01,2.227737609861989210e+00,5.417508495255215273e+00,5.416406472570090003e-01,-2.551060324910422228e+00,0.000000000000000000e+00,0.000000000000000000e+00,0.000000000000000000e+00,0.000000000000000000e+00,7.743394395639927552e+02,0.000000000000000000e+00,0.000000000000000000e+00,0.000000000000000000e+00
7.810000000000005826e-01,1.135648684481518877e+01,2.637128417583190498e-01,2.201598136212092438e+00,5.450990903053668291e+00,4.652232040715960637e-01,-2.662717641583537631e+00,0.000000000000000000e+00,0.000000000000000000e+00,0.000000000000000000e+00,0.000000000000000000e+00,7.742658668688741272e+02,0.000000000000000000e+00,0.000000000000000000e+00,0.000000000000000000e+00
7.910000000000005915e-01,1.141085740526572678e+01,2.687521389042680786e-01,2.174504931510513828e+00,5.411625062412360521e+00,5.582503317375174801e-01,-2.740373584667910478e+00,9.147873906054092785e+00,3.316480537329622447e-01,2.233756681523325227e+01,-2.211565698423388106e-04,7.741953778710292227e+02,2.409354571061762940e+01,0.000000000000000000e+00,0.000000000000000000e+00
8.010000000000006004e-01,1.146503554819735093e+01,2.741189205404233609e-01,2.146567283684110095e+00,5.440655176783455893e+00,4.694179613018771846e-01,-2.843376923348504892e+00,2.271903550644654501e+01,1.762125776039078939e+00,5.511721940922115692e+01,-2.025886585171091884e-04,7.741053975409679424e+02,5.949781735022440188e+01,0.000000000000000000e+00,0.000000000000000000e+00
8.110000000000006093e-01,1.152045591692269255e+01,2.793045821861142586e-01,2.120321536133447982e+00,5.522911994256897827e+00,6.443986452100308737e-01,-2.550344590888296903e+00,0.000000000000000000e+00,0.000000000000000000e+00,0.000000000000000000e+00,0.000000000000000000e+00,7.712517653431467579e+02,0.000000000000000000e+00,0.000000000000000000e+00,0.000000000000000000e+00
8.210000000000006182e-01,1.157590306506600975e+01,2.851487963009448068e-01,2.094202666650004208e+00,5.600870610518055237e+00,4.958629219233240404e-01,-2.683922118546887337e+00,1.079980399904880528e+01,6.854840115291644942e-01,2.629362716208273199e+01,-3.715193287108183896e-04,7.711413903504316067e+02,2.542487898631744514e+01,0.000000000000000000e+00,2.943113415792545151e+00
8.310000000000006271e-01,1.163207586459926546e+01,2.899265982533081321e-01,2.066773112481801178e+00,5.620570210044645520e+00,4.802201663507990048e-01,-2.786667311440608419e+00,0.000000000000000000e+00,0.000000000000000000e+00,0.000000000000000000e+00,0.000000000000000000e+00,7.711065093208258077e+02,0.000000000000000000e+00,0.000000000000000000e+00,0.000000000000000000e+00
8.410000000000006359e-01,1.168820782564027461e+01,2.948499839867439465e-01,2.038427346285648589e+00,5.579327950278262449e+00,5.245296437848743221e-01,-2.860445681654774752e+00,1.310566826243120708e+01,1.253263029415986551e+00,3.305110419678305789e+01,-5.514623304364466103e-04,7.710575384546345958e+02,3.416198810693421706e+01,1.325673895243694389e+00,0.000000000000000000e+00
8.510000000000006448e-01,1.174428759210132256e+01,3.004619454684858137e-01,2.010496872171992244e+00,5.782064567340370331e+00,4.522099734691050199e-01,-2.686993725962604440e+00,2.363513771841414837e+02,2.041458203756644707e+01,5.806290807312079778e+02,-5.317392012669818532e-04,7.685991686518142387e+02,6.027000220808437234e+02,0.000000000000000000e+00,2.295982264500293013e+01
8.610000000000006537e-01,1.180171938364228268e+01,3.053964983144382139e-01,1.983370042364460684e+00,5.703468529071987980e+00,5.477089055160394571e-01,-2.734951094794493720e+00,0.000000000000000000e+00,0.000000000000000000e+00,0.000000000000000000e+00,0.000000000000000000e+00,7.683400292001360867e+02,0.000000000000000000e+00,0.000000000000000000e+00,0.000000000000000000e+00
8.710000000000006626e-01,1.185869266759807239e+01,3.109988583720982858e-01,1.955531035909376936e+00,5.687198246984839223e+00,5.706266060182257904e-01,-2.821670933328820574e+00,0.000000000000000000e+00,0.000000000000000000e+00,0.000000000000000000e+00,0.000000000000000000e+00,7.683198720617531308e+02,0.000000000000000000e+00,0.000000000000000000e+00,0.000000000000000000e+00
8.810000000000006715e-01,1.191576879446703785e+01,3.164428594287305718e-01,1.926696642757813382e+00,5.747744827848457305e+00,5.112133316087863477e-01,-2.943161547698406988e+00,1.988719185341120976e+01,1.162306774095505313e+00,4.847989914502245767e+01,-9.110156664299024105e-05,7.682060544813654133e+02,5.228746203139594684e+01,0.000000000000000000e+00,0.000000000000000000e+00
8.910000000000006803e-01,1.197361941093851812e+01,3.218719684865339881e-01,1.898880909922189275e+00,5.812937743666354073e+00,5.191310495001497660e-01,-2.822881069600172932e+00,0.000000000000000000e+00,0.000000000000000000e+00,0.000000000000000000e+00,0.000000000000000000e+00,7.648911447900222811e+02,0.000000000000000000e+00,0.000000000000000000e+00,0.000000000000000000e+00
9.010000000000006892e-01,1.203158568600665035e+01,3.272820930376550419e-01,1.870215013136538706e+00,5.784004292900533528e+00,5.532261318315813137e-01,-2.901986264314872166e+00,0.000000000000000000e+00,0.000000000000000000e+00,0.000000000000000000e+00,0.000000000000000000e+00,7.648270723732448459e+02,0.000000000000000000e+00,0.000000000000000000e+00,0.000000000000000000e+00
9.110000000000006981e-01,1.209009819896998472e+01,3.327346265748055698e-01,1.841984982231205992e+00,5.848790866487103557e+00,5.506729991083727516e-01,-2.857855200544079377e+00,1.235226446227977526e+01,1.992429732630144557e+00,3.303620379873647295e+01,-2.746406757114187164e-05,7.635619930092810819e+02,1.090772393344172286e+01,1.816735402440144753e+01,6.181351312889253435e+00
9.210000000000007070e-01,1.214880082587550270e+01,3.381852381005454600e-01,1.813185153646909464e+00,5.880780394553624113e+00,5.522231991250862171e-01,-2.865728140839938654e+00,1.586239496506878055e+01,1.086626103645886854e+00,3.906520271540744460e+01,-8.332588514932534260e-05,7.627390036222711842e+02,1.221844025644358389e+01,2.984812401554742323e+01,0.000000000000000000e+00
9.310000000000007159e-01,1.220805035013062856e+01,3.436210211449471363e-01,1.784468317662147419e+00,5.950663262605729642e+00,5.272413685417826068e-01,-2.893884973838075858e+00,9.659378253960982263e+00,7.009605383312083049e-01,2.401656475807810409e+01,-1.407355423484924102e-04,7.619479401430680809e+02,2.582625420381328141e+01,0.000000000000000000e+00,0.000000000000000000e+00
9.410000000000007248e-01,1.226813401460037056e+01,3.489196818803578237e-01,1.756492427729149597e+00,5.980695783486676298e+00,5.697545283245940562e-01,-2.817868614169848129e+00,6.105809804965809384e+00,4.761840629937419411e-01,1.538800570726140471e+01,-2.085249658406685899e-05,7.605710575649054590e+02,0.000000000000000000e+00,1.652002992652555946e+01,0.000000000000000000e+00
9.510000000000007336e-01,1.232806373131589339e+01,3.546092924459202100e-01,1.727810854436597987e+00,5.943550216457995639e+00,6.573305670670150924e-01,-2.862541440345718780e+00,1.117331350975495496e+02,1.010493929642844790e+01,2.948111739717397768e+02,-3.151313013029246289e-04,7.603529240353625482e+02,2.529791108557658390e+02,1.319051210223755932e+00,6.035183291057269628e+01
9.610000000000007425e-01,1.238968758820199945e+01,3.598546865070971768e-01,1.701101348323077023e+00,6.186947384428203023e+00,4.999255325706590813e-01,-2.603273382610145514e+00,8.504775210468663360e+00,5.211498787284468692e-01,2.101486386979587451e+01,-3.970230413906322784e-04,7.565473455087333150e+02,1.709179012934308517e+01,5.522597220430045084e+00,0.000000000000000000e+00
9.710000000000007514e-01,1.245154447668885922e+01,3.651942230811163759e-01,1.674544136378670389e+00,6.196217189788513657e+00,5.483924876882629862e-01,-2.704060842267151710e+00,0.000000000000000000e+00,0.000000000000000000e+00,0.000000000000000000e+00,0.000000000000000000e+00,7.565121681222869938e+02,0.000000000000000000e+00,0.000000000000000000e+00,0.000000000000000000e+00
9.810000000000007603e-01,1.251372639519889063e+01,3.711886575387280951e-01,1.648372670511473403e+00,6.373670698438316684e+00,5.460488849414368850e-01,-2.451555243751411872e+00,4.546819859271854511e+02,9.669782156775437443e+01,1.430754463212751489e+03,-6.111121926779404696e-04,7.533437063310552730e+02,3.848854132366757312e+02,7.024265603830051532e+02,4.134835277298006986e+02
9.910000000000007692e-01,1.257708248211497448e+01,3.766070170143977491e-01,1.624234132062130298e+00,6.272479262244455178e+00,5.987297608992036002e-01,-2.428466834194582091e+00,2.970925127671251165e+00,2.894214842939409893e-01,8.493858766036474606e+00,-6.855353998048876844e-05,7.521381302015001893e+02,0.000000000000000000e+00,8.978234015331471696e+00,0.000000000000000000e+00
1.001000000000000556e+00,1.264074670623356234e+01,3.825377280903738964e-01,1.600894689504025692e+00,6.407435193173287580e+00,6.499300107192617082e-01,-2.187569972596993040e+00,0.000000000000000000e+00,0.000000000000000000e+00,0.000000000000000000e+00,0.000000000000000000e+00,7.487092296201732324e+02,0.000000000000000000e+00,0.000000000000000000e+00,0.000000000000000000e+00
1.010999999999999455e+00,1.270478239412445021e+01,3.890426287161234398e-01,1.578426851528503150e+00,6.387003547180944985e+00,6.270675385781419031e-01,-2.285386114313388894e+00,1.295326186310746941e+01,5.866304642828573890e+00,5.501889820767112838e+01,-1.204912246166118996e-04,7.486605492066471470e+02,2.423331796925322834e+01,1.547089128382877377e+01,1.697501562792344387e+01
1.020999999999998353e+00,1.276921263338749846e+01,3.944731885145424388e-01,1.555803556901086626e+00,6.483479455831911764e+00,5.097051129287942794e-01,-2.097681115730352097e+00,3.063802328571628664e+02,1.795163705692228291e+02,1.257136695385918756e+03,-1.749022222236188469e-04,7.464442364435751642e+02,8.179816487657108155e+02,3.375184533648543947e+02,1.472735032105965729e+02
1.030999999999997252e+00,1.283401504260199033e+01,4.013354665652386077e-01,1.534363999078364849e+00,6.408676412281998580e+00,6.829357164228083699e-01,-2.090333122218604789e+00,7.253283588948735883e+01,4.571781696381759730e+01,3.164065716803149257e+02,-3.743338502754847003e-04,7.448943057383539781e+02,3.269380776250502549e+02,0.000000000000000000e+00,0.000000000000000000e+00
1.040999999999996151e+00,1.289872199152740961e+01,4.081577683220999897e-01,1.513169882681607126e+00,6.438181663325099890e+00,7.133002794861287299e-01,-2.142342942245099913e+00,0.000000000000000000e+00,0.000000000000000000e+00,0.000000000000000000e+00,0.000000000000000000e+00,7.441933435568003006e+02,0.000000000000000000e+00,0.000000000000000000e+00,0.000000000000000000e+00
1.050999999999995049e+00,1.296363403280717819e+01,4.147609393297303493e-01,1.491367704578496545e+00,6.545176980219988394e+00,6.271155430015459276e-01,-2.205249876098553496e+00,2.789592136286209367e+01,2.341717373573458616e+01,1.220117701252017639e+02,-7.662359875398633453e-05,7.436573972564222004e+02,1.269684193753413268e+02,0.000000000000000000e+00,0.000000000000000000e+00
1.060999999999993948e+00,1.302854340704418945e+01,4.214261605708071734e-01,1.469136921124758244e+00,6.521872643755800780e+00,6.857165229842138165e-01,-2.249845864691274677e+00,0.000000000000000000e+00,0.000000000000000000e+00,0.000000000000000000e+00,0.000000000000000000e+00,7.431632949852350976e+02,0.000000000000000000e+00,0.000000000000000000e+00,0.000000000000000000e+00
1.070999999999992847e+00,1.309322950407919350e+01,4.285792098220318480e-01,1.446280486134713827e+00,6.429627666448798351e+00,7.363263929452180667e-01,-2.316281313306382650e+00,0.000000000000000000e+00,0.000000000000000000e+00,0.000000000000000000e+00,0.000000000000000000e+00,7.430503321883612671e+02,0.000000000000000000e+00,0.000000000000000000e+00,0.000000000000000000e+00
1.080999999999991745e+00,1.315865760284540720e+01,4.351354491980809480e-01,1.422497630507833843e+00,6.557755289842772228e+00,6.494481429038653220e-01,-2.423327216014976138e+00,0.000000000000000000e+00,0.000000000000000000e+00,0.000000000000000000e+00,0.000000000000000000e+00,7.429205813072217097e+02,0.000000000000000000e+00,0.000000000000000000e+00,0.000000000000000000e+00
1.090999999999990644e+00,1.322357273180644022e+01,4.419741972550378928e-01,1.397903116916400013e+00,6.453290486121010971e+00,7.149735130058300081e-01,-2.496440478496880111e+00,0.000000000000000000e+00,0.000000000000000000e+00,0.000000000000000000e+00,0.000000000000000000e+00,7.428384727885028269e+02,0.000000000000000000e+00,0.000000000000000000e+00,0.000000000000000000e+00
1.100999999999989543e+00,1.328763740167060625e+01,4.493831559339158122e-01,1.372490225823610244e+00,6.306002362476210266e+00,8.019633378743508123e-01,-2.563858799242268560e+00,1.206245884765308851e+01,4.185381632645152727e+00,3.312750421083149632e+01,-7.664607074539578867e-04,7.427302589760911360e+02,0.000000000000000000e+00,3.530211995946357462e+01,0.000000000000000000e+00
1.110999999999988441e+00,1.335030953068912929e+01,4.576663862045559084e-01,1.346580842773366982e+00,6.267809267763347236e+00,8.273675682796221009e-01,-2.618282469462433149e+00,0.000000000000000000e+00,0.000000000000000000e+00,0.000000000000000000e+00,0.000000000000000000e+00,7.426825904058999868e+02,0.000000000000000000e+00,0.000000000000000000e+00,0.000000000000000000e+00
1.120999999999987340e+00,1.341307487653396180e+01,4.659847465828537150e-01,1.320034525071212661e+00,6.284519732495320810e+00,8.346162277227743287e-01,-2.683947911532957420e+00,0.000000000000000000e+00,0.000000000000000000e+00,0.000000000000000000e+00,0.000000000000000000e+00,7.426330874986265371e+02,0.000000000000000000e+00,0.000000000000000000e+00,0.000000000000000000e+00
1.130999999999986239e+00,1.347673853187303195e+01,4.739328303502889916e-01,1.292364020383573120e+00,6.498066391807771680e+00,7.315618365483358421e-01,-2.883689385226460455e+00,1.641450317007358350e+01,1.225161142023754657e+01,4.396257139279470749e+01,-1.328226974886852294e-03,7.423483423617383323e+02,2.465343004182137254e-01,0.000000000000000000e+00,4.797954944483510076e+01
1.140999999999985137e+00,1.354215029946928972e+01,4.810225355248413659e-01,1.262808536037756557e+00,6.544696396713361786e+00,7.047852355209570652e-01,-2.994364423951765275e+00,0.000000000000000000e+00,0.000000000000000000e+00,0.000000000000000000e+00,0.000000000000000000e+00,7.422919199726765100e+02,0.000000000000000000e+00,0.000000000000000000e+00,0.000000000000000000e+00
1.150999999999984036e+00,1.360765399679588405e+01,4.881195571406934386e-01,1.232363266002321822e+00,6.554495286951594224e+00,7.127943486721478594e-01,-3.085364187289724391e+00,0.000000000000000000e+00,0.000000000000000000e+00,0.000000000000000000e+00,0.000000000000000000e+00,7.422810645865587276e+02,0.000000000000000000e+00,0.000000000000000000e+00,0.000000000000000000e+00
1.160999999999982935e+00,1.367322308445920420e+01,4.952518063128748538e-01,1.201006960962654802e+00,6.558048732660179070e+00,7.132646104933422215e-01,-3.177527991994796519e+00,0.000000000000000000e+00,0.000000000000000000e+00,0.000000000000000000e+00,0.000000000000000000e+00,7.422619281491429319e+02,0.000000000000000000e+00,0.000000000000000000e+00,0.000000000000000000e+00
1.170999999999981833e+00,1.373806045354623429e+01,5.027667630308134683e-01,1.169124540914096233e+00,6.521206225747857133e+00,7.504837031509008494e-01,-3.257481471573839382e+00,1.590050466024992737e+01,2.665838019137112713e+00,3.875350320601967269e+01,-1.159252062057792220e-03,7.380314344863886618e+02,3.252987480091846351e+01,0.000000000000000000e+00,9.327023453851348123e+00
1.180999999999980732e+00,1.380355607871756796e+01,5.101260011914257042e-01,1.135866389503430440e+00,6.549447905870179554e+00,7.312815638495956394e-01,-3.368044798184990363e+00,0.000000000000000000e+00,0.000000000000000000e+00,0.000000000000000000e+00,0.000000000000000000e+00,7.379876032087164504e+02,0.000000000000000000e+00,0.000000000000000000e+00,0.000000000000000000e+00
1.190999999999979631e+00,1.386906779472113449e+01,5.174698852398965654e-01,1.101652954414014562e+00,6.552761553349992774e+00,7.373544815406303243e-01,-3.464736156146115853e+00,0.000000000000000000e+00,0.000000000000000000e+00,0.000000000000000000e+00,0.000000000000000000e+00,7.379808795657704650e+02,0.000000000000000000e+00,0.000000000000000000e+00,0.000000000000000000e+00
1.200999999999978529e+00,1.393460912840083310e+01,5.248688180332616859e-01,1.066480428086193699e+00,6.555053634204328183e+00,7.415671810378425821e-01,-3.560096168610763279e+00,0.000000000000000000e+00,0.000000000000000000e+00,0.000000000000000000e+00,0.000000000000000000e+00,7.379749082181285758e+02,0.000000000000000000e+00,0.000000000000000000e+00,0.000000000000000000e+00
1.210999999999977428e+00,1.400016787114772399e+01,5.323051716106075304e-01,1.030353531447046223e+00,6.556421223877443083e+00,7.454853737099548239e-01,-3.655934993771798425e+00,0.000000000000000000e+00,0.000000000000000000e+00,0.000000000000000000e+00,0.000000000000000000e+00,7.379680421574427100e+02,0.000000000000000000e+00,0.000000000000000000e+00,0.000000000000000000e+00
1.220999999999976326e+00,1.406573485103994514e+01,5.397829895266731404e-01,9.932607267027283582e-01,6.556754957243448700e+00,7.495553191931172421e-01,-3.753100149408475250e+00,0.000000000000000000e+00,0.000000000000000000e+00,0.000000000000000000e+00,0.000000000000000000e+00,7.379599887056537000e+02,0.000000000000000000e+00,0.000000000000000000e+00,0.000000000000000000e+00
1.230999999999975225e+00,1.413129994486963348e+01,5.472979706293025215e-01,9.551901829712516889e-01,6.556230797444025704e+00,7.530502832687122616e-01,-3.851344439911274176e+00,0.000000000000000000e+00,0.000000000000000000e+00,0.000000000000000000e+00,0.000000000000000000e+00,7.379508529373370038e+02,0.000000000000000000e+00,0.000000000000000000e+00,0.000000000000000000e+00
1.240999999999974124e+00,1.419685823683636805e+01,5.548472758954574591e-01,9.161331766691447331e-01,6.555515155499094249e+00,7.564643368096730658e-01,-3.950199901472009056e+00,0.000000000000000000e+00,0.000000000000000000e+00,0.000000000000000000e+00,0.000000000000000000e+00,7.379414282250735369e+02,0.000000000000000000e+00,0.000000000000000000e+00,0.000000000000000000e+00
1.250999999999973022e+00,1.426241064942340486e+01,5.624305821519494097e-01,8.760885129038662456e-01,6.555080729538598661e+00,7.598653560285789643e-01,-4.048755500669222407e+00,0.000000000000000000e+00,0.000000000000000000e+00,0.000000000000000000e+00,0.000000000000000000e+00,7.379321807203854178e+02,0.000000000000000000e+00,0.000000000000000000e+00,0.000000000000000000e+00
1.260999999999971921e+00,1.432796113295613338e+01,5.700485567048544366e-01,8.350635366460475995e-01,6.555082152016444397e+00,7.634080902716686712e-01,-4.146279546339993516e+00,0.000000000000000000e+00,0.000000000000000000e+00,0.000000000000000000e+00,0.000000000000000000e+00,7.379235544732885046e+02,0.000000000000000000e+00,0.000000000000000000e+00,0.000000000000000000e+00
1.270999999999970820e+00,1.439351337746981940e+01,5.777029318737650909e-01,7.930703814600351675e-01,6.555361181735233522e+00,7.671143590379561061e-01,-4.242526547097170919e+00,0.000000000000000000e+00,0.000000000000000000e+00,0.000000000000000000e+00,0.000000000000000000e+00,7.379159095513241482e+02,0.000000000000000000e+00,0.000000000000000000e+00,0.000000000000000000e+00
1.280999999999969718e+00,1.445843660300768718e+01,5.854957521770467466e-01,7.503356928192832509e-01,6.381312344017247007e+00,8.014705268402532168e-01,-4.277595770220615101e+00,1.097666105021552241e+01,-5.834724833034936331e-02,2.774751703542553116e+01,-4.809292187375915732e-04,7.378427146599130992e+02,8.139401379692478011e-01,2.891860191457115192e+01,0.000000000000000000e+00
1.290999999999968617e+00,1.452203878789094382e+01,5.935161990019035549e-01,7.072000062341060600e-01,6.362055296923982972e+00,7.960522021232483425e-01,-4.349605104486094831e+00,0.000000000000000000e+00,0.000000000000000000e+00,0.000000000000000000e+00,0.000000000000000000e+00,7.378310432423902512e+02,0.000000000000000000e+00,0.000000000000000000e+00,0.000000000000000000e+00
1.300999999999967516e+00,1.458569046530869073e+01,6.014547045337251818e-01,6.632604637990595631e-01,6.367996675577134447e+00,7.914033784599449062e-01,-4.430245787824016901e+00,0.000000000000000000e+00,0.000000000000000000e+00,0.000000000000000000e+00,0.000000000000000000e+00,7.378034020088811076e+02,0.000000000000000000e+00,0.000000000000000000e+00,0.000000000000000000e+00
1.310999999999966414e+00,1.465014160590244607e+01,6.093568478844174630e-01,6.180768745165597933e-01,6.577182878403523780e+00,8.011007439134522068e-01,-4.632194160469923716e+00,1.704475720668954608e+01,1.080033788769400260e+00,4.505660289757214088e+01,-1.865744647355618673e-03,7.375909091874184469e+02,4.803909803528920719e+01,0.000000000000000000e+00,0.000000000000000000e+00
1.320999999999965313e+00,1.471652225467301101e+01,6.174523655698056501e-01,5.709928880522044947e-01,6.649087001912459272e+00,8.094480919777745642e-01,-4.748707176436350430e+00,0.000000000000000000e+00,0.000000000000000000e+00,0.000000000000000000e+00,0.000000000000000000e+00,7.375635163687411477e+02,0.000000000000000000e+00,0.000000000000000000e+00,0.000000000000000000e+00
1.330999999999964212e+00,1.478302774067180003e+01,6.256293058854167644e-01,5.230715480949676977e-01,6.641209455317576449e+00,8.234751981041246172e-01,-4.823177445726653190e+00,5.082513969073085391e+00,-9.727668707599940179e-02,1.259642864751483771e+01,-1.937409398022104171e-04,7.375774948575191274e+02,0.000000000000000000e+00,1.354024679550908417e+01,0.000000000000000000e+00
1.340999999999963110e+00,1.484301263143498417e+01,6.340542535620934395e-01,4.826899185539097470e-01,4.834767741215333814e+00,1.083618735239969988e+00,-2.249028948213855905e+00,-5.827939166729690442e+03,2.750238459303620402e+03,1.242753417290221842e+04,-1.011627415066945757e-02,5.642501130258605144e+02,2.520787168990923237e+04,0.000000000000000000e+00,1.044528089569174153e+04
1.350999999999962009e+00,1.487685096213503932e+01,6.408067754754177558e-01,4.879158291448046914e-01,3.058538473380874922e+00,4.447787385343126565e-01,1.592665054766233101e+00,-3.765704161500727423e+03,-8.116772003316468727e+02,-1.982696714263859349e+03,-1.762534705419308359e-02,2.546112877764674352e+02,3.035615849602829621e+04,0.000000000000000000e+00,4.276302256234078959e+04
1.360999999999960908e+00,1.489626071372477689e+01,6.429439673633452479e-01,4.953975570298559949e-01,9.765077907578910699e-01,1.285100248685444035e-01,1.719267145760114135e-01,-3.052348674870200739e+03,-2.235901769586147907e+02,1.471793987931267566e+03,-1.409822660702690980e-02,1.121712794440036589e+02,1.690070766858166826e+04,0.000000000000000000e+00,2.465239720580223729e+04
1.370999999999959806e+00,1.490034102974241392e+01,6.439912486350007903e-01,4.962702521300450531e-01,1.477556078691867059e-01,9.193779013350553142e-02,1.007198826338278896e-01,-4.622955955345655070e+02,-9.917385033113573911e+01,7.374114056295200044e+02,-1.799678773214139285e-02,9.997438522271384898e+01,9.468263461358525092e+03,0.000000000000000000e+00,1.504091944500695536e+04
1.380999999999958705e+00,1.490108861012427255e+01,6.450337393164946587e-01,4.974474297587432314e-01,8.055840040830065940e-02,8.863760368106124443e-02,1.079198450495826578e-01,1.024486085231674224e+02,5.583722167702563866e+01,2.109673234281009400e+02,-1.947118409080839455e-02,9.866645399823245555e+01,8.085825224317823995e+03,0.000000000000000000e+00,1.331103852673229085e+04
1.390999999999957604e+00,1.490205780186657059e+01,6.461395474888895762e-01,4.985666077238202765e-01,8.197301703508477755e-02,1.261438664976858859e-01,1.233024894283041850e-01,-1.311831524636857012e+02,-5.748212827546442583e+00,3.116970394216782552e+02,-1.952501896377654977e-02,9.914748640277808533e+01,8.077061729572957120e+03,0.000000000000000000e+00,1.225055650461868936e+04
1.400999999999956502e+00,1.490234459441547799e+01,6.474519908037326132e-01,5.002320614594024661e-01,-2.715133733339964925e-02,1.345773929625129484e-01,2.051509958072938733e-01,-2.201491870162467706e+02,2.425567405107399210e+01,5.201621070916163490e+02,-1.897483655136529210e-02,1.002295858069033017e+02,6.908451230396889514e+03,0.000000000000000000e+00,1.237487000781609458e+04
1.410999999999955401e+00,1.490106209590910780e+01,6.487148039680880052e-01,5.026133502380816243e-01,-2.154550973165877681e-01,1.238163384072870354e-01,2.605918872948210230e-01,-2.966384093456543951e+02,1.806079435347170943e+02,3.107672515598814016e+02,-2.097730961521768189e-02,1.011575920741632473e+02,7.902872563031288337e+03,0.000000000000000000e+00,1.276596268408014839e+04
1.420999999999954300e+00,1.489798356654293876e+01,6.501474400320520486e-01,5.054782640999280208e-01,-3.780783072128707234e-01,1.454162819876752000e-01,3.082701094415323251e-01,-2.751829766690931365e+02,2.182292844998288217e+01,3.055623006174147349e+02,-2.310096794606230838e-02,1.028095970274089694e+02,8.925655335127794388e+03,0.000000000000000000e+00,1.242795037552785652e+04
1.430999999999953198e+00,1.489355950625105507e+01,6.513962767614949190e-01,5.088050790224705189e-01,-4.860484679634549665e-01,9.472035362226671751e-02,3.458981109022243317e-01,-2.234098025808254135e+02,-2.779105017019572301e+02,4.291139299457131528e+02,-2.622726898148758715e-02,1.055139105882638120e+02,9.362221198534558425e+03,0.000000000000000000e+00,1.264401423383539804e+04
1.440999999999952097e+00,1.488842442264601118e+01,6.518813607716780201e-01,5.122839198558649665e-01,-5.271985567381378690e-01,1.807874779224475509e-02,3.358571612564287823e-01,-1.310790955903860890e+02,-1.352622821498988230e+02,2.139322421951875413e+02,-3.029970059261752682e-02,1.079629378716068686e+02,1.305214763473326275e+04,0.000000000000000000e+00,1.352221358931187387e+04
1.450999999999950996e+00,1.488315374581136119e+01,6.516954233560995347e-01,5.157790197677522004e-01,-5.286805643085795703e-01,-6.383221730570712293e-02,3.935042493992236268e-01,-9.887158993559273767e+01,-2.061833022275125131e+02,-4.488985804497644949e+01,-3.492013677281760597e-02,1.103750876847317812e+02,1.219451003131464859e+04,0.000000000000000000e+00,1.625694966088300680e+04
1.460999999999949894e+00,1.487794266620594108e+01,6.508650314628829925e-01,5.189748612996955002e-01,-5.098630830441249762e-01,-7.048576997133662592e-02,2.603017518499433081e-01,5.917376269538749511e+01,3.305444846112572463e+02,-8.754975736648634665e+01,-3.831753279753196545e-02,1.076628748415195957e+02,1.304737910173051932e+04,0.000000000000000000e+00,1.635312824030031879e+04
1.470999999999948793e+00,1.487305763717508889e+01,6.505565355042731701e-01,5.207426733038885702e-01,-4.699054590022118671e-01,2.204817728335193433e-02,1.276353870709032723e-01,1.272066529306341636e+02,3.570142957694454253e+02,-1.843078925899077660e+02,-4.015369650089700704e-02,1.057597446034936866e+02,1.346300380475163911e+04,0.000000000000000000e+00,1.793611990892060567e+04
1.480999999999947692e+00,1.486847499978140696e+01,6.508218668819361064e-01,5.212402453011050207e-01,-4.499976386740038303e-01,7.544829170853012586e-03,-2.019584602783707980e-02,1.339437623986862036e+02,1.575551023101772330e+01,-3.204476488009561308e+02,-4.129621216464510886e-02,1.047879288663953616e+02,1.471833769614020275e+04,0.000000000000000000e+00,1.916684286458119459e+04
1.490999999999946590e+00,1.486418055649354208e+01,6.511248044689185166e-01,5.206740641726669283e-01,-4.108015637238278117e-01,1.837008265987121261e-02,-9.601721614220226630e-02,1.537260916515542704e+02,-1.116439615656374826e+02,-2.121692522049420404e+02,-4.232586026143378422e-02,1.044284165486366476e+02,1.403946800769670335e+04,0.000000000000000000e+00,1.918655647373665124e+04
1.500999999999945489e+00,1.486043769749251631e+01,6.511460726503560670e-01,5.195464908912122981e-01,-3.347397236183694558e-01,-3.990700711233610871e-03,-1.261587676433184035e-01,1.834532959405136125e+02,-1.566037525416338099e+02,6.039630168015719391e+01,-4.273614269061936505e-02,1.040533377490753253e+02,1.451764224445552463e+04,0.000000000000000000e+00,1.972225355166801819e+04
1.510999999999944388e+00,1.485765292363118029e+01,6.509949488569229947e-01,5.186419918858103939e-01,-2.269168109283681845e-01,-2.118671908755432112e-02,-4.799186489295904912e-02,3.048946291704465921e+02,-4.565923561727569790e+01,2.538544537455049976e+01,-4.319017280117088547e-02,1.038292546390872531e+02,1.291027487311969708e+04,0.000000000000000000e+00,1.913907602632229464e+04
1.520999999999943286e+00,1.485615736459912029e+01,6.508693668456376757e-01,5.183988386881364097e-01,-9.242694438284124181e-02,-2.133373014960361289e-02,4.456555807157381449e-02,2.350379673080154816e+02,-2.550435634226323600e+02,1.505864665633841923e+02,-4.380215349794222557e-02,1.033128335423814974e+02,1.554473844254699907e+04,0.000000000000000000e+00,1.831440921565682947e+04
1.530999999999942185e+00,1.485566958452983322e+01,6.513372737215910036e-01,5.190906510588236822e-01,-4.086283645605872511e-02,1.448904473980246188e-01,1.297242238909328271e-01,1.955851999256992713e+01,1.605555012749012462e+02,6.509245132767948689e+02,-4.502164785280488718e-02,1.021258640265385935e+02,1.405458312008367102e+04,0.000000000000000000e+00,1.926230301786848941e+04
1.540999999999941084e+00,1.485517177134023825e+01,6.526030130854770794e-01,5.209385512164440568e-01,-6.059862578034633240e-02,1.647668988325533268e-01,1.671252111919955263e-01,-4.134479896255857057e+01,2.214207377730531334e+00,-5.581490489360305673e+01,-4.799452251574036488e-02,1.017311333731910565e+02,1.376363942966814648e+04,0.000000000000000000e+00,2.139528628037837916e+04
1.550999999999939982e+00,1.485441414363003609e+01,6.539972662188275887e-01,5.219419100501593300e-01,-7.824759078922952082e-02,1.071902761475056337e-01,2.954914979985876627e-02,9.289791353973566856e+01,-9.825833496965120162e+01,-5.515012446155267298e+02,-5.001350238545394095e-02,1.010850829168780649e+02,1.447793452628877458e+04,0.000000000000000000e+00,2.515628200459435175e+04
1.560999999999938881e+00,1.485387768612392101e+01,6.548418501260748759e-01,5.218611100047035878e-01,-2.448540582170818936e-02,6.711562831467059176e-02,-2.452587512628963407e-02,1.778131295920932189e+02,3.785588017396025862e+01,1.322352385044778202e+02,-5.037330867730247658e-02,1.005620268838902405e+02,1.250122688031172220e+04,0.000000000000000000e+00,2.613573103363122937e+04
1.570999999999937780e+00,1.485427313125876658e+01,6.555165631630158751e-01,5.216964228273628379e-01,9.877662542149066860e-02,7.111937671335005762e-02,-7.957104360631968298e-03,2.180592695766556517e+02,-8.621924077128414865e+01,2.627411329448991637e+02,-4.999513715777560013e-02,1.003264162223349558e+02,1.405414045911441826e+04,0.000000000000000000e+00,2.464421828996979821e+04
1.580999999999936678e+00,1.485605209966895046e+01,6.561582740043436779e-01,5.216979383743596266e-01,2.365855483657842984e-01,6.451133198099411048e-02,6.285270880283202154e-03,1.792574937929582575e+02,2.729245818585081906e+01,3.643000863591889811e+02,-4.993717151096540435e-02,1.002977282436982591e+02,1.172499953249673126e+04,0.000000000000000000e+00,2.602349322197712536e+04
1.590999999999935577e+00,1.485888886908029782e+01,6.568802236587940602e-01,5.218131391005902397e-01,3.082597616308612731e-01,7.213052226256169708e-02,1.158476918917810197e-02,5.446690641988243442e+01,2.314918865885813659e+01,1.400163337796741416e+02,-4.961351703920317130e-02,1.002266894335349292e+02,1.224765812794424892e+04,0.000000000000000000e+00,2.566750567076348307e+04
1.600999999999934476e+00,1.486194530803029323e+01,6.574542508247906980e-01,5.217111776151529545e-01,2.914403606524469392e-01,5.531958999491094070e-02,-4.036613507341962892e-02,-7.227067317692524284e+01,8.602855230066896297e+01,-2.437400356962868955e+02,-4.922796131482687354e-02,1.001560545926901682e+02,1.575551668130064536e+04,0.000000000000000000e+00,2.417247038682267157e+04
1.610999999999933374e+00,1.486459051087318350e+01,6.583720834036287384e-01,5.211799308179065893e-01,2.435819167062003576e-01,1.194452334078064948e-01,-5.980658953639497039e-02,-1.462390539205587174e+02,-9.905389976531826335e+01,4.326267904065325638e+02,-4.907555242522828459e-02,1.004675482669108675e+02,1.537978912605105143e+04,0.000000000000000000e+00,2.520237841036774989e+04
1.620999999999932273e+00,1.486682762433454030e+01,6.595031401300281981e-01,5.206675167128517190e-01,2.085021302484892369e-01,1.003039915305239255e-01,-2.168127660638648202e-02,-3.481886282054688309e+01,-6.713129106353714803e+01,6.989994778319824036e+02,-5.205435975028320505e-02,9.964901234710667666e+01,1.638251143465801943e+04,0.000000000000000000e+00,2.527584739604275455e+04
1.630999999999931172e+00,1.486888435653352403e+01,6.607734313566139273e-01,5.207126409615436824e-01,2.068740332839592022e-01,1.690811264736316322e-01,1.196995122140627650e-02,6.534962957417974394e+00,2.983144079529088231e+02,2.885875694140804626e+01,-5.916536842083675030e-02,1.010837956324857316e+02,1.515739259546127869e+04,0.000000000000000000e+00,2.126385919147092136e+04
1.640999999999930070e+00,1.487095968173671068e+01,6.626149805288950034e-01,5.208094105728691137e-01,1.877048444532226912e-01,1.851525783842023765e-01,-4.819662172913227044e-02,-6.385094406610301121e+01,-1.853953045944309963e+02,1.971948037780811092e+02,-6.280330559995303541e-02,1.069285293668237529e+02,1.189524498233098529e+04,0.000000000000000000e+00,2.769295916876311458e+04
1.650999999999928969e+00,1.487281339012784365e+01,6.650075366668328769e-01,5.201414560348038840e-01,1.793141600033294203e-01,2.239306592161227905e-01,-8.302915154899770389e-02,-1.287507514729734339e+02,-3.476444925507502717e+02,-1.402546631463596896e+02,-5.775330993664604812e-02,1.125871576096084823e+02,1.646309988009052176e+04,0.000000000000000000e+00,2.618334614376462196e+04
1.660999999999927867e+00,1.487463597652986458e+01,6.661296733890275101e-01,5.192932499745910313e-01,1.933157083850459979e-01,3.904318251954411872e-02,-8.026812763764218372e-02,-5.684360921730331029e+00,-2.086368289633567201e+02,1.712289614046273982e+02,-5.749529090693280414e-02,1.124749953012977386e+02,1.489611503711399928e+04,0.000000000000000000e+00,2.639262195895600962e+04
1.670999999999926766e+00,1.487693891516915912e+01,6.667198460427109508e-01,5.184352827704915567e-01,2.482270662461149024e-01,8.144424891488070972e-02,-1.089314186914527444e-01,4.630932623513535873e+01,-4.790959176909026951e+01,3.299276086239565871e+02,-5.658201944784878312e-02,1.109980593588985016e+02,1.202570452257545003e+04,0.000000000000000000e+00,2.909051314656736577e+04
1.680999999999925665e+00,1.487922132961743138e+01,6.675257075162087661e-01,5.171745932121620815e-01,2.007227133925940099e-01,7.901307510443003612e-02,-1.216836707695065495e-01,-1.232225273594949613e+02,-5.140069665850271008e+01,3.076810599634445680e+02,-5.652315872403778502e-02,1.086537348617120813e+02,1.499665905688970452e+04,0.000000000000000000e+00,3.005613156316202731e+04
1.690999999999924563e+00,1.488060970313636489e+01,6.682062707704755633e-01,5.162163443699148146e-01,7.218419342101439762e-02,5.518971423107998930e-02,-7.341766348144714016e-02,-2.895068265317167970e+02,-3.891661089093428672e+00,2.878307445296873084e+02,-5.683639673142448778e-02,1.077891791795231455e+02,1.546768331343424688e+04,0.000000000000000000e+00,3.044264488217225153e+04
1.700999999999923462e+00,1.488034838606976606e+01,6.686142826826912966e-01,5.157004449354449793e-01,-1.264529009384923186e-01,2.548475491670395415e-02,-4.767081400392518542e-02,-1.927608143424233731e+02,-1.838945026615895983e+02,7.033407607206336252e+02,-5.748788374195696466e-02,1.082282690847926858e+02,1.561988957664034751e+04,0.000000000000000000e+00,3.072347022968806777e+04
1.710999999999922361e+00,1.487849146600894024e+01,6.686976634458705604e-01,5.157913446780677535e-01,-2.214945255047605643e-01,-9.220409765699023874e-03,4.672894481749850781e-02,4.890569609498425052e+01,-1.108513495867623959e+02,4.953156759779107006e+02,-5.780561399140800999e-02,1.090808564361808379e+02,1.630205041031050496e+04,0.000000000000000000e+00,3.199130225722145406e+04
1.720999999999921259e+00,1.487638248584476841e+01,6.685009331179542214e-01,5.163417306770424764e-01,-2.092163868469292809e-01,-2.540375749780415804e-02,2.768796384976256533e-02,2.065342197857125939e+01,5.308147996006270830e+01,-1.376363441737598805e+02,-5.758979383354860537e-02,1.092831340647037592e+02,1.983505773814156419e+04,0.000000000000000000e+00,3.007649771895721642e+04
1.730999999999920158e+00,1.487478184634092315e+01,6.683579922337095081e-01,5.161172012846930723e-01,-1.039815309317152214e-01,-7.149605626137915670e-03,-4.531467955518295176e-02,2.365264931721867470e+02,2.126276143900969373e+01,2.734822338619937909e+01,-5.753285281433487275e-02,1.090518313318543591e+02,2.056835821730400494e+04,0.000000000000000000e+00,3.207655033873582943e+04
1.740999999999919057e+00,1.487405241634759712e+01,6.682866875044216615e-01,5.156972006778217654e-01,-5.977974338343960276e-02,-6.547885661153766100e-03,-4.209509783091656965e-02,1.263695502073519492e+02,5.857334720992300703e+01,-8.967089063366302071e+00,-5.754640337536418015e-02,1.089494830235069571e+02,1.967854879088657253e+04,0.000000000000000000e+00,3.373815072492840409e+04
1.750999999999917955e+00,1.487366739538922111e+01,6.682675132423249176e-01,5.152873299043030375e-01,-2.905042797123540133e-02,5.826116150901466180e-05,-3.552795124189679632e-02,1.563337421064411501e+02,5.995309667719457281e+01,1.217238724869071120e+01,-5.751315482923741867e-02,1.089859033188175772e+02,2.015220175314898006e+04,0.000000000000000000e+00,3.477360596718261513e+04
1.760999999999916854e+00,1.487345599386208939e+01,6.682992669071456948e-01,5.149997654170787031e-01,-2.585680416003359114e-02,3.376622702024235315e-03,-2.015569914581288868e-02,-8.108699513808869597e+01,-4.603206719745526243e+01,3.615232242323030505e+02,-5.739476583530296605e-02,1.091732312300744070e+02,1.872956708169445483e+04,0.000000000000000000e+00,3.612801254200706899e+04
1.770999999999915753e+00,1.487323182207735073e+01,6.683505670892415651e-01,5.148529991739673184e-01,-3.194712813006212598e-02,3.449884504701667461e-03,-6.383727016362401516e-03,-5.657428754974489493e+01,-3.295566431723908352e+01,3.166958507850812339e+02,-5.722855087055406242e-02,1.095601464688172655e+02,1.908656542147193613e+04,0.000000000000000000e+00,3.652853389911013073e+04
1.780999999999914651e+00,1.487303238283987916e+01,6.684021959925784406e-01,5.147919633073987367e-01,-1.662729073215941586e-02,4.801763361252472939e-03,-4.149114170151262625e-03,1.534669531030344842e+02,6.940279525147043671e+01,-1.986302351794142851e+01,-5.704577311661902794e-02,1.099969939903640892e+02,2.086144049333644216e+04,0.000000000000000000e+00,3.603593141179803933e+04
1.790999999999913550e+00,1.487288447804646196e+01,6.684315568426274501e-01,5.147746341253749414e-01,-9.246005983577674017e-03,1.624367563132159869e-03,-1.460551019340385233e-03,1.816214763089296866e+02,6.610864230571291955e+01,-4.627472613449594974e+01,-5.686805063170526087e-02,1.103476439423874496e+02,2.106614809561790753e+04,0.000000000000000000e+00,3.601545394649118680e+04
1.800999999999912449e+00,1.487283537872071193e+01,6.684292595071673615e-01,5.147572048606631201e-01,8.906974100510051682e-04,-1.603137479856017256e-03,-2.905983432517491010e-03,1.699891721959706956e+02,5.387084899626719903e+01,-3.258044383177036707e+01,-5.673469970572288246e-02,1.105736640745851673e+02,2.109275523075315505e+04,0.000000000000000000e+00,3.603606110874981823e+04
1.810999999999911347e+00,1.487288995898772725e+01,6.683991603048166086e-01,5.147168686589267406e-01,4.865121191948964564e-03,-4.623733834659591105e-03,-3.866626403719521966e-03,-1.257644025664640139e+02,-4.297968742025761912e+01,3.387211835196926586e+02,-5.664988746015224563e-02,1.106905268754090343e+02,1.958748851850612118e+04,0.000000000000000000e+00,3.701946254163558478e+04
1.820999999999910246e+00,1.487299583779812195e+01,6.683480796317141648e-01,5.146656283868847881e-01,2.986057331665964085e-02,-2.638218582665254053e-03,-1.064054883240424243e-02,1.320309229463969132e+02,4.325739679020335871e+01,1.430015632088452548e+01,-5.671041805866066515e-02,1.107593585370102574e+02,2.143472131516769514e+04,0.000000000000000000e+00,3.599737575552611088e+04
1.830999999999909145e+00,1.487310711126739271e+01,6.682941228912729903e-01,5.146157813463935193e-01,8.299460908248729521e-03,-5.311194925293785153e-03,-4.268423858336461291e-03,-1.316081235914098215e+02,-3.979990235129967857e+01,3.426967811090642044e+02,-5.678122514738825205e-02,1.107738654456762362e+02,1.975387648197947419e+04,0.000000000000000000e+00,3.716451059655027348e+04
1.840999999999908043e+00,1.487320048912552650e+01,6.682550459530166576e-01,5.145706780240301148e-01,2.448094313444267728e-02,-7.949638470835913525e-05,-9.012055038188793860e-03,1.246356375071763978e+02,4.322763784905463069e+01,2.859025587352346065e+01,-5.687005221037616520e-02,1.108153051048655726e+02,2.147821647061636031e+04,0.000000000000000000e+00,3.628503958783018606e+04
1.850999999999906942e+00,1.487325466811155650e+01,6.682376154275245783e-01,5.145465962544417682e-01,5.438579246463840465e-03,-4.907961589444845762e-04,-1.382426887796718703e-03,-9.789933931045698046e+01,-3.457122015323412967e+01,3.289013876148889040e+02,-5.694686350886574849e-02,1.108981013730522989e+02,1.992513702333858237e+04,0.000000000000000000e+00,3.733311564688097133e+04
1.860999999999905841e+00,1.487323610351616310e+01,6.682315095923800907e-01,5.145595225534524975e-01,-5.311889652350875769e-03,-4.003904366854687982e-04,2.880304378891653926e-03,-6.159085754642319444e+01,-2.728356723804088091e+01,2.917636543492652663e+02,-5.705780556665877162e-02,1.110851716915125849e+02,1.989270434360445506e+04,0.000000000000000000e+00,3.737575701048399787e+04
1.870999999999904739e+00,1.487318673362936750e+01,6.682314043747662469e-01,5.145906978171269630e-01,-1.177868881750567497e-02,-1.271871936916804929e-03,5.626486461574293531e-03,-4.935752290484606419e+01,-2.377678284322154312e+01,2.751120117720536200e+02,-5.717231600317794482e-02,1.113289241917857311e+02,1.998900464448224739e+04,0.000000000000000000e+00,3.741058094035519025e+04
1.880999999999903638e+00,1.487314433343439291e+01,6.682243514422208097e-01,5.146272538507228322e-01,-1.336071616624455102e-02,-3.322652750271523018e-03,6.759335049015016868e-03,-4.809452434051854652e+01,-2.220788798050741875e+01,2.635307517938671253e+02,-5.728335164945332070e-02,1.115620967713352911e+02,2.002792581305135172e+04,0.000000000000000000e+00,3.741888758069855976e+04
1.890999999999902537e+00,1.487317370419644114e+01,6.682047951455245549e-01,5.146464593489396000e-01,1.562198168883143683e-03,-3.296358027105024922e-03,2.030519899382341332e-03,-9.099276224290588289e+01,-3.616173676137179172e+01,3.045155311788856807e+02,-5.737278172120336556e-02,1.117259644255532152e+02,1.995991898558447792e+04,0.000000000000000000e+00,3.741357525335672108e+04
1.900999999999901435e+00,1.487323206072436754e+01,6.681638897200912197e-01,5.146484741656103257e-01,-3.714544812507385770e-03,-6.720718463351599802e-03,2.873931993968317951e-03,-7.844349999361656955e+01,-2.602882492699516348e+01,2.841569904600889913e+02,-5.744210641453844496e-02,1.118246302049918910e+02,2.013031729747581630e+04,0.000000000000000000e+00,3.742135538072723284e+04
1.910999999999900334e+00,1.487331231136978538e+01,6.681068517973727250e-01,5.146383708510658961e-01,-7.908114311349013353e-03,-8.944461780886857685e-03,3.460342662815172471e-03,-6.425662621568835675e+01,-1.959530788924076461e+01,2.616026123317508336e+02,-5.751121963716160357e-02,1.118836491161592477e+02,2.009587161018071492e+04,0.000000000000000000e+00,3.743805600586027867e+04
1.920999999999899233e+00,1.487340123282066351e+01,6.680467800662317490e-01,5.146178463861625918e-01,6.476932799865125004e-03,-6.386336624651155723e-03,-1.431054881400765921e-03,1.908378256024916482e+02,7.114752424139102516e+01,-6.991611230949752098e+01,-5.758540383581936539e-02,1.119259923727495476e+02,2.191142049833520650e+04,0.000000000000000000e+00,3.641196681435670325e+04
1.930999999999898131e+00,1.487350402407188099e+01,6.679992505379207524e-01,5.145919203593380953e-01,1.832479763668999617e-02,-2.838315593368703673e-03,-5.064138781825876755e-03,1.808468152774103146e+02,6.191303231145909081e+01,-4.485411701471377910e+01,-5.765249999152964600e-02,1.119587412607312729e+02,2.195667988591769972e+04,0.000000000000000000e+00,3.640537183736336738e+04
1.940999999999897030e+00,1.487355077183292629e+01,6.679627414582401945e-01,5.145847940288912348e-01,1.353420011601037809e-02,-1.545510999436906438e-03,-3.304779791722741063e-03,1.884137319854062298e+02,6.632610079508654621e+01,-5.293625190864338492e+01,-5.773667023144143234e-02,1.120435389236957207e+02,2.198938533112072037e+04,0.000000000000000000e+00,3.648882509729752928e+04
1.950999999999895929e+00,1.487356057599695447e+01,6.679389198542164952e-01,5.145912394378271415e-01,6.347755201343493157e-03,-8.091331880074098450e-04,-1.630414625972343790e-03,1.417814848643965888e+02,5.714556596347502193e+01,-1.143568790403537605e+01,-5.782640086758792514e-02,1.121912212978663064e+02,2.184416624005325502e+04,0.000000000000000000e+00,3.676845255623237608e+04
1.960999999999894827e+00,1.487356018366469534e+01,6.679233064406961962e-01,5.145969889697808997e-01,-5.270436060356605869e-03,-2.583739057575236073e-03,2.266756511323039010e-03,-7.455650905867287292e+01,-3.187817545064730851e+01,3.021983962564023614e+02,-5.788572803920567778e-02,1.123615500981564423e+02,2.025662448783784566e+04,0.000000000000000000e+00,3.770959846765109978e+04
1.970999999999893726e+00,1.487347563865541922e+01,6.678881879553418832e-01,5.145845821217470695e-01,-8.066470336088435791e-03,-3.794621614105351832e-03,-6.044863235515184757e-03,3.975329428251052377e+01,1.568302556788290758e+01,1.251509895520040914e+02,-5.798868911413038174e-02,1.125126478859743600e+02,2.342261221149404082e+04,0.000000000000000000e+00,3.758943371088524873e+04
1.980999999999892625e+00,1.487341452200462300e+01,6.678442840926902546e-01,5.145060047065457276e-01,-1.073287558646068450e-03,-4.426331286396845838e-03,-9.330237320306997845e-03,3.122761903280616025e+01,9.655368024615881950e+00,1.549941588330772788e+02,-5.809641737654176047e-02,1.124495348143323383e+02,2.354745399389811064e+04,0.000000000000000000e+00,3.770451532590245915e+04
1.990999999999891523e+00,1.487337664278989813e+01,6.677856581505742239e-01,5.144241176388223424e-01,4.692887763059029778e-03,-4.388372281060874854e-03,-1.010465326172068148e-02,1.126421813016986562e+01,3.376763919642826295e+00,1.751530510544363324e+02,-5.819853325834874191e-02,1.122988549959475222e+02,2.357927680000735927e+04,0.000000000000000000e+00,3.785445222979723621e+04
2.000999999999890644e+00,1.487338516309598724e+01,6.677219623373101820e-01,5.143525426383140919e-01,2.741513257805732167e-03,-6.706518167832849903e-03,-2.390615007461723528e-03,-8.599947668803088163e+01,-3.673764764186395837e+01,3.440700416904255690e+02,-5.827288852075880599e-02,1.121028633333444589e+02,2.056150811663228160e+04,0.000000000000000000e+00,3.817395971814080985e+04
2.010999999999889543e+00,1.487343216862285722e+01,6.676525034000098113e-01,5.143641469665082289e-01,-1.026969891473707326e-02,-9.626247298354670065e-03,7.302546117208095697e-03,-7.926124366429030488e+01,-2.530137990208093868e+01,2.864103536127713596e+02,-5.830963749402729573e-02,1.120609797143227553e+02,2.045035052876858390e+04,0.000000000000000000e+00,3.825058086906414974e+04
2.020999999999888441e+00,1.487351155140899372e+01,6.675982499503714251e-01,5.143656863899830345e-01,6.059725389969507388e-03,-4.259519617717981606e-03,-3.646590634666102993e-03,1.191424840519130157e+01,1.051095839360812079e+01,1.379592722525753743e+02,-5.833487847744788651e-02,1.120974615454024530e+02,2.376229037712297213e+04,0.000000000000000000e+00,3.800156673082480847e+04
2.030999999999887340e+00,1.487350439245688882e+01,6.675544866682459055e-01,5.143118436485365486e-01,4.214019892052163312e-03,-2.191430363479277780e-03,-7.972093672865077432e-03,1.449305318065171377e+01,6.938366505207852697e+00,1.682730044861673662e+02,-5.841701875779072711e-02,1.120385080011155310e+02,2.376087709129399809e+04,0.000000000000000000e+00,3.813193920784852526e+04
2.040999999999886239e+00,1.487346889599622024e+01,6.675208673551086269e-01,5.142567982463402965e-01,-1.373334649252292566e-02,-5.081785068551529158e-03,-2.068052598724600625e-03,-2.070797815523533245e+02,-9.355045549733640087e+01,4.680927879395250670e+02,-5.850444332644625517e-02,1.119482800309805413e+02,2.237025983876636747e+04,0.000000000000000000e+00,3.910140839248299017e+04
2.050999999999885137e+00,1.487341735542387511e+01,6.674906574803382009e-01,5.142191802958610003e-01,-1.197919041335176495e-02,-4.302629127522430638e-03,-1.623423070255976090e-03,4.574304631762606732e+01,2.190818063541973970e+01,1.340753003425340353e+02,-5.861220334154503692e-02,1.118915523989864482e+02,2.389085768524908417e+04,0.000000000000000000e+00,3.835266714846831746e+04
2.060999999999884036e+00,1.487339736496847031e+01,6.674671837759869053e-01,5.141864544632032130e-01,-4.193098518478975169e-03,-3.007048137880873398e-03,-1.265121378497551950e-04,-8.799126790164109480e+01,-4.146167514407409271e+01,3.683701937509277968e+02,-5.868862813089785468e-02,1.118167637569993929e+02,2.068099619484260984e+04,0.000000000000000000e+00,3.859276435510541342e+04
2.070999999999882935e+00,1.487339297924139991e+01,6.674358021509457783e-01,5.141818691665258623e-01,3.748076339060712591e-03,-2.910468447830747134e-03,6.233330691338193053e-05,-1.114277576973358919e+02,-4.881422315434007686e+01,3.814449616075597760e+02,-5.873893118781264855e-02,1.117688032110028900e+02,2.071710746024821492e+04,0.000000000000000000e+00,3.860273796625799878e+04
2.080999999999881833e+00,1.487329587562171263e+01,6.673703230741638848e-01,5.142172340957172905e-01,-8.839342532218125072e-04,-4.615384372516302680e-03,-1.592736621083781605e-03,2.749391547678396819e+01,1.097555461906136998e+01,1.441031797586638845e+02,-5.884854470709087459e-02,1.118016045533900353e+02,2.394112671629096440e+04,0.000000000000000000e+00,3.831595814790409349e+04
2.090999999999880732e+00,1.487334842703540971e+01,6.673381012746114616e-01,5.141743871278932065e-01,7.696558516395738715e-03,-2.853778900784531992e-03,-5.517653186349145283e-03,3.109264461400016444e-01,1.082361557361934956e+00,1.855441224828572899e+02,-5.887490804612839634e-02,1.116671777111933181e+02,2.406652277680493353e+04,0.000000000000000000e+00,3.839518009276007797e+04
2.100999999999879631e+00,1.487343429902286651e+01,6.672949391116436146e-01,5.141837643237963107e-01,-3.863126284584178418e-03,-7.442464577793025428e-03,7.289626701635429015e-03,1.650013077141124995e+02,6.135142397771210199e+01,-3.095212697845158800e+01,-5.887091882233982942e-02,1.116091583367833806e+02,2.250601676690794920e+04,0.000000000000000000e+00,3.772658192976393912e+04
2.110999999999878529e+00,1.487345158127238420e+01,6.672392451772214406e-01,5.142250774481357256e-01,-7.906824138376343167e-03,-6.356789248425416365e-03,2.538709677511104615e-03,3.178163837644478917e+01,2.209014041489072611e+01,1.071920031635675343e+02,-5.890808556578326638e-02,1.117105993801956174e+02,2.393139503744113608e+04,0.000000000000000000e+00,3.842602102381091390e+04
2.120999999999877428e+00,1.487345593802403698e+01,6.672109712684287652e-01,5.141938272937415233e-01,4.362847881482490725e-03,-1.088845767973476873e-03,-5.661580990683225817e-03,9.561262238068138686e+00,3.774818357598405782e+00,1.735216765919066972e+02,-5.897064698315481607e-02,1.116971205066946737e+02,2.399257069660131674e+04,0.000000000000000000e+00,3.845995095984822547e+04
2.130999999999876326e+00,1.487346933755760325e+01,6.671963316628769514e-01,5.141450273256029657e-01,-6.536734107295142163e-03,-3.195370649442170509e-03,-2.663816180770341244e-03,3.180213599750868525e+01,1.598163104611174390e+01,1.500241624239853024e+02,-5.901816957382602369e-02,1.116107688108445473e+02,2.409930711832757152e+04,0.000000000000000000e+00,3.857501328451454901e+04
2.140999999999875225e+00,1.487343195276119090e+01,6.671730328133654853e-01,5.141169988420988268e-01,-8.383651658356834971e-03,-3.424188079594652368e-03,-1.097131496946135605e-03,4.616269887440739694e+01,1.846496012283654409e+01,1.371801806647582964e+02,-5.910602090122681063e-02,1.115631631936690411e+02,2.411206978800214711e+04,0.000000000000000000e+00,3.858511835694913316e+04
2.150999999999874124e+00,1.487343072099705310e+01,6.671567993990221712e-01,5.140876732403121263e-01,3.387206376490619741e-03,-8.278296935450421210e-04,-3.604349371972293860e-03,5.346543377819216403e+00,2.583753677544649463e+00,1.845259891498535012e+02,-5.916963801137643808e-02,1.115051739703510094e+02,2.417104494323175095e+04,0.000000000000000000e+00,3.864510249930469581e+04
2.160999999999873022e+00,1.487339582651296865e+01,6.671260799946306941e-01,5.140742621094051001e-01,1.475506557065947967e-03,-2.228059284479286598e-03,-2.589488295257892387e-03,1.086398445771646948e+01,4.158150745515797553e+00,1.737896632615348267e+02,-5.925011974248797775e-02,1.114507433819927655e+02,2.411512379459910153e+04,0.000000000000000000e+00,3.865379641236779571e+04
2.170999999999871921e+00,1.487338754914340555e+01,6.670933767418100180e-01,5.140569999375863564e-01,-3.921852676214736093e-03,-4.653688401484641982e-03,-6.570356444706874693e-04,2.745135495098247702e+01,1.277434277931553197e+01,1.508743831367052621e+02,-5.930804116020902544e-02,1.113620803159828654e+02,2.418522711207215616e+04,0.000000000000000000e+00,3.866823905645112973e+04
2.180999999999870820e+00,1.487341050857897251e+01,6.670608312754665592e-01,5.140326953318749004e-01,4.842711787109949678e-03,-2.642730258939397520e-03,-3.284202463062834993e-03,-1.535509288036337239e+00,1.630448546148386413e-01,1.850000668664914656e+02,-5.935305445965485122e-02,1.112470940345756816e+02,2.416687349696177262e+04,0.000000000000000000e+00,3.872152720968845097e+04
2.190999999999869718e+00,1.487341256469507655e+01,6.670374600468937931e-01,5.140151898750660031e-01,-1.522095227375279420e-05,-1.144059285034408841e-03,-2.591340107550466065e-03,3.070617809350096650e+00,5.200490161243124021e+00,1.756155453754977032e+02,-5.939687905117303074e-02,1.111422677313207572e+02,2.447578136087656821e+04,0.000000000000000000e+00,3.880539303017398925e+04
2.200999999999868617e+00,1.487341417341437122e+01,6.670348442002662637e-01,5.139957137888421235e-01,-4.355705533332735477e-04,1.800434523262778980e-04,-2.153349013581620352e-03,2.450591923147385387e+00,3.444694633540734685e+00,1.773376158583367044e+02,-5.944218094079514736e-02,1.110718401716266044e+02,2.456477865841215680e+04,0.000000000000000000e+00,3.887323200667052151e+04
2.210999999999867516e+00,1.487340956280636739e+01,6.670486333730289985e-01,5.139729904051516529e-01,1.282047937391178789e-02,5.281549664774506242e-03,-5.181836051928489714e-03,3.650437724038101805e+01,1.432292012558076522e+01,1.479005947046584879e+02,-5.955980133647015978e-02,1.110224702905655363e+02,2.434892687710752580e+04,0.000000000000000000e+00,3.866574266317213915e+04
2.220999999999866414e+00,1.487344711549467391e+01,6.670931079471387193e-01,5.139544137377834998e-01,1.198382388820233395e-02,6.202951969817044331e-03,-3.892058059290072741e-03,3.708925757716406224e+01,1.368764911424807451e+01,1.452231964238211503e+02,-5.974676813937824377e-02,1.109649787199871156e+02,2.447135470302316389e+04,0.000000000000000000e+00,3.865987820850594289e+04
2.230999999999865313e+00,1.487350652499362091e+01,6.671281513525374463e-01,5.139735935026099600e-01,-6.607618974853412402e-03,-2.991028150842843384e-04,8.421523648157491423e-03,-1.922084783428213086e+02,-5.653981034890901469e+01,4.102292065051473173e+02,-5.976934346512141616e-02,1.109492107349810510e+02,2.272873268204845954e+04,0.000000000000000000e+00,3.949946475243503664e+04
2.240999999999864212e+00,1.487355762446305008e+01,6.671655517384019740e-01,5.139816876425893355e-01,7.350905510013033134e-03,5.081609457370943154e-03,-1.831523080962490233e-03,3.926008945865351052e+01,1.511834470190041202e+01,1.309396728821085389e+02,-5.980531007306567198e-02,1.109762860558313093e+02,2.432130759256655801e+04,0.000000000000000000e+00,3.857070547403008095e+04
2.250999999999863110e+00,1.487358790637692785e+01,6.671785642960036400e-01,5.140200505176177881e-01,1.369049410732799989e-02,3.786569580331563233e-03,-1.111370907777916401e-03,3.110009418264417036e+01,1.854708162979233066e+01,1.270713243289612819e+02,-5.974130969933228591e-02,1.110365630449067282e+02,2.437493793632576853e+04,0.000000000000000000e+00,3.845584419629487093e+04
2.260999999999862009e+00,1.487363311615595407e+01,6.672071137057600243e-01,5.140162749846922674e-01,2.288685369580123474e-02,3.389478966379815168e-03,-1.878752092576226876e-03,2.144726887199850580e+02,7.536224883815179965e+00,7.175151606491317580e+01,-5.979935878472403266e-02,1.110322262769550292e+02,2.498574225182416922e+04,0.000000000000000000e+00,3.644037087860197062e+04
2.270999999999860908e+00,1.487370038577580189e+01,6.672305967178344677e-01,5.140060597004963983e-01,1.438038104695974796e-02,4.450116507266314511e-03,-5.317283604087008619e-03,1.688890360666709967e+01,8.775806713741872045e+00,1.548917749361286269e+02,-5.977857916559211476e-02,1.110060302705150832e+02,2.434870178585002213e+04,0.000000000000000000e+00,3.845880029705987545e+04
2.280999999999859806e+00,1.487373538794071592e+01,6.672418878250739871e-01,5.140044176908177276e-01,4.573910033865101303e-03,1.596055341834392042e-03,-1.378188271760820253e-03,3.826513309829124410e+01,2.057440687796821521e+01,1.185297760260491486e+02,-5.978845190741969434e-02,1.109779139830090600e+02,2.433394732845482213e+04,0.000000000000000000e+00,3.847541938164759631e+04
2.290999999999858705e+00,1.487375446624300857e+01,6.672505290552740442e-01,5.140059918148339735e-01,-3.570007222190072372e-03,-2.972215410233113486e-04,1.851409886782692457e-03,5.728159499665662224e+01,2.970260806976313006e+01,8.876366368635490289e+01,-5.980719216121715975e-02,1.109650258113857006e+02,2.431540327714385057e+04,0.000000000000000000e+00,3.848626745251919056e+04
2.300999999999857604e+00,1.487379906437760368e+01,6.672602535067143625e-01,5.140097924337828639e-01,4.719279932294648434e-03,2.642244710915964308e-03,-2.152557803194453476e-03,4.413912490447137316e+01,2.124730682080377164e+01,1.214720112238481988e+02,-5.974368841770034966e-02,1.109782975030452974e+02,2.445729983319620078e+04,0.000000000000000000e+00,3.845752122108044568e+04
2.310999999999856502e+00,1.487384041178069971e+01,6.672928949989910263e-01,5.139851000830477634e-01,1.009045967704222044e-02,1.258821977119040656e-03,1.252297193804041264e-03,2.395859589097020717e+02,9.308284303095263112e+00,5.723091412533176481e+01,-5.982263513918868042e-02,1.109489937077303665e+02,2.493650596845206019e+04,0.000000000000000000e+00,3.638340043717464869e+04
2.320999999999855401e+00,1.487384441226453902e+01,6.673121894158785539e-01,5.139886127264552407e-01,6.207512424719365679e-03,4.098452198702483111e-03,-3.125190444445363237e-03,4.053251656558222749e+01,1.686321859402141854e+01,1.342080500649173018e+02,-5.982644487203551964e-02,1.109847319576220599e+02,2.449261435480133878e+04,0.000000000000000000e+00,3.847036566909237445e+04
2.330999999999854300e+00,1.487383444458236603e+01,6.673251067552574689e-01,5.140022670416874995e-01,9.408529089393198250e-03,4.241315990547641149e-03,-3.645158931345884867e-03,2.942740206319331264e+01,1.330158011830815212e+01,1.420874533636803108e+02,-5.980422553857500656e-02,1.110370043536512554e+02,2.438614006754199363e+04,0.000000000000000000e+00,3.845841374921628449e+04
2.340999999999853198e+00,1.487384288841917623e+01,6.673420145626116629e-01,5.140067126962591937e-01,1.324492465220227606e-03,5.127485031312904729e-04,1.801298005129379782e-03,4.786582175000285133e+01,2.792699805721912298e+01,1.028750009324738812e+02,-5.982587957427629860e-02,1.110538215139697655e+02,2.449176039655274508e+04,0.000000000000000000e+00,3.845961020461748558e+04
2.350999999999852097e+00,1.487386717859892649e+01,6.673619386499720640e-01,5.139954312424519500e-01,-4.821105338143211357e-03,1.332123849044729432e-03,1.232440638677973366e-04,-2.046216567023052448e+02,-7.392732094618278893e+01,4.606184622793449535e+02,-5.985785417591116958e-02,1.110466410752268445e+02,2.291438129741246667e+04,0.000000000000000000e+00,3.935079013518633292e+04
2.360999999999850996e+00,1.487388889729249719e+01,6.673461466288950206e-01,5.140802772672257159e-01,6.183558230179846994e-03,1.176173816945929066e-03,8.346427503329851769e-03,-8.030296698396159627e+01,-2.817566120242192795e+01,2.979928613300173765e+02,-5.967171174146435053e-02,1.111616397412275745e+02,2.115654682530990976e+04,0.000000000000000000e+00,3.868556490115771157e+04
2.370999999999849894e+00,1.487391983631888692e+01,6.673597856766552150e-01,5.141239674042142882e-01,1.328972097619511746e-02,4.215443535202295817e-03,-4.566201260708581226e-03,2.780289889401956316e+01,1.009411035008093904e+01,1.317742598966104879e+02,-5.970886175879973334e-02,1.112631087500498097e+02,2.446619683636369155e+04,0.000000000000000000e+00,3.828662732047946338e+04
2.380999999999848793e+00,1.487392519701795202e+01,6.673801992923541482e-01,5.140928566594955562e-01,1.151242532126895736e-02,4.576014421460197247e-03,-7.637973449428295085e-03,1.905347153124921533e+01,7.701803670337596941e+00,1.595034979779621835e+02,-5.983640526671545057e-02,1.112436273907098609e+02,2.448317755673404827e+04,0.000000000000000000e+00,3.838529911790644837e+04
2.390999999999847692e+00,1.487393955326963990e+01,6.674022682123018635e-01,5.140528753588392563e-01,2.276897635982636642e-02,2.879185889837568030e-03,-4.271598037027146688e-03,2.174584929512993767e+02,-1.000183156885498192e+00,9.768548584717109406e+01,-5.997189817142594553e-02,1.111910784910665200e+02,2.516558646731748377e+04,0.000000000000000000e+00,3.625213251318950643e+04
2.400999999999846590e+00,1.487392574277889956e+01,6.673958075942167945e-01,5.140697550813564387e-01,-1.065108458746147129e-03,-2.455267176706466318e-04,1.828902195402126642e-03,-2.113021663962276762e+02,-6.638432260431571308e+01,4.464558981927555124e+02,-5.989356773093167802e-02,1.112256507149732414e+02,2.295649330370485768e+04,0.000000000000000000e+00,3.933751241526450758e+04
2.410999999999845489e+00,1.487390452132229868e+01,6.674071697714362150e-01,5.140636121174091411e-01,-1.836958576684073058e-02,-9.325670803484825645e-04,3.071318932549378395e-03,-1.733447263717962414e+02,-6.214938943919446501e+01,4.131332739568516104e+02,-5.993129022991833255e-02,1.112432200660067707e+02,2.282250494232487836e+04,0.000000000000000000e+00,3.937868794738857832e+04
2.420999999999844388e+00,1.487386787875120930e+01,6.674074913688914368e-01,5.140771137192069462e-01,-1.849610746607358719e-02,-2.569770729178817888e-03,5.409329182442821314e-03,8.574518876285674196e+01,4.218214331771298475e+01,5.464202734042481779e+01,-5.995893376938115499e-02,1.113004774560379389e+02,2.447920146926398957e+04,0.000000000000000000e+00,3.851877021335752943e+04
2.430999999999843286e+00,1.487388049270108326e+01,6.674098887696338078e-01,5.140857085433404583e-01,-2.398980590163145299e-02,-3.775783201714347486e-03,7.423343468897156128e-03,-1.604982570454440065e+02,-5.018717437670244408e+01,3.852097719954336981e+02,-5.991050899257288620e-02,1.113231608346630566e+02,2.295400901463039554e+04,0.000000000000000000e+00,3.938366610274778941e+04
2.440999999999842185e+00,1.487390314647102585e+01,6.674264442310589018e-01,5.140624071465849099e-01,1.381406779127236639e-02,4.545184430079170050e-03,-6.821242474277381188e-03,1.934726006833216161e+01,6.584050817765444208e+00,1.597582867003225147e+02,-6.000013763398998057e-02,1.113230371625324295e+02,2.452997249909592210e+04,0.000000000000000000e+00,3.845583697018175735e+04
2.450999999999841084e+00,1.487386470941232552e+01,6.674153370767220705e-01,5.140793581675583424e-01,-3.193831026343593379e-03,-1.091704336952596882e-03,6.494729893643553121e-04,6.128870404193958166e+01,2.953986642386576023e+01,9.369584882647615132e+01,-6.002713328795587777e-02,1.113363366636725260e+02,2.459798617464870040e+04,0.000000000000000000e+00,3.847230521882722678e+04
2.460999999999839982e+00,1.487391337889709853e+01,6.674291509063756678e-01,5.140528340466052892e-01,1.805443177278261407e-03,-2.507874444735999110e-03,3.961577235086373959e-03,2.296228181695257717e+02,5.460172211923861596e+00,7.392472473563884705e+01,-6.004883266955203525e-02,1.112811359368715216e+02,2.512505139668789343e+04,0.000000000000000000e+00,3.638981918356731330e+04
2.470999999999838881e+00,1.487388655137218940e+01,6.674186011722295087e-01,5.140646415644302136e-01,-1.225986012961186207e-02,-1.769182519273193675e-03,2.246429495424218884e-03,8.156246479114497561e+01,3.610193197668229459e+01,7.185723933617953207e+01,-6.005675238581128367e-02,1.112995750499298993e+02,2.462507424624362466e+04,0.000000000000000000e+00,3.854306105957952968e+04
2.480999999999837780e+00,1.487387585403901902e+01,6.674086372379386400e-01,5.140779427939092816e-01,1.597663178198409188e-03,9.371846604587823681e-04,-2.112159784678813851e-03,4.976361557208520026e+01,2.136954688674853742e+01,1.142436507732562632e+02,-6.002703671292288629e-02,1.113317082761917050e+02,2.453923046271668136e+04,0.000000000000000000e+00,3.852890695887383481e+04
2.490999999999836678e+00,1.487389835621951484e+01,6.674251435358842244e-01,5.140555825334943707e-01,1.111001840396322500e-02,-4.086687218265738254e-04,1.282933179050850959e-03,2.246963183159177788e+02,-2.050555706678380830e+00,8.925873406201571925e+01,-6.009198140006861283e-02,1.112967471745714221e+02,2.513510293385262412e+04,0.000000000000000000e+00,3.636217587281033775e+04
2.500999999999835577e+00,1.487390442140391755e+01,6.674275771405768776e-01,5.140602634106579139e-01,1.130778729911176457e-02,3.539248076080559000e-03,-4.704145104566436961e-03,3.675564086034501088e+01,1.414872253604664820e+01,1.383352306442591271e+02,-6.007427581196323613e-02,1.113217219589277533e+02,2.466489285918258247e+04,0.000000000000000000e+00,3.852506129609968048e+04
2.510999999999834476e+00,1.487387746527999077e+01,6.674227507380395830e-01,5.140794024136225993e-01,-1.210189023333865625e-02,-1.652370542680504494e-03,3.774686829988473102e-03,-1.915578262713111144e+02,-6.471091118719067481e+01,4.267890042445814061e+02,-6.005712525985586886e-02,1.113509392233380026e+02,2.300005933191468284e+04,0.000000000000000000e+00,3.950870648824149976e+04
2.520999999999833374e+00,1.487386978217421962e+01,6.674291612573999277e-01,5.140768257764954940e-01,6.191738973742748342e-03,-1.804799844076143342e-03,3.502995341591846456e-03,2.313332367576778097e+02,2.162722012871086008e+00,7.706723511108839375e+01,-6.013987678659767078e-02,1.113615858696551300e+02,2.515038949441640216e+04,0.000000000000000000e+00,3.637214946431446879e+04
2.530999999999832273e+00,1.487387097204246267e+01,6.674240794981852742e-01,5.140858341065563941e-01,9.230342506802571151e-03,2.338566598639800313e-03,-4.006146845799908769e-03,4.118331170159581234e+01,1.673124692346709708e+01,1.301751483187729264e+02,-6.011351372804324411e-02,1.113934682169487189e+02,2.468633512223393700e+04,0.000000000000000000e+00,3.852579644798854861e+04
2.540999999999831171e+00,1.487386563641542558e+01,6.674233965050703210e-01,5.140858478836930479e-01,-1.628544789792606140e-02,-5.107987813727795680e-03,7.829341011153879981e-03,-1.783045883176400821e+02,-5.413639535308234940e+01,3.925309052853526737e+02,-6.014085717168683731e-02,1.113721186176289990e+02,2.297936373661741891e+04,0.000000000000000000e+00,3.952106387921175337e+04
2.550999999999830070e+00,1.487388316791829013e+01,6.674237304806713844e-01,5.140780998261367252e-01,4.390396111041906975e-03,1.417871777842780873e-03,-3.027928847913139918e-03,5.101475022453541897e+01,2.045475571790814229e+01,1.177201547867584281e+02,-6.015668513694914787e-02,1.113735932246675873e+02,2.471277735505771125e+04,0.000000000000000000e+00,3.857351021241337730e+04
2.560999999999828969e+00,1.487386528580205614e+01,6.674098504407863786e-01,5.140943520896805730e-01,4.046959184094152395e-03,3.639821518412959377e-04,-1.157457926254340129e-03,3.710984374391000529e+01,2.149927691448027645e+01,1.212518663214493699e+02,-6.015899914863433173e-02,1.113926698458464273e+02,2.469251409909014183e+04,0.000000000000000000e+00,3.863030376578819414e+04
2.570999999999827867e+00,1.487387385875389967e+01,6.674190210305538384e-01,5.140766370396128160e-01,3.155779727449490018e-03,1.773435315336621037e-03,-3.216528365650009151e-03,4.025614451576029751e+01,1.713262113900390204e+01,1.315598546172133751e+02,-6.022276586656193087e-02,1.113656011571446811e+02,2.471736544211726141e+04,0.000000000000000000e+00,3.866032082166758482e+04
2.580999999999826766e+00,1.487383874173833043e+01,6.674033375104991839e-01,5.141018092129484574e-01,6.892098833660540921e-03,1.896012371904594448e-03,-3.000087288289255121e-03,4.845196303017064565e+01,1.961230369382991512e+01,1.199828116278976609e+02,-6.021727781503664195e-02,1.114112037571637188e+02,2.471952006929044001e+04,0.000000000000000000e+00,3.858166138676188712e+04
2.590999999999825665e+00,1.487387714617947232e+01,6.674143338413124349e-01,5.140909502247930085e-01,-4.124212451166222801e-03,-2.344138258141679424e-03,4.413939178233480462e-03,-1.932277558649138882e+02,-6.303505135869588116e+01,4.216404316078759393e+02,-6.021735081603257767e-02,1.113843207031288216e+02,2.313594229506947886e+04,0.000000000000000000e+00,3.954184968596600811e+04
2.600999999999824563e+00,1.487386409612005700e+01,6.674149346035764818e-01,5.140931962585489901e-01,-1.518407721655590801e-03,1.387536398228167217e-03,-3.278535806095520151e-03,2.764715414837019125e+01,2.190294433109733063e+01,8.065903365039818596e+01,-6.024000266122939845e-02,1.114083022010414226e+02,2.386893650080536827e+04,0.000000000000000000e+00,3.874282468689730013e+04
2.610999999999823462e+00,1.487380683252425762e+01,6.674041928187610662e-01,5.140807707966205120e-01,-2.906721496295821845e-03,1.141054913925344030e-04,-6.530526241072783303e-03,5.276533649629618594e+01,2.807990842453807545e+01,7.723613438972950007e+01,-6.024748843546872540e-02,1.114563702282506341e+02,2.392104532573883262e+04,0.000000000000000000e+00,3.871638148667147470e+04
2.620999999999822361e+00,1.487378288995166464e+01,6.674039223756595973e-01,5.140200667381550348e-01,-4.077548564615039901e-03,-2.109940579085119085e-03,-8.688364946259691983e-04,-1.851289112718654906e+02,-6.214880058389059059e+01,4.499527646013479512e+02,-6.025054101045286548e-02,1.114646989531177468e+02,2.324658923215795585e+04,0.000000000000000000e+00,3.970243289227801142e+04
2.630999999999821259e+00,1.487374818222988004e+01,6.673992751897472875e-01,5.139842939577051739e-01,3.741630090662551381e-03,1.761748715516248077e-03,-8.146757085491404884e-03,4.548985400294213832e+01,1.929125988356753396e+01,1.052905845467978452e+02,-6.027364767901135373e-02,1.114958636103180254e+02,2.406864191092709734e+04,0.000000000000000000e+00,3.888773046958256600e+04
2.640999999999820158e+00,1.487371094725094167e+01,6.673846072848450550e-01,5.139853949256870669e-01,-1.279792844810959812e-02,-3.888454804304878731e-03,3.082038277872235690e-03,-1.724322764193848343e+02,-6.283240010972781420e+01,3.706525973958844702e+02,-6.028109338237772757e-02,1.115102060937122985e+02,2.237514451778336661e+04,0.000000000000000000e+00,3.985392340303715901e+04
2.650999999999819057e+00,1.487368244961051467e+01,6.673751138710504183e-01,5.139630756955476665e-01,1.051334189251707310e-02,-1.683471400432644260e-03,-5.483421022564237629e-04,2.477714571766073277e+02,7.874739716490182673e+00,9.114827077801237465e+01,-6.034114114615652530e-02,1.115241206061928239e+02,2.554591808751465214e+04,0.000000000000000000e+00,3.669460341660850827e+04
2.660999999999817955e+00,1.487364482851817371e+01,6.673565529719656109e-01,5.139612452480600835e-01,2.999359389135313001e-03,8.719727627615364877e-04,-5.857499247921031313e-03,4.614591005550482805e+01,2.219334514371661271e+01,1.033090327501834054e+02,-6.032126962872867010e-02,1.115602588640734467e+02,2.416516526100500778e+04,0.000000000000000000e+00,3.902585358304532565e+04
2.670999999999816854e+00,1.487368450228373007e+01,6.673650190805132665e-01,5.139262231285407490e-01,1.371664543122933996e-02,-1.213381924035535482e-04,-6.278255033419358807e-04,2.959714522200783904e+01,2.591055837522441152e+01,1.420592671713649224e+02,-6.035565858330596556e-02,1.115203148769520851e+02,2.507286501232975570e+04,0.000000000000000000e+00,3.906490091934001248e+04
2.680999999999815753e+00,1.487361757829474129e+01,6.673456192279469956e-01,5.139331493487334646e-01,7.593713087214614202e-03,2.301837621646666155e-03,-5.425428992238271950e-03,4.349607909284986818e+01,1.716622035466343732e+01,1.622528505123257219e+02,-6.037193364285258629e-02,1.115668421245798640e+02,2.500099842426794203e+04,0.000000000000000000e+00,3.910666552050133760e+04
2.690999999999814651e+00,1.487367664444621340e+01,6.673641652438069283e-01,5.139344557920829670e-01,-3.554600318803316419e-03,-5.708656939387345359e-04,7.127664456680171678e-03,-9.769673598225335809e+01,-3.688892535995751842e+01,3.036139522807832236e+02,-6.042081761665796247e-02,1.115297114709845090e+02,2.060730545034657553e+04,0.000000000000000000e+00,3.955741935595054383e+04
2.700999999999813550e+00,1.487363587758048133e+01,6.673298460871900373e-01,5.140708297485571121e-01,7.076610926363633043e-03,-6.245156419438278406e-05,8.521902379118720394e-03,-8.024042081015795702e+01,-3.053875226841443435e+01,3.210544796374247198e+02,-6.028071536154362697e-02,1.117642029599036562e+02,2.155600601598113644e+04,0.000000000000000000e+00,3.938613343827730569e+04
2.710999999999812449e+00,1.487362394356653716e+01,6.673194252813348104e-01,5.141847670646377821e-01,-2.837747468105414513e-03,-9.007668656529968770e-04,9.966571178697361186e-03,-6.194442956764351038e+01,-2.382321242227075686e+01,2.933715524333656504e+02,-6.027577044473826640e-02,1.119686212099457379e+02,2.155865966299860520e+04,0.000000000000000000e+00,3.930832853309162601e+04
2.720999999999811347e+00,1.487362295968382320e+01,6.673123449850328903e-01,5.142409450229177281e-01,-7.149008081240530894e-03,-3.267325532396084427e-03,6.472180896756607460e-03,-2.260835973540920349e+02,-1.042172442742257914e+02,5.105961115146119482e+02,-6.034994480597843242e-02,1.121317739330232541e+02,2.173631174616868520e+04,0.000000000000000000e+00,3.978122274834745622e+04
2.730999999999810246e+00,1.487364931423821623e+01,6.672954638571561015e-01,5.142374178370082705e-01,-8.660321891025758723e-03,-4.440487069414918164e-03,3.677752205040325708e-03,-2.320132121304454813e+02,-1.004334643721402500e+02,5.239579522735054979e+02,-6.051777069258287844e-02,1.122604981861393298e+02,2.167562602974994661e+04,0.000000000000000000e+00,3.982777074966247892e+04
2.740999999999809145e+00,1.487368107788069516e+01,6.672737955055069170e-01,5.142125462690861903e-01,-7.175929050743075702e-03,-4.719234871765184448e-03,-1.630535331015448789e-03,-2.186147388688918909e+02,-1.071223539181106617e+02,4.730663106495592274e+02,-6.071955149870406077e-02,1.123979651225380962e+02,2.091187051957739095e+04,0.000000000000000000e+00,3.982022242199644825e+04
2.750999999999808043e+00,1.487373236776603314e+01,6.672566537262227815e-01,5.141889381963727912e-01,1.157294292163835343e-02,-4.194336279738512579e-05,-3.497998775229148663e-03,4.328270767523872564e+01,2.146330488108571899e+01,1.457815049742289943e+02,-6.093299771069711490e-02,1.125499927620732308e+02,2.401626917377036807e+04,0.000000000000000000e+00,3.889931234178142768e+04
2.760999999999806942e+00,1.487375716187132291e+01,6.672378087613131115e-01,5.141551031496842672e-01,6.145869666525275929e-03,3.854815668314564106e-04,-5.166192345378015256e-03,2.290148600905513376e+01,2.049785233410045748e+01,1.847270336392132037e+02,-6.114520845976936098e-02,1.127082554674899768e+02,2.444598318162766373e+04,0.000000000000000000e+00,3.903957878020140924e+04
2.770999999999805841e+00,1.487375775533771005e+01,6.672447921407247406e-01,5.141449864655958102e-01,7.648045347131624677e-03,3.205956718376708203e-03,-2.375276056998301862e-03,1.550288533683533387e+01,8.895307824056459367e+00,1.828003152455122233e+02,-6.121974897688902545e-02,1.128790005751173879e+02,2.453315850130088074e+04,0.000000000000000000e+00,3.909126445043667627e+04
2.780999999999804739e+00,1.487372521966327810e+01,6.672513596176612438e-01,5.141394898520931234e-01,-9.366197186476831957e-03,-6.357123704744476432e-04,-1.117485592763537783e-03,4.439373160546028885e+01,2.332680382546408282e+01,9.877387211031748393e+01,-6.121533323994329812e-02,1.130528278952286740e+02,2.352413739277550485e+04,0.000000000000000000e+00,3.916425757065890502e+04
2.790999999999803638e+00,1.487370215711608701e+01,6.672602484706813275e-01,5.141059305285317071e-01,-1.025661307971974072e-03,8.346826316688885300e-04,-1.317221867742936247e-03,4.451276207691989839e+01,1.842856742412797644e+01,1.566356100788323147e+02,-6.118462401654386346e-02,1.132269952381416829e+02,2.454710934237178299e+04,0.000000000000000000e+00,3.918966198378148692e+04
2.800999999999802537e+00,1.487369540975448956e+01,6.672698624883164342e-01,5.140759407508227463e-01,3.317634052842347546e-03,1.737966941303758324e-03,-3.006450925395401721e-03,3.140366426621721985e+01,1.487126287612849751e+01,1.785557283132383759e+02,-6.112745008075741449e-02,1.133831189473395114e+02,2.466881459215278301e+04,0.000000000000000000e+00,3.927869909191902843e+04
2.810999999999801435e+00,1.487369560959688819e+01,6.672756033782770713e-01,5.140768486221762856e-01,-1.097000358731909167e-02,-1.969075586920776555e-03,1.702888495961915475e-03,-2.303125226719316743e+02,-1.030956351430346842e+02,4.826577898452206909e+02,-6.105030602149300739e-02,1.135168947141673641e+02,2.155522203828272541e+04,0.000000000000000000e+00,4.023895679745772941e+04
2.820999999999800334e+00,1.487369629287043615e+01,6.672767457294486171e-01,5.140755385931562449e-01,3.714093645152388018e-03,-5.802871520742351177e-04,3.912153954054053452e-04,8.554455704044630693e+01,1.941525181051773075e+01,6.647914973123664595e+01,-6.098267966931493478e-02,1.136617816967657006e+02,2.336308878607962470e+04,0.000000000000000000e+00,3.916765491446990927e+04
2.830999999999799233e+00,1.487370904196731836e+01,6.672677371408891611e-01,5.140990985570738081e-01,-1.311787134534916650e-03,-1.913045301813795680e-03,3.259491964043628124e-03,9.608412073044519275e+01,2.574459489570554638e+01,4.304886726742427072e+01,-6.095307160500775673e-02,1.137837853766188090e+02,2.337055482008559920e+04,0.000000000000000000e+00,3.917522809532295651e+04
2.840999999999798131e+00,1.487373416681790061e+01,6.672587332820326678e-01,5.141188071543477678e-01,-9.019986615912099770e-03,-2.558496748882152852e-03,6.731591080318758032e-03,-2.193651186949182375e+02,-8.875806711761210011e+01,5.090020069278771189e+02,-6.092981568383643021e-02,1.138888480418035840e+02,2.248702334632848942e+04,0.000000000000000000e+00,4.028544920794592326e+04
2.850999999999797030e+00,1.487373850372920714e+01,6.672482991082893111e-01,5.141264764374307017e-01,-8.769058832081013180e-03,-3.234525352909199940e-03,4.634092552873722744e-03,-2.038640645340105948e+02,-7.995850421733000246e+01,5.045096156485619758e+02,-6.089179256525652922e-02,1.140103039366225772e+02,2.261595251067296340e+04,0.000000000000000000e+00,4.028330675839001196e+04
2.860999999999795929e+00,1.487373504045494421e+01,6.672355026892821117e-01,5.141277111539237499e-01,-1.035182067813049042e-02,-3.755405622634259543e-03,3.822541187561524518e-03,-2.202814124727724447e+02,-9.448518908458110843e+01,4.654556279281781599e+02,-6.086352719190180754e-02,1.141405049231041318e+02,2.163640518449836236e+04,0.000000000000000000e+00,4.034011905426960584e+04
2.870999999999794827e+00,1.487373067534365845e+01,6.672205972057280166e-01,5.141405885108599749e-01,-1.072928229841765141e-02,-3.521646822102681741e-03,6.595663294263109412e-03,-2.204855090585965627e+02,-8.125346307193574091e+01,5.136166163929995037e+02,-6.083044877858798799e-02,1.142757593915523699e+02,2.259643311609599550e+04,0.000000000000000000e+00,4.040415869170438964e+04
2.880999999999793726e+00,1.487374789352172755e+01,6.672063919563249179e-01,5.141515760938212276e-01,8.103520731568862254e-03,5.992508487463506098e-04,-3.210160837625784802e-03,2.959522261171923674e+01,1.133604754907304368e+01,1.358429685106290492e+02,-6.080461945123025180e-02,1.144002535461294769e+02,2.389872649463275957e+04,0.000000000000000000e+00,3.938264538306586473e+04
2.890999999999792625e+00,1.487374381807101287e+01,6.671836582256150949e-01,5.141865976191464238e-01,-3.154019625105209876e-03,-2.535063428616353941e-03,5.184158466188786701e-03,-2.282905907396411749e+02,-8.710345941204532494e+01,5.140885144757353373e+02,-6.078305979235441858e-02,1.145068265670640386e+02,2.266127255590055211e+04,0.000000000000000000e+00,4.040324348262407875e+04
2.900999999999791523e+00,1.487373945868944780e+01,6.671663168973778202e-01,5.142067782258292752e-01,-5.058108280651057477e-03,-1.993947611097391694e-03,1.655689549214883326e-03,-2.182764570010381249e+02,-9.461707615377841307e+01,4.667857390946462601e+02,-6.072527127716682849e-02,1.146081951852131766e+02,2.187862121913335432e+04,0.000000000000000000e+00,4.037772962787903816e+04
2.910999999999790422e+00,1.487373527252289662e+01,6.671450580060507285e-01,5.142309050855369268e-01,2.248152837267650833e-03,-1.065418861369851582e-03,1.707722481646222314e-03,5.441317355440105530e+01,2.200220001995484154e+01,1.348206411560385618e+02,-6.069617293529787350e-02,1.147124041242033456e+02,2.484947831135262822e+04,0.000000000000000000e+00,3.939363384528210008e+04
2.920999999999789321e+00,1.487369932125558414e+01,6.671162573240139171e-01,5.142696462538511870e-01,-4.360029413607913185e-03,-3.493742274600352207e-03,5.173586022358592391e-03,1.117169546834384164e+02,3.474549968229905517e+01,1.507913138740502745e+01,-6.066704049533118426e-02,1.148328671273349784e+02,2.362978443862091808e+04,0.000000000000000000e+00,3.925307606007201684e+04
2.930999999999788219e+00,1.487363277414112517e+01,6.670487649459444501e-01,5.143136062697833966e-01,-1.773236514443218489e-02,-1.277380060217218373e-02,4.885462092975829430e-03,4.363512895304074846e+01,1.655917789054827338e+01,9.219403021179823554e+01,-6.059598535988065110e-02,1.149779599253770641e+02,2.341236815061301968e+04,0.000000000000000000e+00,3.965608389690048352e+04
2.940999999999787118e+00,1.487360349143300198e+01,6.669485228684776112e-01,5.143368068733799037e-01,4.350026478033303806e-03,-8.289717836057608827e-03,2.079552235274707405e-03,1.378119169496267205e+01,7.015111480449640169e+00,1.892176174419773815e+02,-6.047602217327474605e-02,1.150621821318366358e+02,2.442120246511618097e+04,0.000000000000000000e+00,3.964344755764345609e+04
2.950999999999786017e+00,1.487354969453192943e+01,6.668341964230430907e-01,5.143712549953297630e-01,-1.894331432754945560e-02,-1.584835752937677894e-02,9.170717725185281721e-03,7.305330782230066688e+01,4.094805445722604276e+01,1.016877007014963965e+02,-6.037951909761313934e-02,1.151258246738245958e+02,2.435280825749796350e+04,0.000000000000000000e+00,3.970011445625082706e+04
2.960999999999784915e+00,1.487353359264774610e+01,6.667275179181256783e-01,5.143941974505839010e-01,6.804915945484616736e-03,-7.764408046501206952e-03,-1.071329126153311526e-03,2.038079292605016235e+01,1.239951494998239667e+01,1.909421612627171498e+02,-6.030517260564517701e-02,1.151768103913994139e+02,2.456708293277733537e+04,0.000000000000000000e+00,3.967828398301644484e+04
2.970999999999783814e+00,1.487346568084806719e+01,6.666127194546686008e-01,5.144207521287081919e-01,-8.988670200439015032e-03,-1.233326931029023361e-02,2.179556913864485850e-03,5.957995705010898746e+01,3.164110892234960204e+01,1.410923210098442269e+02,-6.026091168619276267e-02,1.152544951335570431e+02,2.442414922034866686e+04,0.000000000000000000e+00,3.974089923816486407e+04
2.980999999999782712e+00,1.487347771685657349e+01,6.665380929093656093e-01,5.143950944143979020e-01,4.053553577748343628e-03,-4.799935728999937638e-03,-4.962209836382851409e-03,1.121127911872326877e+01,2.248705520376610423e-01,1.616229551741632804e+02,-6.015382314543108594e-02,1.152963967357012791e+02,2.366861902085842667e+04,0.000000000000000000e+00,3.985866436514916131e+04
2.990999999999781611e+00,1.487341683020756733e+01,6.664456048377437325e-01,5.144135842393904312e-01,-6.106419810003774207e-03,-9.888608789723933937e-03,4.904556742846969720e-03,5.287539231047685462e+01,2.691431200371736310e+01,1.331808341044510371e+02,-6.007551953275822032e-02,1.153926234369215962e+02,2.453877851646195631e+04,0.000000000000000000e+00,3.990117750475491630e+04
3.000999999999780510e+00,1.487338326472650252e+01,6.663642529395719105e-01,5.144527213863179238e-01,-3.960460216033561982e-04,-7.397459716956698329e-03,2.131078125922377352e-03,3.451090744378052477e+01,1.338185440046126828e+01,1.092639757979395654e+02,-6.000498097645948214e-02,1.154799716627933606e+02,2.373370854803418842e+04,0.000000000000000000e+00,3.987626231422500859e+04
3.010999999999779408e+00,1.487337222347957599e+01,6.662923339994346605e-01,5.144540498497106595e-01,2.469865729800256159e-03,-6.500075970837409720e-03,-2.492907453043685835e-03,3.057004412045262143e+01,8.910143915090134925e+00,1.318049121470564842e+02,-5.993381677368411764e-02,1.155446215488574211e+02,2.366813914428817588e+04,0.000000000000000000e+00,3.991515341051193536e+04
3.020999999999778307e+00,1.487333098332753245e+01,6.662180402847063254e-01,5.144536585562401454e-01,-1.582704601435259290e-02,-9.070447414531270999e-03,1.670488939841082213e-04,-2.643114903454675186e+02,-1.315888028378433035e+02,5.285590618803005327e+02,-5.986836391709142446e-02,1.156163006850898824e+02,2.183142317517929041e+04,0.000000000000000000e+00,4.109019304402841954e+04
3.030999999999777206e+00,1.487329644244184301e+01,6.661404929092139549e-01,5.144538349144287537e-01,4.552824055261962127e-03,-6.834067744894856827e-03,5.861246613754703821e-04,6.500487755454605576e+01,2.509512217990118188e+01,1.264183226832545870e+02,-5.982074945483330242e-02,1.157314877983807690e+02,2.450946749777340301e+04,0.000000000000000000e+00,3.995257784510687634e+04
3.040999999999776104e+00,1.487330516856800777e+01,6.660829973193965747e-01,5.144869253968290534e-01,9.058611313755999747e-03,-3.855950810214366867e-03,-1.015317425054275587e-03,5.283229117543578468e+01,3.727100668585592302e+00,9.598193245264758389e+01,-5.975371856226709827e-02,1.157931107934291219e+02,2.356963321704878763e+04,0.000000000000000000e+00,3.990529518476079829e+04
3.050999999999775003e+00,1.487328792161460100e+01,6.660033991473361947e-01,5.145078522330566173e-01,1.032479562087513202e-02,-3.847781709564581775e-03,-1.571829767963215871e-03,1.968084469414634441e+01,1.011433409769543346e+01,1.335947453096010804e+02,-5.975710145743493018e-02,1.158642518674686670e+02,2.414202610325034038e+04,0.000000000000000000e+00,3.995876016406066628e+04
3.060999999999773902e+00,1.487328092126973189e+01,6.659509509816917694e-01,5.145131774372332378e-01,-4.439176915272850105e-03,-5.558292362750540810e-03,2.316782954041129820e-03,5.326616208426230514e+01,2.842353967805317438e+01,1.347102419129463442e+02,-5.967984561416047468e-02,1.159126849094618166e+02,2.516839541454372011e+04,0.000000000000000000e+00,4.006604000108493346e+04
3.070999999999772800e+00,1.487328975903370676e+01,6.658905450073473453e-01,5.145044759138983625e-01,-6.743885245491344077e-03,-7.629764099896268158e-03,3.934405753206970621e-04,5.921541089548372838e+01,3.375627050224078118e+01,9.021786004191426400e+01,-5.964147286814348858e-02,1.159614500093652651e+02,2.417356707395519334e+04,0.000000000000000000e+00,4.005127805477721267e+04
3.080999999999771699e+00,1.487326254549700089e+01,6.658205890577337804e-01,5.145054528679513517e-01,-1.283460684567784343e-03,-7.831255624558528666e-03,-1.287471856002796742e-03,9.220000048262272685e+01,3.196128788949434352e+01,6.155864641813900562e+01,-5.964547063396239551e-02,1.160425506882160249e+02,2.368317955344501388e+04,0.000000000000000000e+00,3.994719128142062254e+04
3.090999999999770598e+00,1.487327860567894788e+01,6.657698427390352780e-01,5.144839054454440896e-01,-1.385535193520318759e-02,-8.348332439649707240e-03,4.035534632616803903e-03,1.132846488694085565e+02,4.993056863963275305e+01,6.911981243930745222e+01,-5.960266925297084267e-02,1.160941254387739150e+02,2.472033335893225012e+04,0.000000000000000000e+00,4.011057315181782906e+04
3.100999999999769496e+00,1.487332377586112742e+01,6.657194533725813157e-01,5.144839493032061783e-01,1.952302947327064393e-03,-4.349990368703243911e-03,-3.150696677979825089e-04,3.656524020192136959e+01,1.990137120085830702e+01,1.186026469081172081e+02,-5.958808444700400969e-02,1.161254057305364711e+02,2.432955520813948169e+04,0.000000000000000000e+00,4.015544667236941314e+04
3.110999999999768395e+00,1.487333835686241734e+01,6.656817490810325033e-01,5.145197202931799385e-01,7.149769494051301001e-03,-3.628228953429263760e-03,5.507087634855640200e-03,-7.341256752312392564e+01,-2.948401661285459952e+01,2.565762936557827061e+02,-5.948930750388899125e-02,1.161897847852399366e+02,2.132997329433526829e+04,0.000000000000000000e+00,4.059790761387478415e+04
3.120999999999767294e+00,1.487337104711255442e+01,6.656279956061268432e-01,5.145737995876099591e-01,-6.538240356145638005e-03,-6.780933504559766636e-03,8.329050549741911016e-03,-6.641132013806645773e+01,-6.363933333855193553e+00,2.962605031027489986e+02,-5.945065553088253046e-02,1.162556626888964502e+02,2.297264550171886003e+04,0.000000000000000000e+00,4.063011188769279397e+04
3.130999999999766192e+00,1.487339391093447993e+01,6.655795048132784331e-01,5.146525366637578758e-01,-1.148104292957419052e-02,-6.562582973261892917e-03,1.205040109174682766e-02,-4.614806861031502194e+01,-2.047769280345221432e+01,2.023248744942795838e+02,-5.937543513490591701e-02,1.163380204889204066e+02,2.116842778721766808e+04,0.000000000000000000e+00,4.053913053742850025e+04
3.140999999999765091e+00,1.487341792294208354e+01,6.655270288747855423e-01,5.147375481247136175e-01,-6.037703819217235882e-03,-6.801888829000313566e-03,9.509714321385169186e-03,-3.523231968515074186e+01,-1.268849868578207207e+01,2.448114841486526529e+02,-5.929727308367931798e-02,1.164141598866893048e+02,2.212511267872719327e+04,0.000000000000000000e+00,4.042944666487775248e+04
3.150999999999763990e+00,1.487346677229905723e+01,6.654788047743439572e-01,5.147826220510594020e-01,-6.850970530823731822e-03,-6.020521286492657755e-03,7.332856226380482512e-03,-3.274773595959868544e+01,-1.122751951191197861e+01,2.457767583748372999e+02,-5.924544396103680055e-02,1.164769662883070396e+02,2.212045539517182260e+04,0.000000000000000000e+00,4.039342446176282829e+04
3.160999999999762888e+00,1.487346219021906002e+01,6.654262320190655888e-01,5.148014779766985072e-01,7.456652028129617804e-03,-2.952434628175253008e-03,-3.416315770340353202e-03,2.089061693742141870e+02,9.268051251430206605e+01,-8.861630057989725628e+01,-5.930688021126934856e-02,1.165959105367872155e+02,2.403865868416912417e+04,0.000000000000000000e+00,3.878987837100859178e+04
3.170999999999761787e+00,1.487345920648048292e+01,6.654012828207430674e-01,5.148101551825966515e-01,-1.730920871234511776e-03,-2.047268748424227198e-03,3.551704563307968559e-03,-8.044833095310013960e+01,-2.155987515683173683e+01,3.106877331162804694e+02,-5.927493293140865399e-02,1.167406819762705226e+02,2.280849086556418115e+04,0.000000000000000000e+00,4.045943944393366837e+04
3.180999999999760686e+00,1.487343777888698781e+01,6.653855613141876901e-01,5.147763779622273050e-01,-6.149769728560558479e-04,-2.369903728469059841e-03,-1.038848592201188983e-02,5.486189071329135913e+01,2.744153270295345237e+01,1.104884444430473422e+02,-5.933632031180560706e-02,1.169210905107443494e+02,2.425724742274923847e+04,0.000000000000000000e+00,3.986808962350605725e+04
3.190999999999759584e+00,1.487345329455141218e+01,6.653633027102896502e-01,5.147436902340457587e-01,-7.451703684862542171e-03,-4.945653799821246067e-03,1.877055129797150545e-04,6.163181522367449361e+01,3.372483496861616459e+01,6.882411297579341181e+01,-5.931654996573230976e-02,1.170538348755109439e+02,2.433238304777493613e+04,0.000000000000000000e+00,3.998230041235604585e+04
3.200999999999758483e+00,1.487349276959153599e+01,6.653340088819247322e-01,5.146774395878083164e-01,-6.712897971402241419e-03,-1.048732029937842793e-02,-9.534196260358973954e-03,-3.057131553909302966e+02,-2.877082777153831330e+02,5.267410272227199357e+02,-5.935940937536187539e-02,1.171165603893370530e+02,2.136570533235847324e+04,0.000000000000000000e+00,4.093625958175957931e+04
3.210999999999757382e+00,1.487367264453757265e+01,6.653289238909664283e-01,5.145646251553953610e-01,1.122899983470947161e-02,-1.128146953704667116e-03,-7.695766609475689253e-03,-1.653455013258967483e+02,-8.580272367110514153e+01,3.981925458500065815e+02,-5.947258743997600045e-02,1.175953281884025046e+02,2.273608548899696689e+04,0.000000000000000000e+00,4.074623362422596983e+04
3.220999999999756280e+00,1.487381249425321350e+01,6.653402203455773822e-01,5.145197765921717403e-01,1.311406504548294667e-02,1.692449295932315278e-03,-2.272540353929115159e-03,1.434580403590930473e+02,6.567666671487374686e+01,4.088036474712714607e+01,-5.931978092918229611e-02,1.183426797691696351e+02,2.613649318637000397e+04,0.000000000000000000e+00,3.951761388896505377e+04
3.230999999999755179e+00,1.487397692180912578e+01,6.653852889427549488e-01,5.144715169940424770e-01,1.792848109518977578e-02,3.544127312242271750e-03,-1.322939267660313916e-04,1.498237854907806650e+02,5.773522376378980425e+01,3.468360701607787178e+01,-5.939129929422583276e-02,1.189993407604575566e+02,2.634035585803411959e+04,0.000000000000000000e+00,3.947938575007162581e+04
3.240999999999754078e+00,1.487409271548724199e+01,6.653646226761876781e-01,5.144644368727425698e-01,2.595092251899088279e-02,-1.603855450663421462e-03,-7.487861113504539270e-03,-9.027648090828552085e+01,1.091050217155430602e+00,1.669300811515793157e+02,-5.933276291898196414e-02,1.195805694067325078e+02,2.284000956984657023e+04,0.000000000000000000e+00,4.100562276466182811e+04
3.250999999999752976e+00,1.487414941957513470e+01,6.652626154227936350e-01,5.144547074323309044e-01,4.225636380201623285e-03,-1.207209049749622364e-02,2.417599850446009281e-04,-1.324153207465365085e+02,-6.362396182061834082e+01,3.544412075410596117e+02,-5.945846655952118781e-02,1.197233439525729608e+02,2.154222034616246674e+04,0.000000000000000000e+00,4.120585621353403258e+04
3.260999999999751875e+00,1.487407308368908154e+01,6.651070669352088238e-01,5.144218594362431896e-01,-4.525391316618700144e-03,-1.396354022699542070e-02,-5.181365883933767603e-03,2.054311163264401330e+02,8.821322043974981852e+01,1.169369701716982490e+01,-5.958735756565342739e-02,1.197991216282865850e+02,2.530698680474678986e+04,0.000000000000000000e+00,3.968664455037053995e+04
3.270999999999750774e+00,1.487416486407454030e+01,6.650298660103274306e-01,5.143540206614580779e-01,1.906488691659985121e-02,-2.820579498752159072e-03,-8.102912221170970736e-03,-1.054852519561077315e+02,-3.879359740695763037e+01,3.366326018817584327e+02,-5.954635736426344694e-02,1.199230377016098572e+02,2.243488246381909630e+04,0.000000000000000000e+00,4.111297234171073796e+04
3.280999999999749672e+00,1.487419098467339573e+01,6.649911706246217635e-01,5.143387483570214247e-01,-1.530599222019960598e-02,-5.995736996494401526e-03,4.835270261469582984e-03,-1.856981529317863533e+01,2.109623235743470104e+00,2.547533587817603120e+02,-5.949545199318190258e-02,1.204574143871288783e+02,2.353958537975579020e+04,0.000000000000000000e+00,4.130360051167052734e+04
3.290999999999748571e+00,1.487440714404407949e+01,6.649938243016887407e-01,5.142639053680333472e-01,3.794920060645803894e-02,4.576270410599382957e-03,-7.010077894478738449e-03,-1.436812216195626206e+02,-4.681389786562052535e+01,4.034589663506461648e+02,-5.951436320134904229e-02,1.211402075090278601e+02,2.360247633871180005e+04,0.000000000000000000e+00,4.137018779662743327e+04
3.300999999999747470e+00,1.487453046260656997e+01,6.649839979397703660e-01,5.142168590698488195e-01,2.521711720713309957e-02,2.468887734336218040e-03,-4.881187113570178808e-03,-1.055984134596365038e+02,-3.866115624132260109e+01,3.286435510741051758e+02,-5.954819349332918232e-02,1.218158233559146737e+02,2.266431832683839821e+04,0.000000000000000000e+00,4.142744186672969226e+04
3.310999999999746368e+00,1.487449577964350667e+01,6.649522307856695624e-01,5.142583452467878180e-01,4.296681420451253786e-03,-2.293159815895186825e-03,3.519160515273067179e-03,-4.775009944190833266e+01,-2.254420331000557809e+01,2.549118468626209051e+02,-5.945988915036057310e-02,1.224553608607964463e+02,2.259775047589357928e+04,0.000000000000000000e+00,4.145008660260795295e+04
3.320999999999745267e+00,1.487451437944918453e+01,6.649331570125931457e-01,5.143048805808578816e-01,3.715514291086530370e-05,-1.235909907656982222e-03,1.532124107835457317e-05,-3.925448910669274483e+01,-2.935934440363732989e+01,2.695800414705502135e+02,-5.934847201486780771e-02,1.229294609387827109e+02,2.267361766493349205e+04,0.000000000000000000e+00,4.146273114655757672e+04
3.330999999999744166e+00,1.487451740788661070e+01,6.649059841105631197e-01,5.143782382271260278e-01,9.707410559238625544e-03,-2.854297194967934589e-03,1.237224486398919542e-02,1.015003476048282209e+02,9.260717600970386343e+01,-8.074125765037115343e+01,-5.942564784383985721e-02,1.232929842136126268e+02,2.572360808573658505e+04,0.000000000000000000e+00,3.916645427603780263e+04
3.340999999999743064e+00,1.487438845391824316e+01,6.648316760576110651e-01,5.144988525274555302e-01,-6.583619957410056373e-03,-7.861220473497965155e-03,1.163288698232384233e-02,5.519218084527892643e-01,-2.846723143779195198e+01,2.695738168196464812e+02,-5.941638088126850042e-02,1.235130106622776793e+02,2.371521656263815021e+04,0.000000000000000000e+00,4.152706758653399447e+04
3.350999999999741963e+00,1.487422764047613022e+01,6.647363212045859227e-01,5.146168014791454581e-01,-6.714495622178743434e-03,-8.525459649849050428e-03,1.241134605778603482e-02,3.127704022852412891e+00,-1.731107850076287491e+01,2.393325062113572130e+02,-5.932984078094876573e-02,1.237076555845116701e+02,2.372703896048785100e+04,0.000000000000000000e+00,4.156097164573823102e+04
3.360999999999740862e+00,1.487405202124873682e+01,6.646383657696944836e-01,5.147102685311194525e-01,-1.024896018092173386e-02,-9.026652638851438357e-03,9.124554905918524222e-03,1.686759936105318047e+01,-3.107704657646919344e+01,2.302958303550291248e+02,-5.938498822720507386e-02,1.238640623094705830e+02,2.272131169313159262e+04,0.000000000000000000e+00,4.167566710462667106e+04
3.370999999999739760e+00,1.487389654879902423e+01,6.645448711049635193e-01,5.148193546438371015e-01,-2.777080031291768655e-02,-1.027115456276028911e-02,1.146584510097778918e-02,-2.031985421488629981e+02,-5.905641163169081409e+01,3.815800929227710867e+02,-5.931998060532062828e-02,1.239824035406802381e+02,2.283171285645515673e+04,0.000000000000000000e+00,4.266139616514892259e+04
3.380999999999738659e+00,1.487372795771581302e+01,6.644541863612679622e-01,5.149143594746529162e-01,-2.592967235164356232e-02,-9.758962409089419823e-03,8.671246713814006676e-03,-1.754282721964209486e+02,-5.846277180636101178e+01,3.743249769752620750e+02,-5.932627278742862165e-02,1.241320227941854029e+02,2.292350680725989878e+04,0.000000000000000000e+00,4.267929291543771251e+04
3.390999999999737557e+00,1.487357636513464776e+01,6.643702401060195273e-01,5.150073949100868465e-01,-5.311157495782556880e-03,-7.080281068087382855e-03,1.095348479630951083e-02,1.819484463426260845e+01,-1.769878614544120410e+01,2.490937660703177698e+02,-5.936656284233862019e-02,1.243040597675873187e+02,2.392315200108120189e+04,0.000000000000000000e+00,4.186975202667678241e+04
3.400999999999736456e+00,1.487339321576741824e+01,6.642839738286895335e-01,5.151125821740351052e-01,-3.163670914796403583e-02,-1.022171551870535572e-02,1.111658963723795301e-02,6.052973709609659636e+01,5.566885514634293486e+00,1.890261912639933826e+02,-5.937218122224532241e-02,1.245020013534148120e+02,2.385846650810334177e+04,0.000000000000000000e+00,4.192788607029799459e+04
3.410999999999735355e+00,1.487336737366217676e+01,6.641688568998851405e-01,5.152527420143714343e-01,-1.063014331595460004e-03,-1.177980075205342647e-02,1.338214372631117872e-02,-2.548211416782487504e+01,3.027837330415489703e+01,1.817221125238958166e+02,-5.941587374966886964e-02,1.246887764426539462e+02,2.380965372306418431e+04,0.000000000000000000e+00,4.177789694867002254e+04
3.420999999999734253e+00,1.487337628009061952e+01,6.640656142808712969e-01,5.153617801938338294e-01,-1.152542722952086714e-02,-9.858333272307371470e-03,6.538594278126623298e-03,8.002115684406817309e+00,1.178124619408619367e+01,2.188413839109052788e+02,-5.932433968201596131e-02,1.249624188613707076e+02,2.380520082280524366e+04,0.000000000000000000e+00,4.165604198847707448e+04
3.430999999999733152e+00,1.487330567653415692e+01,6.639728516470669861e-01,5.154272993904630562e-01,-6.459238800895361274e-03,-1.284013623347867936e-02,3.143805212674121319e-03,-8.078581641506752931e+01,-1.951777439836485541e+02,3.620165101365296323e+02,-5.931382112156318581e-02,1.251924815198932208e+02,2.116623240060050011e+04,0.000000000000000000e+00,4.201913887048350443e+04
3.440999999999732051e+00,1.487334041612942137e+01,6.638424946234326995e-01,5.154791903345018467e-01,1.264000471864616150e-02,-1.115741499698575528e-02,7.253582012139064665e-03,8.578366255610580993e+01,1.465124204473195846e+02,-3.713988607608814618e+01,-5.937399852745860185e-02,1.254831335947467039e+02,2.698718757924016245e+04,0.000000000000000000e+00,3.886939356112402311e+04
3.450999999999730949e+00,1.487335128402901141e+01,6.637110047364176424e-01,5.155221727904784057e-01,-8.815327481124962325e-03,-1.238577220455766917e-02,2.006099081864737548e-03,-2.897745168568008012e+01,3.197912075292020262e+01,1.821193878683577623e+02,-5.941063886222548024e-02,1.257966773523499739e+02,2.284835125479393173e+04,0.000000000000000000e+00,4.158886879756699636e+04
3.460999999999729848e+00,1.487332251782537540e+01,6.635970665884948216e-01,5.155532293645772590e-01,-1.199985657303428120e-02,-1.462462559160771468e-02,3.038306662911334066e-03,-9.813135622078743836e+01,-1.475789558120818583e+02,4.074391439680338181e+02,-5.933597199198587663e-02,1.260869328526011515e+02,2.228612259352111869e+04,0.000000000000000000e+00,4.203076052397032618e+04
3.470999999999728747e+00,1.487325386475328948e+01,6.634654099470810307e-01,5.156462846198126559e-01,-9.658811064790077602e-03,-1.657609271721060054e-02,1.117804576446732728e-02,3.325173209434206001e+01,-6.936074907459925498e+00,1.818617943771498631e+02,-5.937201261600077301e-02,1.263879521243055564e+02,2.232669192012653730e+04,0.000000000000000000e+00,4.142138100295584445e+04
3.480999999999727645e+00,1.487316307193076170e+01,6.633376705416123009e-01,5.157803741873744352e-01,-1.764893695127589535e-02,-9.879771172823131539e-03,1.457252769451227586e-02,4.157120709299988448e+01,1.499194181701946604e+01,3.101631319067087134e+02,-5.937895646704518388e-02,1.266408791999041057e+02,2.285457206527789458e+04,0.000000000000000000e+00,4.118454790424728708e+04
3.490999999999726544e+00,1.487293128034120926e+01,6.633055235461517984e-01,5.160034208863354399e-01,-1.211043483274911077e-02,1.158101325397319688e-03,3.613335007598732912e-02,9.208731203815659683e+01,1.177236845863544943e+02,-1.383356316927472562e+01,-5.934196750170921825e-02,1.271080822466812066e+02,2.478580479352897237e+04,0.000000000000000000e+00,3.864843125554259314e+04
3.500999999999725443e+00,1.487263550287544689e+01,6.632746416189659877e-01,5.163549436529207837e-01,-3.373682132498902891e-02,-4.724301412699275123e-03,3.797329552648647660e-02,2.475945140148223800e+01,-1.262878344124854380e+01,2.308030032307283363e+02,-5.924211706948946665e-02,1.276063209785634314e+02,2.274449294772797293e+04,0.000000000000000000e+00,4.085521343243213050e+04
3.510999999999724341e+00,1.487232075698209499e+01,6.632340059461853121e-01,5.166613349877272610e-01,-2.099221365477778670e-02,-3.109184014517621993e-03,3.244476023630395861e-02,4.379216199094798867e+01,1.387796966785551831e+02,4.560201751209308441e+01,-5.922303748839918836e-02,1.280004547415344973e+02,2.560001835703438337e+04,0.000000000000000000e+00,3.806171193303638574e+04
3.520999999999723240e+00,1.487198514011695316e+01,6.631719503259463355e-01,5.169010043105669583e-01,-3.039219455727767624e-02,-7.219658782423579377e-03,2.410893060043754060e-02,3.177810371629948349e+01,-1.034485798596389827e+01,2.420845790561440936e+02,-5.912158171943648899e-02,1.283427676242150142e+02,2.259574295469616845e+04,0.000000000000000000e+00,4.047710056113503379e+04
3.530999999999722139e+00,1.487165940973614475e+01,6.630837169429762978e-01,5.171585313598802136e-01,-4.756403232891179972e-02,-1.065648119278621644e-02,2.593891058128173360e-02,-2.419100765617245088e+02,-1.057587780339779329e+02,4.553719219701738439e+02,-5.916348366461482433e-02,1.285968889762307015e+02,2.135780371135749738e+04,0.000000000000000000e+00,4.171111936403450090e+04
3.540999999999721037e+00,1.487124067937033267e+01,6.630195362951541993e-01,5.173263465668609395e-01,-3.844993362394432540e-02,-3.301810982995313261e-03,5.114204561384292150e-03,1.114204212320250917e+02,5.629950721383863765e+01,1.465061342524131760e+01,-5.910475436384309000e-02,1.286174334557062195e+02,2.263752467226593944e+04,0.000000000000000000e+00,4.009437233957999706e+04
3.550999999999719936e+00,1.487086523179203112e+01,6.629482952384356809e-01,5.174800710520073288e-01,-2.186052335189083221e-02,-7.954234769914816927e-03,2.086390784969912801e-02,7.230486276938518131e+01,-4.815269902575188610e+01,3.056798294593418177e+02,-5.917406037813015968e-02,1.284367033734359040e+02,2.264838526422763971e+04,0.000000000000000000e+00,4.038329119211105717e+04
3.560999999999718835e+00,1.487042295694996241e+01,6.628603252615453689e-01,5.176573837749632867e-01,-3.455564926079297133e-02,-5.779316001222865179e-03,1.341419568228945786e-02,-1.105580489666249377e+02,-9.887757739827230807e+01,3.981999788826540225e+02,-5.917285247395402681e-02,1.283511548765438306e+02,2.189654387875583780e+04,0.000000000000000000e+00,4.134832971455858933e+04
3.570999999999717733e+00,1.487002751783215082e+01,6.627761250395846071e-01,5.178248808590231178e-01,-1.867112795970028716e-02,-3.486652118062598567e-03,7.066447626705571992e-03,1.152293012537365939e+02,2.988325527685657335e+01,6.035786856177787740e+01,-5.918849210127623967e-02,1.283269466680928588e+02,2.302517091979670658e+04,0.000000000000000000e+00,4.032686948011293134e+04
3.580999999999716632e+00,1.486985941257041155e+01,6.627710255990495458e-01,5.178253958465575124e-01,-2.274433073539758668e-02,6.094659309995332239e-04,-3.657855012713479362e-03,-2.978806477944172002e+02,-1.425598832335642783e+02,4.844195314546179816e+02,-5.934660642634979194e-02,1.281755270066674370e+02,2.040690696954723535e+04,0.000000000000000000e+00,4.204523915869643679e+04
3.590999999999715531e+00,1.486959629894316137e+01,6.627249423315564325e-01,5.179486417313652336e-01,-3.034978128646659279e-02,-7.409646020609889430e-03,1.307451386129345264e-02,1.149151057220565235e+02,5.904298704629115946e+01,1.906812847199171301e+01,-5.928626912334145765e-02,1.282618029241208717e+02,2.313499314217261053e+04,0.000000000000000000e+00,4.048589075052962289e+04
3.600999999999714429e+00,1.486945680278092397e+01,6.627250107695887849e-01,5.179893546584015684e-01,-1.449710918682478936e-02,9.024525085508902948e-04,1.418542978171612786e-03,-1.571301083918597215e+02,-1.017597949897760259e+02,4.194592221857719778e+02,-5.926904563175968560e-02,1.282169604352183114e+02,2.198976330840295122e+04,0.000000000000000000e+00,4.150234832775952236e+04
3.610999999999713328e+00,1.486943789002338434e+01,6.627671281513197732e-01,5.179468145360159870e-01,1.004792624633778220e-02,5.249334610893936597e-03,-4.742146088850088780e-03,-5.861268811297713910e+01,-6.776957440885350081e+01,3.559310919577469576e+02,-5.942556193089296862e-02,1.281183040556036303e+02,2.176231244137285830e+04,0.000000000000000000e+00,4.077635226958937710e+04
3.620999999999712227e+00,1.486930247288834650e+01,6.627339315658634655e-01,5.180290794637351093e-01,-2.854166906704617285e-02,-6.809556508273644122e-03,1.068314964571967507e-02,-1.376339652456003932e+02,-6.731574599631007061e+01,3.663821939216494457e+02,-5.933834287042625416e-02,1.282205297908149078e+02,2.209013832195689974e+04,0.000000000000000000e+00,4.158246573247571359e+04
3.630999999999711125e+00,1.486923962708955749e+01,6.627484302938435601e-01,5.180120951374456162e-01,-5.254354117254892570e-03,3.561108715914527208e-03,-8.676110313145551922e-03,6.417012090055732187e+01,3.033350049807012283e+01,1.072759812658046030e+02,-5.940935343011913283e-02,1.282083940444790358e+02,2.319196195038337100e+04,0.000000000000000000e+00,4.056903861198409868e+04
3.640999999999710024e+00,1.486910359217493571e+01,6.627266858413808359e-01,5.180301778461186002e-01,-3.494462547450865458e-02,-7.831715178969016200e-03,4.439486961879394143e-03,1.365261583163037358e+02,7.086400669828043419e+01,2.035651717508790171e+01,-5.944465813938969168e-02,1.282506743625654622e+02,2.323252894153110901e+04,0.000000000000000000e+00,4.066493299646687956e+04
3.650999999999708923e+00,1.486908147342024122e+01,6.627401128909210515e-01,5.180015305257030800e-01,-1.791429899658149305e-02,-1.023311849680570750e-03,-3.204876981182941051e-03,-3.081011450332043751e+02,-1.315249426588092660e+02,4.832626269299846626e+02,-5.949559758102922202e-02,1.281671227592403568e+02,2.069189433717876454e+04,0.000000000000000000e+00,4.231590265044424450e+04
3.660999999999707821e+00,1.486892722317396753e+01,6.626795555389612957e-01,5.181130460301242024e-01,-4.007443654216746171e-03,-1.759528056453183277e-03,4.740318596135166714e-03,7.831045444570236214e+01,3.506724905012475801e+01,6.589431915795989880e+01,-5.944081168337833621e-02,1.282952951785721041e+02,2.326021229442293043e+04,0.000000000000000000e+00,4.061406481148568855e+04
3.670999999999706720e+00,1.486894209495927655e+01,6.626843827492991945e-01,5.181642552764831322e-01,-8.952782135766418348e-03,-2.173920065171217140e-03,1.000554092667678419e-02,-3.241188051808248929e+02,-1.371621767285321880e+02,5.296156259076708466e+02,-5.953327422627153337e-02,1.281997206920652559e+02,2.162610916823145817e+04,0.000000000000000000e+00,4.217105653194750630e+04
3.680999999999705619e+00,1.486886407738710147e+01,6.626838986025651579e-01,5.182015297678772558e-01,-1.714299859710621821e-02,-1.500328992155808673e-03,-7.662468159624758043e-04,-1.842441532680136334e+02,-9.367742390906467165e+01,3.610611782863398957e+02,-5.950046310154787077e-02,1.281366838193370654e+02,2.114736014373571743e+04,0.000000000000000000e+00,4.171033941983077239e+04
3.690999999999704517e+00,1.486862324485173126e+01,6.626085956962980417e-01,5.183314079316163614e-01,-1.593523226112705804e-02,-5.666196949829793890e-03,1.102197491959099399e-02,1.167600984987557240e+02,4.143357819139311005e+01,3.884386597313937273e+01,-5.950091849059031823e-02,1.282877003897991131e+02,2.312482978751827613e+04,0.000000000000000000e+00,4.050958540072449978e+04
3.700999999999703416e+00,1.486855483610626116e+01,6.625999767918168137e-01,5.183560686455579436e-01,4.438059703060292550e-03,3.197183884519676830e-03,-2.412303508816942763e-03,7.230365995342799579e+01,2.259870156337683511e+01,1.511474479440671530e+02,-5.952372687725004941e-02,1.282170806060585164e+02,2.419159955457593242e+04,0.000000000000000000e+00,4.041282483178509574e+04
3.710999999999702315e+00,1.486850319171184154e+01,6.625955785276699261e-01,5.183766712249614494e-01,-5.392642271642896770e-04,1.427006157072147584e-04,3.978094241645472456e-03,8.661967336628140401e+01,3.342985534958535254e+01,1.183330939363220295e+02,-5.955961867689742867e-02,1.281409054575108826e+02,2.426152181774710334e+04,0.000000000000000000e+00,4.043102308119962254e+04
3.720999999999701213e+00,1.486832625371306449e+01,6.625318318499200387e-01,5.184924762715030777e-01,-3.219920431780746994e-02,-8.085638151470824625e-03,9.062456484668137205e-03,1.298498187543650602e+02,6.322334028472715772e+01,5.926666837040102109e+00,-5.954698890009377937e-02,1.282184177860819432e+02,2.318997927014616653e+04,0.000000000000000000e+00,4.058092442843491881e+04
3.730999999999700112e+00,1.486826077713234540e+01,6.625156294490269770e-01,5.185329551276719462e-01,-1.035851121988890086e-03,-2.864819110197644198e-03,9.518030379728079082e-03,9.255984115641422250e+01,2.917803121860447391e+01,1.163899797621936614e+02,-5.960304472716371899e-02,1.281393565268281520e+02,2.418778155537054408e+04,0.000000000000000000e+00,4.041170740070502507e+04
3.740999999999699011e+00,1.486816646775069728e+01,6.624709252254663561e-01,5.185718275664399357e-01,-1.280209566613922136e-02,-8.814411066465624098e-03,1.107130112970119810e-02,-2.966373352666914798e+02,-1.331624870014848057e+02,4.465725973792441437e+02,-5.960904574365887693e-02,1.280864676327379357e+02,2.068921615211235985e+04,0.000000000000000000e+00,4.226233289472776232e+04
3.750999999999697909e+00,1.486796406562682549e+01,6.623862271669908042e-01,5.186417811101765585e-01,-4.001612418437685420e-02,-1.121178482275810712e-02,6.770092542378433956e-03,-2.507893150380032239e+02,-9.495540022292300364e+01,4.609748377743885612e+02,-5.954920144775113083e-02,1.281778268642472653e+02,2.170088324573645150e+04,0.000000000000000000e+00,4.220089329453027312e+04
3.760999999999696808e+00,1.486791185795804004e+01,6.623476531009047097e-01,5.186764131882648510e-01,-3.389095295073103059e-02,-8.523517761473940746e-03,7.415537681667040129e-04,-2.794631795827676797e+02,-1.124388338097331257e+02,4.087128382188991509e+02,-5.957205277340064942e-02,1.281756979310171687e+02,2.058116519317565326e+04,0.000000000000000000e+00,4.233952851504937280e+04
3.770999999999695707e+00,1.486784525829140335e+01,6.622814808795025598e-01,5.187066790812063788e-01,-4.479818178388296317e-03,-3.672066909957888425e-03,-3.223445279163436421e-03,9.237801213090551755e+01,4.944330522959398877e+01,1.223783938764502182e+02,-5.963429304023005334e-02,1.282786083926147285e+02,2.441754418124436415e+04,0.000000000000000000e+00,4.047631752580315515e+04
3.780999999999694605e+00,1.486792130543398827e+01,6.623024044027761015e-01,5.186204548441085693e-01,2.041621811933499314e-02,2.721227775792931739e-03,-7.402667248880517685e-04,1.753745833109746854e+02,9.885691135045433953e+01,7.329230355651066020e+01,-5.966058584422855027e-02,1.282548409792578639e+02,2.628435549957194235e+04,0.000000000000000000e+00,3.777410348836463527e+04
3.790999999999693504e+00,1.486803423797243440e+01,6.623137090898454371e-01,5.185723154530215151e-01,2.559808580413245119e-02,8.622684464220721143e-03,-1.346668115124824254e-02,9.755263718392689043e+01,5.874077659759674930e+01,5.344167744972423861e+01,-5.960115752369103681e-02,1.285496734327034289e+02,2.402984287575930284e+04,0.000000000000000000e+00,4.031172195612198993e+04
3.800999999999692402e+00,1.486810587115207838e+01,6.623483123594157140e-01,5.184886427731528746e-01,1.529112144865524443e-02,5.379505530513104504e-03,-4.541960625904168172e-03,5.214064237341244734e+01,5.377135857831433441e+01,1.334598165035997681e+02,-5.960400136611591904e-02,1.289413925049104250e+02,2.469268599284165612e+04,0.000000000000000000e+00,4.071390022688184399e+04
3.810999999999691301e+00,1.486823546803198148e+01,6.624126116242964324e-01,5.183874595588309209e-01,2.629035174169913353e-03,6.156279386181913449e-03,-1.024643352566940828e-02,-2.033337558342332159e+02,-1.591193944592473599e+02,5.010788812742753180e+02,-5.962878323649384305e-02,1.292793790568813108e+02,2.204507565872749910e+04,0.000000000000000000e+00,4.230863781759007543e+04
3.820999999999690200e+00,1.486834189504501857e+01,6.624646952902498720e-01,5.182928875290701010e-01,9.279417030456900764e-03,-1.629160164129698921e-03,2.264000636089542971e-03,1.622865526238269922e+02,1.345048525510770503e+02,2.059451784290718024e+01,-5.968058347713833811e-02,1.296196006661347155e+02,2.637469657111546258e+04,0.000000000000000000e+00,3.814281092563921266e+04
3.830999999999689098e+00,1.486849868937851049e+01,6.625092839015006563e-01,5.181804975269689306e-01,1.889101293849101623e-02,8.995646086288094229e-03,-1.980983536975769455e-02,2.638866985468803250e+01,4.134068748973999163e+01,1.156208484985857012e+02,-5.969355055071143973e-02,1.300110821155636245e+02,2.378072579381973992e+04,0.000000000000000000e+00,4.112264868410980125e+04
3.840999999999687997e+00,1.486866613002771587e+01,6.625695308630884517e-01,5.180168531925780639e-01,1.376307577816754044e-02,1.322408384138831598e-03,-9.014195472133638629e-03,-9.478309938660459011e+01,-1.099021540728754189e+02,4.034122317209192943e+02,-5.966170145342992309e-02,1.303115160419712311e+02,2.279361407258105100e+04,0.000000000000000000e+00,4.211737882120384165e+04
3.850999999999686896e+00,1.486887147250833863e+01,6.625640749956211994e-01,5.179645649706232646e-01,2.589375074980690764e-02,3.950486500736302697e-03,-7.085248336196248511e-03,2.724774649011123984e+00,5.494001822429186177e+01,9.033012670979042014e+01,-5.970775720815361259e-02,1.308907428166296825e+02,2.390184332350783006e+04,0.000000000000000000e+00,4.135966447478436021e+04
3.860999999999685794e+00,1.486920261137858112e+01,6.626452290649766930e-01,5.176913525875767030e-01,2.294806315837047070e-02,8.893007621273731761e-03,-2.952439569119802085e-02,-2.055570080946536109e+02,-1.734949030804269796e+02,5.027948621729410661e+02,-5.967859238118631421e-02,1.314494276846836271e+02,2.138984529963039677e+04,0.000000000000000000e+00,4.287374799090782471e+04
3.870999999999684693e+00,1.486968946759186494e+01,6.626814452172067327e-01,5.172810809175081292e-01,7.359726745112631086e-02,4.123436435267844626e-03,-4.179850624517533059e-02,9.135210521466842692e+01,-6.062129853495710563e+01,1.957731913448544674e+02,-5.977173578337210275e-02,1.324644192281553217e+02,2.174499522608398183e+04,0.000000000000000000e+00,4.179604071578165895e+04
3.880999999999683592e+00,1.486960306639223717e+01,6.626881547963914265e-01,5.170277361662748428e-01,-2.409501791771735332e-02,7.977523493713205988e-03,-2.184309208823268303e-02,-2.116028369508330798e+01,9.038934603541702018e+01,8.182599858514595326e+01,-5.979272577101606839e-02,1.336724505309885274e+02,2.405884219225379275e+04,0.000000000000000000e+00,4.277588867737794499e+04
3.890999999999682490e+00,1.486852798698982170e+01,6.626566768089722226e-01,5.168166764405482949e-01,-1.703073819237257147e-01,-9.983573046888908481e-03,-2.273939876695858439e-02,-2.653849818298676837e+02,1.108263379233334263e+02,7.664869300069267410e+01,-5.968992860640478376e-02,1.341088760749179301e+02,2.489706457855985354e+04,0.000000000000000000e+00,4.160959210893123236e+04
3.900999999999681389e+00,1.486711770206408723e+01,6.625615576961841890e-01,5.163889021029665072e-01,-1.057983165009246246e-01,-6.066850664022120643e-03,-5.733716806761871704e-02,-2.721073013645172978e+01,-7.059990325680453793e+01,3.384700587252224295e+02,-5.977430733064502399e-02,1.332877946940702429e+02,2.458534103936903921e+04,0.000000000000000000e+00,4.506191856904383894e+04
3.910999999999680288e+00,1.486590471828007232e+01,6.624829005809171889e-01,5.156740254477955032e-01,-1.255409692669703092e-01,-7.147798557816216307e-03,-8.775941707753799614e-02,7.546070917776978604e+01,9.524525063426082738e+00,1.087421120732869895e+02,-6.000162771024642600e-02,1.325731071764919307e+02,2.773284867949628460e+04,0.000000000000000000e+00,4.283921328953464399e+04
3.920999999999679186e+00,1.486492869946747675e+01,6.624507788483293691e-01,5.147477662250921071e-01,-7.460050741080191672e-02,3.638517653273280381e-04,-9.545560966018327986e-02,4.197294048063668015e+01,-1.326747941644863005e+01,2.087617315152469928e+02,-6.005063087249443154e-02,1.318265213913757350e+02,2.965455382570012807e+04,0.000000000000000000e+00,4.707217677255187300e+04
3.930999999999678085e+00,1.486418688017493395e+01,6.624669706226496979e-01,5.138950139399479644e-01,-7.004505249558858060e-02,3.336897048831354885e-03,-7.744430785732378530e-02,8.792571052066114135e+01,1.617540032809770878e+01,1.671710328065344129e+02,-6.024315499777550126e-02,1.314612048459944162e+02,3.182218209852823202e+04,0.000000000000000000e+00,5.084925223992862448e+04
3.940999999999676984e+00,1.486352245015123863e+01,6.625046893424505479e-01,5.132961878303612391e-01,-6.225440063931472756e-02,3.738070241425215344e-03,-4.702121684484344283e-02,4.109141599930717348e+01,5.305535748726647682e+00,2.128504793293229795e+02,-6.028621571391662437e-02,1.315066365621642888e+02,3.191702584652620862e+04,0.000000000000000000e+00,5.437355485422585480e+04
3.950999999999675882e+00,1.486289515626256019e+01,6.625505441300628684e-01,5.128831153734519921e-01,-6.819753622394922332e-02,6.002641685896790286e-03,-4.565280692377543525e-02,-1.793806404367560390e+02,-7.262144327275031230e+01,1.869124625698420914e+02,-6.019122795644632484e-02,1.319263055933347175e+02,3.454204626695904153e+04,0.000000000000000000e+00,5.100738065879831265e+04
3.960999999999674781e+00,1.486204738865594521e+01,6.626331870266165547e-01,5.122756994286910004e-01,-8.753117716171801566e-02,8.934235419623742444e-03,-6.637269152862368404e-02,1.513879519180045463e+01,8.688285074056430801e+00,1.710598381541101389e+02,-6.028060442921237549e-02,1.324655552430863850e+02,3.666666893831258494e+04,0.000000000000000000e+00,5.509915733426943189e+04
3.970999999999673680e+00,1.486118272643991212e+01,6.626922705904041422e-01,5.116913181564951563e-01,-8.555804197492339336e-02,2.017607486098766962e-03,-4.792405213254687796e-02,2.636181434399122736e+01,-4.981061243963765151e+00,2.242025504192695280e+02,-6.019537202587682545e-02,1.326756790817556180e+02,3.730284300182868901e+04,0.000000000000000000e+00,6.016311016107285832e+04
3.980999999999672578e+00,1.486062395481034137e+01,6.627693728144418150e-01,5.111257371451128906e-01,-7.054894850391799088e-02,5.759428443745839149e-03,-5.619941195326463163e-02,-4.292197988832140254e+01,-3.469023990951971115e+01,2.737843501674940399e+02,-6.040495872279169620e-02,1.325973217755425537e+02,3.767203636386682047e+04,0.000000000000000000e+00,6.235794272241718136e+04
3.990999999999671477e+00,1.486005980514878999e+01,6.628134322176300053e-01,5.105359617098151892e-01,-3.142813975958298756e-02,4.846578913498391337e-03,-6.309447294660686101e-02,3.348864397556826589e+02,7.039129650734372490e+01,-2.271074974325165385e+02,-6.056752449756233614e-02,1.324790892092648562e+02,4.213592881466856488e+04,0.000000000000000000e+00,6.175778606783351279e+04
4.000999999999670820e+00,1.485963860613045817e+01,6.628309289074983957e-01,5.099932757722265286e-01,-2.096492615207579124e-02,3.265715417178607829e-03,-5.188658055354886806e-02,-2.536808875192132291e+02,-8.037892438999284650e+01,5.618413287063642656e+02,-6.062408669381582488e-02,1.324825636968467677e+02,4.048553641628014157e+04,0.000000000000000000e+00,6.919390962838918495e+04
4.010999999999674159e+00,1.485907452468039835e+01,6.628484516192093556e-01,5.094279523074017879e-01,-4.803773798382277721e-02,3.351115380644304701e-03,-6.130072315928958293e-02,3.283252649536420904e+02,9.793109078640213738e+01,-2.751575065395945785e+02,-6.080063855997754063e-02,1.326828938366288355e+02,4.819014644217214664e+04,0.000000000000000000e+00,6.530108848592491995e+04
4.020999999999677499e+00,1.485859106989612677e+01,6.629017876176667157e-01,5.088496178851154017e-01,-5.111366467400692282e-02,6.566662705122837743e-03,-5.494630500207267620e-02,-2.155812347209812287e+02,-5.871352515127347260e+01,4.645405557932681404e+02,-6.095365518459146259e-02,1.329158759251109814e+02,4.576653682581308385e+04,0.000000000000000000e+00,7.242080950570055575e+04
4.030999999999680838e+00,1.485806230773030734e+01,6.629802487085442175e-01,5.082859542734671221e-01,-2.689066540761647292e-02,1.431824945858948921e-02,-6.442511416724973350e-02,3.289908518384359013e+02,9.509724495834413460e+01,-2.298507117446268921e+02,-6.125829455286541103e-02,1.333438823538127735e+02,5.186313225907333253e+04,0.000000000000000000e+00,7.153982059938754537e+04
4.040999999999684178e+00,1.485755538347126858e+01,6.630913258843876834e-01,5.077344424313409155e-01,-6.520345088708287551e-02,1.051894516931893217e-02,-5.447563540246212754e-02,9.898060650884644929e+01,7.391674623224571405e+01,-5.878931524473114223e+01,-6.146479678713292344e-02,1.337473314942616867e+02,5.514951931061244250e+04,0.000000000000000000e+00,7.291185405534361780e+04
4.050999999999687518e+00,1.485706011426627171e+01,6.632316450131600094e-01,5.070574036819710528e-01,-6.259516939291494275e-02,9.621917282113095701e-03,-6.549191750205529683e-02,-3.725767935028761713e+01,-1.134384425451175815e+01,2.212179598382670065e+02,-6.183890539635394229e-02,1.338073416373449049e+02,5.682697354004363297e+04,0.000000000000000000e+00,7.645427507484043599e+04
4.060999999999690857e+00,1.485646566476173724e+01,6.633384453942288150e-01,5.063855976018082350e-01,-6.414978410097639527e-02,8.783888932927790688e-03,-6.571191310148707942e-02,-1.128562311883151779e+02,-4.231288166091616176e+01,3.753728739832245083e+02,-6.195883067356689616e-02,1.337434373555903164e+02,6.036951875047722569e+04,0.000000000000000000e+00,8.087531784236441308e+04
4.070999999999694197e+00,1.485586943871613386e+01,6.634326332674806981e-01,5.057265492624637426e-01,-5.556625429075709444e-02,1.054643536880802042e-02,-6.580797774076652118e-02,-1.240596293991234234e+02,-4.170712965649062198e+01,3.839407345280417871e+02,-6.213353376702961811e-02,1.336912861845544285e+02,6.361769414659762697e+04,0.000000000000000000e+00,8.438039398485735001e+04
4.080999999999697536e+00,1.485538232278707049e+01,6.635305396539685763e-01,5.050605484668442280e-01,-3.641842712874979876e-02,1.022278806185219525e-02,-6.951359035833409861e-02,-5.308856029772596230e+01,-2.659013632334352906e+01,2.740467528663489247e+02,-6.247831001711105087e-02,1.336528920501665425e+02,6.757167721051759145e+04,0.000000000000000000e+00,8.732547840523235209e+04
4.090999999999700876e+00,1.485485073105159337e+01,6.635755856263013674e-01,5.044202459865596566e-01,-5.510021512923374970e-02,1.651369864689540209e-03,-6.253236826668667758e-02,6.898906629658085876e+00,-9.147001726502963947e+00,1.787169443013422097e+02,-6.281688779314266446e-02,1.334060443291898252e+02,7.001938825044923578e+04,0.000000000000000000e+00,9.103808175385247159e+04
4.100999999999704215e+00,1.485431280595258130e+01,6.635804470373762864e-01,5.038007968774923517e-01,-5.166319639859109913e-02,2.160226477711014472e-04,-6.121522131438825176e-02,8.988854779130178940e+00,1.470676071665195650e-01,1.845606575651561343e+02,-6.299101835739365218e-02,1.332054073664185410e+02,7.286586244302440900e+04,0.000000000000000000e+00,9.487441267662843165e+04
4.110999999999707555e+00,1.485379655172796198e+01,6.635877219668218086e-01,5.031968831340649650e-01,-5.410834991150797330e-02,1.729487058457354013e-03,-6.088618981512175510e-02,-1.650842785079566966e+01,3.718173191025726965e+00,2.040472456981026426e+02,-6.311688633046989849e-02,1.330054066441371958e+02,7.635152710877012578e+04,0.000000000000000000e+00,9.767974411654933647e+04
4.120999999999710894e+00,1.485303296973997966e+01,6.635651842276643064e-01,5.024786218277427219e-01,-9.318860779561161101e-02,-4.977942827485468125e-03,-8.116920942974172049e-02,-9.111249317035435524e+01,-4.024486242654052148e+01,2.607805003131021522e+02,-6.344949217374364070e-02,1.326431231323115867e+02,8.147296311884452007e+04,0.000000000000000000e+00,9.860040214176476002e+04
4.130999999999714234e+00,1.485226503697029443e+01,6.635991987594990205e-01,5.015462033926171292e-01,-7.080592829114834563e-02,9.820628919597571352e-03,-1.000041994161521702e-01,-5.936480630232335898e+01,-2.139363151064216595e+01,2.284615253059860152e+02,-6.422392884596760110e-02,1.316205326454431201e+02,8.717741274537393474e+04,0.000000000000000000e+00,1.020045085401403485e+05
4.140999999999717573e+00,1.485170768862277768e+01,6.636858597872398180e-01,5.005338400185275205e-01,-4.776082026255734636e-02,5.507671352738541942e-03,-9.431648850897990377e-02,4.964268402991137918e+01,-3.186957681253619512e+01,1.974629820636786803e+02,-6.506080372396971789e-02,1.302809061333457521e+02,8.939251800227595959e+04,0.000000000000000000e+00,1.116836393616802088e+05
4.150999999999720913e+00,1.485078629440077336e+01,6.626795672986560692e-01,4.995525676424980577e-01,-4.107207060681363625e-02,-1.131570423355901939e-01,-1.120237898763786905e-01,2.598012985060895517e+02,-3.851067360759839175e+01,1.070857883264920929e+00,-6.505532187004073319e-02,1.310888150153164986e+02,9.459381863342522411e+04,0.000000000000000000e+00,1.117707659801597474e+05
4.160999999999724253e+00,1.485043052132891184e+01,6.612426468682530700e-01,4.980891610696947525e-01,-5.552650699974598369e-02,-2.095953317336617938e-01,-1.955346417019861172e-01,-1.266879837505985051e+01,-1.895945655020649951e+02,-4.986306695373917819e+01,-6.500656138991482702e-02,1.349002699487999735e+02,9.198983222900288820e+04,0.000000000000000000e+00,1.094170477669685060e+05
4.170999999999727592e+00,1.484968517312246128e+01,6.590578304324932191e-01,4.958731528216623330e-01,-8.875903535612826578e-02,-2.189297944968693066e-01,-2.313306727488314563e-01,-9.649856077723507042e+01,5.398678199760973939e+01,2.481001228928705302e+02,-6.536801856949681078e-02,1.423558455473231277e+02,9.429098063376493519e+04,0.000000000000000000e+00,1.137398210656501760e+05
4.180999999999730932e+00,1.484870535471632103e+01,6.571635103490829355e-01,4.933967036369962256e-01,-9.386515466185001155e-02,-1.654758293847124750e-01,-2.416664794253587656e-01,6.756522160624672324e+02,2.165951912731605091e+02,4.789287918813662372e+02,-6.511555599201165889e-02,1.489876381316619245e+02,9.364558306476312282e+04,0.000000000000000000e+00,1.355301176902253064e+05
4.190999999999734271e+00,1.484823508923946278e+01,6.558479064257408675e-01,4.908140798174777109e-01,-5.464443112142711861e-02,-9.825676091400177559e-02,-2.047328230883334599e-01,2.660253696453587509e+02,2.573588284781319544e+02,5.667204557881117353e+02,-6.471891038466147383e-02,1.510944916538720122e+02,9.347496664084660006e+04,0.000000000000000000e+00,1.523386312087389524e+05
4.200999999999737611e+00,1.484809287753423490e+01,6.551751180599332258e-01,4.893381071687359363e-01,-1.937062174855615909e-03,-5.261230051468693270e-02,-1.297098838622245398e-01,1.041140759723521114e+01,5.974735036532598542e+01,2.636666551124572493e+02,-6.411972422381768955e-02,1.514286689555979137e+02,9.619391778844771034e+04,0.000000000000000000e+00,1.581837671980609302e+05
4.210999999999740950e+00,1.484774057965525174e+01,6.546541753224842664e-01,4.880190468838837003e-01,-3.941895667786278479e-02,-4.406052329634851938e-02,-1.229959714988443087e-01,-8.343227093252016857e+01,1.221617369512183870e+01,3.193030344018507094e+02,-6.440616466777211724e-02,1.513768851137694753e+02,9.834456177711061900e+04,0.000000000000000000e+00,1.599292789555376221e+05
4.220999999999744290e+00,1.484712352614041464e+01,6.541827188464884868e-01,4.867523645965229351e-01,-6.261656217277156156e-02,-4.458594612671006041e-02,-1.240201537413833516e-01,-2.702291818828280157e+02,-1.338047452998256972e+02,8.508933540822170016e+01,-6.429750081316408516e-02,1.520214596878668942e+02,1.038304671062152338e+05,0.000000000000000000e+00,1.581176347615385894e+05
4.230999999999747629e+00,1.484599285643963640e+01,6.536684354711753686e-01,4.854122485436484502e-01,-1.877160020647490046e-01,-6.216478486550713195e-02,-1.691581490299158830e-01,-3.236873122152778706e+02,-7.276090874081970128e+01,5.391010607206476379e+01,-6.470928920048993338e-02,1.535791281411458158e+02,8.864814135028645978e+04,0.000000000000000000e+00,1.597662884550506424e+05
4.240999999999750969e+00,1.484467510910413779e+01,6.531624220220251242e-01,4.836717649193416624e-01,-5.593663630146353954e-02,-2.113725768496324542e-02,-2.073877404084931431e-01,-1.540218425130005926e+02,4.251156955599563503e+01,-6.346474644328566228e+02,-6.474066225951201348e-02,1.549260230444156434e+02,9.603758216803945834e+04,0.000000000000000000e+00,1.598314900753641850e+05
4.250999999999754309e+00,1.484404469515671821e+01,6.529537817329366112e-01,4.818841473861089630e-01,3.960043319262257500e-02,-9.822076501172687449e-03,-1.159386776754043058e-01,4.841912083168235768e+02,1.973089656627064414e+01,-5.901262052020535975e+01,-6.449779188793466900e-02,1.548016164663954441e+02,9.246957577409007354e+04,0.000000000000000000e+00,1.749174996316662291e+05
4.260999999999757648e+00,1.484441265802676213e+01,6.528156091821412099e-01,4.813548498583035684e-01,2.657306739839980503e-02,-1.087485996562062920e-02,-2.148236251578517983e-02,-1.796243149428801189e+01,1.454038980288373750e+00,2.857932202067295293e+02,-6.456230281192469611e-02,1.543596639801972685e+02,8.871281966158506111e+04,0.000000000000000000e+00,1.817393456022501632e+05
4.270999999999760988e+00,1.484464454652440146e+01,6.527369154278447327e-01,4.812123498844571023e-01,2.635061242836588685e-02,-4.758644068708138379e-03,-1.533180429755395292e-02,1.563893055625976558e+01,8.174753951680770570e+00,1.618538666329690727e+02,-6.474368927259196993e-02,1.549267543992303331e+02,8.737779230423105764e+04,0.000000000000000000e+00,1.830574408809367160e+05
4.280999999999764327e+00,1.484500821986793717e+01,6.527230001024951767e-01,4.810618638331162766e-01,4.595829638988927629e-02,1.863564061687114897e-03,-1.453569972059807862e-02,-5.498198690217896001e+01,-2.548567808113620003e+01,1.518276010971655410e+02,-6.481197056461097949e-02,1.548923576428919375e+02,8.804017963944454095e+04,0.000000000000000000e+00,1.832762581230891228e+05
4.290999999999767667e+00,1.484554999480770832e+01,6.527263104088680823e-01,4.809500788074892452e-01,4.829869853741034641e-02,-1.077172147530109595e-03,-1.106288570759109482e-02,9.686024694908610400e+00,2.128788811407062553e+01,1.716009157098321225e+02,-6.460453293637484495e-02,1.546085705699942423e+02,8.857850927305228834e+04,0.000000000000000000e+00,1.837143410884007171e+05
4.300999999999771006e+00,1.484578260496224544e+01,6.528127267168186698e-01,4.805922723115226280e-01,2.991901246037339396e-02,1.205397918155044594e-02,-2.924302646894786847e-02,7.039532762408725830e+00,-8.317336443064448304e+00,1.636223294811993583e+02,-6.488472793188221344e-02,1.539572299871056771e+02,8.532976264256566355e+04,0.000000000000000000e+00,1.839913985536820255e+05
4.310999999999774346e+00,1.484623152980283223e+01,6.529710805124997464e-01,4.803867714485140494e-01,5.313665224716254687e-02,1.976304807957440443e-02,-1.890805665017937509e-02,-5.089355221930327389e+01,-2.762844075613719497e+01,1.544690726524117963e+02,-6.478191274824739165e-02,1.530483165369066683e+02,8.707036032453938969e+04,0.000000000000000000e+00,1.834200694776996679e+05
4.320999999999777685e+00,1.484666351792596295e+01,6.531059288004289476e-01,4.802144818975049856e-01,7.226621592641983838e-02,2.439168515364509640e-02,-1.267609898870791091e-02,6.143907047527644636e+02,3.070722076019837914e+02,3.340147778773298342e+02,-6.468653470502128133e-02,1.525942318422028166e+02,9.207872109874986927e+04,0.000000000000000000e+00,1.816656607646638004e+05
4.330999999999781025e+00,1.484710784589308297e+01,6.533009246067376097e-01,4.798835335222101373e-01,7.286856132782461304e-02,3.242039488788497209e-02,-3.931159827548218189e-02,6.284892525830135810e+02,2.590333696843466669e+02,3.552633510745999956e+02,-6.447629116212370837e-02,1.515402837829799410e+02,9.348958074330746604e+04,0.000000000000000000e+00,1.818123780298082274e+05
4.340999999999784364e+00,1.484778538882470578e+01,6.534931683781326495e-01,4.796177917783602807e-01,1.060747391784567228e-01,1.438063799486122285e-02,-1.767258084645754318e-02,2.263349044608969507e+02,-4.164364285953212175e+01,1.342092507284714884e+02,-6.441326046585083009e-02,1.507403504005712875e+02,1.071858873737411923e+05,0.000000000000000000e+00,1.838803638972761401e+05
4.350999999999787704e+00,1.484830500158078515e+01,6.535796362643253588e-01,4.791659344547464783e-01,4.247614605760428874e-02,4.505615446766544907e-03,-4.414300554440522134e-02,2.801021737653668424e+02,-3.913639803528593575e+01,4.413703921597384578e+02,-6.444549424094637990e-02,1.505737492616728730e+02,1.068471935778862971e+05,0.000000000000000000e+00,1.847404541718951077e+05
4.360999999999791044e+00,1.484886876985936865e+01,6.536843622642408702e-01,4.786484725245202521e-01,1.011813990538980822e-02,7.047553518137718298e-03,-7.882629559130056862e-02,-5.100194099334810289e+02,-6.093690286989516380e+01,-1.991545321292778681e+01,-6.442136117171273768e-02,1.503620173877785930e+02,1.157542326567017735e+05,0.000000000000000000e+00,1.769753134566297522e+05
4.370999999999794383e+00,1.484938656515634747e+01,6.537177683149316687e-01,4.781482688962247485e-01,7.875147841769905566e-02,2.743983572646439568e-03,-3.271106061924257402e-02,2.671892991724457715e+02,6.884496024351392407e+00,1.614262585470314662e+02,-6.444693517667496319e-02,1.501101897470277891e+02,1.089634866378234292e+05,0.000000000000000000e+00,1.853221552345332166e+05
4.380999999999797723e+00,1.484989818879522616e+01,6.537476605660751394e-01,4.776550191031754822e-01,7.967622002916682766e-02,1.526373692111894324e-02,-5.328941135767903403e-02,3.334784968417466189e+01,2.614220761170728338e+02,1.290106174489219484e+02,-6.441143609607663523e-02,1.504644267265596227e+02,1.161760035980226821e+05,0.000000000000000000e+00,1.838687352394044865e+05
4.390999999999801062e+00,1.485040889269401276e+01,6.537848328344572080e-01,4.770946127749854382e-01,7.815203110672531983e-02,2.072263962723112571e-03,-4.232401920310019383e-02,2.551835161076144232e+02,1.010939157282581391e+01,1.937244590478931059e+02,-6.446152052700573898e-02,1.500749100398594180e+02,1.106017580192222085e+05,0.000000000000000000e+00,1.859947387758984405e+05
4.400999999999804402e+00,1.485102372218363520e+01,6.538241613901207838e-01,4.765674565790855022e-01,4.618584110708139762e-02,4.681029677777046906e-03,-6.260268933755981646e-02,-5.066686900811380951e+02,-7.811635702279488669e+00,-9.124373031327650097e+00,-6.449116385249127614e-02,1.502927362487274081e+02,1.184626535344952717e+05,0.000000000000000000e+00,1.782311617395015201e+05
4.410999999999807741e+00,1.485154671024955597e+01,6.538670418047605182e-01,4.759590209792499138e-01,5.944300777323812540e-02,2.012774042188170652e-03,-4.960153070402359421e-02,1.991040465760327152e+02,-4.717095569772197905e+01,4.637043132310295732e+02,-6.443831364652927163e-02,1.503045214734479487e+02,1.118720493355262297e+05,0.000000000000000000e+00,1.871208554912120744e+05
4.420999999999811081e+00,1.485202060405103275e+01,6.538564889167822747e-01,4.755149715337256833e-01,3.880150881050487000e-02,-1.193491832601601462e-03,-4.423788713367724640e-02,-6.304845288465777458e+02,1.569518206776768920e+01,-1.795634216823300449e+02,-6.444441414245800914e-02,1.511304377176311391e+02,1.214533846889077104e+05,0.000000000000000000e+00,1.765551501522776089e+05
4.430999999999814420e+00,1.485244208705448443e+01,6.538684365879462446e-01,4.749309754838758058e-01,4.972480109175623358e-02,-1.549609408356186074e-03,-5.487175815878992530e-02,3.333882002214483009e+02,-3.504974061081435366e+01,1.998233073876217532e+02,-6.456657599700683925e-02,1.515111157514474769e+02,1.136264620359633118e+05,0.000000000000000000e+00,1.872259292680183717e+05
4.440999999999817760e+00,1.485299389670707981e+01,6.538174252978915524e-01,4.743747325063021325e-01,8.283215147561609482e-02,-8.256893546110279786e-03,-4.508220854339670819e-02,2.190909848393009725e+02,-1.021612279493979258e+00,1.914380000074297641e+02,-6.465261745450132103e-02,1.525360534680267790e+02,1.138350971580924815e+05,0.000000000000000000e+00,1.873091641744262597e+05
4.450999999999821100e+00,1.485334363322448858e+01,6.536955366261588685e-01,4.738240277082547136e-01,5.762875269586259334e-03,-1.166755636480636474e-02,-3.444981281228827463e-02,8.073786397813159965e+01,3.423871247017376618e+01,4.615766191975162656e+02,-6.467545066049443236e-02,1.533361614606412786e+02,1.139927066850097472e+05,0.000000000000000000e+00,1.911511930162023637e+05
4.460999999999824439e+00,1.485339742633170879e+01,6.535255042241544521e-01,4.737513723662858389e-01,-2.394254253826489862e-02,-1.565710030254757051e-02,-4.734481895529597112e-03,-7.291024150380724222e+02,1.179434260729154857e+02,-9.314008269038231447e+01,-6.475431656683637571e-02,1.526640410903902136e+02,1.204955310109547281e+05,0.000000000000000000e+00,1.819294023644009430e+05
4.470999999999827779e+00,1.485325110892379108e+01,6.533329080967713587e-01,4.737367941952446149e-01,-1.696056319971407655e-02,-2.720957646818126727e-02,-2.869409827609139749e-02,-4.365576408239775787e+02,-5.909892209292922871e+01,-3.591597442425913869e+02,-6.474716033021703232e-02,1.512249774717429602e+02,1.236290742069201806e+05,0.000000000000000000e+00,1.710529007262919040e+05
4.480999999999831118e+00,1.485322289960726572e+01,6.531396266415021579e-01,4.736018809804268814e-01,-4.605219815077308404e-03,-1.614752531179610220e-02,-3.241381431149145675e-02,-4.510431475294254824e+02,-1.905646414010635681e+01,-3.591794558072488144e+02,-6.459329351914029627e-02,1.512636981334782718e+02,1.232392096275032382e+05,0.000000000000000000e+00,1.762834603511688474e+05
4.490999999999834458e+00,1.485310916009924220e+01,6.529814211985663919e-01,4.735666421595198239e-01,-1.390819339659772960e-02,-1.523802379772166114e-02,-1.550296882497410704e-02,-3.831980824119139015e+02,-1.294461916088721409e+00,-2.904145780291341907e+02,-6.449461212473266147e-02,1.512395480883907339e+02,1.208892935364238656e+05,0.000000000000000000e+00,1.795451892210833612e+05
4.500999999999837797e+00,1.485301349812563032e+01,6.528812071101882664e-01,4.734778959929772379e-01,2.429627215952229885e-02,-9.796359411348799784e-03,1.105444378533424789e-03,2.537489959240832604e+02,-4.761319301168367701e+01,5.716808771060732397e+01,-6.466226316743238500e-02,1.514625365449054186e+02,1.152788859341783682e+05,0.000000000000000000e+00,1.886299040673105046e+05
4.510999999999841137e+00,1.485291526421379871e+01,6.527921330490648044e-01,4.734340091617603719e-01,1.137462342089056583e-02,-5.200522658636776152e-03,8.037618395397797683e-03,1.612123761979397614e+02,-3.931729088505881009e+01,2.165261610022148488e+02,-6.432885717217964872e-02,1.511691212330287613e+02,1.139179529865986406e+05,0.000000000000000000e+00,1.891938432020202745e+05
4.520999999999844476e+00,1.485269225701864038e+01,6.527611234328194456e-01,4.733200568932360297e-01,-1.962932473020959426e-02,-3.978971537126926687e-03,1.424445676504758514e-02,-1.335519724173203713e+02,-8.273698939616906500e+00,4.275955162820368969e+02,-6.458044990592837209e-02,1.504445537127027706e+02,1.114659211594021181e+05,0.000000000000000000e+00,1.893847886930887762e+05
4.530999999999847816e+00,1.485259004386042569e+01,6.527476733718801105e-01,4.732957369672221026e-01,-2.523820954071968534e-02,9.980498562934289435e-04,6.974200429011152835e-03,-1.036677606345397180e+02,-1.789766691788838671e+01,4.718177954100106035e+02,-6.432176188303960485e-02,1.499373884046618741e+02,1.113913397542696039e+05,0.000000000000000000e+00,1.883483441824365873e+05
4.540999999999851156e+00,1.485248498997704303e+01,6.527129804975168037e-01,4.732531718753935079e-01,-2.519002558092234625e-02,3.681080018857411495e-04,-9.003272836490945619e-03,4.883597411465791538e+01,7.496642843340623585e+01,3.648219134738842513e+02,-6.428875653232894727e-02,1.506417207372519727e+02,1.151537834039572335e+05,0.000000000000000000e+00,1.910581173068111821e+05
4.550999999999854495e+00,1.485229828555936571e+01,6.527380705603179623e-01,4.732987021339442046e-01,-1.979587721527492974e-02,-3.397464436946506100e-04,-1.396518600684790168e-02,2.097779849346082983e+02,-7.679564897772183940e+01,2.745683767930304384e+02,-6.438296710758695252e-02,1.511041500175209364e+02,1.145466734288910520e+05,0.000000000000000000e+00,1.875621157302081119e+05
4.560999999999857835e+00,1.485206415063972685e+01,6.527227807430667772e-01,4.733144447918873343e-01,-8.222093441021661661e-03,1.361107592827465575e-03,1.003709405462096041e-02,2.886155682177463859e+02,-6.118177850132451567e+01,1.957622107320553368e+02,-6.432833361630656277e-02,1.520867915480136787e+02,1.155487152410891867e+05,0.000000000000000000e+00,1.895278281473094248e+05
4.570999999999861174e+00,1.485190211603488386e+01,6.527095311036809067e-01,4.733665873900734233e-01,-3.871458263226792984e-02,-2.791672711248111439e-03,-1.057142351110923299e-02,-4.267658783410031447e+02,1.890827298331385009e+01,-4.122540849456454453e+02,-6.447208922454791824e-02,1.532462483117792544e+02,1.245428857480028237e+05,0.000000000000000000e+00,1.773335000896902638e+05
4.580999999999864514e+00,1.485160612853118778e+01,6.527254261983944650e-01,4.734185510648252215e-01,-5.650661274463159023e-02,5.865230763093913502e-03,-1.109676692411884101e-03,-7.493277332732185414e+02,1.827240342037439689e+02,-3.023752169727458750e+01,-6.442884926023152714e-02,1.549819909625922207e+02,1.211631951419335965e+05,0.000000000000000000e+00,1.830402842113142542e+05
4.590999999999867853e+00,1.485123855927410474e+01,6.527564747066965101e-01,4.735085221255141419e-01,-3.177647354756114179e-02,6.731427783186911921e-03,1.179045744859848546e-02,3.484286330681593427e+02,-3.630341631664481383e+01,2.180660099870924569e+02,-6.444163869819495571e-02,1.579437194080563529e+02,1.168765548755566124e+05,0.000000000000000000e+00,1.898974785907554033e+05
4.600999999999871193e+00,1.485089136512048746e+01,6.528103227869096470e-01,4.735700588151837698e-01,-6.683560399152846387e-02,6.393002813878521061e-03,-3.845572791379420988e-03,2.283607348389396066e+02,1.610204299205094003e+01,3.379045316728938815e+02,-6.443259432867085024e-02,1.616441590491978104e+02,1.157168657001661923e+05,0.000000000000000000e+00,1.940969992777431034e+05
4.610999999999874532e+00,1.485073239546760249e+01,6.527759572742607430e-01,4.737142578669131798e-01,8.837407131392294862e-03,-5.797851061116248914e-03,-1.591080580406397868e-02,-5.447851801245135448e+02,1.713180557849238994e+01,-4.911560519286203998e+02,-6.427814737133730194e-02,1.613097024016177841e+02,1.257901763561833504e+05,0.000000000000000000e+00,1.783981765474526037e+05
4.620999999999877872e+00,1.485035383456165192e+01,6.527634846721138695e-01,4.736691580339374430e-01,-2.830847093910365472e-02,-1.076804237290595375e-03,2.355354845191573801e-02,1.233155648979455918e+02,1.250751803306462762e+01,2.652054795092199129e+02,-6.443243860271688495e-02,1.599228412425663350e+02,1.159818807814826432e+05,0.000000000000000000e+00,1.942666675339662470e+05
4.630999999999881211e+00,1.485006449847393917e+01,6.527086307264277076e-01,4.736809311208177720e-01,-5.775476729989639790e-02,-5.505240568231949995e-03,2.837034909129761921e-03,2.116694530517575004e+02,2.325168720843390702e+01,2.526971766041920091e+02,-6.437213636761822400e-02,1.596709923255134811e+02,1.167662733090375114e+05,0.000000000000000000e+00,1.929252771110175527e+05
4.640999999999884551e+00,1.484964348187356187e+01,6.526274040073364313e-01,4.736859670551809565e-01,-8.477212915111843883e-02,-1.017415701199310407e-02,-1.168165678120140077e-02,-6.678121184215028734e+02,1.156417888128102618e+02,8.328563250273327867e+01,-6.430902691869055943e-02,1.600483060341659041e+02,1.248100187446410564e+05,0.000000000000000000e+00,1.854805972123524698e+05
4.650999999999887891e+00,1.484913968757968661e+01,6.524894375021986770e-01,4.737808284428637884e-01,-2.645618094422017702e-02,-5.129918490243529604e-03,8.452297218075740734e-04,4.870925133064488364e+02,-2.139623986143624279e+01,9.909428001806600150e+01,-6.426389685467481794e-02,1.609896804481825257e+02,1.219537745961815526e+05,0.000000000000000000e+00,1.900788186815948284e+05
4.660999999999891230e+00,1.484906018173749587e+01,6.524298528939734831e-01,4.737544308931020409e-01,-2.168417787720348586e-02,-1.110372599849517028e-02,6.983978718747695102e-03,-3.165457296825024969e+01,-2.322735925076864305e+01,4.064691881119911159e+02,-6.425048218761940377e-02,1.598268322397200052e+02,1.191961648716146447e+05,0.000000000000000000e+00,1.932667632371616783e+05
4.670999999999894570e+00,1.484865799723869273e+01,6.524209452767057993e-01,4.736743090395219014e-01,-5.189203428735392198e-02,1.348582904887863677e-02,-2.204922448016633299e-02,-1.658681282284005647e+02,1.633807241889068109e+02,6.779899729679118536e+01,-6.423732078766183906e-02,1.585596962805545616e+02,1.035679903236173850e+05,0.000000000000000000e+00,1.912928475040720950e+05
4.680999999999897909e+00,1.484792375190814617e+01,6.524792927374858387e-01,4.734720253028810166e-01,-8.241463953908724493e-02,1.946888386771245373e-03,-2.446765601212161356e-02,3.162833226327977627e+02,5.202067284439067407e+00,-1.169160473360161632e+02,-6.430509592171898547e-02,1.572331771832334084e+02,1.064823430481151154e+05,0.000000000000000000e+00,1.901874419858754263e+05
4.690999999999901249e+00,1.484724490957791687e+01,6.525271138576526075e-01,4.732904576006952135e-01,-3.496045437696089497e-02,2.585711985043916486e-02,-2.593906029001889074e-02,1.994643262639089016e+02,4.368636761415979208e+01,2.227402704925593753e+02,-6.438491545347273248e-02,1.559139425521333919e+02,1.184903853275070142e+05,0.000000000000000000e+00,1.930517377863285365e+05
4.700999999999904588e+00,1.484738020840885042e+01,6.530048497978649946e-01,4.729413963185353786e-01,4.618326827899148224e-02,6.226043645219522110e-02,-4.172784660165527321e-02,3.345932104746225377e+01,-5.260275707126146472e+01,2.618362113533989941e+02,-6.441283041366407947e-02,1.517558853399920338e+02,1.178429438142207946e+05,0.000000000000000000e+00,1.921943344245284388e+05
4.710999999999907928e+00,1.484796037491879517e+01,6.537081172948473462e-01,4.724786695709149997e-01,7.418434116680926171e-02,9.055105670463972634e-02,-6.854466269890768793e-02,2.051811979544573319e+02,9.787046588163684646e+01,-3.150963038026065988e+01,-6.434513469719005396e-02,1.464462853853463571e+02,1.199060200926761318e+05,0.000000000000000000e+00,1.902635723728291050e+05
4.720999999999911267e+00,1.484827157835639255e+01,6.543635760808943491e-01,4.720009257717048268e-01,-1.417215836665660852e-02,3.166199688757306840e-02,-2.979512071127074849e-02,-6.264090224479809876e+01,-1.275660535563851568e+02,1.960751756503914294e+02,-6.442405258288530501e-02,1.424282479222037523e+02,1.155108925136106700e+05,0.000000000000000000e+00,1.891031985878286068e+05
4.730999999999914607e+00,1.484808355777614786e+01,6.545896305118534819e-01,4.717496820816367564e-01,1.211950730353768442e-02,2.221351530348844930e-02,-2.149060635434958330e-02,3.303378597486668014e+02,5.158913641499992764e+01,2.874549135746824504e+02,-6.442796421572187515e-02,1.415817208277003942e+02,1.180412508231572137e+05,0.000000000000000000e+00,1.946959150243632903e+05
4.740999999999917947e+00,1.484798792776746446e+01,6.547042441946110403e-01,4.716071307360968357e-01,1.241126648448543724e-03,2.492183677969571354e-02,-2.916699412185389580e-03,3.941095189472964648e+02,1.793012066723742919e+02,2.366107771874676473e+02,-6.440461976855481330e-02,1.411307457007443986e+02,1.171431065196236887e+05,0.000000000000000000e+00,1.948512892399748380e+05
4.750999999999921286e+00,1.484771779661649838e+01,6.549783814423072448e-01,4.715247761110368807e-01,-1.464008058694770374e-02,3.615869638231845873e-02,-1.277966085698665870e-02,-1.452276190718207545e+02,-6.141335364019744247e+01,6.314325700541030528e+01,-6.438126587315277927e-02,1.417095699046744812e+02,1.181858797374284768e+05,0.000000000000000000e+00,1.909436680139757227e+05
4.760999999999924626e+00,1.484750983257495704e+01,6.551464497076350257e-01,4.716403561300954173e-01,-1.970617138158984108e-02,1.075286148486379913e-02,2.152676572674385932e-02,1.295817136087089239e+01,-1.618521394342212716e+01,1.852781098240461688e+02,-6.436537236712847054e-02,1.427639165800210890e+02,1.378844552636959415e+05,0.000000000000000000e+00,1.949269538372398238e+05
4.770999999999927965e+00,1.484731971237394887e+01,6.552271504791420398e-01,4.718885156182336948e-01,-9.789242441265560632e-03,1.169475946933280427e-02,2.623681655216148975e-02,1.191688379128725046e+02,4.104366950336356012e+01,1.509095354640885489e+02,-6.423452149335746875e-02,1.453546344561982551e+02,1.344511601443400141e+05,0.000000000000000000e+00,1.967132932946494548e+05
4.780999999999931305e+00,1.484728196154818924e+01,6.554144562287849141e-01,4.721753007699780458e-01,-4.922639891989174718e-03,1.898887613570592048e-02,2.674762563294128676e-02,-1.648545972258364145e+01,-2.122395627762881531e+01,1.663550119432147767e+02,-6.438732738963751090e-02,1.482214633643529567e+02,1.372725617753351980e+05,0.000000000000000000e+00,1.943678246120414115e+05
4.790999999999934644e+00,1.484719996046667134e+01,6.555581693942119648e-01,4.724028540725350722e-01,-7.447413313068262236e-03,7.988524780360295799e-03,2.181039500828053229e-02,2.960754817237079806e+01,-6.489765772199859839e+00,1.746154170852091738e+02,-6.435294527652941909e-02,1.513497177785008603e+02,1.374221354294423654e+05,0.000000000000000000e+00,1.960246511779393768e+05
4.800999999999937984e+00,1.484716385183392084e+01,6.556159142356494662e-01,4.726127318187371973e-01,-1.556864101540311133e-04,5.027165366184430974e-03,2.271464641433449186e-02,9.048329190693777946e+01,3.141986205169740742e+01,2.316536139105301118e+02,-6.471023467395796425e-02,1.544442316385375591e+02,1.336026046798658790e+05,0.000000000000000000e+00,1.975745808049887710e+05
4.810999999999941323e+00,1.484723511557184494e+01,6.557249243006243455e-01,4.728848741519106058e-01,1.341533143472268576e-02,1.307366431727759355e-02,2.861419246943782899e-02,9.801254318548399169e+01,1.447348487840474718e+01,1.078471259613114626e+02,-6.516730862550225434e-02,1.582273753180672031e+02,1.373775573162951332e+05,0.000000000000000000e+00,1.940182047236928483e+05
4.820999999999944663e+00,1.484750162028618092e+01,6.554746361478593908e-01,4.734892674849365823e-01,3.703478412277053100e-02,-6.374542354687920409e-02,1.074875310255713479e-01,1.315756013784121023e+02,1.523306133438152870e+02,-1.081088142457718959e+01,-6.553159578372828864e-02,1.637538490848813808e+02,1.490277517719689640e+05,0.000000000000000000e+00,1.996115828739179997e+05
4.830999999999948002e+00,1.484805369784871232e+01,6.549004431410273552e-01,4.739488958761585158e-01,8.267946771536259509e-02,-5.280444160157749672e-02,2.853838424380906319e-02,-1.689269458143280644e+01,1.181655309842814177e+02,5.044072615314414065e+01,-6.495842197137809138e-02,1.637411304185663425e+02,1.451273872388414457e+05,0.000000000000000000e+00,1.989432876805628766e+05
4.840999999999951342e+00,1.484846684530483607e+01,6.542358661503073769e-01,4.741917141991642826e-01,1.241749872445413808e-02,-5.744846170084956516e-02,1.965681112064426514e-02,2.972368766815793606e+01,8.878210600351906123e+01,3.050212181585948201e+01,-6.437931935809855510e-02,1.600938478001719147e+02,1.458338272131945705e+05,0.000000000000000000e+00,1.940097902222354605e+05
4.850999999999954682e+00,1.484825349116558790e+01,6.538746413756023612e-01,4.741206366736341882e-01,-4.890720429870535485e-02,-1.422255692556477491e-02,-4.514869346416137269e-02,-1.685407013973538142e+02,3.335869354182898405e+02,1.558597306682495400e+02,-6.430551662382610889e-02,1.559025208894253751e+02,1.360807596723965835e+05,0.000000000000000000e+00,1.936666995658074156e+05
4.860999999999958021e+00,1.484824575784176837e+01,6.539983730543791340e-01,4.738773706633402361e-01,2.818169084012906150e-03,1.298021598348251746e-02,-5.549578922594241778e-03,9.751677225764956347e+01,-3.268310780364782886e+01,3.390231149550695591e+02,-6.434293954448834507e-02,1.521710756842947490e+02,1.354951823779044207e+05,0.000000000000000000e+00,1.927145967820560036e+05
4.870999999999961361e+00,1.484835515592974531e+01,6.542058927491088971e-01,4.739526330618059058e-01,-2.823610500689950707e-03,2.329987649121529822e-02,9.921588802699022117e-03,3.914524144898825853e+01,-3.613214604774276495e+01,4.281084661941858940e+02,-6.435530169864113470e-02,1.516563022333089350e+02,1.329253352978158509e+05,0.000000000000000000e+00,1.933461428172927699e+05
4.880999999999964700e+00,1.484840626291233789e+01,6.545000299958961820e-01,4.740896109912838829e-01,-1.347657868454956755e-02,2.501437605424579672e-02,1.241658562930035396e-02,4.306506700705517687e+01,-4.207549510940464188e+01,4.325096878021417979e+02,-6.428341031357721891e-02,1.524753757116076258e+02,1.324862551656618016e+05,0.000000000000000000e+00,1.931448001823532395e+05
4.890999999999968040e+00,1.484847047729149416e+01,6.547534990006429467e-01,4.741969931505609637e-01,1.759231383153830874e-02,2.323887264435348793e-02,9.523096903350018044e-03,-4.020459473628375235e+01,-4.956057171566959596e+01,2.628680204100160154e+02,-6.422024664991896059e-02,1.552055726159416906e+02,1.328465307937562466e+05,0.000000000000000000e+00,1.930075959750418842e+05
4.900999999999971379e+00,1.484854191170881244e+01,6.549274836400914568e-01,4.742069195239909662e-01,4.089485529674100929e-03,2.181808010165428580e-02,-9.011857985949758322e-04,-4.777002472087360729e+00,-2.499968376662155833e+01,3.614033706977274960e+02,-6.450213653529444924e-02,1.593431081717961320e+02,1.336688486464905727e+05,0.000000000000000000e+00,1.940595392991715344e+05
4.910999999999974719e+00,1.484882281616869193e+01,6.551735744001434547e-01,4.742634396669086483e-01,5.113423471259563591e-02,1.527545938636916227e-02,2.356919667414049749e-02,-1.580402532240996152e+02,-2.737382354338408277e+02,6.491230841683168364e+02,-6.505189775501232785e-02,1.631000665453495913e+02,1.398771992232307384e+05,0.000000000000000000e+00,1.954708382415793894e+05
4.920999999999978058e+00,1.484907917482868811e+01,6.551896695241278268e-01,4.744572321035487317e-01,9.738640675060181162e-03,6.454035378305389946e-03,1.466879251627948959e-02,-5.386065030384133934e+01,-1.124926683247265089e+02,4.233806047648917001e+02,-6.473551568779352394e-02,1.640574865328798921e+02,1.331355571398068278e+05,0.000000000000000000e+00,1.957106418608285312e+05
4.930999999999981398e+00,1.484907852408657192e+01,6.551728327607587721e-01,4.746110667102721448e-01,-1.857947993875500026e-02,-8.073095355968262429e-03,2.268256432149481569e-02,-1.404524038323347668e+02,-7.587279317513379340e+01,3.822236077318450498e+02,-6.500419505740200055e-02,1.640146574082195059e+02,1.305935491935085884e+05,0.000000000000000000e+00,1.942663501301656943e+05
4.940999999999984738e+00,1.484892821497707516e+01,6.552360246834614266e-01,4.747008302691733128e-01,-1.418377562260942672e-02,6.642999829113011012e-03,1.629995624081232233e-02,1.242045405887351990e+02,2.070662081651690301e+01,2.288386352452232018e+02,-6.494107900014543799e-02,1.659626328337820951e+02,1.341329557375083677e+05,0.000000000000000000e+00,1.949121613594609953e+05
4.950999999999988077e+00,1.484898875046252797e+01,6.552956983604024677e-01,4.748211747352626966e-01,6.678242068572845351e-03,1.675293253622549272e-02,-6.026943150286621573e-03,-1.917105684645462134e+02,8.530757483490913273e+01,-2.627134046271469288e+02,-6.519612269658466019e-02,1.680984691396717494e+02,1.436113476968058676e+05,0.000000000000000000e+00,1.835087902473437716e+05
4.960999999999991417e+00,1.484806563752676389e+01,6.550762785056348791e-01,4.751567456464889094e-01,-1.230255905110740205e-01,-2.954501546726929356e-02,4.293626236009102926e-02,8.918473680614624755e-01,-2.377092585674404290e+01,1.115641057036315829e+02,-6.572143176930596298e-02,1.727946852240921771e+02,1.243982018770318828e+05,0.000000000000000000e+00,1.893143035766118846e+05
4.970999999999994756e+00,1.484830950608339251e+01,6.549680194087078577e-01,4.754471894277389477e-01,1.162356437376448580e-02,-6.227853288775265193e-03,2.825709898256500464e-03,4.073550343765068646e+02,-1.136131458011343227e+02,1.305547336407472869e+02,-6.575299538963240431e-02,1.758621826299101940e+02,1.251067908934800798e+05,0.000000000000000000e+00,1.931399199226197379e+05
4.980999999999998096e+00,1.484834523511427662e+01,6.549571523655375316e-01,4.754808663243723643e-01,1.538527652245172059e-02,1.527536791129976816e-04,-5.273192200020581158e-03,7.488145057145093233e+02,1.433046240145716581e+02,9.025378885218794949e+02,-6.554379429325099538e-02,1.755395671960941684e+02,1.180010824177027971e+05,0.000000000000000000e+00,1.900140112988707551e+05
4.991000000000001435e+00,1.484824508497576723e+01,6.550156448073952697e-01,4.753488994397551126e-01,2.590089952013150190e-02,1.725571687985051617e-02,-2.866192496029796710e-03,-4.167428240894423652e+01,-3.170969213559627065e+01,1.168703741885577756e+02,-6.558815095746386992e-02,1.733735505571474391e+02,1.345261233248769713e+05,0.000000000000000000e+00,1.946130605064449192e+05
