time,x,y,z,vx,vy,vz,Fx,Fy,Fz,min_contact_distance,mechanical_energy,base_load,left_edge_load,right_edge_load
5.000000000000000104e-04,8.001789691657400283e+00,0.000000000000000000e+00,3.867670713105312519e+00,3.579383314800978155e+00,0.000000000000000000e+00,-1.790406354164807867e+00,0.000000000000000000e+00,0.000000000000000000e+00,0.000000000000000000e+00,0.000000000000000000e+00,8.887029569943473462e+02,0.000000000000000000e+00,0.000000000000000000e+00,0.000000000000000000e+00
5.500000000000001416e-03,8.019686608231403113e+00,2.579825223255125645e-40,3.858583793834488240e+00,3.579383314800978155e+00,1.783519423339885167e-37,-1.839456354164807239e+00,0.000000000000000000e+00,0.000000000000000000e+00,0.000000000000000000e+00,0.000000000000000000e+00,8.887006411928957732e+02,0.000000000000000000e+00,0.000000000000000000e+00,0.000000000000000000e+00
1.050000000000000586e-02,8.037583524805405943e+00,3.452152275274040150e-39,3.849251624563664098e+00,3.579383314800978155e+00,1.181161076519507913e-36,-1.888506354164806611e+00,0.000000000000000000e+00,0.000000000000000000e+00,0.000000000000000000e+00,0.000000000000000000e+00,8.886983253914445413e+02,0.000000000000000000e+00,0.000000000000000000e+00,0.000000000000000000e+00
1.550000000000001030e-02,8.055480441379408774e+00,2.047314406586024039e-38,3.839674205292840981e+00,3.579383314800978155e+00,5.744063768161940505e-36,-1.937556354164805983e+00,0.000000000000000000e+00,0.000000000000000000e+00,0.000000000000000000e+00,0.000000000000000000e+00,8.886960095899931957e+02,0.000000000000000000e+00,0.000000000000000000e+00,0.000000000000000000e+00
2.050000000000001474e-02,8.073377357953411604e+00,6.051981289341263095e-38,3.829851536022016223e+00,3.579383314800978155e+00,9.556080366070962786e-36,-1.986606354164805355e+00,0.000000000000000000e+00,0.000000000000000000e+00,0.000000000000000000e+00,0.000000000000000000e+00,8.886936937885417365e+02,0.000000000000000000e+00,0.000000000000000000e+00,0.000000000000000000e+00
2.550000000000001918e-02,8.091274274527414434e+00,1.383238426925204818e-37,3.819783616751192490e+00,3.579383314800978155e+00,2.773286014188306167e-35,-2.035656354164804949e+00,0.000000000000000000e+00,0.000000000000000000e+00,0.000000000000000000e+00,0.000000000000000000e+00,8.886913779870903909e+02,0.000000000000000000e+00,0.000000000000000000e+00,0.000000000000000000e+00
3.050000000000002362e-02,8.109171191101417264e+00,2.878829011867855089e-37,3.809470447480368893e+00,3.579383314800978155e+00,3.135529439628946022e-35,-2.084706354164804321e+00,0.000000000000000000e+00,0.000000000000000000e+00,0.000000000000000000e+00,0.000000000000000000e+00,8.886890621856389316e+02,0.000000000000000000e+00,0.000000000000000000e+00,0.000000000000000000e+00
3.550000000000002459e-02,8.127068107675420094e+00,5.192918937515255718e-37,3.798912028209544101e+00,3.579383314800978155e+00,5.994298670014188771e-35,-2.133756354164803692e+00,0.000000000000000000e+00,0.000000000000000000e+00,0.000000000000000000e+00,0.000000000000000000e+00,8.886867463841873587e+02,0.000000000000000000e+00,0.000000000000000000e+00,0.000000000000000000e+00
4.050000000000002903e-02,8.144965024249422925e+00,8.949838190832393096e-37,3.788108358938720333e+00,3.579383314800978155e+00,8.567750234048510645e-35,-2.182806354164803064e+00,0.000000000000000000e+00,0.000000000000000000e+00,0.000000000000000000e+00,0.000000000000000000e+00,8.886844305827361268e+02,0.000000000000000000e+00,0.000000000000000000e+00,0.000000000000000000e+00
4.550000000000003347e-02,8.162861940823425755e+00,1.395879705276217892e-36,3.777059439667896257e+00,3.579383314800978155e+00,1.122265009869452798e-34,-2.231856354164802436e+00,0.000000000000000000e+00,0.000000000000000000e+00,0.000000000000000000e+00,0.000000000000000000e+00,8.886821147812845538e+02,0.000000000000000000e+00,0.000000000000000000e+00,0.000000000000000000e+00
5.050000000000003791e-02,8.180758857397428585e+00,2.068020485162477828e-36,3.765765270397071873e+00,3.579383314800978155e+00,1.437042771004607018e-34,-2.280906354164801808e+00,0.000000000000000000e+00,0.000000000000000000e+00,0.000000000000000000e+00,0.000000000000000000e+00,8.886797989798332083e+02,0.000000000000000000e+00,0.000000000000000000e+00,0.000000000000000000e+00
5.550000000000004236e-02,8.198633846552551674e+00,-1.532880567199175871e-06,3.754239234524924917e+00,3.569420105078803029e+00,-7.097960625692239503e-04,-2.322660118448860000e+00,3.761893697078399157e+01,1.048876295500455053e-01,8.641656779950724854e+01,-1.102585430017241543e-03,8.876310070780631349e+02,5.424673763665922621e+01,2.361938653722231152e+01,1.626711879357877777e+01
6.050000000000004680e-02,8.216128949559555750e+00,1.874808612237562511e-04,3.743900281689027221e+00,3.532204931344049115e+00,9.438913422550941623e-02,-1.762455992479542433e+00,3.579833161514861928e+01,-1.149982761896445282e+01,3.558082966352051244e+03,-1.328047342191243825e-03,8.660099169894406259e+02,1.259076568566224665e+02,1.934217973739995614e+03,1.601119730156132619e+03
6.550000000000004430e-02,8.233405545074331755e+00,1.494921708918122739e-03,3.735834786174734745e+00,3.473351224919998259e+00,2.895385070106378800e-01,-1.568470300314889876e+00,1.735792307351020156e+02,-2.950832991912242242e+00,4.038780728141809959e+02,-1.197993707054588984e-03,8.507092576663203545e+02,2.178311423269250326e+02,7.492406564527712476e+01,1.463111076859271122e+02
7.050000000000004874e-02,8.250904902630567861e+00,2.941594765470219829e-03,3.728064867576546870e+00,3.516788891966359465e+00,2.888024784128122580e-01,-1.555331141014402396e+00,3.367126224262788980e+01,-4.446852386472127105e-01,7.878594687376775596e+01,-3.200882408554085908e-04,8.506240065511362900e+02,6.194968242669980896e+01,0.000000000000000000e+00,2.362412467530135984e+01
7.550000000000005318e-02,8.268507542232724106e+00,4.382973646057758584e-03,3.720168684554834293e+00,3.521555726052577384e+00,2.882526463973242858e-01,-1.600579611385932299e+00,0.000000000000000000e+00,0.000000000000000000e+00,0.000000000000000000e+00,0.000000000000000000e+00,8.505909590547458947e+02,0.000000000000000000e+00,0.000000000000000000e+00,0.000000000000000000e+00
8.050000000000005762e-02,8.286121503866327842e+00,5.824234248563377528e-03,3.712036591245552408e+00,3.523985792190941435e+00,2.882510827663167796e-01,-1.647359551828166069e+00,0.000000000000000000e+00,0.000000000000000000e+00,0.000000000000000000e+00,0.000000000000000000e+00,8.505852430957734214e+02,0.000000000000000000e+00,0.000000000000000000e+00,0.000000000000000000e+00
8.550000000000006206e-02,8.303748060032287270e+00,7.265475126820838958e-03,3.703672957750846262e+00,3.526144463002242713e+00,2.882452130527192735e-01,-1.693491205555766044e+00,0.000000000000000000e+00,0.000000000000000000e+00,0.000000000000000000e+00,0.000000000000000000e+00,8.505787312716065571e+02,0.000000000000000000e+00,0.000000000000000000e+00,0.000000000000000000e+00
9.050000000000006650e-02,8.321380053939611443e+00,8.706465683510635281e-03,3.695077690001778770e+00,3.526286247589259570e+00,2.880346784848012431e-01,-1.740080677173413859e+00,9.948773558616387902e+00,-2.080073411839507558e-01,2.286815481920482185e+01,-3.970483145933395488e-04,8.505640387326011478e+02,2.054485105414712365e+01,0.000000000000000000e+00,4.362933279237603656e+00
9.550000000000007094e-02,8.338821808868836172e+00,1.014306390180208864e-02,3.686343021669829412e+00,3.477971152521228682e+00,2.868168077811666938e-01,-1.762235664365539245e+00,0.000000000000000000e+00,0.000000000000000000e+00,0.000000000000000000e+00,0.000000000000000000e+00,8.469587571205356653e+02,0.000000000000000000e+00,0.000000000000000000e+00,0.000000000000000000e+00
1.005000000000000754e-01,8.356202763442432513e+00,1.157712347194430301e-02,3.677410250032390859e+00,3.474697740074657037e+00,2.868087815245627392e-01,-1.807043042694316926e+00,0.000000000000000000e+00,0.000000000000000000e+00,0.000000000000000000e+00,0.000000000000000000e+00,8.469472314999209175e+02,0.000000000000000000e+00,0.000000000000000000e+00,0.000000000000000000e+00
1.055000000000000798e-01,8.373566300088999270e+00,1.300988367630211313e-02,3.668249292177426568e+00,3.471008096172190083e+00,2.859637636092826618e-01,-1.852070850403370494e+00,1.220047251215472173e+01,-2.584267403138178487e-01,2.797383541307273092e+01,-1.471330639451246154e-04,8.469292950716210271e+02,1.288677037356206156e+01,0.000000000000000000e+00,1.759436099727824399e+01
1.105000000000000843e-01,8.390929837125566948e+00,1.441477679918764902e-02,3.659013414492185756e+00,3.476752817308671695e+00,2.762601727234436089e-01,-1.827665155049484014e+00,1.203276942107252268e+02,-2.879967880188278428e+00,2.748035935749997520e+02,-7.795227280373256788e-05,8.466532209625604537e+02,2.961291713476265386e+02,0.000000000000000000e+00,3.496493200700664161e+00
1.155000000000000887e-01,8.408320832729046401e+00,1.578532200041678560e-02,3.649813696755830783e+00,3.478252435182513924e+00,2.744185176081671007e-01,-1.860721174014284607e+00,1.197280691825475074e+01,-2.506861565823553240e-01,2.741295571694411848e+01,-3.285531607323530830e-04,8.465298851791598054e+02,6.532006296087629948e+00,2.334513209575268533e+01,0.000000000000000000e+00
1.205000000000000931e-01,8.425896994680712737e+00,1.716715245921787356e-02,3.640660560763563591e+00,3.566284152329489032e+00,2.797430034904000440e-01,-1.765483544896160106e+00,3.339442111528738337e+02,-8.381948828792470607e+00,7.655839319314422937e+02,-4.974777176412128066e-04,8.456301815862755120e+02,7.165052760719889875e+02,1.177220991613917533e+02,0.000000000000000000e+00
1.255000000000000837e-01,8.443774650253644154e+00,1.877068921708508961e-02,3.632149139565471696e+00,3.596875661171775818e+00,3.253557554542320096e-01,-1.683735165115825216e+00,9.326848421653654952e+01,-2.232520958772727937e+00,2.123301459620341518e+02,-2.263840255935253929e-04,8.423041291407691915e+02,1.946949723362564839e+02,3.693190904906961691e+01,0.000000000000000000e+00
1.305000000000000882e-01,8.461804347808616455e+00,2.039948855426922461e-02,3.623646166852931838e+00,3.607448195829876969e+00,3.259458184515589552e-01,-1.721169111436926080e+00,2.368763488718136134e+00,-2.679607613554503553e-02,5.408542077598349707e+00,-7.373313503611280545e-06,8.422712588526651416e+02,5.548982002355165477e+00,3.481948030160627594e-01,0.000000000000000000e+00
1.355000000000000926e-01,8.479842736464087594e+00,2.202818433585479810e-02,3.614909992394230720e+00,3.607710232758041702e+00,3.255858156572821738e-01,-1.768448048147786000e+00,4.745312190465141633e+00,-6.544743377072495538e-02,1.086257127449427529e+01,-4.295354929802685726e-05,8.422583288225580418e+02,8.403602288045696866e+00,0.000000000000000000e+00,3.435616528827456939e+00
1.405000000000000970e-01,8.497879067302562817e+00,2.365471808912785606e-02,3.605939721886465055e+00,3.606745656557737600e+00,3.250483951323949183e-01,-1.814922281539532944e+00,5.451271191874847766e+00,-4.095722284863667628e-02,1.244658899716033140e+01,-1.772556404326880788e-05,8.422436428121368408e+02,5.934113728579292868e+00,0.000000000000000000e+00,7.636987251980593250e+00
1.455000000000001015e-01,8.515906973479500763e+00,2.527817917163520736e-02,3.596738860919536762e+00,3.604438016314905902e+00,3.241922446778194855e-01,-1.860629802947162847e+00,9.785589371100353873e+00,-9.936116063318502223e-02,2.238941871568220421e+01,-6.572881912289790622e-05,8.422256077987226490e+02,1.392535146658232570e+01,0.000000000000000000e+00,1.047880538270885431e+01
1.505000000000001059e-01,8.533658073948991785e+00,2.686290868274086863e-02,3.587702098939713036e+00,3.539575410742112904e+00,3.132774240080656858e-01,-1.786621651396642196e+00,8.957588588071030244e+01,-1.801080149229457916e+00,2.052204384462121141e+02,-1.501881398516733118e-04,8.358910721284364627e+02,1.264227164801707914e+02,1.114959232537910694e+01,8.606983548375241355e+01
1.555000000000001104e-01,8.551328295709907934e+00,2.846445179324547797e-02,3.578652930330830984e+00,3.529285427199963632e+00,3.272917461176186316e-01,-1.828396333183275324e+00,1.314074320525297424e+01,-5.665917857146240966e-01,3.009040512820156010e+01,-1.649253146443229769e-04,8.349878887607212619e+02,2.137512249218502802e+01,8.442383296501716927e+00,2.978478192276058145e+00
1.605000000000001148e-01,8.569203196860009086e+00,3.010248903318982552e-02,3.569690379862302976e+00,3.613481650024423786e+00,3.285760813269916203e-01,-1.757905173088054829e+00,1.963096835995786478e+02,-6.225500061483898229e+00,4.482417179835432535e+02,-2.408631731747497284e-04,8.343650898829798734e+02,3.212389351107186712e+02,1.527650075372931759e+01,1.522472550188111597e+02
1.655000000000001192e-01,8.587376416478701202e+00,3.174334199561511249e-02,3.560919052830906928e+00,3.639093258774947159e+00,3.280519876172325322e-01,-1.769554531575334932e+00,0.000000000000000000e+00,0.000000000000000000e+00,0.000000000000000000e+00,0.000000000000000000e+00,8.342132021975787666e+02,0.000000000000000000e+00,0.000000000000000000e+00,0.000000000000000000e+00
1.705000000000001237e-01,8.605571125938960009e+00,3.338384845360461289e-02,3.551941133256612648e+00,3.638569939299304945e+00,3.281141494369690936e-01,-1.816736235431243296e+00,6.855111584233017474e+00,-3.100902483105636223e-03,1.567827668764886262e+01,-3.354262239499980827e-05,8.341972876556362735e+02,1.075702867191493262e+01,2.692413768855830725e+00,3.640622116054588631e+00
1.755000000000001281e-01,8.623780941149885138e+00,3.502873129407051145e-02,3.542882253809823023e+00,3.647351367437228209e+00,3.283647149496923268e-01,-1.791226332302328750e+00,1.183231062242369518e+02,-1.995936171869178599e+00,2.713816418887356008e+02,-3.949839446795938916e-05,8.339358496308373105e+02,1.752247299899962911e+02,6.845086719073053416e+01,5.201354791179250014e+01
1.805000000000001326e-01,8.642016452469071908e+00,3.666923832902772851e-02,3.533797069170144578e+00,3.647066184050677062e+00,3.277489474204581255e-01,-1.838133834865954164e+00,1.127494373848465514e+01,-3.550348406063191797e-01,2.582903163072911923e+01,-2.000508909750407186e-04,8.338897114993054629e+02,1.936857776901704398e+01,0.000000000000000000e+00,8.780520083340011439e+00
1.855000000000001370e-01,8.660256675236407631e+00,3.830617011156266932e-02,3.524477361376103790e+00,3.649105647481649228e+00,3.271721225833618685e-01,-1.885038327202507746e+00,3.608118815566123239e+00,1.124653643745579176e-02,8.273430316919448302e+00,-2.583921047586996284e-05,8.338685598194711019e+02,9.014711472155243044e+00,0.000000000000000000e+00,0.000000000000000000e+00
1.905000000000001414e-01,8.678666444358885457e+00,3.996063410490918733e-02,3.515324194205274644e+00,3.627706144531817944e+00,3.303336674205191725e-01,-1.773381899096607706e+00,-2.718330554078029309e+03,1.299698194815968755e+01,1.424978970992121731e+03,-4.316265772945360180e-05,8.325182048356487030e+02,3.120603027438027311e+03,5.826885953071560209e+01,1.634693278378912851e+02
1.955000000000001459e-01,8.696811393578338212e+00,4.161294565662534278e-02,3.506328467566852680e+00,3.629758798635268402e+00,3.305949392098457285e-01,-1.820278458513883812e+00,2.757451916546874493e+00,-9.323890305444662574e-02,6.347174467063477543e+00,-9.981379065896779645e-06,8.262363953719012670e+02,3.689616941731385324e+00,3.222384822641542357e+00,0.000000000000000000e+00
2.005000000000001503e-01,8.715042766246616779e+00,4.328172249983296832e-02,3.497262176162817759e+00,3.668295576387091472e+00,3.372624944620772336e-01,-1.794877218613013081e+00,1.912902020104038536e+00,-3.360003853813699291e-03,4.380254710541976237e+00,-6.811568873537482416e-06,8.259043154441237675e+02,4.773767088926301305e+00,0.000000000000000000e+00,0.000000000000000000e+00
2.055000000000001548e-01,8.733390937378588958e+00,4.495769799146359658e-02,3.488200958236098437e+00,3.671081293148957592e+00,3.327832326134198548e-01,-1.823035239193011137e+00,4.104741220310609506e+00,-1.613943077576875385e-01,9.447493619776182072e+00,-2.263124418739638488e-05,8.258194763538218695e+02,3.683668624280427739e+00,0.000000000000000000e+00,6.604723137477964912e+00
2.105000000000001592e-01,8.751775543914208200e+00,4.660381986155172351e-02,3.479029175719223765e+00,3.693446256950985607e+00,3.228957613628852807e-01,-1.829629095450461485e+00,1.342634045718321545e+02,-2.591653225473140143e+00,3.085933425327189639e+02,-1.350753866977139062e-05,8.256578082123771765e+02,2.239405741922655579e+02,0.000000000000000000e+00,1.121821611317728582e+02
2.155000000000001636e-01,8.770301075449697947e+00,4.823669494149343540e-02,3.469904993081929234e+00,3.709851265616087801e+00,3.306165214330291091e-01,-1.827683066439414583e+00,5.908583993181511396e+00,4.801198166193549818e-03,1.356759908665690517e+01,-1.575525650212780682e-05,8.254183206835084547e+02,9.168190282083504172e+00,5.611685340404511280e+00,0.000000000000000000e+00
2.205000000000001681e-01,8.788894939625690128e+00,4.990535087652585300e-02,3.460689840608661694e+00,3.722008889473876536e+00,3.348757664386830535e-01,-1.860869238137884185e+00,3.506282688386851198e+00,-5.513314080008166820e-03,8.031604574975165889e+00,-2.139755146461511451e-05,8.253415403913257933e+02,6.347505782655595397e+00,2.405155925540850781e+00,0.000000000000000000e+00
2.255000000000001725e-01,8.807566610209777380e+00,5.157571154155472098e-02,3.451381189424107987e+00,3.758189076647150628e+00,3.322372779914789520e-01,-1.825198234091718552e+00,1.483963054954594725e+02,-1.472434766214537172e+00,3.416020779292969110e+02,-2.678717792847480975e-05,8.250038233804609717e+02,1.166898133015298811e+02,1.246983063158812968e+02,1.306020174574948385e+02
2.305000000000001770e-01,8.826365657885196114e+00,5.323096964309216583e-02,3.442168759913882603e+00,3.760227260156560281e+00,3.307265346070116796e-01,-1.863888723752227916e+00,0.000000000000000000e+00,0.000000000000000000e+00,0.000000000000000000e+00,0.000000000000000000e+00,8.249274012870220076e+02,0.000000000000000000e+00,0.000000000000000000e+00,0.000000000000000000e+00
2.355000000000001814e-01,8.845191029378540293e+00,5.488073384769984187e-02,3.432745491438681018e+00,3.782117599682206954e+00,3.283682385740087084e-01,-1.885535298483219435e+00,1.569847139000462164e+02,-3.149865099284310688e+00,3.607851106404194184e+02,-2.165488219965086211e-05,8.248190883304527006e+02,3.660212298137820994e+02,0.000000000000000000e+00,2.695739065056752892e+01
2.405000000000001859e-01,8.864156014210438528e+00,5.650730138673380754e-02,3.423404706726524083e+00,3.795401351817244695e+00,3.261079015068061859e-01,-1.874521195262484508e+00,2.508652061047569770e+00,-7.050227546768524090e-02,5.783870278507085239e+00,-8.442130072267624991e-06,8.245374916736616342e+02,4.310642586838198120e+00,1.986231762346602814e+00,0.000000000000000000e+00
2.455000000000001903e-01,8.883198383615031446e+00,5.815986603724970089e-02,3.413980382769712829e+00,3.814031520131914377e+00,3.324803561458993806e-01,-1.899638672234274406e+00,6.117425778790981816e+00,-3.156686435179037464e-02,1.405984063816039331e+01,-2.307402108871290519e-05,8.244178765108943026e+02,1.499304207973078817e+01,3.210034421615261535e-01,0.000000000000000000e+00
2.505000000000001670e-01,8.902294970768958038e+00,5.982029223802588780e-02,3.404468471095111859e+00,3.835725338207822244e+00,3.312226356739202959e-01,-1.884304585558666867e+00,1.718253859925272025e+02,-1.868618257544589323e+00,3.974373038976275438e+02,-4.005136865735002202e-05,8.241766711601370616e+02,1.453965501589192968e+02,1.718608124365705407e+02,1.152458450644153629e+02
2.555000000000001714e-01,8.921533242075057046e+00,6.146745833651081486e-02,3.394987688593987585e+00,3.848383273926763604e+00,3.291125458422894390e-01,-1.916669568437251447e+00,3.170106678574111214e+00,-1.013259710709780576e-01,7.307350984913135505e+00,-1.344822189079750846e-05,8.240444139895851094e+02,3.964759560547321371e+00,0.000000000000000000e+00,3.991029158735456495e+00
2.605000000000001759e-01,8.940804822474673230e+00,6.310705078988024241e-02,3.385403192833036368e+00,3.868914422917218321e+00,3.277500811935573077e-01,-1.912848418413304330e+00,1.724493997498471174e+02,-2.611799316302179097e+00,3.975279536490004944e+02,-2.589363180786202756e-05,8.238485759262326837e+02,1.465117657854213178e+02,1.763538486089334754e+02,1.099216813430353028e+02
2.655000000000001803e-01,8.960219050727253887e+00,6.475477501021072169e-02,3.375830306435609440e+00,3.884917915771228358e+00,3.313350765170501311e-01,-1.924288405132277724e+00,0.000000000000000000e+00,0.000000000000000000e+00,0.000000000000000000e+00,0.000000000000000000e+00,8.236348573078034860e+02,0.000000000000000000e+00,0.000000000000000000e+00,0.000000000000000000e+00
2.705000000000001847e-01,8.979677664788644265e+00,6.640074940081756860e-02,3.366172394133763568e+00,3.910152253926713062e+00,3.275348317056946401e-01,-1.925051491355401545e+00,1.560809974952001653e+02,-2.189211883151175542e+00,3.597045603287917288e+02,-2.876858979836095440e-05,8.234440776137794273e+02,3.420635717558516831e+02,7.443769413058507922e+00,4.211691434270460377e+01
2.755000000000001892e-01,8.999239896950040674e+00,6.803586295832146635e-02,3.356490513759113448e+00,3.913818268565694147e+00,3.269472371031127977e-01,-1.949970843186297653e+00,1.074696175945856602e+01,-1.066759295159693394e-01,2.474094064555558603e+01,-2.002722409519177432e-05,8.233004828838987805e+02,1.731299634573619883e+01,6.864910670683826766e+00,2.763119322515596554e+00
2.805000000000001936e-01,9.018908658959380986e+00,6.969774022077285247e-02,3.346795321803023970e+00,3.937697391135474678e+00,3.313274757348387833e-01,-1.944733961513551712e+00,1.467692121806477985e+02,-7.177769280931993734e-01,3.380054983944462492e+02,-3.067026446518543101e-05,8.230946244980806341e+02,2.115019664217398656e+02,0.000000000000000000e+00,1.565342294330737047e+02
2.855000000000001981e-01,9.038653508703498929e+00,7.132790836415221769e-02,3.337043480223294889e+00,3.958543048282267218e+00,3.230301947450513467e-01,-1.960701269085777909e+00,0.000000000000000000e+00,0.000000000000000000e+00,0.000000000000000000e+00,0.000000000000000000e+00,8.228945173654803966e+02,0.000000000000000000e+00,0.000000000000000000e+00,0.000000000000000000e+00
2.905000000000002025e-01,9.058470112486441295e+00,7.295210578186298034e-02,3.327222917703802185e+00,3.976562837917332338e+00,3.289444540727737842e-01,-1.958303446975836026e+00,1.504883130674209610e+02,-2.186126567305833657e+00,3.471689040985094721e+02,-9.448853010852065887e-06,8.226911150609458900e+02,3.336228758140775881e+02,4.429311977758367647e+01,0.000000000000000000e+00
2.955000000000002069e-01,9.078385448035991345e+00,7.460612721707605977e-02,3.317355471971510816e+00,3.986193955931472743e+00,3.298026081652580266e-01,-1.974641753380411702e+00,1.692209231928221698e+02,-1.014284501475557265e+00,3.903281437267289107e+02,-1.432927988444850781e-05,8.225492067582399613e+02,3.670651249950839201e+02,2.828110650743418475e+01,2.955526806281834951e+01
3.005000000000002114e-01,9.098402843188788225e+00,7.622892433488555330e-02,3.307493595806549891e+00,4.007314184510562427e+00,3.238049540532100257e-01,-1.989220969496353852e+00,7.538773376037386953e+00,-7.614203916479683754e-02,1.737146132974312707e+01,-3.629495060530462530e-05,8.223318974519794438e+02,8.274111390072599548e+00,1.063933943775084501e+01,0.000000000000000000e+00
3.055000000000002158e-01,9.118500260776658095e+00,7.788134385775524748e-02,3.297581148091316194e+00,4.029790178262379285e+00,3.348330774741767324e-01,-1.983780215720307272e+00,6.946475554188323187e+00,-4.619220622998129744e-02,1.600969911917013278e+01,-1.233828990062583314e-05,8.220866433196686103e+02,3.211081769491725524e+00,0.000000000000000000e+00,1.421905858533306954e+01
3.105000000000002203e-01,9.138678975424946671e+00,7.953377132610754685e-02,3.287613691908084501e+00,4.053847787714292217e+00,3.220122251149138415e-01,-1.979905899559078364e+00,1.316284068812056205e+02,-1.081688850466084206e+00,3.037969561782299479e+02,-6.445445554146850969e-06,8.218690656096451903e+02,1.948806221030386041e+02,0.000000000000000000e+00,1.357950307151853906e+02
3.155000000000002247e-01,9.158949031631809845e+00,8.114272565674013338e-02,3.277583641395578784e+00,4.054209713789255431e+00,3.219492638074373803e-01,-2.027320195821672222e+00,8.672837724888958988e+00,-2.412185099397682123e-02,2.004452229434132704e+01,-1.662675985390381014e-05,8.218208935186553390e+02,3.330794705326812988e+00,1.848250882989323074e+01,0.000000000000000000e+00
3.205000000000002292e-01,9.179314334264280006e+00,8.279105643704494366e-02,3.267558439654826508e+00,4.086681631145720139e+00,3.348168645335437010e-01,-1.996642436711234092e+00,3.362888531438541495e+00,-8.540136305979841025e-02,7.779728147719240816e+00,-2.543473029970478444e-06,8.214483013810770444e+02,3.270902361099964128e+00,0.000000000000000000e+00,5.194276442948568828e+00
3.255000000000002336e-01,9.199753348280225396e+00,8.446102112599754297e-02,3.257448800510975406e+00,4.094430954506845133e+00,3.317336422557563003e-01,-2.035625597373197593e+00,1.614544451625907868e+02,-1.195847535640628623e+00,3.730774698975750994e+02,-9.423384175731314844e-06,8.214292385195003590e+02,2.208503384634872475e+02,0.000000000000000000e+00,1.851588986930178748e+02
3.305000000000002380e-01,9.220305908797504557e+00,8.607293686673964106e-02,3.247331755324685876e+00,4.112308468630858194e+00,3.206061560530589216e-01,-2.038147238584383736e+00,1.714412497341609054e+00,2.663682743479818538e-02,3.950147005704683245e+00,-5.691958307610725520e-07,8.211673932159633296e+02,0.000000000000000000e+00,0.000000000000000000e+00,4.300658295723309266e+00
3.355000000000002425e-01,9.240889493194126558e+00,8.768195338639421521e-02,3.237083611686958129e+00,4.136181011177942679e+00,3.251057816707912940e-01,-2.018849342374532174e+00,3.534238875198517462e+02,-1.920963133200997541e+00,8.166063628922498765e+02,-3.348131425171376255e-05,8.209375289301730163e+02,2.735867009202547706e+02,3.989984575668333378e+02,2.161113563514254565e+02
3.405000000000002469e-01,9.261659953500851472e+00,8.931918278940417788e-02,3.226967755089892531e+00,4.155948237040153259e+00,3.280334872854403505e-01,-2.042264294461797469e+00,3.988169213404583413e+00,4.573863684633950460e-02,9.192713302692986588e+00,-1.947667935768733483e-05,8.207103633192468806e+02,9.799380129486769064e+00,2.085312588343680718e-01,0.000000000000000000e+00
3.455000000000002514e-01,9.282442335393058741e+00,9.096166359719176642e-02,3.216644515018150852e+00,4.159083380283672859e+00,3.297127521167190212e-01,-2.066166010891802518e+00,1.785828063042880558e+02,-8.459168071917536058e-02,4.124964562503105299e+02,-3.494362046438034830e-05,8.206445212778714904e+02,3.705968646343075079e+02,6.708102101319036592e+01,1.125291287219275205e+01
3.505000000000002558e-01,9.303287074029956472e+00,9.260005380080990611e-02,3.206285303228366246e+00,4.191660244559803239e+00,3.252001802001590058e-01,-2.066344427881785073e+00,1.625968082976957305e+02,-7.745865158311742160e-01,3.761508709995420645e+02,-1.921060305919066596e-05,8.203636437933678280e+02,3.849571589875556583e+02,0.000000000000000000e+00,2.432038346543066254e+01
3.555000000000002602e-01,9.324293793351795756e+00,9.420837955291670729e-02,3.195988393723571797e+00,4.202126453543305828e+00,3.228735044276599409e-01,-2.074573227872718029e+00,9.958136113743083939e+00,1.004304264189361841e-02,2.300114371348102082e+01,-2.124004012772845798e-05,8.201385598074190284e+02,1.261362005024005484e+01,1.241927918179262313e+01,0.000000000000000000e+00
3.605000000000002647e-01,9.345341772263443758e+00,9.584463425488660981e-02,3.185577360824182858e+00,4.223898959604762915e+00,3.339892331915521040e-01,-2.077947802119025855e+00,9.570448408498256399e+00,-2.714186722519246198e-02,2.212903566989685800e+01,-3.594120343634096132e-05,8.199141771264293084e+02,1.996693867903518438e+01,4.112946184436913732e+00,0.000000000000000000e+00
3.655000000000002691e-01,9.366483863046127567e+00,9.750988424774680030e-02,3.175151449293298622e+00,4.244039752671215027e+00,3.262472697463547622e-01,-2.068656833434229902e+00,1.627133263457829173e+02,-4.906241472113108126e-01,3.763599321460249030e+02,-6.194228958235369932e-05,8.196814979520730731e+02,2.649074189326701685e+02,0.000000000000000000e+00,1.446066192327146780e+02
3.705000000000002736e-01,9.387736605657821087e+00,9.913085511194577593e-02,3.164713742485164349e+00,4.250980213952469278e+00,3.241421701611872375e-01,-2.108821333212566707e+00,6.503439019551306544e+00,-2.976111772004239389e-02,1.503559529771345460e+01,-2.591755012066720293e-05,8.195852000685456460e+02,9.435734472414745611e+00,4.790833204739412210e+00,2.134891661529028983e+00
3.755000000000002780e-01,9.409046645878124338e+00,1.007564203716971307e-01,3.154138356860640702e+00,4.280537751800224555e+00,3.263786666907477207e-01,-2.088352627091825564e+00,1.715690015384810749e+02,-1.811981756286791700e+00,3.969070800023358743e+02,-3.055370560076488620e-05,8.192805572192512500e+02,4.164770658473284470e+02,6.804721490499426650e+00,8.586047800132570629e+00
3.805000000000002824e-01,9.430447304627797678e+00,1.023934218521137668e-01,3.143618517488758091e+00,4.272124153584876183e+00,3.261054758921196339e-01,-2.121472975473491562e+00,1.567958152090639823e+00,2.027982454648313837e-02,3.616126181439102361e+00,-3.452166053113676220e-06,8.181945101241444718e+02,3.275127511389436918e+00,6.613021777145207114e-01,0.000000000000000000e+00
3.855000000000002869e-01,9.451918504472635263e+00,1.040251238722538357e-01,3.133023705062628839e+00,4.300149029825065305e+00,3.258471995247992359e-01,-2.114996750653446611e+00,1.911689356145845977e+02,4.403790716287773743e-01,4.429323329739809196e+02,-1.416994206866273656e-05,8.179669545404556175e+02,4.718453692701863247e+02,2.573209182164365671e+00,7.398059792046235650e+00
3.905000000000002913e-01,9.473435463992080585e+00,1.056523663864194079e-01,3.122382538364013360e+00,4.311496708334768613e+00,3.257668306998170449e-01,-2.140338346677204573e+00,1.966745787315451537e+02,-5.186491255367491338e-01,4.552802058414812336e+02,-1.417313643269340478e-05,8.178495278981783940e+02,3.339966194510608943e+02,7.478447354458874941e+01,8.654078030381016617e+01
3.955000000000002958e-01,9.495083576844628226e+00,1.072808282550105352e-01,3.111767124912320437e+00,4.332192693835068553e+00,3.254254280255028386e-01,-2.132915699569151169e+00,0.000000000000000000e+00,0.000000000000000000e+00,0.000000000000000000e+00,0.000000000000000000e+00,8.175231945681433672e+02,0.000000000000000000e+00,0.000000000000000000e+00,0.000000000000000000e+00
4.005000000000003002e-01,9.516804469287693635e+00,1.089111631670235392e-01,3.101043259075873415e+00,4.355385707817629459e+00,3.266308197113669820e-01,-2.152098374966148864e+00,8.506007352674583188e+00,1.282926777001709012e-02,1.968167585065385694e+01,-9.386790650128535966e-05,8.173606606828959684e+02,1.923316624403641129e+01,2.181029170558768548e+00,0.000000000000000000e+00
4.055000000000003046e-01,9.538609998128670497e+00,1.105397930585340360e-01,3.090357879449100675e+00,4.362865769900662549e+00,3.260448424046041294e-01,-2.151749625338166272e+00,1.638438668644386809e+01,-8.677185458358341319e-02,3.795205935108671724e+01,-1.803907589112171798e-04,8.170854270982218850e+02,2.804069114062776436e+01,4.705917082348038960e+00,8.539603210156393232e+00
4.105000000000003091e-01,9.560510104634323270e+00,1.121668643193518000e-01,3.079564311107867880e+00,4.386942802005687980e+00,3.250758216036013226e-01,-2.172157518172881385e+00,5.745949852173549033e+00,8.081622474934525846e-02,1.326826262419425539e+01,-1.863502553260936584e-05,8.169152335524938735e+02,7.684964654326070566e+00,6.755669662216670091e+00,0.000000000000000000e+00
4.155000000000003135e-01,9.582470875978831515e+00,1.138009467409282771e-01,3.068703993317928980e+00,4.408700481934487492e+00,3.308846124357048835e-01,-2.150298074781962221e+00,1.824778233262796050e+02,2.055185387258108010e-01,4.232467554580276214e+02,-5.946425774608441600e-06,8.166220468488809274e+02,4.542571777924678145e+02,6.069453364266520268e+00,0.000000000000000000e+00
4.205000000000003180e-01,9.604543322292611762e+00,1.154476151122380001e-01,3.057854019224199860e+00,4.416061129943407160e+00,3.286926712668458705e-01,-2.189819933641938388e+00,9.323930029814915699e+00,5.324693493307598030e-02,2.160034158411268024e+01,-6.145405612333889808e-05,8.165117738515029941e+02,1.514638576707665862e+01,0.000000000000000000e+00,8.350622857765124252e+00
4.255000000000003224e-01,9.626696002619823389e+00,1.170638501263621678e-01,3.046930786605392072e+00,4.436774113252205609e+00,3.203851170291431294e-01,-2.185297688371904634e+00,5.526630047130550949e+00,8.662786666621374865e-02,1.279168123681204250e+01,-1.281274323443023014e-05,8.162273696055747223e+02,6.260266020845040913e+00,7.656553963094875570e+00,0.000000000000000000e+00
4.305000000000003268e-01,9.648940742969802642e+00,1.186917846708951257e-01,3.035976858111784971e+00,4.452987463706794102e+00,3.280273455234487545e-01,-2.192104416727718164e+00,6.158115662392809497e+00,-7.784172873956771155e-02,1.430205147979963343e+01,-5.327479433885214631e-05,8.160087479978055853e+02,8.777186197179062788e+00,0.000000000000000000e+00,6.775034145821086540e+00
4.355000000000003313e-01,9.671267639311459163e+00,1.203379596827787723e-01,3.024983611065211964e+00,4.471918959158607265e+00,3.268302907233508470e-01,-2.198142519758083946e+00,9.226104495421232343e+00,7.540844251662934261e-02,2.142453303817183752e+01,-3.009825790570687734e-05,8.157845809142653479e+02,1.124813442291856980e+01,7.967924720264434768e+00,4.081165112661057748e+00
4.405000000000003357e-01,9.693685412582896177e+00,1.219594329504057745e-01,3.013943809749687119e+00,4.489812907578135004e+00,3.249159223803451124e-01,-2.204724056239375507e+00,1.722048834598274993e+02,1.376747304894439861e+00,3.993906579793572860e+02,-3.219070851975380093e-05,8.156114032647735712e+02,4.227553614266984710e+02,0.000000000000000000e+00,1.162517664974851783e+01
4.455000000000003402e-01,9.716195300281173175e+00,1.235983630474674633e-01,3.002870081458389073e+00,4.506685967634996182e+00,3.279394154816633877e-01,-2.220677744662520325e+00,1.912320835920874060e+02,1.750431893198399314e+00,4.437592898978065818e+02,-3.807344791577783188e-05,8.154396973084309366e+02,3.107039327552926693e+02,7.261136109112871395e+01,9.927857997051729910e+01
4.505000000000003446e-01,9.738799075843516562e+00,1.252289995571470305e-01,2.991769082271596325e+00,4.526210832964354225e+00,3.266783738197797660e-01,-2.225396054540949020e+00,1.827830122312729486e+02,1.627694590074308945e+00,4.243460537735862772e+02,-1.142251387836658999e-05,8.151995675943234119e+02,4.508291010082819525e+02,0.000000000000000000e+00,1.062008109091816088e+01
4.555000000000003491e-01,9.761485686522435756e+00,1.268684536142722363e-01,2.980622767819188557e+00,4.551203958575457342e+00,3.269926511204704900e-01,-2.234218208448824683e+00,7.293855875082861928e+00,7.422411718569534023e-02,1.691734462660829763e+01,-2.840237331256214096e-05,8.149191661883220377e+02,9.410568301219207399e+00,3.348589757710982440e+00,5.640139388763237172e+00
4.605000000000003535e-01,9.784256981747894599e+00,1.284990865283909822e-01,2.969430089909338211e+00,4.555021358596366809e+00,3.259997262290248998e-01,-2.256120326738808579e+00,9.892545662501184722e+00,7.171710233372986798e-02,2.296511904054843711e+01,-2.460494692879851286e-05,8.147840668721812563e+02,1.682113298692724257e+01,2.291544037126142630e+00,5.860785030387581251e+00
4.655000000000003579e-01,9.807109937096567975e+00,1.301368990481563959e-01,2.958183044294178110e+00,4.584947319102559149e+00,3.282946240270342986e-01,-2.245517398502387074e+00,5.620115745236850202e+00,1.071909337864243583e-01,1.301498586253969059e+01,-1.149685780041766539e-05,8.144531219201826389e+02,9.849558058390400106e+00,4.308837531508448393e+00,0.000000000000000000e+00
4.705000000000003624e-01,9.830043536226861889e+00,1.317746501855095176e-01,2.946883619325927572e+00,4.588996340624512449e+00,3.268210936549533208e-01,-2.267052640720603751e+00,3.292019349369059267e+00,-2.320511647554439685e-02,7.663720935529834577e+00,-1.404212982469930232e-05,8.143185218650374964e+02,4.177386420499860975e+00,0.000000000000000000e+00,4.153060341526622068e+00
4.755000000000003668e-01,9.853104459460428899e+00,1.334101265494087585e-01,2.935613763019569333e+00,4.615759918113997884e+00,3.274042643901408089e-01,-2.262042513440116753e+00,4.404083791742359644e+00,-2.468379791346392987e-02,1.025377079109599343e+01,-6.007320121181013162e-06,8.140236415378145693e+02,7.482455629925127916e+00,0.000000000000000000e+00,3.663120204191777862e+00
4.805000000000003713e-01,9.876191824142280140e+00,1.350466630963758075e-01,2.924186713789257208e+00,4.628408765272472358e+00,3.273688047617587249e-01,-2.282267474646443972e+00,4.355278302381876188e+02,4.267806673593304900e+00,1.013341759436282018e+03,-1.747180212232149477e-05,8.140056003599011092e+02,4.623573305905037500e+02,3.679656597736698700e+02,2.712381627683733996e+02
4.855000000000003757e-01,9.899424524640542344e+00,1.366873322657977119e-01,2.912819110939160794e+00,4.648646796364506173e+00,3.292436933203986005e-01,-2.283090064168252553e+00,1.692157258083537386e+02,1.892428799154189267e+00,3.934025111529348919e+02,-8.249934954603424520e-06,8.136448846151212138e+02,3.682393475970580425e+02,5.507661779536206126e+01,4.386324090154698041e+00
4.905000000000003801e-01,9.922713644445705583e+00,1.383286188062199384e-01,2.901362905213793031e+00,4.675569820564963841e+00,3.274488844790038322e-01,-2.288147719098144073e+00,5.996446481941545947e+00,3.386684782762257317e-02,1.394426199583151060e+01,-7.390062598387758808e-06,8.133364421945873346e+02,1.062940871351167438e+01,5.904799987980962062e-01,3.939776278220074257e+00
4.955000000000003846e-01,9.946105058335197313e+00,1.399701484190917222e-01,2.889895843465156933e+00,4.678859760684153990e+00,3.287986990174408541e-01,-2.311423359764835261e+00,8.929807669817058979e+00,5.062694941463562193e-02,2.080107206405246245e+01,-1.326585635712642167e-05,8.132065441412178188e+02,6.736007953224652844e+00,9.068244573076531978e+00,6.803898641047835483e+00
5.005000000000002780e-01,9.969577411394126898e+00,1.416102768621271824e-01,2.878367080051078553e+00,4.708760149632955638e+00,3.278055797089385326e-01,-2.300812753019141788e+00,3.301267018942736886e+00,6.279772937884190755e-03,7.702398930507673214e+00,-1.530194426772619326e-05,8.128709477840241107e+02,3.768748863674287186e+00,4.040374496399540050e+00,5.602354788294104937e-01
5.054999999999997273e-01,9.993131086527801799e+00,1.432507500310988835e-01,2.866802364516904511e+00,4.712491212116963091e+00,3.283475928537865074e-01,-2.323013580950139545e+00,0.000000000000000000e+00,0.000000000000000000e+00,0.000000000000000000e+00,0.000000000000000000e+00,8.127356718396115411e+02,0.000000000000000000e+00,0.000000000000000000e+00,0.000000000000000000e+00
5.104999999999991767e-01,1.001678599492429989e+01,1.448976303591591186e-01,2.855185709089374857e+00,4.741712578255497412e+00,3.287966984264352743e-01,-2.312524900887823254e+00,1.902129681598124193e+02,1.927533354916042718e+00,4.437761129445286201e+02,-1.081643242680299655e-05,8.124620646486400801e+02,4.392867563182264803e+02,3.713686003402118274e+01,5.771939188730436321e+00
5.154999999999986260e-01,1.004050657662057411e+01,1.465477629162950934e-01,2.843549464328539944e+00,4.752061680578718139e+00,3.282258183978254418e-01,-2.340074926599378102e+00,1.868748576637708538e+02,2.810109529453987509e+00,4.360848919267547785e+02,-9.552882541441747727e-06,8.123366918769975200e+02,4.158241290092431655e+02,1.148725754061878490e+01,4.652002441309129921e+01
5.204999999999980753e-01,1.006432134025952507e+01,1.481870406138599272e-01,2.831816218380275973e+00,4.771719348761242152e+00,3.303620488282464351e-01,-2.331094849669591351e+00,1.822242066799889528e+02,2.770512323858651982e+00,4.242411022295614771e+02,-1.333080247010705668e-05,8.120118798346181848e+02,4.040210343532575052e+02,4.762374756781622409e+01,9.479515396088491030e+00
5.254999999999975246e-01,1.008823610519375791e+01,1.498393551809727997e-01,2.820094921496995255e+00,4.788871505771555626e+00,3.296162516027788536e-01,-2.358964337411401324e+00,3.649649459143986530e+00,-5.196936871428612520e-03,8.513363390804055797e+00,-1.129786604224091578e-05,8.118147732654251740e+02,4.620783825198452099e+00,0.000000000000000000e+00,4.630192009165011058e+00
5.304999999999969740e-01,1.011223154317933215e+01,1.514803018622530861e-01,2.808316818056856956e+00,4.810222366744465461e+00,3.291540748527714277e-01,-2.357466229122902934e+00,1.925654788659080907e+02,2.019803013168340211e+00,4.490636299149953743e+02,-1.056402370321713954e-05,8.115941175644071564e+02,4.641539027505739909e+02,1.088334917193900431e+01,1.294288419541611646e+01
5.354999999999964233e-01,1.013632921080946936e+01,1.531401562551865658e-01,2.796528507886116621e+00,4.820964592101446122e+00,3.321189535126539139e-01,-2.370169531438890864e+00,6.451820965321708456e+00,8.820470952026941702e-02,1.503628042688978184e+01,-2.298539350259129477e-05,8.113389903978206803e+02,5.105340578984273847e+00,0.000000000000000000e+00,1.123552301016978205e+01
5.404999999999958726e-01,1.016050177707720614e+01,1.547807105422046858e-01,2.784661181350501558e+00,4.848799241969917517e+00,3.237531597835620611e-01,-2.364418722416644858e+00,2.294125567600444171e+00,5.219191022139102465e-02,5.331840341372176439e+00,-2.977623602320881094e-05,8.110224205260726649e+02,1.618160460403466061e+00,4.178771541852218441e+00,0.000000000000000000e+00
5.454999999999953220e-01,1.018476111828570652e+01,1.564140258127862393e-01,2.772763118020992845e+00,4.864330152396230567e+00,3.327780133789168815e-01,-2.381320277881161296e+00,1.678736620822759562e+02,1.850675442538520121e+00,3.917603049310330334e+02,-1.089771376405583581e-05,8.108804304628629325e+02,2.489703595338533830e+02,1.766915978903900282e+02,0.000000000000000000e+00
5.504999999999947713e-01,1.020911903077543137e+01,1.580996508736882966e-01,2.760826844416744752e+00,4.873633783480555870e+00,3.356920759257852604e-01,-2.395242284539243371e+00,2.117278658090309307e+02,3.673854884557651967e+00,4.957469626486808920e+02,-1.067237096271560562e-05,8.107124353299687982e+02,4.990626019800167228e+02,3.873468066009532862e+01,5.670248323752787867e-01
5.554999999999942206e-01,1.023354481660695114e+01,1.597547686877087147e-01,2.748882459425487479e+00,4.902217526326662522e+00,3.269523602005055540e-01,-2.390246759325316717e+00,0.000000000000000000e+00,0.000000000000000000e+00,0.000000000000000000e+00,0.000000000000000000e+00,8.103104554688261487e+02,0.000000000000000000e+00,0.000000000000000000e+00,0.000000000000000000e+00
5.604999999999936700e-01,1.025805648282103810e+01,1.613899539884945111e-01,2.736800967304195975e+00,4.902363186026644115e+00,3.272763166502260512e-01,-2.437419850840417901e+00,4.053763971541526345e+00,4.715216753341500144e-02,9.488666008408193520e+00,-2.399447200694205043e-05,8.102910055194422512e+02,3.795437544397703422e-01,9.925252778699359624e+00,0.000000000000000000e+00
5.654999999999931193e-01,1.028266538579839739e+01,1.630862833903383990e-01,2.724795515556719838e+00,4.925225508130021801e+00,3.409012500506603538e-01,-2.412575680097550634e+00,9.361646508729494442e+00,6.287142761217096032e-02,2.179606797642149019e+01,-3.223496500320572472e-05,8.098258007977223087e+02,1.471530597112872485e+00,0.000000000000000000e+00,2.221949894758336086e+01
5.704999999999925686e-01,1.030736881864888232e+01,1.647722242552207839e-01,2.712688499281216803e+00,4.941724521701791772e+00,3.366267970388425734e-01,-2.441774986758430188e+00,5.673261611871445176e+00,1.725093235447795470e-01,1.328156648775203053e+01,-1.711269649364542678e-05,8.096861817081594381e+02,6.402805066126446398e+00,0.000000000000000000e+00,8.020551192127134854e+00
5.754999999999920179e-01,1.033214342426198051e+01,1.664056659275285899e-01,2.700554426891681015e+00,4.965171986588336139e+00,3.233577238356426520e-01,-2.434290983700483579e+00,5.391799672943613508e+00,2.572513500262934086e-02,1.260807487056476184e+01,-4.742599387033783614e-06,8.093584748299697367e+02,8.369295610276280328e+00,0.000000000000000000e+00,5.325709283924124016e+00
5.804999999999914673e-01,1.035701524269766338e+01,1.680423000460629923e-01,2.688317753781050090e+00,4.988522353757818273e+00,3.339030975612102825e-01,-2.438662504588497537e+00,2.051820198354672584e+02,4.182732883545642544e+00,4.794275246257596450e+02,-2.461426976138993486e-05,8.091515842913265715e+02,4.858623542099547876e+02,3.494397072757278266e+01,0.000000000000000000e+00
5.854999999999909166e-01,1.038197884435499141e+01,1.697242582214447681e-01,2.676161633690403718e+00,4.993489214522667474e+00,3.366060485250002010e-01,-2.449248539849479211e+00,6.123255699293935095e+00,2.174757330872665109e-02,1.431616604675156168e+01,-2.744045917409034668e-06,8.088838199288375108e+02,6.658783465039030958e+00,0.000000000000000000e+00,8.892002688808423372e+00
5.904999999999903659e-01,1.040700831951741279e+01,1.714005556126415031e-01,2.663853155006397966e+00,5.026883097208753703e+00,3.323942592064084711e-01,-2.458590358254426622e+00,2.946589893585225717e+00,1.738590365159187537e-02,6.892039881493994713e+00,-1.601300169367606691e-06,8.086145941263948771e+02,4.932732282743233831e+00,0.000000000000000000e+00,2.553126767432088773e+00
5.954999999999898153e-01,1.043216116248864012e+01,1.730638556860505939e-01,2.651580536538737931e+00,5.033613674783637748e+00,3.332952040400611327e-01,-2.452473178393636655e+00,2.918318030825564957e+00,2.842775659335845806e-02,6.833253711006094022e+00,-6.255397954452526776e-06,8.083252424136668424e+02,3.532157363804240280e+00,2.679023377420292285e+00,1.209478356966253498e+00
6.004999999999892646e-01,1.045734486743712921e+01,1.747352441307562787e-01,2.639203109283001947e+00,5.051575829724400890e+00,3.376317863635365790e-01,-2.478442694013201386e+00,2.117552364290457092e+02,3.593782179074616945e+00,4.953476131961025999e+02,-3.570284947584847351e-05,8.082323509825141628e+02,2.651538529873484435e+02,1.747447790112992152e+02,9.810587997530008408e+01
6.054999999999887139e-01,1.048264968968184085e+01,1.764233625491821444e-01,2.626756667869245998e+00,5.065780081025303083e+00,3.348270114568653311e-01,-2.483253413803397702e+00,2.392361512470165508e+02,2.818320400527430714e+00,5.594563901184740189e+02,-3.666587184787684084e-05,8.079841274305935030e+02,1.642679196446064793e+01,1.829041767628194464e+02,4.083117045937897274e+02
6.104999999999881632e-01,1.050804900793474950e+01,1.780745917380893995e-01,2.614391378156479373e+00,5.087774924658356568e+00,3.286631651522086695e-01,-2.484942412215450869e+00,4.139315662094840143e+00,4.112218891390083397e-02,9.677670018147033204e+00,-3.683884633933539460e-05,8.076182118231640743e+02,1.051201389866825053e+01,0.000000000000000000e+00,0.000000000000000000e+00
6.154999999999876126e-01,1.053354939350519892e+01,1.797455834775937844e-01,2.601917753278225387e+00,5.102308361463687270e+00,3.353159932855556136e-01,-2.513032661155919723e+00,5.511947269151391993e+00,1.161079810782045113e-01,1.289750222702539872e+01,-1.988306963076648393e-05,8.074785022241768502e+02,8.795554677414450850e+00,5.211700618374702998e+00,0.000000000000000000e+00
6.204999999999870619e-01,1.055907490475387256e+01,1.814447980926956194e-01,2.589356197990563047e+00,5.106597837494546432e+00,3.417296740005401068e-01,-2.522513212950566963e+00,3.865186341232120348e+00,2.861431637939988726e-02,9.052159974982185275e+00,-1.549350745373712090e-06,8.072630357917508945e+02,5.430293822501076839e+00,0.000000000000000000e+00,4.399806503835177907e+00
6.254999999999865112e-01,1.058476586523499208e+01,1.831335011542981339e-01,2.576830407065406447e+00,5.146430549553172362e+00,3.319204726618442680e-01,-2.501666563883663486e+00,0.000000000000000000e+00,0.000000000000000000e+00,0.000000000000000000e+00,0.000000000000000000e+00,8.068123690858660666e+02,0.000000000000000000e+00,0.000000000000000000e+00,0.000000000000000000e+00
6.304999999999859606e-01,1.061050418327522138e+01,1.848016922157226238e-01,2.564247729227388195e+00,5.149144432449716646e+00,3.356883235251330588e-01,-2.524395443725799382e+00,0.000000000000000000e+00,0.000000000000000000e+00,0.000000000000000000e+00,0.000000000000000000e+00,8.066686781652259697e+02,0.000000000000000000e+00,0.000000000000000000e+00,0.000000000000000000e+00
6.354999999999854099e-01,1.063630421826436923e+01,1.864950025453349369e-01,2.551562348806492242e+00,5.175461598193813018e+00,3.423402726843982058e-01,-2.538617682448212509e+00,9.603764561266142863e+00,1.896662472584047798e-01,2.247489698460808327e+01,-1.220263629070393943e-05,8.064244429780487735e+02,1.607185155059697834e+01,0.000000000000000000e+00,8.336995273658128980e+00
6.404999999999848592e-01,1.066221675429353155e+01,1.881926167967295227e-01,2.538903412084392741e+00,5.198997876898667769e+00,3.355201768065551593e-01,-2.524343057256763778e+00,1.750969983692100982e+02,3.808138322698565226e+00,4.095885940600053345e+02,-7.605491809716154183e-06,8.061083253938743383e+02,2.713403438615054597e+02,0.000000000000000000e+00,1.735148753740227789e+02
6.454999999999843086e-01,1.068821308030487849e+01,1.898688969360333989e-01,2.526150911403995725e+00,5.199509980653263419e+00,3.351857761786479761e-01,-2.571797874141856788e+00,8.473881872999934117e+00,1.582585809232598673e-01,1.984982898004309249e+01,-1.684027878381781640e-05,8.060290568694938429e+02,1.641709159850580235e+01,2.975207446818306511e+00,2.161938712777916383e+00
6.504999999999837579e-01,1.071430807747474212e+01,1.915613371884435090e-01,2.513418979924639363e+00,5.223967240646093302e+00,3.387161759071515843e-01,-2.551044992464391203e+00,9.646672222151046583e+00,2.368589708306833019e-01,2.258952187725334682e+01,-2.143729967885423318e-05,8.056109263164737513e+02,1.533310264245596422e+01,1.362985940680571773e+00,7.834074512620485820e+00
6.554999999999832072e-01,1.074048772192187506e+01,1.932541485220396482e-01,2.500603084595094838e+00,5.242196104377498500e+00,3.385426534368636831e-01,-2.577133602330556883e+00,8.855797043959706016e+00,2.257309850156238307e-01,2.072819784986731761e+01,-2.852302761291100608e-06,8.054446848301797672e+02,1.507869882750788371e+01,5.499244771449058433e+00,1.932752886009863946e+00
6.604999999999826565e-01,1.076674758553212286e+01,1.949441447934681937e-01,2.487773779972882071e+00,5.274460649204809393e+00,3.413977619181215450e-01,-2.548465275663144070e+00,1.827142635549218994e+02,3.748677931033626010e+00,4.284244955771893615e+02,-1.415831642098469220e-05,8.050351032137923539e+02,4.354603665949287006e+02,1.307230122583436227e+01,1.660817556710852472e+01
6.654999999999821059e-01,1.079312036221716120e+01,1.966516042293638133e-01,2.474900750608412192e+00,5.274618942086480189e+00,3.414992988711761379e-01,-2.595855460133714487e+00,3.828637335170018918e+00,1.039381377428946901e-01,8.960449617912892961e+00,-3.601364203702130812e-06,8.049570238860612790e+02,9.730758268087447149e+00,0.000000000000000000e+00,0.000000000000000000e+00
6.704999999999815552e-01,1.081952126997189900e+01,1.983497549363418544e-01,2.461950140742818594e+00,5.291308912803645903e+00,3.385441800736787576e-01,-2.588245281927690211e+00,2.209482854047207070e+02,5.059953949072704127e+00,5.184083406278277835e+02,-1.320010028816719777e-05,8.047041370302533778e+02,5.017961719768940725e+02,0.000000000000000000e+00,6.098037518766587084e+01
6.754999999999810045e-01,1.084606363642453353e+01,2.000459265895240535e-01,2.448981961647285210e+00,5.309348655054377808e+00,3.393710519539606119e-01,-2.613853142464234391e+00,5.994119748535189807e+00,1.794460065008327831e-01,1.405889136131919237e+01,-9.994718456709204835e-06,8.044466778829649911e+02,9.453400647159572401e+00,5.809401372422971832e+00,0.000000000000000000e+00
6.804999999999804539e-01,1.087267213093687701e+01,2.017447767697735095e-01,2.435988651281169481e+00,5.341714759542748325e+00,3.432409824115237318e-01,-2.583905075275606755e+00,9.486062748066464323e+00,2.106714608322832749e-01,2.226044887390722593e+01,-1.482925699027894118e-05,8.039593122088051587e+02,1.778719465320373772e+01,1.325596384831425389e+00,5.052520339960347329e+00
6.854999999999799032e-01,1.089938145253831969e+01,2.034616317103228045e-01,2.422938532727796357e+00,5.342001670183285533e+00,3.434028803642759642e-01,-2.631284419069951142e+00,0.000000000000000000e+00,0.000000000000000000e+00,0.000000000000000000e+00,0.000000000000000000e+00,8.039382436004336796e+02,0.000000000000000000e+00,0.000000000000000000e+00,0.000000000000000000e+00
6.904999999999793525e-01,1.092614012275736890e+01,2.051611028821702098e-01,2.409806986858672673e+00,5.374494962132745357e+00,3.393160547245152592e-01,-2.616795470896682740e+00,1.969487306748371509e+02,4.866255023345144259e+00,4.625045677811950213e+02,-2.828420432565356690e-05,8.035881849289172578e+02,4.522354227042326897e+02,1.264821524967540967e+01,3.713331708701159783e+01
6.954999999999788018e-01,1.095302625929184082e+01,2.068658463480358978e-01,2.396710754595516413e+00,5.377825710643454826e+00,3.415509076511151210e-01,-2.636527028548394824e+00,4.553536875576083887e+00,7.484006320189207084e-02,1.067388255119547047e+01,-1.486564622151442458e-05,8.033506823114436202e+02,5.220142492219459029e+00,6.368654092515692255e+00,0.000000000000000000e+00
7.004999999999782512e-01,1.097998389763897009e+01,2.085980353413719179e-01,2.383526153554355265e+00,5.405127729349344712e+00,3.522525243492302116e-01,-2.625479879950265438e+00,6.749919702790194265e+00,1.724697001838446375e-01,1.584534874795233961e+01,-1.971302970878033647e-05,8.029704870142368236e+02,5.074130620013747262e+00,0.000000000000000000e+00,1.212583380492743679e+01
7.054999999999777005e-01,1.100702417691596580e+01,2.103392388001542046e-01,2.370336853900712359e+00,5.410493611120950064e+00,3.450016252057965249e-01,-2.647830040702303656e+00,1.818441790919696643e+02,5.693258191944919666e+00,4.271486506447712941e+02,-1.535590182225260794e-05,8.028762086866297523e+02,8.405043859659848238e+00,0.000000000000000000e+00,4.552102797613092093e+02
7.104999999999771498e-01,1.103418388854026233e+01,2.120384537921214951e-01,2.357100841307434358e+00,5.438525299010753322e+00,3.363463785873531675e-01,-2.654436802687023533e+00,3.918381184777002701e+00,1.529876821274044341e-01,9.192973427144231380e+00,-2.123489820155931990e-05,8.025134851697343947e+02,5.635597263483365538e+00,0.000000000000000000e+00,4.343898346695700852e+00
7.154999999999765992e-01,1.106138734513916333e+01,2.137216707871499310e-01,2.343785211903881560e+00,5.443834430124516288e+00,3.377472812110236533e-01,-2.658966764241761815e+00,6.840942604686360617e+00,1.535970351119363142e-01,1.609983425850533223e+01,-1.975902353446978149e-05,8.022557987340953787e+02,9.675490133162355733e+00,7.793764834719102197e+00,0.000000000000000000e+00
7.204999999999760485e-01,1.108871830625483135e+01,2.154508438169660811e-01,2.330506481396472651e+00,5.477423143521793492e+00,3.500300622958755214e-01,-2.662029689218746942e+00,0.000000000000000000e+00,0.000000000000000000e+00,0.000000000000000000e+00,0.000000000000000000e+00,8.019289011604207644e+02,0.000000000000000000e+00,0.000000000000000000e+00,0.000000000000000000e+00
7.254999999999754978e-01,1.111610572998965907e+01,2.171996311182295691e-01,2.317073494943568512e+00,5.479851672567536802e+00,3.461730989868265218e-01,-2.694982807165602789e+00,2.104782440953667617e+02,6.865425680821779508e+00,4.946114565159002723e+02,-9.279150760082427452e-06,8.019061446166242604e+02,3.893663029105997566e+02,0.000000000000000000e+00,1.474337447893758792e+02
7.304999999999749472e-01,1.114353422259805448e+01,2.189146793709592642e-01,2.303611558077072630e+00,5.496194904611395593e+00,3.438707639195588972e-01,-2.700299229332682849e+00,2.453719123306231324e+02,6.489708612258668907e+00,5.762953076137838480e+02,-1.634702087130197184e-05,8.016347620398471463e+02,4.381286287181895887e+02,1.340719700453560108e+02,5.330524401836623838e+01
7.354999999999743965e-01,1.117114829697105449e+01,2.206458459737840327e-01,2.290194818919859543e+00,5.527940089114289357e+00,3.458179063254435137e-01,-2.681484812287978414e+00,0.000000000000000000e+00,0.000000000000000000e+00,0.000000000000000000e+00,0.000000000000000000e+00,8.010845483706655159e+02,0.000000000000000000e+00,0.000000000000000000e+00,0.000000000000000000e+00
7.404999999999738458e-01,1.119878934719702279e+01,2.223781187006889370e-01,2.276670539667343895e+00,5.529269194911649699e+00,3.482495776533595100e-01,-2.715559610238337918e+00,3.697521318047095384e+00,1.460442633926939682e-01,8.689410463963453068e+00,-1.250734565203664994e-05,8.009921543170062250e+02,9.430476945393095889e+00,0.000000000000000000e+00,0.000000000000000000e+00
7.454999999999732951e-01,1.122649928601530078e+01,2.241165121169837460e-01,2.263088797503330696e+00,5.575024372700736031e+00,3.475020425374553135e-01,-2.681294418318441508e+00,4.216517412238468410e+02,1.314070681510106553e+01,9.919635980571251821e+02,-3.172221684519249685e-05,8.005811604005660911e+02,9.496113452854929164e+02,9.485419436439006091e+00,1.172884897653833889e+02
7.504999999999727445e-01,1.125437549194651332e+01,2.258530114920093701e-01,2.249567156134493651e+00,5.576949388064738500e+00,3.465802676600712728e-01,-2.713269483108639690e+00,6.281387837681069009e+00,2.465600073307316065e-01,1.475801697153598191e+01,-1.148322074586653058e-05,8.003161065299805159e+02,1.327245550935897178e+01,2.744784861494819594e+00,0.000000000000000000e+00
7.554999999999721938e-01,1.128226452871838958e+01,2.275921448568240801e-01,2.235917067798886659e+00,5.578445072725509490e+00,3.484737219142313158e-01,-2.747462889794538565e+00,4.450840529389211042e+00,1.791427801156720567e-01,1.046025022892508360e+01,-3.223462374079676812e-06,8.002215776156438096e+02,1.135218645371864099e+01,0.000000000000000000e+00,0.000000000000000000e+00
7.604999999999716431e-01,1.131024814802468015e+01,2.293338760624453188e-01,2.222240024711885642e+00,5.626298036688226034e+00,3.489418510676579044e-01,-2.706032568433154761e+00,0.000000000000000000e+00,0.000000000000000000e+00,0.000000000000000000e+00,0.000000000000000000e+00,7.996068360660137841e+02,0.000000000000000000e+00,0.000000000000000000e+00,0.000000000000000000e+00
7.654999999999710925e-01,1.133837877657475346e+01,2.310795480081402620e-01,2.208579607435986247e+00,5.625964825140050252e+00,3.493121987304715348e-01,-2.753343233597224771e+00,5.056549375099554489e+00,2.162284531904976603e-01,1.193372308639721524e+01,-2.735044212626332183e-05,7.995896810107494730e+02,3.795620372731058012e+00,9.147912735384243987e+00,0.000000000000000000e+00
7.704999999999705418e-01,1.136652416619153527e+01,2.328325235652857206e-01,2.194814423474794829e+00,5.631537882633733005e+00,3.509604415917416675e-01,-2.757420386158506265e+00,1.121005459505529878e+01,3.410711269062836060e-01,2.638368900582182164e+01,-1.537569673614944121e-05,7.993224016517773407e+02,1.363540435278881802e+01,0.000000000000000000e+00,1.499171675059171704e+01
7.754999999999699911e-01,1.139477628613907534e+01,2.345883512652462977e-01,2.181009458964043635e+00,5.671961307732202862e+00,3.512838110905748823e-01,-2.755799092716742393e+00,8.415011240919083590e+00,2.902809516679966118e-01,1.980603427158347785e+01,-1.145352927359481396e-05,7.989343864286663575e+02,1.258722403217931252e+01,0.000000000000000000e+00,8.902589066744006630e+00
7.804999999999694404e-01,1.142314861565278328e+01,2.363295893979910911e-01,2.167181409086607058e+00,5.676511232608888236e+00,3.461728970753498724e-01,-2.773682854440555179e+00,3.899679953189228332e+00,1.175498353624910008e-01,9.201776051624943165e+00,-7.991246988226907016e-06,7.987310890595415458e+02,0.000000000000000000e+00,9.979991540630733127e+00,0.000000000000000000e+00
7.854999999999688898e-01,1.145153812613128252e+01,2.380708230641731538e-01,2.153245045034065441e+00,5.678364414062197163e+00,3.487826701408105468e-01,-2.807187897821545430e+00,4.432091357477368376e+00,1.103748417478268712e-01,1.050557342811566386e+01,-1.878377924170726576e-05,7.986330473253888158e+02,1.138661778267508495e+01,0.000000000000000000e+00,0.000000000000000000e+00
7.904999999999683391e-01,1.148005986792374422e+01,2.398598826068221168e-01,2.139352411621904260e+00,5.710308394005023658e+00,3.543021150983161061e-01,-2.778433581984754763e+00,1.061171626650142841e+01,3.505767603880426964e-01,2.500040470586547059e+01,-9.769263883565356549e-06,7.981009423590076040e+02,1.720868858452327999e+01,0.000000000000000000e+00,9.913287254002874249e+00
7.954999999999677884e-01,1.150867345461377766e+01,2.416204154468051812e-01,2.125396837631796654e+00,5.729234988628811642e+00,3.506752969381313756e-01,-2.805288145346811479e+00,7.741791237062589204e+00,2.991120223205713247e-01,1.824835486468306556e+01,-5.564597236659436091e-06,7.979221163623858502e+02,5.788154960418936845e+00,0.000000000000000000e+00,1.400671237831522120e+01
8.004999999999672378e-01,1.153735514864976608e+01,2.433512955668369615e-01,2.111370593808790996e+00,5.751238559370232650e+00,3.524167671805689128e-01,-2.802839010137528231e+00,2.037846609800831743e+02,6.239365118230693952e+00,4.803980708678843712e+02,-2.480450167526362937e-05,7.976342472446115153e+02,2.979427880722337818e+02,2.231691960536315662e+02,0.000000000000000000e+00
8.054999999999666871e-01,1.156615558553375145e+01,2.451426006383761458e-01,2.097366135852734459e+00,5.761116005037604459e+00,3.595253154565805631e-01,-2.812446582216573177e+00,5.047465391381900979e+00,2.337554802312879210e-01,1.190958478576391144e+01,-3.664056869499788746e-05,7.973174654848644423e+02,0.000000000000000000e+00,0.000000000000000000e+00,1.291660426223368852e+01
8.104999999999661364e-01,1.159498899947123896e+01,2.469211102467279983e-01,2.083250182681414930e+00,5.786795666184999298e+00,3.503666788462784787e-01,-2.810439821346299993e+00,2.133064257385139229e+02,6.877816683111166007e+00,5.029022460758469038e+02,-2.128666381317513567e-05,7.970262809811611078e+02,5.455070746311399716e+02,0.000000000000000000e+00,0.000000000000000000e+00
8.154999999999655858e-01,1.162397127963100729e+01,2.486721083476127747e-01,2.069167742947829680e+00,5.798154359121761026e+00,3.525219795409832990e-01,-2.819187325739977101e+00,0.000000000000000000e+00,0.000000000000000000e+00,0.000000000000000000e+00,0.000000000000000000e+00,7.966724852230397573e+02,0.000000000000000000e+00,0.000000000000000000e+00,0.000000000000000000e+00
8.204999999999650351e-01,1.165300057787337273e+01,2.504529426912849299e-01,2.054992621667117270e+00,5.822447151555567579e+00,3.641654595961940077e-01,-2.833334835615399783e+00,4.469969289403141310e+00,1.914999366858058938e-01,1.053088324816964416e+01,-1.556568153375081226e-05,7.964137408669747629e+02,9.538612959632983390e+00,1.885728738946255589e+00,0.000000000000000000e+00
8.254999999999644844e-01,1.168213024558793300e+01,2.522594242457463776e-01,2.040814002585567444e+00,5.829792892651598279e+00,3.581769846716126859e-01,-2.834193958249147105e+00,0.000000000000000000e+00,0.000000000000000000e+00,0.000000000000000000e+00,0.000000000000000000e+00,7.960992811173721293e+02,0.000000000000000000e+00,0.000000000000000000e+00,0.000000000000000000e+00
8.304999999999639337e-01,1.171133985786977938e+01,2.540408560078774580e-01,2.026577521256414105e+00,5.859098646516116560e+00,3.534820274997341194e-01,-2.849845900478224614e+00,4.698452683294112475e+00,2.199783954312129197e-01,1.109131360950659406e+01,-1.825805105945457057e-06,7.958287496339457903e+02,3.531246806019916917e+00,0.000000000000000000e+00,8.497010633742901220e+00
8.354999999999633831e-01,1.174063991022805453e+01,2.558098221425496588e-01,2.012245650652486173e+00,5.863727557499204046e+00,3.562319528827012638e-01,-2.850639298067433103e+00,2.029204797153009281e+02,8.168379828502985163e+00,4.794386276522870958e+02,-1.640756408387289422e-05,7.956057321629743910e+02,5.102609705080839717e+02,0.000000000000000000e+00,9.632556737915997758e+00
8.404999999999628324e-01,1.176999427337793414e+01,2.575951244231788340e-01,1.997901486757918343e+00,5.896383196341131949e+00,3.600209844986976826e-01,-2.858317489534498712e+00,2.347372579323917421e+02,9.609725703877412428e+00,5.538514526617063893e+02,-2.203144186666656720e-05,7.952756091332175856e+02,4.023982180702857931e+02,1.836000046000502834e+02,1.472580616846768642e+01
8.454999999999622817e-01,1.179951883492482523e+01,2.594009574359684711e-01,1.983581682150977299e+00,5.908344557798461238e+00,3.570053184640223920e-01,-2.865778284908635065e+00,0.000000000000000000e+00,0.000000000000000000e+00,0.000000000000000000e+00,0.000000000000000000e+00,7.949060306101208653e+02,0.000000000000000000e+00,0.000000000000000000e+00,0.000000000000000000e+00
8.504999999999617311e-01,1.182906391253836453e+01,2.611897873076696741e-01,1.969158304743212851e+00,5.910999499402810109e+00,3.601564249055198008e-01,-2.884903147510402999e+00,1.302810144163899686e+01,4.709190145105104364e-01,3.196187447230218837e+01,-9.481461972604796236e-05,7.947078401337894320e+02,2.309538782006074698e+01,4.530346239929898267e-01,1.092043173720170479e+01
8.554999999999611804e-01,1.185864414122090338e+01,2.629923289519757734e-01,1.954625424302963044e+00,5.936802731577425440e+00,3.618486143727197568e-01,-2.902048976898472965e+00,2.927603647525405677e+02,1.303437217932248515e+01,6.915343168439165993e+02,-5.530103241865630577e-05,7.945543567587237703e+02,4.969952776470900062e+02,2.097266634650987669e+02,4.321247918761851281e+01
8.604999999999606297e-01,1.188844058844880180e+01,2.647804088547453527e-01,1.940203454565672558e+00,5.963621460969782184e+00,3.568446896223479436e-01,-2.881618679960271212e+00,1.998798826687407200e+02,7.718315665690776761e+00,4.718150602883413285e+02,-2.163645894511173964e-05,7.940381766059626898e+02,2.971572107616030394e+02,2.145280170031352895e+02,0.000000000000000000e+00
8.654999999999600790e-01,1.191826379919938894e+01,2.665681047173082963e-01,1.925679962514436738e+00,5.966233050955313644e+00,3.589967989258484593e-01,-2.914315138678707839e+00,1.177401022620276372e+01,3.924849257498737587e-01,2.880957719228420544e+01,-4.615439981124017793e-05,7.938403764764775588e+02,2.723182697012023468e+01,2.222069685346838241e+00,1.626061554151776223e+00
8.704999999999595284e-01,1.194811069704550732e+01,2.683705818762781581e-01,1.911028195610960490e+00,5.978918093023733782e+00,3.643710375996377926e-01,-2.934623420804477689e+00,2.318329939765551728e+02,2.507588402683838869e+00,5.527523003060047131e+02,-3.520661875858731044e-04,7.936943136401062020e+02,3.177486903719497491e+02,2.417948739698336169e+02,3.941164170650957033e+01
8.754999999999589777e-01,1.197809840937546078e+01,2.702423090235006597e-01,1.896428130233535736e+00,6.002097052035612279e+00,3.763844485669896045e-01,-2.926625024504063255e+00,7.193459402931452473e+00,3.473837845621210452e-01,1.700700625588230963e+01,-8.409306669754281621e-06,7.931655472778195417e+02,5.364997920211695082e+00,0.000000000000000000e+00,1.307406604376624060e+01
8.804999999999584270e-01,1.200816397501405497e+01,2.720910072560829285e-01,1.881809700030759203e+00,6.031705614482716804e+00,3.665404497380871929e-01,-2.922996746817414504e+00,1.873890197093865311e+02,7.451872087591546290e+00,4.437529162204552904e+02,-6.011974080128248445e-05,7.928591706461231752e+02,2.347605277757615738e+00,0.000000000000000000e+00,4.786942809963412628e+02
8.854999999999578764e-01,1.203834737778909414e+01,2.739043293883838825e-01,1.867130388468110302e+00,6.042569273916910788e+00,3.581111829519884604e-01,-2.941191673588186006e+00,1.226342063120377013e+01,1.910844715038960029e+00,3.389444946483314425e+01,-4.481983612030599959e-05,7.925377018217302520e+02,0.000000000000000000e+00,0.000000000000000000e+00,3.604418618266863206e+01
8.904999999999573257e-01,1.206858943660586014e+01,2.756897912187176725e-01,1.852328619525939635e+00,6.053571185056298098e+00,3.546107636772541372e-01,-2.972152815030657980e+00,1.727745793958117204e+01,2.198278902118918854e+00,4.643402459804080706e+01,-2.061445732838452106e-04,7.923915689105587035e+02,1.431314350057199292e+01,0.000000000000000000e+00,3.523005509169229299e+01
8.954999999999567750e-01,1.209893811443477674e+01,2.774542386955918261e-01,1.837581352045385641e+00,6.086277672532058425e+00,3.525484131486714690e-01,-2.948571293759999268e+00,1.624697494796943431e+01,4.915326804241217928e+00,5.150035217019623701e+01,-3.615839016161553898e-04,7.917956546228233492e+02,2.471455106279683278e+01,0.000000000000000000e+00,2.943170064205150638e+01
9.004999999999562244e-01,1.212941485148484944e+01,2.792411306794927994e-01,1.822856483308092024e+00,6.100938469159294719e+00,3.593561158724660753e-01,-2.960178763697162374e+00,6.215429098950343345e+00,1.862429603263136224e+00,1.968105034868786873e+01,-1.858220913743475252e-04,7.915386495810739689e+02,0.000000000000000000e+00,0.000000000000000000e+00,2.069322994268923210e+01
9.054999999999556737e-01,1.215995875988663855e+01,2.810602532676367282e-01,1.808067142903029501e+00,6.114462307716061140e+00,3.651553808583977712e-01,-2.973423727481752543e+00,1.599532153408709689e+01,4.810623790511583842e+00,5.069877840250096313e+01,-2.636029998718026918e-04,7.912552510280393108e+02,2.410512625309935331e+01,0.000000000000000000e+00,2.919656389157131571e+01
9.104999999999551230e-01,1.219071774269536768e+01,2.829039785404579566e-01,1.793443715623120660e+00,6.193048587583741771e+00,3.667411341810676850e-01,-2.892573504622405256e+00,1.645849934230204497e+02,1.798345043227678275e+01,4.325924942889853924e+02,-2.986822255479559471e-04,7.903287002826320986e+02,1.176039585470424598e+01,0.000000000000000000e+00,4.508123128676755300e+02
9.154999999999545723e-01,1.222171518645931343e+01,2.847678603833561084e-01,1.779014995654748521e+00,6.205509142698842240e+00,3.766012776536645235e-01,-2.884417459658575655e+00,1.963739428345337856e+01,1.009045378507479818e+01,7.128910949946219944e+01,-3.357088598173313659e-04,7.896200025458997516e+02,2.666874880819850802e+01,0.000000000000000000e+00,4.784291891350474657e+01
9.204999999999540217e-01,1.225278630339168195e+01,2.866680802659040128e-01,1.764531869992212787e+00,6.221417736971346812e+00,3.845500548655787498e-01,-2.889450248785617958e+00,1.684431404635299145e+01,5.304005745342418976e+00,5.194198017579130067e+01,-3.696922200680516964e-04,7.893122793805648598e+02,7.290244015737252781e+00,1.849910156668270744e+01,2.918165624451081186e+01
9.254999999999534710e-01,1.228392350885781603e+01,2.886059847197794959e-01,1.750041182355906777e+00,6.233562694733054244e+00,3.914950871310068914e-01,-2.893924796492801654e+00,3.386630052752456521e+01,9.008114137225399887e+00,1.000549592133103545e+02,-3.826691249739855652e-04,7.889419801719667475e+02,3.382621545447439360e+01,3.098778033123914355e+01,4.143030169830815623e+01
9.304999999999529203e-01,1.231527449688329057e+01,2.905651475603719391e-01,1.735727955337033723e+00,6.315712249384968224e+00,3.923228778109839054e-01,-2.803258546948148577e+00,1.653110358590456030e+02,2.115462764669923601e+01,4.632816974287996459e+02,-1.447015786170675715e-04,7.878649284345032129e+02,2.341384376279147546e+02,3.002393758461589002e+01,2.277775917874416791e+02
9.354999999999523697e-01,1.234697815970068113e+01,2.925295532115902986e-01,1.721816829275508720e+00,6.346495653425836103e+00,3.949589537349761370e-01,-2.783989821393284103e+00,3.894853208648856224e+01,9.796709021378260829e+00,1.135568196675259145e+02,-3.685008399672373789e-04,7.872476337330352862e+02,2.828455014948055890e+01,2.856675143365189484e+01,6.385988528167086287e+01
9.404999999999518190e-01,1.237878257366463508e+01,2.944683645540202011e-01,1.708177167957565024e+00,6.374950170562503793e+00,3.790655101724410558e-01,-2.664395162514452409e+00,2.165290692496284919e+02,1.592694928258092268e+01,5.967089959081241659e+02,-2.097749571767348192e-04,7.860822539143754284e+02,4.921850697834466928e+02,6.925821412461120019e+01,7.341542871973514650e+01
9.454999999999512683e-01,1.241073531863978907e+01,2.963636310001255825e-01,1.694847715173037894e+00,6.411463845453561738e+00,3.786431817392045818e-01,-2.656700449061202285e+00,2.126979236283094679e+02,4.636576988829358470e+01,6.725616570299998784e+02,-2.927679577494305286e-04,7.855769437536647501e+02,3.456511503712911804e+01,4.857574717760224559e+01,6.231104980309813755e+02
9.504999999999507176e-01,1.244295409878239589e+01,2.982546882787002196e-01,1.681673948220365311e+00,6.450991226309229276e+00,3.792769847951050766e-01,-2.640758711223214483e+00,3.571019873212248541e+01,1.383848446581957603e+01,1.097948278917721296e+02,-1.700755268414916570e-04,7.849236857227158453e+02,3.022923563266492764e+01,2.772258559666139277e+01,5.898759095820580711e+01
9.554999999999501670e-01,1.247525684753552788e+01,3.001530906586318825e-01,1.668447044950834401e+00,6.487795541192734383e+00,3.802521160232787967e-01,-2.621394468400624067e+00,2.039209195448369769e+02,6.812560845775016105e+01,7.007495225577318934e+02,-2.953925290614040685e-04,7.843982099135471344e+02,3.242445805717220964e+01,3.192789357072501844e+01,6.681762289024842403e+02
9.604999999999496163e-01,1.250786999932428678e+01,3.020489560487584768e-01,1.655619045734589845e+00,6.533731749118752319e+00,3.751265821407263612e-01,-2.505145312048786987e+00,2.408633004920109215e+02,3.884616744720469228e+01,7.022882240700496368e+02,-2.365655671851959140e-04,7.830591745082002717e+02,6.506833250875140493e+02,5.877013317735509190e+01,3.319053878902508359e+01
9.654999999999490656e-01,1.254055908248131423e+01,3.039253619417506269e-01,1.643363714557130484e+00,6.539823058114175858e+00,3.754746257260336839e-01,-2.437890944227337098e+00,3.467679551188519582e+01,7.746647135811008056e+00,1.017426229864388318e+02,-5.721062387287242489e-04,7.821532701587700558e+02,2.148622987907275217e+01,3.818497236999360922e+01,4.836438032279759369e+01
9.704999999999485150e-01,1.257331098263882829e+01,3.058068420249244190e-01,1.631180025807999812e+00,6.578733160911764521e+00,3.761957686115799393e-01,-2.406651883106021295e+00,1.607384590435125915e+02,5.938103722707626986e+01,5.856230491794896125e+02,-2.378478936016250028e-04,7.815688300614426680e+02,5.920495713922329628e+01,2.271230877181664454e+01,5.276028299738703708e+02
9.754999999999479643e-01,1.260635117385495718e+01,3.076937516964555752e-01,1.619291759373843842e+00,6.641863903361243437e+00,3.797639929761399968e-01,-2.337847717303098261e+00,1.587414778202102070e+02,7.603354696800806778e+01,6.181613114715346455e+02,-3.557953038157057792e-04,7.805879879686165168e+02,0.000000000000000000e+00,7.516674315436299025e+01,5.671391261555801293e+02
9.804999999999474136e-01,1.263958594974050342e+01,3.096696111031476129e-01,1.608027482836238642e+00,6.643528867220991785e+00,4.026343545862562379e-01,-2.218607582355254682e+00,9.826916737078393282e+01,2.024167748197601213e+01,3.059597933794912024e+02,-3.148183332898569966e-04,7.792659378247813038e+02,2.782683548109944560e+00,3.187554800811126370e+02,0.000000000000000000e+00
9.854999999999468629e-01,1.267281342382168141e+01,3.116831450457326902e-01,1.596867299600243095e+00,6.657600596286796346e+00,4.035692253157544540e-01,-2.226799208476146763e+00,3.196308293986016480e+01,1.167582091134450550e+01,1.042876917954959310e+02,-3.816787970152655130e-04,7.788649825042732573e+02,6.377941915160447905e+01,4.636105638787303462e+01,0.000000000000000000e+00
9.904999999999463123e-01,1.270612400899332606e+01,3.137037777311332820e-01,1.585684658359392429e+00,6.667172827802076540e+00,4.048498794227824438e-01,-2.244581931653289786e+00,3.453467359436983486e+01,2.051817286736112322e+01,1.395502743292960020e+02,-1.641998305484486647e-04,7.786235319505037751e+02,0.000000000000000000e+00,1.990635537566732793e+01,1.253418803013838669e+02
9.954999999999457616e-01,1.273957642594251993e+01,3.158236021532762616e-01,1.574804574715542360e+00,6.724897541520080679e+00,4.554464811554753134e-01,-2.075188567150372698e+00,2.262283083845021565e+02,1.338629730260394410e+02,9.188532435231718409e+02,-5.094210403116085709e-04,7.765592509629500455e+02,2.300342528706594294e+02,5.288536550372035663e+02,1.962188344649692340e+02
1.000499999999945322e+00,1.277331063082180229e+01,3.182077661554857384e-01,1.564605179390628598e+00,6.748926892425449076e+00,4.804820863826968491e-01,-2.048249127786668566e+00,0.000000000000000000e+00,0.000000000000000000e+00,0.000000000000000000e+00,0.000000000000000000e+00,7.759015213541647427e+02,0.000000000000000000e+00,0.000000000000000000e+00,0.000000000000000000e+00
1.005499999999944771e+00,1.280704162499125154e+01,3.206062384134942267e-01,1.554240421553535478e+00,6.744197940596076357e+00,4.794293103460016137e-01,-2.093437188692926831e+00,1.040494331543709627e+01,2.155891676167991378e+00,2.860977124352596945e+01,-2.169785059403580175e-04,7.758449243082582143e+02,0.000000000000000000e+00,3.041725712333481368e+01,0.000000000000000000e+00
1.010499999999944221e+00,1.284075752909767409e+01,3.231423904023824623e-01,1.544170214165344168e+00,6.742005433823178073e+00,5.150434687079541440e-01,-2.004587969296500294e+00,6.340075418054839318e+00,1.358146431000711640e+00,1.938965107551389622e+01,-5.420098721195185099e-06,7.747811752766652944e+02,0.000000000000000000e+00,2.038205300420415256e+01,0.000000000000000000e+00
1.015499999999943670e+00,1.287446648144174155e+01,3.257193425877585868e-01,1.534023839874498751e+00,6.741789702940249818e+00,5.158327002273473960e-01,-2.050183456725237718e+00,7.010069435814687111e+00,1.722366580721731211e+00,2.245942657618716254e+01,-2.200570255509526948e-04,7.747300081650032553e+02,0.000000000000000000e+00,2.353242195070135523e+01,0.000000000000000000e+00
1.020499999999943119e+00,1.290817555262061056e+01,3.283014529539915460e-01,1.523641621036442739e+00,6.742077594947260444e+00,5.167130428288859711e-01,-2.097937271760836886e+00,0.000000000000000000e+00,0.000000000000000000e+00,0.000000000000000000e+00,0.000000000000000000e+00,7.746912504194815483e+02,0.000000000000000000e+00,0.000000000000000000e+00,0.000000000000000000e+00
1.025499999999942569e+00,1.294189068360986816e+01,3.308874508823688720e-01,1.513015091115422095e+00,6.743896857440201842e+00,5.176430864933041498e-01,-2.148029876568465113e+00,0.000000000000000000e+00,0.000000000000000000e+00,0.000000000000000000e+00,0.000000000000000000e+00,7.746830986329553070e+02,0.000000000000000000e+00,0.000000000000000000e+00,0.000000000000000000e+00
1.030499999999942018e+00,1.297559904388322494e+01,3.335948951138474894e-01,1.502564481715582767e+00,6.741254571899533587e+00,5.527769588729674055e-01,-2.073734185942382346e+00,9.125526725916872639e-01,4.744080736326119485e-01,3.806048108986385348e+00,-2.744205179974670145e-05,7.737568748961286929e+02,0.000000000000000000e+00,3.935278374251742761e+00,0.000000000000000000e+00
1.035499999999941467e+00,1.300931790502156460e+01,3.363642609829193275e-01,1.492048743068555394e+00,6.745818401309390921e+00,5.547801984015789944e-01,-2.127266547108225048e+00,0.000000000000000000e+00,0.000000000000000000e+00,0.000000000000000000e+00,0.000000000000000000e+00,7.737427626272207135e+02,0.000000000000000000e+00,0.000000000000000000e+00,0.000000000000000000e+00
1.040499999999940917e+00,1.304305964599663525e+01,3.391499516883947907e-01,1.481328319392460902e+00,6.754203438109092517e+00,5.586959888703867394e-01,-2.118117812208902606e+00,1.967465308907221413e+02,1.679108836706802776e+02,8.627647256734388748e+02,-3.472856082477196807e-05,7.734020569795404754e+02,5.127614902914881441e+02,1.333639040999570966e+02,2.529603974781990132e+02
1.045499999999940366e+00,1.307685733447486065e+01,3.419417945195693531e-01,1.470695801370511813e+00,6.761730950211181757e+00,5.593827103825487201e-01,-2.150829960191861012e+00,0.000000000000000000e+00,0.000000000000000000e+00,0.000000000000000000e+00,0.000000000000000000e+00,7.730905959171761879e+02,0.000000000000000000e+00,0.000000000000000000e+00,0.000000000000000000e+00
1.050499999999939815e+00,1.311068943570136724e+01,3.447230918704036751e-01,1.459955165606560801e+00,6.768934909344814344e+00,5.558629739914381362e-01,-2.161499847215510695e+00,0.000000000000000000e+00,0.000000000000000000e+00,0.000000000000000000e+00,0.000000000000000000e+00,7.727353953832002844e+02,0.000000000000000000e+00,0.000000000000000000e+00,0.000000000000000000e+00
1.055499999999939265e+00,1.314454423083896906e+01,3.475069097777825911e-01,1.449000736523313737e+00,6.772473458948319092e+00,5.574298256399516927e-01,-2.215146590982023600e+00,0.000000000000000000e+00,0.000000000000000000e+00,0.000000000000000000e+00,0.000000000000000000e+00,7.727245258239524901e+02,0.000000000000000000e+00,0.000000000000000000e+00,0.000000000000000000e+00
1.060499999999938714e+00,1.317841229976124851e+01,3.502962964527152057e-01,1.437779953153781376e+00,6.774198448933205441e+00,5.580600372978381518e-01,-2.267431853297464883e+00,0.000000000000000000e+00,0.000000000000000000e+00,0.000000000000000000e+00,0.000000000000000000e+00,7.727128784694058368e+02,0.000000000000000000e+00,0.000000000000000000e+00,0.000000000000000000e+00
1.065499999999938163e+00,1.321228285883582920e+01,3.530855479182877787e-01,1.426305729502859609e+00,6.773751602030323227e+00,5.575181049377703202e-01,-2.316925002931952804e+00,0.000000000000000000e+00,0.000000000000000000e+00,0.000000000000000000e+00,0.000000000000000000e+00,7.726986852946946556e+02,0.000000000000000000e+00,0.000000000000000000e+00,0.000000000000000000e+00
1.070499999999937613e+00,1.324614652291324113e+01,3.558694540499729997e-01,1.414589721353546992e+00,6.771714074471577582e+00,5.560688821329611287e-01,-2.364441399227040996e+00,0.000000000000000000e+00,0.000000000000000000e+00,0.000000000000000000e+00,0.000000000000000000e+00,7.726857384643672049e+02,0.000000000000000000e+00,0.000000000000000000e+00,0.000000000000000000e+00
1.075499999999937062e+00,1.327999739366886622e+01,3.586445283033028453e-01,1.402640551266700397e+00,6.768855814674836324e+00,5.541115425535700911e-01,-2.410409665180433869e+00,0.000000000000000000e+00,0.000000000000000000e+00,0.000000000000000000e+00,0.000000000000000000e+00,7.726764742362447578e+02,0.000000000000000000e+00,0.000000000000000000e+00,0.000000000000000000e+00
1.080499999999936511e+00,1.331383375383877699e+01,3.614095497458823525e-01,1.390464605416752208e+00,6.766047563182877589e+00,5.521320367355058156e-01,-2.455362560630369284e+00,0.000000000000000000e+00,0.000000000000000000e+00,0.000000000000000000e+00,0.000000000000000000e+00,7.726704830383059743e+02,0.000000000000000000e+00,0.000000000000000000e+00,0.000000000000000000e+00
1.085499999999935961e+00,1.334765806997234350e+01,3.641657090089321369e-01,1.378065043382718624e+00,6.764064738349279793e+00,5.505900258380301837e-01,-2.500005236710066914e+00,0.000000000000000000e+00,0.000000000000000000e+00,0.000000000000000000e+00,0.000000000000000000e+00,7.726655486228540894e+02,0.000000000000000000e+00,0.000000000000000000e+00,0.000000000000000000e+00
1.090499999999935410e+00,1.338147598117621406e+01,3.669161525910900612e-01,1.365441530210979693e+00,6.763407336611843235e+00,5.498077381159556243e-01,-2.545008394110944927e+00,0.000000000000000000e+00,0.000000000000000000e+00,0.000000000000000000e+00,0.000000000000000000e+00,7.726597602044600990e+02,0.000000000000000000e+00,0.000000000000000000e+00,0.000000000000000000e+00
1.095499999999934859e+00,1.341529466777258861e+01,3.696651101757895685e-01,1.352590724968025127e+00,6.764221993404667899e+00,5.499102261003728787e-01,-2.590905993624962544e+00,0.000000000000000000e+00,0.000000000000000000e+00,0.000000000000000000e+00,0.000000000000000000e+00,7.726527957320786300e+02,0.000000000000000000e+00,0.000000000000000000e+00,0.000000000000000000e+00
1.100499999999934309e+00,1.344912107417184011e+01,3.724168584061970932e-01,1.339507142791731109e+00,6.766309711760804646e+00,5.508139602200816665e-01,-2.638032277124275904e+00,0.000000000000000000e+00,0.000000000000000000e+00,0.000000000000000000e+00,0.000000000000000000e+00,7.726456288017526504e+02,0.000000000000000000e+00,0.000000000000000000e+00,0.000000000000000000e+00
1.105499999999933758e+00,1.348296036599355041e+01,3.751747496500945078e-01,1.326184277591282212e+00,6.769202158808918846e+00,5.522588968911387175e-01,-2.686482459824373503e+00,0.000000000000000000e+00,0.000000000000000000e+00,0.000000000000000000e+00,0.000000000000000000e+00,7.726393228781878406e+02,0.000000000000000000e+00,0.000000000000000000e+00,0.000000000000000000e+00
1.110499999999933207e+00,1.351681490843245648e+01,3.779404997222869933e-01,1.312615794645652478e+00,6.772284898036356360e+00,5.538744655790336369e-01,-2.736121606683835861e+00,0.000000000000000000e+00,0.000000000000000000e+00,0.000000000000000000e+00,0.000000000000000000e+00,7.726341242485057137e+02,0.000000000000000000e+00,0.000000000000000000e+00,0.000000000000000000e+00
1.115499999999932657e+00,1.355068392562852075e+01,3.807138646891669587e-01,1.298796541542860616e+00,6.774939928830279179e+00,5.552646247995252082e-01,-2.786641594639234221e+00,0.000000000000000000e+00,0.000000000000000000e+00,0.000000000000000000e+00,0.000000000000000000e+00,7.726295079978546028e+02,0.000000000000000000e+00,0.000000000000000000e+00,0.000000000000000000e+00
1.120499999999932106e+00,1.358456385993582316e+01,3.834927560124219426e-01,1.284723183809546532e+00,6.776679449480333517e+00,5.560950409131324434e-01,-2.837647403273751312e+00,0.000000000000000000e+00,0.000000000000000000e+00,0.000000000000000000e+00,0.000000000000000000e+00,7.726248825585996656e+02,0.000000000000000000e+00,0.000000000000000000e+00,0.000000000000000000e+00
1.125499999999931555e+00,1.361844931417378746e+01,3.862737563044648104e-01,1.270394388080267500e+00,6.777244787190141118e+00,5.561648484148034033e-01,-2.888747134122560123e+00,0.000000000000000000e+00,0.000000000000000000e+00,0.000000000000000000e+00,0.000000000000000000e+00,7.726201765786564692e+02,0.000000000000000000e+00,0.000000000000000000e+00,0.000000000000000000e+00
1.130499999999931005e+00,1.365233434329688933e+01,3.890529139272414505e-01,1.255810600437640145e+00,6.776650160021173264e+00,5.554473049657262518e-01,-2.939622740822720459e+00,0.000000000000000000e+00,0.000000000000000000e+00,0.000000000000000000e+00,0.000000000000000000e+00,7.726158061444737086e+02,0.000000000000000000e+00,0.000000000000000000e+00,0.000000000000000000e+00
1.135499999999930454e+00,1.368621378924899901e+01,3.918266308597420089e-01,1.240973556662485988e+00,6.775162354296996092e+00,5.540896526109376774e-01,-2.990068663114946901e+00,0.000000000000000000e+00,0.000000000000000000e+00,0.000000000000000000e+00,0.000000000000000000e+00,7.726121625098402319e+02,0.000000000000000000e+00,0.000000000000000000e+00,0.000000000000000000e+00
1.140499999999929903e+00,1.372008435065699850e+01,3.945924359041287910e-01,1.225885691740060235e+00,6.773223210515237014e+00,5.523724250535635427e-01,-3.039997494793280186e+00,0.000000000000000000e+00,0.000000000000000000e+00,0.000000000000000000e+00,0.000000000000000000e+00,7.726091599766858735e+02,0.000000000000000000e+00,0.000000000000000000e+00,0.000000000000000000e+00
1.145499999999929353e+00,1.375394515693302111e+01,3.973494671866461547e-01,1.210549594933232109e+00,6.771337049564637667e+00,5.506394521581373658e-01,-3.089420317120124881e+00,0.000000000000000000e+00,0.000000000000000000e+00,0.000000000000000000e+00,0.000000000000000000e+00,7.726062510509653976e+02,0.000000000000000000e+00,0.000000000000000000e+00,0.000000000000000000e+00
1.150499999999928802e+00,1.378779775453278411e+01,4.000985679701801745e-01,1.194967606876230048e+00,6.769953818571547544e+00,5.492177043264863112e-01,-3.138412885491905335e+00,0.000000000000000000e+00,0.000000000000000000e+00,0.000000000000000000e+00,0.000000000000000000e+00,7.726028569993277415e+02,0.000000000000000000e+00,0.000000000000000000e+00,0.000000000000000000e+00
1.155499999999928251e+00,1.382164556750885787e+01,4.028420029092286136e-01,1.179141598588273165e+00,6.769377367856452388e+00,5.483477607917186525e-01,-3.187078666213932987e+00,0.000000000000000000e+00,0.000000000000000000e+00,0.000000000000000000e+00,0.000000000000000000e+00,7.725988142299765968e+02,0.000000000000000000e+00,0.000000000000000000e+00,0.000000000000000000e+00
1.160499999999927701e+00,1.385549301612760154e+01,4.055828945831534971e-01,1.163072922582355506e+00,6.769717967807375558e+00,5.481407403161759895e-01,-3.235517634609252902e+00,0.000000000000000000e+00,0.000000000000000000e+00,0.000000000000000000e+00,0.000000000000000000e+00,7.725944698015166523e+02,0.000000000000000000e+00,0.000000000000000000e+00,0.000000000000000000e+00
1.165499999999927150e+00,1.388934453340880282e+01,4.083245352922369453e-01,1.146762489419204778e+00,6.770893631327411732e+00,5.485684407939169782e-01,-3.283806841699677292e+00,0.000000000000000000e+00,0.000000000000000000e+00,0.000000000000000000e+00,0.000000000000000000e+00,7.725903856262493719e+02,0.000000000000000000e+00,0.000000000000000000e+00,0.000000000000000000e+00
1.170499999999926599e+00,1.392320370460350532e+01,4.110697361964631424e-01,1.130210902451868282e+00,6.772671697639952804e+00,5.494839732863746606e-01,-3.331995234205974654e+00,0.000000000000000000e+00,0.000000000000000000e+00,0.000000000000000000e+00,0.000000000000000000e+00,7.725869219425948131e+02,0.000000000000000000e+00,0.000000000000000000e+00,0.000000000000000000e+00
1.175499999999926048e+00,1.395707268805397661e+01,4.138203424797132768e-01,1.113418581926254758e+00,6.774734425046024633e+00,5.506635506750193754e-01,-3.380111244618968946e+00,0.000000000000000000e+00,0.000000000000000000e+00,0.000000000000000000e+00,0.000000000000000000e+00,7.725840234338783148e+02,0.000000000000000000e+00,0.000000000000000000e+00,0.000000000000000000e+00
1.180499999999925498e+00,1.399095198828356246e+01,4.165769879468734782e-01,1.096385827270183411e+00,6.776750894035110662e+00,5.518575793462257018e-01,-3.428178093865456688e+00,0.000000000000000000e+00,0.000000000000000000e+00,0.000000000000000000e+00,0.000000000000000000e+00,7.725813289658550502e+02,0.000000000000000000e+00,0.000000000000000000e+00,0.000000000000000000e+00
1.185499999999924947e+00,1.402484057067708711e+01,4.193391044993333150e-01,1.079112797875084295e+00,6.778440531677181191e+00,5.528400570311698958e-01,-3.476229834137823715e+00,0.000000000000000000e+00,0.000000000000000000e+00,0.000000000000000000e+00,0.000000000000000000e+00,7.725784686611860934e+02,0.000000000000000000e+00,0.000000000000000000e+00,0.000000000000000000e+00
1.190499999999924396e+00,1.405873624654335607e+01,4.221051535389487852e-01,1.061599427126551198e+00,6.779618337018876950e+00,5.534478026813518525e-01,-3.524321680123438050e+00,0.000000000000000000e+00,0.000000000000000000e+00,0.000000000000000000e+00,0.000000000000000000e+00,7.725753042072502694e+02,0.000000000000000000e+00,0.000000000000000000e+00,0.000000000000000000e+00
1.195499999999923846e+00,1.409263622087940959e+01,4.248730118900194697e-01,1.043845310205311572e+00,6.780216585761593251e+00,5.536039229065569112e-01,-3.572530768013605584e+00,0.000000000000000000e+00,0.000000000000000000e+00,0.000000000000000000e+00,0.000000000000000000e+00,7.725719603892351870e+02,0.000000000000000000e+00,0.000000000000000000e+00,0.000000000000000000e+00
1.200499999999923295e+00,1.412653768079654881e+01,4.276404247797462865e-01,1.025849616177234358e+00,6.780282011510066376e+00,5.533228186624861156e-01,-3.620946877046871126e+00,0.000000000000000000e+00,0.000000000000000000e+00,0.000000000000000000e+00,0.000000000000000000e+00,7.725686774832975061e+02,0.000000000000000000e+00,0.000000000000000000e+00,0.000000000000000000e+00
1.205499999999922744e+00,1.416043830866888698e+01,4.304054334482300681e-01,1.007611068834982637e+00,6.779951489873910830e+00,5.526971834655924898e-01,-3.669655553384842950e+00,0.000000000000000000e+00,0.000000000000000000e+00,0.000000000000000000e+00,0.000000000000000000e+00,7.725656316963186327e+02,0.000000000000000000e+00,0.000000000000000000e+00,0.000000000000000000e+00
1.210499999999922194e+00,1.419433662980369171e+01,4.331666964979835055e-01,9.891280231405645829e-01,6.779413028525706153e+00,5.518708215477575729e-01,-3.718717869283608479e+00,0.000000000000000000e+00,0.000000000000000000e+00,0.000000000000000000e+00,0.000000000000000000e+00,7.725628530360734203e+02,0.000000000000000000e+00,0.000000000000000000e+00,0.000000000000000000e+00
1.215499999999921643e+00,1.422823214659684687e+01,4.359236517001581768e-01,9.703986405539950511e-01,6.778861586876262280e+00,5.510040506043845099e-01,-3.768151783531111132e+00,0.000000000000000000e+00,0.000000000000000000e+00,0.000000000000000000e+00,0.000000000000000000e+00,7.725602635472193924e+02,0.000000000000000000e+00,0.000000000000000000e+00,0.000000000000000000e+00
1.220499999999921092e+00,1.426212526145917714e+01,4.386765036403501572e-01,9.514211416788721509e-01,6.778459851749857101e+00,5.502399235688477663e-01,-3.817919958156539284e+00,0.000000000000000000e+00,0.000000000000000000e+00,0.000000000000000000e+00,0.000000000000000000e+00,7.725577659390502276e+02,0.000000000000000000e+00,0.000000000000000000e+00,0.000000000000000000e+00
1.225499999999920542e+00,1.429601703694061143e+01,4.414260627664818859e-01,9.321940926674725514e-01,6.778312079847931493e+00,5.496787995426066775e-01,-3.867927912101976062e+00,0.000000000000000000e+00,0.000000000000000000e+00,0.000000000000000000e+00,0.000000000000000000e+00,7.725552997349739144e+02,0.000000000000000000e+00,0.000000000000000000e+00,0.000000000000000000e+00
1.230499999999919991e+00,1.432990887136725533e+01,4.441734921585312468e-01,9.127166674750701869e-01,6.778455013504227189e+00,5.493660307927634712e-01,-3.918034399323129247e+00,0.000000000000000000e+00,0.000000000000000000e+00,0.000000000000000000e+00,0.000000000000000000e+00,7.725528370506340252e+02,0.000000000000000000e+00,0.000000000000000000e+00,0.000000000000000000e+00
1.235499999999919440e+00,1.436380217505684698e+01,4.469200317051598148e-01,8.929888262629932516e-01,6.778865063840765259e+00,5.492936563119868998e-01,-3.968073022061104904e+00,0.000000000000000000e+00,0.000000000000000000e+00,0.000000000000000000e+00,0.000000000000000000e+00,7.725503505233348278e+02,0.000000000000000000e+00,0.000000000000000000e+00,0.000000000000000000e+00
1.240499999999918890e+00,1.439769811667437516e+01,4.496667634015742432e-01,8.730113637575935837e-01,6.779477016938607825e+00,5.494133312772607747e-01,-4.017881024112680777e+00,0.000000000000000000e+00,0.000000000000000000e+00,0.000000000000000000e+00,0.000000000000000000e+00,7.725478006582361559e+02,0.000000000000000000e+00,0.000000000000000000e+00,0.000000000000000000e+00
1.245499999999918339e+00,1.443159747920741331e+01,4.524144605026022559e-01,8.527858082727610700e-01,6.780207542070623816e+00,5.496553844703646607e-01,-4.067329008531286760e+00,0.000000000000000000e+00,0.000000000000000000e+00,0.000000000000000000e+00,0.000000000000000000e+00,7.725451578120926115e+02,0.000000000000000000e+00,0.000000000000000000e+00,0.000000000000000000e+00
1.250499999999917788e+00,1.446550063118393936e+01,4.551635354915216647e-01,8.323141854739201095e-01,6.780976993684832976e+00,5.499483527611657152e-01,-4.116344861640005348e+00,0.000000000000000000e+00,0.000000000000000000e+00,0.000000000000000000e+00,0.000000000000000000e+00,7.725424337978527092e+02,0.000000000000000000e+00,0.000000000000000000e+00,0.000000000000000000e+00
1.255499999999917238e+00,1.449940759082076269e+01,4.579140758705843584e-01,8.115986912278523313e-01,6.781724855469774660e+00,5.502343717618688457e-01,-4.164926640361811039e+00,0.000000000000000000e+00,0.000000000000000000e+00,0.000000000000000000e+00,0.000000000000000000e+00,7.725396874610197528e+02,0.000000000000000000e+00,0.000000000000000000e+00,0.000000000000000000e+00
1.260499999999916687e+00,1.453324611933009614e+01,4.606835622306316713e-01,7.906679148355857389e-01,6.749749641850872450e+00,5.605121172070631763e-01,-4.200537449713497296e+00,3.348921585280632485e+01,2.208803145495509668e+01,1.378978335324619593e+02,-3.244746281095505554e-03,7.684317215759415376e+02,0.000000000000000000e+00,1.397821640758570823e+02,0.000000000000000000e+00
1.265499999999916136e+00,1.456699688009302562e+01,4.635150918900010075e-01,7.695513213034386180e-01,6.752354302568424060e+00,5.724469750701807191e-01,-4.242292038768864515e+00,2.142597452392387680e+01,1.604069945114029139e+01,8.306120838976272580e+01,-4.059259307996707523e-04,7.678174858927734476e+02,0.000000000000000000e+00,8.387143127114678975e+01,0.000000000000000000e+00
1.270499999999915586e+00,1.460079876353479378e+01,4.664172788969684347e-01,7.482138878010368144e-01,6.765704049452453184e+00,5.857909993475591826e-01,-4.288148740170838913e+00,0.000000000000000000e+00,0.000000000000000000e+00,0.000000000000000000e+00,0.000000000000000000e+00,7.676157314806108616e+02,0.000000000000000000e+00,0.000000000000000000e+00,0.000000000000000000e+00
1.275499999999915035e+00,1.463465913973024790e+01,4.693788552364396849e-01,7.266486219622277920e-01,6.777747383347072940e+00,5.981647827343898882e-01,-4.332958387855648574e+00,0.000000000000000000e+00,0.000000000000000000e+00,0.000000000000000000e+00,0.000000000000000000e+00,7.675627960559011171e+02,0.000000000000000000e+00,0.000000000000000000e+00,0.000000000000000000e+00
1.280499999999914484e+00,1.466858456909262998e+01,4.724087237161680997e-01,7.048683204168673111e-01,6.790023736517756703e+00,6.120493665043243992e-01,-4.374254467900216881e+00,1.759186361808464127e+01,1.141787855662955131e+01,6.671957580803029941e+01,-4.161777347165683972e-04,7.674892257648052691e+02,0.000000000000000000e+00,6.752940609930298876e+01,0.000000000000000000e+00
1.285499999999913934e+00,1.470253810392235216e+01,4.755136971260299772e-01,6.828971539095349819e-01,6.790211411431092969e+00,6.310601547084089269e-01,-4.409610183077239398e+00,4.452987899178730657e+01,2.778753999056465673e+01,1.665327240785345566e+02,-1.242147153186569201e-03,7.662065877210515055e+02,0.000000000000000000e+00,1.688320638361745694e+02,0.000000000000000000e+00
1.290499999999913383e+00,1.473653167599525027e+01,4.787348908148003068e-01,6.607565899265247511e-01,6.806943813435192503e+00,6.536565896173263113e-01,-4.443590329934672845e+00,0.000000000000000000e+00,0.000000000000000000e+00,0.000000000000000000e+00,0.000000000000000000e+00,7.658889444361202550e+02,0.000000000000000000e+00,0.000000000000000000e+00,0.000000000000000000e+00
1.295499999999912832e+00,1.477058631694478663e+01,4.820357579563489536e-01,6.384417230824137590e-01,6.812823715976824346e+00,6.656112889968581747e-01,-4.478507604018425958e+00,2.685148460094494283e+01,1.439273531293941488e+01,9.614904525802205626e+01,-3.703805332408579513e-04,7.654873119119993135e+02,0.000000000000000000e+00,9.797206259651476046e+01,0.000000000000000000e+00
1.300499999999912282e+00,1.480468365948532750e+01,4.854118817175241407e-01,6.159583719719889938e-01,6.824518306961619984e+00,6.823764638072192801e-01,-4.511135537283251118e+00,1.966670954125574866e+01,9.711165509360085935e+00,6.899286462974674805e+01,-4.800088495725924817e-04,7.652186606954971921e+02,0.000000000000000000e+00,7.048012893123443234e+01,0.000000000000000000e+00
1.305499999999911731e+00,1.483882381275519613e+01,4.888648610676935569e-01,5.933146097306056799e-01,6.833115866467553978e+00,6.982870668653504698e-01,-4.543270930034605470e+00,0.000000000000000000e+00,0.000000000000000000e+00,0.000000000000000000e+00,0.000000000000000000e+00,7.648033284943634271e+02,0.000000000000000000e+00,0.000000000000000000e+00,0.000000000000000000e+00
1.310499999999911180e+00,1.487300940328635157e+01,4.923917314820767110e-01,5.705098233707628363e-01,6.840073515694945705e+00,7.111124899632240703e-01,-4.576043047325656588e+00,0.000000000000000000e+00,0.000000000000000000e+00,0.000000000000000000e+00,0.000000000000000000e+00,7.644807186341241731e+02,0.000000000000000000e+00,0.000000000000000000e+00,0.000000000000000000e+00
1.315499999999910630e+00,1.490723133008030565e+01,4.959799190653392809e-01,5.475365744467565188e-01,6.847696907864477822e+00,7.226734761805629903e-01,-4.610255747219093259e+00,9.389131693997290640e+00,3.421932717092583509e+00,3.012850878034415203e+01,-4.643527032129968549e-05,7.642915825604538895e+02,0.000000000000000000e+00,3.113303042378755947e+01,0.000000000000000000e+00
1.320499999999910079e+00,1.494148322413767715e+01,4.996191090759743991e-01,5.243867937032428150e-01,6.853300945666368271e+00,7.321798809954164211e-01,-4.646432213575103276e+00,7.331977626391096514e+00,2.367275330111576093e+00,2.279149179647572510e+01,-5.205498083077396768e-05,7.640811255259898189e+02,0.000000000000000000e+00,2.365449341846343145e+01,0.000000000000000000e+00
1.325499999999909528e+00,1.497575836367308177e+01,5.033001556498403195e-01,5.010499013620336450e-01,6.857140644141271224e+00,7.397812013180495860e-01,-4.684980074824635743e+00,0.000000000000000000e+00,0.000000000000000000e+00,0.000000000000000000e+00,0.000000000000000000e+00,7.638772051929125837e+02,0.000000000000000000e+00,0.000000000000000000e+00,0.000000000000000000e+00
1.330499999999908978e+00,1.501005184064707265e+01,5.070132734849506218e-01,4.775130580625153720e-01,6.859551542307469774e+00,7.447355792053921286e-01,-4.726322963225394247e+00,0.000000000000000000e+00,0.000000000000000000e+00,0.000000000000000000e+00,0.000000000000000000e+00,7.637503879209943989e+02,0.000000000000000000e+00,0.000000000000000000e+00,0.000000000000000000e+00
1.335499999999908427e+00,1.504435335232279414e+01,5.107460436623464384e-01,4.537617933227584555e-01,6.860499196144872691e+00,7.476086829107748688e-01,-4.770289158087941850e+00,6.199479418439911349e+00,1.324463425636472458e+00,1.756146015811246386e+01,-2.454122154352342960e-05,7.636805863195587563e+02,0.000000000000000000e+00,1.847162738802861881e+01,0.000000000000000000e+00
1.340499999999907876e+00,1.507865394492670674e+01,5.144870354834804038e-01,4.297824162431855277e-01,6.859549329303840537e+00,7.483107802280256626e-01,-4.817160089311149918e+00,0.000000000000000000e+00,0.000000000000000000e+00,0.000000000000000000e+00,0.000000000000000000e+00,7.636300185082473035e+02,0.000000000000000000e+00,0.000000000000000000e+00,0.000000000000000000e+00
1.345499999999907326e+00,1.511294389398411653e+01,5.182254313643656074e-01,4.055619797698007400e-01,6.856439394231474083e+00,7.469361089462802639e-01,-4.866434256627448995e+00,0.000000000000000000e+00,0.000000000000000000e+00,0.000000000000000000e+00,0.000000000000000000e+00,7.636003352964494297e+02,0.000000000000000000e+00,0.000000000000000000e+00,0.000000000000000000e+00
1.350499999999906775e+00,1.514721384590306208e+01,5.219534555204572435e-01,3.810899685850423491e-01,6.851795670405310901e+00,7.443831368271354165e-01,-4.917518758202843010e+00,0.000000000000000000e+00,0.000000000000000000e+00,0.000000000000000000e+00,0.000000000000000000e+00,7.635791463235309493e+02,0.000000000000000000e+00,0.000000000000000000e+00,0.000000000000000000e+00
1.355499999999906224e+00,1.518145768360552417e+01,5.256669474569695133e-01,3.563587919043554320e-01,6.846202724887925584e+00,7.412985081537817322e-01,-4.969871593017415101e+00,0.000000000000000000e+00,0.000000000000000000e+00,0.000000000000000000e+00,0.000000000000000000e+00,7.635662558750759672e+02,0.000000000000000000e+00,0.000000000000000000e+00,0.000000000000000000e+00
1.360499999999905674e+00,1.521567278402499568e+01,5.293654442440051122e-01,3.313640639865044757e-01,6.840457153960827874e+00,7.384942779807183166e-01,-5.022746443476276745e+00,0.000000000000000000e+00,0.000000000000000000e+00,0.000000000000000000e+00,0.000000000000000000e+00,7.635577565280332237e+02,0.000000000000000000e+00,0.000000000000000000e+00,0.000000000000000000e+00
1.365499999999905123e+00,1.524985420900307531e+01,5.330515038226950608e-01,3.061070818048908793e-01,6.823804147022619837e+00,7.323650043448878266e-01,-5.071661206847898562e+00,-3.603899722517594455e+02,-1.522322543467668652e+02,3.584010062725424177e+02,-4.615303076675292271e-03,7.630729620760910166e+02,2.080082706893956129e+03,1.964779459147680654e+03,0.000000000000000000e+00
1.370499999999904572e+00,1.528344385953142748e+01,5.364694288414372236e-01,2.809083154110259550e-01,6.652543457415508676e+00,6.267143755225560442e-01,-5.003999929511149247e+00,-7.067987165523805970e+02,-9.840517525473785554e+01,7.027844873546096096e+02,-1.078920305985932998e-02,7.233405484691550100e+02,3.295237024932521763e+03,4.215582853563293611e+03,0.000000000000000000e+00
1.375499999999904022e+00,1.531588984413840215e+01,5.384953284615596747e-01,2.568332443137738008e-01,6.311056315168941389e+00,1.940089197598665327e-01,-4.468397842001764708e+00,-4.200629041174629492e+02,-4.673931926061375179e+02,4.270915577131698228e+03,-1.179920291856989024e-02,6.564272808256205280e+02,4.205906650019827794e+03,6.823785410933181993e+03,0.000000000000000000e+00
1.380499999999903471e+00,1.534191495333791444e+01,5.422460571639746707e-01,2.385831557829366789e-01,4.755094799765469560e+00,7.855015644727596502e-01,-3.030495402723316190e+00,3.429821189873873664e+02,-6.911752004803503269e+02,4.569012602602668267e+03,-1.213946437699592491e-02,4.144204348665223847e+02,7.089112324540987174e+03,7.366775082408808885e+03,1.044735630338280771e+03
1.385499999999902920e+00,1.536537108311913258e+01,5.466358795683178284e-01,2.263071013701042355e-01,4.696576707755798274e+00,8.281986195115789151e-01,-2.131175490587206678e+00,-7.848288169057149162e+02,-5.228139297703410193e+02,2.572865915192971897e+03,-1.241065484824583308e-02,3.497350035665043606e+02,4.712226763965285500e+03,7.822575072618536069e+03,1.270468257652699094e+03
1.390499999999902370e+00,1.538869306882901711e+01,5.500602800161912276e-01,2.165180601383788761e-01,4.637697088973322224e+00,5.782655398566246552e-01,-1.855689159113675935e+00,-3.213524179731672348e+02,-3.867594378009724778e+02,7.054955533590095911e+02,-1.164746623597471414e-02,3.192678172844508140e+02,3.333399240314170129e+03,2.050580011810108772e+03,7.759554874575925396e+02
1.395499999999901819e+00,1.541164758263042245e+01,5.524774558942395775e-01,2.075745648366467411e-01,4.545771029195615043e+00,4.080944012377343277e-01,-1.739273764905340913e+00,-5.153896335864739058e+02,-5.516461659289037698e+02,5.059937171325486815e+02,-9.571748173135616669e-03,3.020523823370152741e+02,3.902395464786158755e+03,2.430574885545399411e+03,1.338173894595962793e+03
1.400499999999901268e+00,1.543367392539467708e+01,5.538895528609454333e-01,1.993075565180457420e-01,4.301202184696445663e+00,1.631590997123883446e-01,-1.595369819011993151e+00,-9.209541706616910233e+02,-9.662848396305727192e+02,5.618457288852307556e+02,-8.063611799478941425e-03,2.760703771245171083e+02,4.463010351083166825e+03,2.485560230394843529e+03,1.843786012351489944e+03
1.405499999999900718e+00,1.545426674989431959e+01,5.538729796221596446e-01,1.917589049253117239e-01,3.780294933830291804e+00,-3.683878880804822981e-02,-1.346910352580346304e+00,-5.159842003155760722e+03,9.151368456466630050e+02,2.892755486490027579e+03,-7.574779530864029185e-03,2.277864503639709426e+02,1.008805099922668524e+04,1.161858947990331581e+04,3.339882606349292473e+03
1.410499999999900167e+00,1.547020222504114528e+01,5.538672816581371450e-01,1.866279259106407018e-01,2.777571821500595561e+00,7.764439463690864934e-03,-7.864260475843715126e-01,-3.806985387014270600e+03,-8.547614193403335321e+02,2.628826495397289364e+03,-1.274062818425777434e-02,1.391379701885672944e+02,1.539176071353129373e+04,9.314142308029955529e+03,5.895108887519906602e+03
1.415499999999899616e+00,1.548209091494160461e+01,5.533766409044781343e-01,1.838476560555345751e-01,2.075112696114520539e+00,-1.926701742204208478e-01,-3.831685509256523847e-01,-2.155316872080590201e+03,-8.351880445839051390e+02,1.388253147057649358e+03,-1.522495422805360613e-02,9.551986775556210318e+01,1.272323486174364916e+04,5.372670999307539205e+03,4.726449021774158609e+03
1.420499999999899066e+00,1.549137915449082215e+01,5.522274837165415118e-01,1.825270149592151392e-01,1.680483846865694852e+00,-2.595085037164731046e-01,-1.779295418039069099e-01,-1.752919851128466917e+03,-9.206839108358162775e+02,8.802417914518000543e+02,-1.549743535585319625e-02,8.084448145365895755e+01,8.547963505412390077e+03,4.741761329169202327e+03,4.580991749783845080e+03
1.425499999999898515e+00,1.549878432968136011e+01,5.507278169049087957e-01,1.820442177465091682e-01,1.313369028748179179e+00,-3.472275689461276627e-01,-2.038625952588139431e-02,-2.043897960644500017e+03,1.231429407508213671e+02,1.103197096046852494e+03,-1.518882590413407271e-02,7.197872670047874522e+01,7.300472358206703575e+03,4.519382562873925053e+03,4.868879567858512019e+03
1.430499999999897964e+00,1.550397946201995936e+01,5.494394497799048871e-01,1.826204955641358707e-01,8.625105198666774831e-01,-2.282653047391401402e-01,1.938829346917586016e-01,-1.255321925943928136e+03,-1.655401444141727723e+02,6.566065366906140071e+02,-1.619130835215819297e-02,5.856659987383618216e+01,6.614785352150092876e+03,3.449371946106151881e+03,3.109353089119473225e+03
1.435499999999897414e+00,1.550758801724344416e+01,5.483300696160480214e-01,1.837996535720130553e-01,6.252710600998478974e-01,-2.172373108902604100e-01,2.554676076401093954e-01,-6.869887872058955054e+02,-4.754340890577294942e+01,2.558335243547941786e+02,-1.781022870641794931e-02,5.443250097555556977e+01,7.304036175670226839e+03,2.154540572715825874e+03,4.705484968525202021e+03
1.440499999999896863e+00,1.551030291170530440e+01,5.472516391975350558e-01,1.850400506861888672e-01,4.868324856560893310e-01,-2.058921246281848749e-01,2.298101513883434310e-01,-4.861673586820145943e+02,2.349414825757105234e+02,4.658678319471508189e+01,-1.936176635936039114e-02,5.304470839409752614e+01,7.257093089705402235e+03,1.927919519564381062e+03,5.859502394460850155e+03
1.445499999999896312e+00,1.551238820271572827e+01,5.461486576156391326e-01,1.860409503345008542e-01,3.568657738046335237e-01,-2.555637715881440841e-01,1.754036481448215945e-01,-3.799089208652294474e+02,-5.419076264952897191e+02,-2.041276994199379260e+02,-2.085065058983810032e-02,5.320525852161424751e+01,6.744767154649540316e+03,0.000000000000000000e+00,8.538043952996838925e+03
1.450499999999895762e+00,1.551385556251988440e+01,5.446314474846327691e-01,1.866895693747974427e-01,2.492085053714925835e-01,-3.370853162531825542e-01,8.332537484095821345e-02,-1.918093288342106462e+02,-2.944030374758111179e+02,-4.299018088163058451e+02,-2.247562342384829340e-02,5.526858918989936598e+01,7.205767266981616558e+03,0.000000000000000000e+00,8.790530285268479929e+03
1.455499999999895211e+00,1.551487554612022279e+01,5.427429913789950655e-01,1.867601426590586866e-01,1.685507801818530438e-01,-4.200898567797461403e-01,-4.627517804762320414e-02,-2.808784725761675531e+02,-5.961481128753574694e+02,-4.273669814979713237e+02,-2.373441925807163663e-02,5.719759892945302937e+01,7.508522747450571842e+03,0.000000000000000000e+00,9.380049007623474608e+03
1.460499999999894660e+00,1.551537340182516367e+01,5.401609747626263669e-01,1.862305829332818741e-01,4.795736786382596983e-02,-5.859933277973715660e-01,-1.612916828671313585e-01,-4.095065206998833673e+02,-6.696580187146372509e+02,-3.846971684796872069e+02,-2.384907818048138603e-02,6.037227342690114540e+01,7.713129248190307408e+03,0.000000000000000000e+00,9.574201614713854724e+03
1.465499999999894110e+00,1.551553562383788432e+01,5.370876369939924233e-01,1.853744716034277651e-01,3.810977733056093719e-02,-6.373171446161266518e-01,-1.606837839772107257e-01,-7.988042100451892225e+01,-3.905398254158535565e+02,3.931709603025365709e+02,-2.437792358977231358e-02,6.067042934921536812e+01,6.395137430080300874e+03,0.000000000000000000e+00,1.187638813931361437e+04
1.470499999999893559e+00,1.551581427658562440e+01,5.339628516004869541e-01,1.847374472052870087e-01,7.068517348290372093e-02,-5.959181018206447522e-01,-9.630390090084862964e-02,1.354498484852790625e+02,5.712823302296433212e+02,4.739708794550639936e+02,-2.503766258119040702e-02,5.892629181081618839e+01,7.492613222821160889e+03,0.000000000000000000e+00,1.296828424053368144e+04
1.475499999999893008e+00,1.551623291532543547e+01,5.310829174154693133e-01,1.844253871216706420e-01,9.717989888561011369e-02,-5.634980828127956753e-01,-4.639168107482585096e-02,2.414508052067278925e+02,6.253114584663485402e+02,3.419090429488691711e+02,-2.593203355606639102e-02,5.668354535798123806e+01,7.824983608995332361e+03,0.000000000000000000e+00,1.301368375522241331e+04
1.480499999999892458e+00,1.551685510723779160e+01,5.283931649315297685e-01,1.843272374980788053e-01,1.571386912662079416e-01,-5.079796813952673906e-01,3.999453033041404718e-03,3.961734636084743215e+02,6.846960054248519327e+02,3.982643932745751272e+02,-2.685504500319810250e-02,5.320668667610228653e+01,7.447907612986360618e+03,0.000000000000000000e+00,1.466915205657157821e+04
1.485499999999891907e+00,1.551789719978058812e+01,5.262080321468113331e-01,1.844373796151600742e-01,2.398469472597708207e-01,-3.886843798843562792e-01,3.904703849846277719e-02,1.540558053891439272e+02,5.959282326737472886e+02,4.660150724334616257e+02,-2.758488748912937480e-02,5.034175172044118796e+01,9.040958518185305365e+03,0.000000000000000000e+00,1.597665141502636288e+04
1.490499999999891356e+00,1.551919691012929370e+01,5.244985876852455986e-01,1.847081112733081620e-01,2.712137058495195929e-01,-3.082815076283432210e-01,6.528234702745802642e-02,6.132240008603093884e+01,4.623867042677121617e+02,4.335586472176271400e+02,-2.782996923271819842e-02,4.867722868387082258e+01,9.236284981831469850e+03,0.000000000000000000e+00,1.635068812179014822e+04
1.495499999999890806e+00,1.552058339588941926e+01,5.230789688701255047e-01,1.850897100119079097e-01,2.794659835258458402e-01,-2.710800280340551205e-01,8.362380201370979427e-02,-5.854327579963978678e+00,2.503483422997212813e+02,3.362526978614247355e+02,-2.785745170395745318e-02,4.831719481170458153e+01,9.419538825720877867e+03,0.000000000000000000e+00,1.649894763438333393e+04
1.500499999999890255e+00,1.552197565533338874e+01,5.217924733342070853e-01,1.855272346813117978e-01,2.752872126238922745e-01,-2.457808975136294705e-01,8.851993453174560045e-02,-3.929110252032097605e+01,2.215246965936810852e+02,2.745545073333613573e+02,-2.791609827183200859e-02,4.825857080659433507e+01,9.133310457452440460e+03,0.000000000000000000e+00,1.702090960030902716e+04
1.505499999999889704e+00,1.552331814099906637e+01,5.206213888259609845e-01,1.859141173399849745e-01,2.609597414031007423e-01,-2.262372034660782572e-01,6.204826401673740888e-02,-7.909874401769843644e+01,9.300077679502163619e+01,8.069028372135528571e+01,-2.805408445005863963e-02,4.852412164907235592e+01,1.000690547332262031e+04,0.000000000000000000e+00,1.625586517181171985e+04
1.510499999999889154e+00,1.552454220372669980e+01,5.195747946250377503e-01,1.861480926210244968e-01,2.318847306249696150e-01,-1.917586095962560688e-01,3.571646197205340795e-02,-1.380076499727194914e+02,1.868184378241500667e+02,1.703973780892285959e+02,-2.830128464056017382e-02,4.909820550057936117e+01,1.064522448841339974e+04,0.000000000000000000e+00,1.624667633634112099e+04
1.515499999999888603e+00,1.552562137149891086e+01,5.187321543321937733e-01,1.862892414518410311e-01,2.055722471493222903e-01,-1.511418732372792617e-01,2.742112881562089668e-02,-1.063992048668669099e+02,4.587256275395829164e+01,1.669554796679117317e+02,-2.825596597630924273e-02,5.004817255957301114e+01,9.462415551578946179e+03,0.000000000000000000e+00,1.761721103493833289e+04
1.520499999999888052e+00,1.552659967677648645e+01,5.180687987528438398e-01,1.864046985233510645e-01,1.832623257646800730e-01,-1.170143663962194686e-01,1.800078472961398612e-02,-1.123324203670324550e+02,6.916474245253846220e+01,1.109408945547793905e+02,-2.798007436519895849e-02,5.137138931682228815e+01,9.863454201181219105e+03,0.000000000000000000e+00,1.802700666380996699e+04
1.525499999999887502e+00,1.552744828947366962e+01,5.175793614609799365e-01,1.864593781655413951e-01,1.801908184395391577e-01,-7.521616063808904407e-02,4.951609125687836052e-03,1.617352728832710795e+02,1.638397665842274762e+02,1.777509376440643791e+02,-2.804266490253540245e-02,5.280861214010255367e+01,9.883186950252771567e+03,0.000000000000000000e+00,1.733126232583308592e+04
1.530499999999886951e+00,1.552840050105973546e+01,5.173285157957852043e-01,1.864362889938420975e-01,1.665179092158444452e-01,-4.218355695726201671e-02,-1.642908219752484134e-02,-3.276541194077378805e+02,1.181046503064784901e+02,1.666534320392529480e+02,-2.823438708714748335e-02,5.485953535067871201e+01,1.125002163467706123e+04,0.000000000000000000e+00,1.889875485741628654e+04
1.535499999999886400e+00,1.552900398827413575e+01,5.171746246674100433e-01,1.863302909275118824e-01,8.682597712786817301e-02,-1.839756482825957717e-02,-2.172274813482358985e-02,-2.513516296796393021e+02,1.760069533936033395e+02,2.622268784334019074e+02,-2.812498404950595013e-02,5.647852622857519833e+01,1.213617961233219285e+04,0.000000000000000000e+00,1.895882640768816418e+04
1.540499999999885850e+00,1.552914016071777681e+01,5.170673510766183867e-01,1.862923407530840680e-01,-4.111158864852607064e-02,-3.045631511578919884e-02,6.249146110159427281e-03,-5.506622572361268340e+02,4.882820285655737536e+01,3.430235180038858971e+02,-2.823546543126203429e-02,5.781756847299130442e+01,1.280221580700661798e+04,0.000000000000000000e+00,1.923393386253860444e+04
1.545499999999885299e+00,1.552858321682224307e+01,5.168786956051477643e-01,1.863722841057359192e-01,-1.600889783586491588e-01,-3.826215610387198596e-02,2.151692918282023526e-02,-3.834486168260852992e+02,1.250379992948391461e+01,2.849854061029949435e+02,-2.852787842562112125e-02,5.828459102820139748e+01,1.329283871913206531e+04,0.000000000000000000e+00,1.930824325053701614e+04
1.550499999999884748e+00,1.552795914108928699e+01,5.168214153815841039e-01,1.864608542526610957e-01,-8.990648765362857509e-02,7.266428218902840422e-03,1.143804175502253183e-02,1.591058192885519702e+02,-1.453112102811710926e+01,9.493935940832102460e+01,-2.821961079015521123e-02,5.759047214862101782e+01,1.170318973169903074e+04,0.000000000000000000e+00,1.849684203140887985e+04
1.555499999999884198e+00,1.552762962702633942e+01,5.169257191040645960e-01,1.864632247254542352e-01,-6.021662496228357558e-02,2.907534324078708821e-02,-8.505489832885718485e-03,-2.651178993918829292e+02,5.405011306027911644e+01,1.153286575327305172e+02,-2.854235225781430463e-02,5.808228706073103353e+01,1.154094512558025235e+04,0.000000000000000000e+00,2.064437421381196691e+04
1.560499999999883647e+00,1.552716785537558941e+01,5.171330955810912178e-01,1.863854454217948875e-01,-1.082176195974466626e-01,5.740613636932270086e-02,-2.006728738372440951e-02,-6.834028179282211113e+01,1.556947153754668989e+02,2.096908653117745871e+02,-2.891093938348406056e-02,5.884347761286139900e+01,1.054804582001033668e+04,0.000000000000000000e+00,2.035267906360429697e+04
1.565499999999883096e+00,1.552660279192275894e+01,5.174853364874573147e-01,1.862771366833698983e-01,-1.129099715723208830e-01,7.522000157007227572e-02,-2.088894556961895868e-02,3.807741905192301601e+01,-6.350602122689672768e+01,1.327889658608136187e+02,-2.935122490842511853e-02,5.952300516293846755e+01,9.583420985674511030e+03,0.000000000000000000e+00,2.100076593240729198e+04
1.570499999999882546e+00,1.552607770254330610e+01,5.178378853113121405e-01,1.861763050084420945e-01,-9.683997297778453028e-02,6.495901406441433046e-02,-1.947583456478440764e-02,9.281645307972127057e+01,-9.738390761831624332e+01,1.440113141349886519e+02,-2.966581319462888514e-02,5.998153412946245311e+01,9.363349411523220624e+03,0.000000000000000000e+00,2.111789124536055533e+04
1.575499999999881995e+00,1.552565195511059848e+01,5.181159630453181508e-01,1.860852529364309393e-01,-7.310792657890276269e-02,4.746609555181360157e-02,-1.570477356083934545e-02,1.313857600161601908e+02,-9.096771468495990121e+01,1.730694339408639735e+02,-2.986982086882385493e-02,6.044696819880486061e+01,9.440679070428666819e+03,0.000000000000000000e+00,2.122005661095300457e+04
1.580499999999881444e+00,1.552529935969818098e+01,5.183285259192781380e-01,1.859759297937826072e-01,-6.329707354153650545e-02,3.702875530731047915e-02,-2.667894486742977342e-02,1.139041394201188382e+02,-7.859921221975525896e+00,2.133547639155996194e+02,-3.012093657005362676e-02,6.088231213685494225e+01,1.071923976705415589e+04,0.000000000000000000e+00,2.086451763700231095e+04
1.585499999999880893e+00,1.552508030514845672e+01,5.184269639362427684e-01,1.858473310335706785e-01,-3.436463616847731245e-02,2.883347595841309098e-03,-2.897658187821517198e-02,1.846821386339951232e+01,-1.840345603744593745e+02,-4.469738132692111776e+01,-3.041711163027186263e-02,6.109823860921657968e+01,8.960324425377000807e+03,0.000000000000000000e+00,2.118707076126924949e+04
1.590499999999880343e+00,1.552492814746367777e+01,5.183707417225211778e-01,1.856595551964488333e-01,-2.133196296869906486e-02,-1.990557171414103488e-02,-4.021144993043906241e-02,1.877566365830313089e+02,-8.157720123726832639e+00,3.088029772599493299e+02,-3.070372308776872852e-02,6.117289148786818487e+01,1.130007186019268738e+04,0.000000000000000000e+00,2.003645554632031781e+04
1.595499999999879792e+00,1.552491777478374324e+01,5.181703797173436987e-01,1.854694455875900982e-01,9.165361618697099103e-03,-5.542152299536268201e-02,-3.829507865786094950e-02,8.069168714566404788e+01,-6.536318974702166429e+01,1.870049516747884581e+02,-3.095896877123444427e-02,6.124188196107191828e+01,1.146671429330148567e+04,0.000000000000000000e+00,2.070811960021674167e+04
1.600499999999879241e+00,1.552505792519860428e+01,5.178524915955370345e-01,1.853089020261573794e-01,4.533418488334284985e-02,-7.298296692872753566e-02,-2.737087159190648364e-02,2.753213180766745722e+02,-1.636744263461303035e+02,2.380834925566125548e+02,-3.123521607010471338e-02,6.127530168605894545e+01,1.113617132792849225e+04,0.000000000000000000e+00,2.164342920501727349e+04
1.605499999999878691e+00,1.552538957566919464e+01,5.174707753823207801e-01,1.852148659860008706e-01,8.186326905054641667e-02,-7.810778766627148040e-02,-1.046961105519250354e-02,1.170925997313091216e+02,1.813358615650429329e+00,2.960765791549150663e+02,-3.149936519190065648e-02,6.134880832347788981e+01,1.242722097184558334e+04,0.000000000000000000e+00,2.146333289595505630e+04
1.610499999999878140e+00,1.552585261103475922e+01,5.170520183534776937e-01,1.851762029136222176e-01,1.025758391189021679e-01,-8.798819267357614604e-02,-4.606657805353710916e-03,2.425418961681543806e+00,4.304242899017267376e+01,1.517335317418063596e+02,-3.176232697170038033e-02,6.153696036654109491e+01,1.284525343547904049e+04,0.000000000000000000e+00,2.190503304875920730e+04
1.615499999999877589e+00,1.552639652171809104e+01,5.165709297176425130e-01,1.851689346855819041e-01,1.205726696352945881e-01,-1.072272679863286171e-01,5.227778173266491198e-03,1.872770622902689297e+02,-2.230074412418796896e+02,2.145279769398646295e+02,-3.208307068492253361e-02,6.181206886257802324e+01,1.171321437368148509e+04,0.000000000000000000e+00,2.182600539173171637e+04
1.620499999999877039e+00,1.552702384596337737e+01,5.159966670010246448e-01,1.851922599252321666e-01,1.375196098801921007e-01,-1.200295991546232871e-01,7.297444607424649794e-03,1.271801468603890726e+02,-4.009012933405566059e+01,2.732618851272223992e+02,-3.247637970636704785e-02,6.239005349629018582e+01,1.311944504895753926e+04,0.000000000000000000e+00,2.171009411952760274e+04
1.625499999999876488e+00,1.552772390364113875e+01,5.153658922953073818e-01,1.851919697191510839e-01,1.442549070766787622e-01,-1.339518120405563395e-01,-4.580261399263065719e-03,1.211565276499034667e+02,-1.883680868427549910e+02,1.353443223171536829e+02,-3.292821599371642538e-02,6.320806667731246620e+01,1.233834678847298710e+04,0.000000000000000000e+00,2.185872367834482066e+04
1.630499999999875937e+00,1.552845755533328820e+01,5.146961901136730688e-01,1.851588395898955963e-01,1.481436394685659019e-01,-1.322085022411819411e-01,-6.336150317385222733e-03,-6.978403035937310506e+01,5.199421289252819633e+01,1.316391102969303688e+02,-3.337604877121547881e-02,6.407946151779731281e+01,1.366894513913629635e+04,0.000000000000000000e+00,2.183716907895441182e+04
1.635499999999875387e+00,1.552917812790002117e+01,5.140430656724880309e-01,1.851110809240529009e-01,1.401898169253054383e-01,-1.275027601673469624e-01,-1.102396338136511778e-02,-1.114803478815684912e+02,7.652650663584802260e+01,1.304573137957244739e+02,-3.385906511742398095e-02,6.490551441551487244e+01,1.397743237075852812e+04,0.000000000000000000e+00,2.230513751852173300e+04
1.640499999999874836e+00,1.552986220647053628e+01,5.134102906497227670e-01,1.850279175309285096e-01,1.369821743499285149e-01,-1.240629935267361372e-01,-1.825590146272345130e-02,4.258844921912213977e+00,-2.423765369169240103e+01,2.157115063547330180e+02,-3.434255377053217068e-02,6.571247099603473885e+01,1.447511831438814988e+04,0.000000000000000000e+00,2.336857176235778024e+04
1.645499999999874285e+00,1.553049981056350859e+01,5.128146238834704329e-01,1.849167107683988287e-01,1.149090939631854380e-01,-1.144134618141613713e-01,-2.825918602653453016e-02,-1.523203937835431816e+02,-5.169682488379635288e+01,4.996799806778335551e+01,-3.479466484584909508e-02,6.655200157774891068e+01,1.499591341107430526e+04,0.000000000000000000e+00,2.309137322136722287e+04
1.650499999999873735e+00,1.553097938368186703e+01,5.122601048776893595e-01,1.847296772163037892e-01,7.825842593299302263e-02,-1.085930124908505573e-01,-4.336534114539405960e-02,-1.762197816595431732e+02,1.160003830640279716e+02,1.427220663513345755e+02,-3.528860346912277013e-02,6.745028395409593713e+01,1.488078759633089430e+04,0.000000000000000000e+00,2.427694526793067416e+04
1.655499999999873184e+00,1.553129886727336917e+01,5.117218936475538271e-01,1.844843341023983396e-01,4.578066496423156828e-02,-1.025782356798032730e-01,-6.227117531217139790e-02,-1.024992896496655703e+02,7.734665245027173341e+00,2.808213285878889565e+01,-3.580048307701870491e-02,6.829575396141551380e+01,1.569168290533797699e+04,0.000000000000000000e+00,2.335856718984038525e+04
1.660499999999872633e+00,1.553144406403331068e+01,5.111833400091178037e-01,1.840911948295795575e-01,1.545080971258040378e-02,-1.099306737074509099e-01,-9.243663979882758841e-02,-2.998928314186514399e+01,-5.244200723037181433e+01,4.547131835311039083e+01,-3.635686597347058402e-02,6.908538560430507403e+01,1.486272645689621459e+04,0.000000000000000000e+00,2.433124079718446956e+04
1.665499999999872083e+00,1.553155787979041946e+01,5.106403963671364288e-01,1.835928953872283387e-01,3.687775272595920223e-02,-1.138174894444048679e-01,-1.014929886663711728e-01,1.653436134613505146e+02,-1.445624430813940080e+02,2.033097001107115602e+02,-3.692873078395095265e-02,6.972694347912151613e+01,1.410940795053093098e+04,0.000000000000000000e+00,2.531449005305337050e+04
1.670499999999871532e+00,1.553180047092862814e+01,5.100453650432058561e-01,1.830674979449184170e-01,5.453343840096855355e-02,-1.182605148113632793e-01,-1.052227025499248569e-01,8.355648170415520326e+00,1.143064406931353005e+02,2.630575621592010407e+02,-3.738922477473743955e-02,7.059621429358382727e+01,1.543927669323889859e+04,0.000000000000000000e+00,2.612944961113493264e+04
1.675499999999870981e+00,1.553208821768375358e+01,5.094697870975722909e-01,1.825724579212684717e-01,5.863363623811648773e-02,-1.142277358204914356e-01,-9.653518449251459466e-02,1.409757072466334193e+01,-2.857986372785228468e+01,1.618120166674595168e+02,-3.781592235279939568e-02,7.152721147960745895e+01,1.527175214513808169e+04,0.000000000000000000e+00,2.634265611427159092e+04
1.680499999999870431e+00,1.553240629173701137e+01,5.088608941516913342e-01,1.820996257718728306e-01,6.963192728708537949e-02,-1.260697363389541581e-01,-9.244422629157598992e-02,9.325488228087749576e+00,5.159672061707789226e+01,2.423433799133799766e+02,-3.823984146374436593e-02,7.257439437623706624e+01,1.694493509407209422e+04,0.000000000000000000e+00,2.623901463539330507e+04
1.685499999999869880e+00,1.553281399599695511e+01,5.081973944685165279e-01,1.816520037288718858e-01,9.363185134889705219e-02,-1.384512819949687001e-01,-8.981431987963811592e-02,1.867788086118623596e+02,-1.030809658701326157e+02,1.044411149190913761e+02,-3.865957496565892298e-02,7.357095592302160014e+01,1.573253772309921260e+04,0.000000000000000000e+00,2.688140847152186689e+04
1.690499999999869329e+00,1.553332311216884953e+01,5.073599157657018299e-01,1.811245275043784630e-01,1.092053497908865300e-01,-1.883929672947226852e-01,-1.180474216204899368e-01,1.684553527045572423e+02,-1.334686475790908844e+01,1.397329913530290924e+02,-3.909946691184885970e-02,7.495278542688022583e+01,1.682524496323900894e+04,0.000000000000000000e+00,2.638281861596924864e+04
1.695499999999868779e+00,1.553396635700965689e+01,5.063181830253544735e-01,1.805345348685608309e-01,1.390844920489790471e-01,-2.303199024785691773e-01,-1.136643749872687653e-01,6.405444016060641843e+01,-1.054415276068444882e+02,2.392089348381275613e+02,-3.963554432725487076e-02,7.628142109059955089e+01,1.706058915356839861e+04,0.000000000000000000e+00,2.692556291741522364e+04
1.700499999999868228e+00,1.553473117692500693e+01,5.050477583863259845e-01,1.800097774070605061e-01,1.672362094081762951e-01,-2.769468555642671248e-01,-9.992489959074041250e-02,8.530278627560960558e+01,-4.474560076177363044e+02,1.630500077203337241e+02,-4.040715439934695202e-02,7.816811954904187587e+01,1.596952483229332029e+04,0.000000000000000000e+00,2.796406603311520666e+04
1.705499999999867677e+00,1.553563367955138830e+01,5.035340039963877024e-01,1.795232428616997666e-01,1.948819602506846049e-01,-3.160097988770005362e-01,-9.532534578681640947e-02,3.118928995019218746e+02,-2.357337740502061365e+02,1.089138033372264545e+02,-4.130762792799654026e-02,8.069621679012213633e+01,1.562502854088668391e+04,0.000000000000000000e+00,2.888604902773219146e+04
1.710499999999867127e+00,1.553664614457540871e+01,5.018855868113650809e-01,1.790685251155286484e-01,2.107579513040707120e-01,-3.319386911195890688e-01,-9.072026245433377489e-02,2.007695654194709505e+02,1.631733893023289284e+02,1.819507475286321210e+02,-4.226106160741113088e-02,8.351011673528397239e+01,1.883218280998608680e+04,0.000000000000000000e+00,2.892521410354176260e+04
1.715499999999866576e+00,1.553779270918336586e+01,5.001471833053302563e-01,1.786606718114821524e-01,2.508364191118985231e-01,-3.669311519744998806e-01,-7.486897100562525664e-02,3.502187393276002467e+02,-3.049028819057606370e+02,1.364608492560190598e+02,-4.329166145990035602e-02,8.677015533982240925e+01,1.785797130432345875e+04,0.000000000000000000e+00,2.955968757388565427e+04
1.720499999999866025e+00,1.553881581085741281e+01,4.979105659453371691e-01,1.784039773684188979e-01,1.109171005844392238e-01,-5.319965771016362810e-01,-1.289670869346098286e-02,-5.943801674581975476e+02,-6.295878364545112618e+02,2.605661116187322932e+02,-4.517987039890769552e-02,9.133950937999264852e+01,1.888676387326868644e+04,0.000000000000000000e+00,2.704587361226635403e+04
1.725499999999865475e+00,1.553906934496266778e+01,4.950651518211326985e-01,1.784021683340822062e-01,6.344846336258554154e-02,-5.276478129791662974e-01,8.624718406286837474e-03,7.022555063109886078e+02,1.020175355856760461e+03,6.996427427344889338e+02,-4.525064648629414238e-02,9.175095418171720496e+01,1.735551336559218907e+04,0.000000000000000000e+00,3.154956015836361985e+04
1.730499999999864924e+00,1.553972618703727804e+01,4.929371493247602376e-01,1.785403393879022027e-01,1.697348556686250065e-01,-3.537247722537155692e-01,4.038262360685183905e-02,1.259563449301288074e+02,6.496507466577763807e+02,4.010160683477345174e+02,-4.455191119070485428e-02,8.908852848192090335e+01,1.783486342269351735e+04,0.000000000000000000e+00,3.077827633734727715e+04
1.735499999999864373e+00,1.554068145860103201e+01,4.915232042162363535e-01,1.787575284948275389e-01,2.005192844397724328e-01,-2.300906253645367272e-01,4.217390956056898954e-02,2.435370797783741637e+01,3.548587567135757581e+02,2.609552246292378186e+02,-4.444256036010451466e-02,8.893872003500284507e+01,1.835613902572092775e+04,0.000000000000000000e+00,3.138861508785294791e+04
1.740499999999863823e+00,1.554131991173372285e+01,4.905145103645605631e-01,1.790504037108161250e-01,7.462671704447110255e-02,-1.911853342675211287e-01,6.533490935225634566e-02,-3.516368057393789286e+02,-3.515218248222595321e+02,-2.699053955639328706e+00,-4.524550783717990604e-02,8.876398163630339866e+01,2.082711527381870110e+04,0.000000000000000000e+00,3.235677256806753576e+04
1.745499999999863272e+00,1.554153125568780958e+01,4.894282854209389133e-01,1.793148159720786838e-01,1.539235705873514756e-02,-2.321361164136482580e-01,4.260077763191113392e-02,-2.833196898287292242e+02,-1.505593523911525438e+02,8.482943302694184240e+01,-4.454266092485947848e-02,8.860979809294452991e+01,2.064545122600985269e+04,0.000000000000000000e+00,3.297585452027043357e+04
1.750499999999862721e+00,1.554152915502945653e+01,4.882718542135925932e-01,1.794942097000661041e-01,-1.350180491224419951e-02,-2.252478555330105492e-01,3.107433354312415241e-02,-2.619495864894105353e+02,-5.771271260108498780e+00,7.070016762651061981e+01,-4.469336460919050291e-02,8.836036492058963177e+01,2.092224339483810400e+04,0.000000000000000000e+00,3.326157393242178659e+04
1.755499999999862171e+00,1.554141681148534815e+01,4.873634877174636282e-01,1.796294768596656821e-01,1.192705698387894891e-03,-1.414643047223901606e-01,1.903672738461332711e-02,1.331109873957771015e+02,1.283302750776437762e+01,5.646227376704814560e+01,-4.444168233355073883e-02,8.786717928988247195e+01,1.564050077560983846e+04,0.000000000000000000e+00,3.114455647938978655e+04
1.760499999999861620e+00,1.554139868873824248e+01,4.867931947795993142e-01,1.796619688949380178e-01,-6.645725239818976726e-02,-9.743634593084325723e-02,-3.227828025119803667e-03,-8.635712456939054391e+02,-2.296712280784886389e+02,-3.699484711639537409e+02,-4.454342651505335121e-02,8.777552524688950086e+01,2.343001455424461165e+04,0.000000000000000000e+00,2.833101815525921847e+04
1.765499999999861069e+00,1.554074905468591794e+01,4.861127168689402533e-01,1.794740959381249668e-01,-1.687919566492094015e-01,-1.580253360600727686e-01,-3.957440519767890102e-02,-3.136293376709425047e+02,-1.199775970421966207e+02,2.772946570209899164e+02,-4.419663590435653211e-02,8.753480743836792044e+01,2.085273647749130396e+04,0.000000000000000000e+00,3.295014995347323566e+04
1.770499999999860519e+00,1.553986360443731485e+01,4.853273482225564095e-01,1.792811182698754446e-01,-1.549953182250524142e-01,-1.462877957668377304e-01,-4.449913793213353813e-02,1.242591417442849888e+02,3.197830503044453110e+01,1.950644783845693837e+02,-4.377195957685529881e-02,8.687642449687139390e+01,1.585172066658812582e+04,0.000000000000000000e+00,3.072535375939927690e+04
1.775499999999859968e+00,1.553883314238575686e+01,4.845423827794483329e-01,1.790930173098532474e-01,-2.420499125935062779e-01,-1.928791813679068268e-01,-3.331198360322931012e-02,-3.729841185110847164e+02,-3.411541939048983068e+02,2.338291515661339872e+02,-4.334884361057533136e-02,8.602130027821628744e+01,1.961288601099853258e+04,0.000000000000000000e+00,3.423814650753253954e+04
1.780499999999859417e+00,1.553764737276173769e+01,4.835392527138036578e-01,1.789136428255763134e-01,-2.063613846371886162e-01,-1.850784162328851790e-01,-3.679476119402413231e-02,-3.902600031625024712e+01,1.174515350862035348e+02,2.543205168838685495e+02,-4.280786491176394315e-02,8.453772312103254194e+01,1.840512234478275786e+04,0.000000000000000000e+00,3.593423108565915027e+04
1.785499999999858867e+00,1.553665685990190681e+01,4.826316654413972951e-01,1.788101616833289165e-01,-1.617949953442960054e-01,-1.693648196859231791e-01,-1.672073844412241481e-02,5.869299375337101310e+02,1.408196344757823226e+01,2.651116480749237780e+01,-4.222848285800785695e-02,8.311295500088186827e+01,1.610992232961489026e+04,0.000000000000000000e+00,3.393338646484813216e+04
1.790499999999858316e+00,1.553601359278382965e+01,4.818338238343644608e-01,1.787359790295028894e-01,-1.113334849616259975e-01,-1.643961473005209895e-01,-1.176784734750899349e-02,-1.912793846329782355e+01,-1.141750274417958053e+02,2.370776714257063986e+02,-4.190171712822492872e-02,8.247488729416582487e+01,1.777411423087807270e+04,0.000000000000000000e+00,3.666250941107307881e+04
1.795499999999857765e+00,1.553567544070877382e+01,4.810657476913676178e-01,1.786590903564267974e-01,-2.944288250481870081e-02,-1.245518213333293156e-01,-2.543494200143621084e-02,1.218827039640611929e+02,3.395288921448415067e+02,1.256806635440974560e+02,-4.151663578603211752e-02,8.238816777844392902e+01,1.754357446451017677e+04,0.000000000000000000e+00,3.717353983309688192e+04
1.800499999999857215e+00,1.553558562857550385e+01,4.805582754534337697e-01,1.784977876476040726e-01,-1.010154746441577732e-02,-9.024756057490593286e-02,-3.842295969974172248e-02,1.037979588548205356e+02,1.612079765438315917e+02,1.611268231961914807e+02,-4.133355282493741956e-02,8.261318461791594814e+01,1.650109525466586274e+04,0.000000000000000000e+00,3.726027425338759349e+04
1.805499999999856664e+00,1.553559157658088985e+01,4.801546867038316013e-01,1.782899385937530556e-01,1.054966114768382535e-02,-7.475570500495293258e-02,-4.159936765633404782e-02,9.943602829965777801e+01,8.646385866326863834e+01,2.117435985114891537e+02,-4.126533693792752699e-02,8.276529168789230084e+01,1.692434470479876472e+04,0.000000000000000000e+00,3.742644768927784025e+04
1.810499999999856113e+00,1.553566390959756482e+01,4.797763551681731298e-01,1.781003220166861856e-01,1.713416295340381562e-02,-6.961047732715930358e-02,-3.422882399255368358e-02,-6.442592270309319247e+01,6.194159796453539002e+01,2.259505313590010473e+02,-4.100301041706419514e-02,8.300998840352953323e+01,1.808243386528712654e+04,0.000000000000000000e+00,3.781796601914324128e+04
1.815499999999855563e+00,1.553573581514913293e+01,4.794789606491664524e-01,1.779460817830280928e-01,6.538001670559548742e-03,-5.163388060007832042e-02,-3.014328876669658888e-02,-1.080005020925141253e+02,7.046365906660605560e+01,2.275117171194364118e+02,-4.099296831573461669e-02,8.337715957735281336e+01,1.869198773838815760e+04,0.000000000000000000e+00,3.821581878074027918e+04
1.820499999999855012e+00,1.553571796309773489e+01,4.792540387509426902e-01,1.778085415024825144e-01,-1.590769741376940258e-02,-3.681532604635406186e-02,-2.612639133773666383e-02,-1.001859070125990456e+02,8.740533043049890694e+01,2.237273907774051622e+02,-4.091639410280242112e-02,8.376695190650482914e+01,1.848229021062070751e+04,0.000000000000000000e+00,3.849230185148688906e+04
1.825499999999854461e+00,1.553556491335250023e+01,4.791365853028500266e-01,1.776750522359051288e-01,-4.219657369803520713e-02,-1.536203325393978303e-02,-2.750045988491223170e-02,-1.402825435777024268e+02,-9.806955734720418150e+00,1.994369508791768340e+02,-4.084085839572575150e-02,8.402846341784814399e+01,1.887816390862742992e+04,0.000000000000000000e+00,3.951080830455966498e+04
1.830499999999853911e+00,1.553530982839190777e+01,4.791235248238914224e-01,1.775552479191487010e-01,-5.880951665874654261e-02,7.456843864406016709e-03,-2.379632840080314962e-02,-8.834517077179452826e+01,5.123197429827030192e+01,1.792334160634859472e+02,-4.168501164713566548e-02,8.419291346826156541e+01,1.756510155651647437e+04,0.000000000000000000e+00,4.063285806190567382e+04
1.835499999999853360e+00,1.553514101350354970e+01,4.791781471813145732e-01,1.774438152168235638e-01,1.250398745418271167e-03,1.175504916871146152e-02,-2.287373074304551931e-02,-3.958702511066769603e+01,4.570570361956265515e+01,2.189052996523253114e+02,-4.281965196004645924e-02,8.427069275290986639e+01,1.672715639642045790e+04,0.000000000000000000e+00,4.109630033046516473e+04
1.840499999999852809e+00,1.553510897203848806e+01,4.792503518647457383e-01,1.773546495880340135e-01,-1.222304461745042301e-02,1.729635471859477733e-02,-1.577245982125755411e-02,-7.251975524845306609e+00,2.145475601673433630e+01,2.130702716540275787e+02,-4.342974044778367265e-02,8.448952510484930656e+01,1.722941205420705228e+04,0.000000000000000000e+00,4.026576500811919686e+04
1.845499999999852259e+00,1.553505876073444725e+01,4.793422844091279056e-01,1.772898707660338358e-01,-5.857592228098302406e-03,1.790999580507710021e-02,-1.031474281864282715e-02,4.974317879181114677e+01,2.052036024769415690e+01,1.992892522537483728e+02,-4.373888626985460854e-02,8.432411718679360035e+01,1.761386175062093025e+04,0.000000000000000000e+00,4.010621253675514890e+04
1.850499999999851708e+00,1.553505321858102128e+01,4.794246703053691716e-01,1.772451073273487721e-01,2.152253922477441461e-03,1.469514509325153470e-02,-7.730823781363986916e-03,4.565783992285332715e+00,-1.777520829051979945e+01,1.511569324266213243e+02,-4.383881600420286295e-02,8.358919770681318084e+01,1.833964195540504807e+04,0.000000000000000000e+00,4.032028729038971505e+04
1.855499999999851157e+00,1.553504734489194128e+01,4.794882195972502981e-01,1.771995399906609314e-01,-5.206314929084807433e-03,1.202519771537366618e-02,-1.072253286662740689e-02,-2.509097669986954315e+01,2.965411871177479952e+00,1.989864256587392219e+02,-4.385838274503247453e-02,8.277318336863639558e+01,1.733063647930793013e+04,0.000000000000000000e+00,4.034201486142523936e+04
1.860499999999850607e+00,1.553502729585481745e+01,4.795495500580653214e-01,1.771494282208247451e-01,-1.163353089849225933e-03,1.206446439997286256e-02,-9.197431491003578777e-03,1.888784641267227471e+01,-5.784973773102365158e+00,1.723776581504614569e+02,-4.387621600171674047e-02,8.205889320648412877e+01,1.814009452556833276e+04,0.000000000000000000e+00,4.046973560850534705e+04
1.865499999999850056e+00,1.553497953733507764e+01,4.796196928749082433e-01,1.770788954622770084e-01,-2.863453501237452417e-02,1.488390736508278869e-02,-2.361509027083913762e-02,-2.705123482914781334e+02,-2.927669018486392361e+01,8.475976613835121043e+01,-4.386973293533420054e-02,8.135274563220960431e+01,1.815252489809547478e+04,0.000000000000000000e+00,4.053708396369339607e+04
1.870499999999849505e+00,1.553480429082796910e+01,4.796476332090598982e-01,1.770009780890442197e-01,-2.989454236111273311e-02,-5.400056075420750024e-04,-5.291307725089728145e-03,1.207955788891869133e+02,2.853145108549870201e+01,1.668004871101307458e+02,-4.418850790321623978e-02,8.078252719551396410e+01,1.857626639674582475e+04,0.000000000000000000e+00,4.071772281759953330e+04
1.875499999999848955e+00,1.553470051294949528e+01,4.796800111504933017e-01,1.769617156381457224e-01,-1.558245912133158009e-02,1.108462620313660843e-02,-9.609617285355790198e-03,1.386617528363626661e+01,3.340355357954013016e+01,1.851643565946359331e+02,-4.432324762817900499e-02,8.000228208487830273e+01,1.915209213538057156e+04,0.000000000000000000e+00,4.066648473969487532e+04
1.880499999999848404e+00,1.553460199209866666e+01,4.797575880434832296e-01,1.768976429832285757e-01,-3.249285977949848553e-02,2.005741916060996277e-02,-1.931606190156705607e-02,-2.803913542950821238e+02,4.101025936578980691e+01,8.302098295863572730e+01,-4.440587053646026516e-02,7.937362539042261744e+01,1.971479096584727813e+04,0.000000000000000000e+00,4.167629622081917478e+04
1.885499999999847853e+00,1.553443919396004880e+01,4.798534577309844229e-01,1.768183985034734451e-01,-3.153841125126447681e-02,1.810608132009586257e-02,-1.253322954539487152e-02,3.224847837389108918e+01,1.546232612089454506e+01,1.838919508874471944e+02,-4.458067623862704831e-02,7.884534574196437973e+01,1.951211309376764984e+04,0.000000000000000000e+00,4.122760393243096041e+04
1.890499999999847303e+00,1.553435354942461366e+01,4.799093548758029404e-01,1.767589859836161403e-01,-1.268509729814367576e-02,9.186532600963106393e-03,-1.447047007850162104e-02,2.967434257236845951e+00,-3.061810590770858198e+01,1.639165743448967874e+02,-4.468982597861242273e-02,7.817116736551389522e+01,1.942885868061801375e+04,0.000000000000000000e+00,4.127812606927011075e+04
1.895499999999846752e+00,1.553429708341568727e+01,4.799395013054049697e-01,1.766710818763520541e-01,5.844473885478607307e-03,-1.281554806365611994e-04,-1.422380702786795251e-02,2.168980885443182842e+02,2.173232769406422449e+01,2.141486013340020804e+02,-4.491975101302922435e-02,7.755372544291961390e+01,1.813508206906211853e+04,0.000000000000000000e+00,4.178832451286066498e+04
1.900499999999846201e+00,1.553432279506226266e+01,4.799178835709917990e-01,1.766051854339922011e-01,1.264491330102555499e-03,-1.172271832582334750e-02,-9.098497410253245099e-03,1.728881151996260996e+02,7.528890083421447343e+01,2.043522173585882911e+02,-4.516315114965271243e-02,7.675958469117166771e+01,1.798051952882688056e+04,0.000000000000000000e+00,4.226984624318783608e+04
1.905499999999845651e+00,1.553431285882725987e+01,4.799043996295747627e-01,1.765347278685636401e-01,1.709658268228904984e-03,3.217331323949893310e-03,-1.426434814443422461e-02,-1.057912270973105251e+02,-1.315584440742782135e+01,1.914305680071050233e+02,-4.549809847479281688e-02,7.595631871103078936e+01,1.883008698919930612e+04,0.000000000000000000e+00,4.225937242861020059e+04
1.910499999999845100e+00,1.553427428563969315e+01,4.799473650910673905e-01,1.764271336282885738e-01,-1.760898263917755682e-02,1.124252718601510305e-02,-2.783250226340239913e-02,-3.623988876651391138e+02,-7.841029392335201464e+00,1.050375375670359404e+02,-4.582740135918319385e-02,7.531958097536951868e+01,2.057017801360062731e+04,0.000000000000000000e+00,4.211769892197316949e+04
1.915499999999844549e+00,1.553417176742726546e+01,4.799676432761186273e-01,1.762923714615693416e-01,-1.907804260746789535e-02,6.598506244864769596e-03,-2.880667407442569911e-02,1.203542695178578015e+02,3.323477222908559270e+01,1.597234162506884445e+02,-4.619804540011469840e-02,7.460953272625089028e+01,1.900190043106612939e+04,0.000000000000000000e+00,4.404069896620225336e+04
1.920499999999843999e+00,1.553404177513538542e+01,4.800308442643798634e-01,1.761272290119557382e-01,-3.013714426088073828e-02,1.637843893015268962e-02,-3.590894476685262821e-02,1.397351178890086203e+02,5.440799421104577505e+01,1.703130032746600762e+02,-4.645392892819231317e-02,7.394889338333362616e+01,1.981552910710737706e+04,0.000000000000000000e+00,4.471087178511143429e+04
1.925499999999843448e+00,1.553387107674634038e+01,4.800876548206528538e-01,1.759575831576391247e-01,-3.764631560465981491e-02,1.457192231437154026e-02,-3.259386301689792126e-02,-6.195578168698125410e+01,4.327983659671531314e+01,2.314586518672775810e+02,-4.671418746577284120e-02,7.339369810314657627e+01,1.873150655191296391e+04,0.000000000000000000e+00,4.358418502858199645e+04
1.930499999999842897e+00,1.553367257328946316e+01,4.801639602125576944e-01,1.758035511128245576e-01,-4.213281854759808737e-02,1.200156193505376272e-02,-2.723057174413040862e-02,-5.645315713378522560e+00,6.691912832562252333e+00,1.741466529304679511e+02,-4.688622995531410709e-02,7.298385358673873213e+01,2.037671817917523367e+04,0.000000000000000000e+00,4.482536702332392451e+04
1.935499999999842347e+00,1.553346263712838216e+01,4.802436094140194456e-01,1.756694949473021627e-01,-4.042015641946032634e-02,1.829258021998932116e-02,-2.500942991508360927e-02,6.697594718745983755e+01,1.277382290499895134e+01,2.273147517423908255e+02,-4.701955490263954457e-02,7.258502924491045860e+01,1.806662591293907462e+04,0.000000000000000000e+00,4.326476160124193848e+04
1.940499999999841796e+00,1.553326391314065980e+01,4.803351555238384862e-01,1.755491150391407795e-01,-3.500254893906726977e-02,1.358894943105926588e-02,-2.110072978859460491e-02,1.104804237881626250e+02,-1.772728740756039088e+02,2.227408649208954898e+02,-4.715513528432759699e-02,7.231096410926701878e+01,2.175339056542746766e+04,0.000000000000000000e+00,4.520212035479932092e+04
1.945499999999841245e+00,1.553307673276381529e+01,4.804218284084511570e-01,1.754553543229897261e-01,-3.423542416191973498e-02,1.988542516851279224e-02,-1.941404262347031645e-02,8.925283686805306615e+01,-4.726941564352415526e+01,1.456863713773354618e+02,-4.730942791148116250e-02,7.197159962766433239e+01,1.991654669628792908e+04,0.000000000000000000e+00,4.467254300860752846e+04
1.950499999999840695e+00,1.553296544359767672e+01,4.805512389026946329e-01,1.753310904949329507e-01,-1.574008375559910258e-02,2.733553413796074166e-02,-2.670969319606301962e-02,5.907592590387145037e+01,-5.847456041293145290e+01,1.609544302897001558e+02,-4.745599247148967609e-02,7.189065812477825546e+01,2.089128359453138546e+04,0.000000000000000000e+00,4.429125808987216442e+04
1.955499999999840144e+00,1.553286811493812714e+01,4.806521010918977099e-01,1.752309467927793685e-01,-1.821770232655374813e-02,1.294003336678594025e-02,-1.562738392208959382e-02,9.451836982262005904e+01,-5.521026267036825175e+01,1.254428625997837230e+02,-4.760826620435434225e-02,7.192415927718455748e+01,2.117054831597371594e+04,0.000000000000000000e+00,4.456125559125845029e+04
1.960499999999839593e+00,1.553278778920563852e+01,4.807242288169811806e-01,1.751434752064229272e-01,-1.107623905038056591e-02,1.092630575412390295e-02,-1.763528835993965344e-02,1.177576985993346170e+02,-1.263589159767371370e+02,1.415949363407014800e+02,-4.773612025190473312e-02,7.188591592713441969e+01,2.013689883821494732e+04,0.000000000000000000e+00,4.584110094620734162e+04
1.965499999999839043e+00,1.553276811633048737e+01,4.807209149204564325e-01,1.751014396913838367e-01,-3.231891123002227084e-03,4.806855355833829918e-04,-1.054949912524646635e-02,4.169598385766363435e+01,3.507819075446423085e+01,2.070517711367054687e+02,-4.761958721942786965e-02,7.179370915323019631e+01,1.886623197208724014e+04,0.000000000000000000e+00,4.453731481785963842e+04
1.970499999999838492e+00,1.553274393148190136e+01,4.807403405150543763e-01,1.750417203146422129e-01,-8.646405408732318193e-03,7.972393391217786826e-03,-1.289737859554977023e-02,-3.391840757091057412e+01,6.379320053187558415e+01,2.361085747173478921e+02,-4.754226039953617783e-02,7.172765326301843913e+01,1.977208312066349026e+04,0.000000000000000000e+00,4.434847457357044186e+04
1.975499999999837941e+00,1.553270901357920231e+01,4.807717823543101732e-01,1.749699008371027875e-01,-1.131123138030814927e-02,7.015041165414140356e-03,-1.830765040316440981e-02,-5.151250483479958575e+01,5.377552454525880421e+01,2.092525899250420025e+02,-4.756317714074007053e-02,7.168030938152277542e+01,2.016948313990826136e+04,0.000000000000000000e+00,4.458880238960649149e+04
1.980499999999837391e+00,1.553266670417797535e+01,4.807947902813652363e-01,1.748697188496741994e-01,-5.883456934850963584e-03,-1.043360467005740406e-03,-2.335812089789949392e-02,-7.411706748808632028e+01,6.576484867041892812e+01,1.527284590440316094e+02,-4.758066648494359285e-02,7.173445436141217613e+01,2.247567453409849259e+04,0.000000000000000000e+00,4.574480712371881964e+04
1.985499999999836840e+00,1.553263338778253555e+01,4.808146697999423069e-01,1.747307655793316206e-01,2.345386659897860833e-03,3.477055475567881245e-03,-3.094145407816494345e-02,-4.890575146860214772e+01,-1.125021198312293791e+02,2.227256498839457208e+02,-4.769836215126706941e-02,7.177980197106462867e+01,2.333387235303378111e+04,0.000000000000000000e+00,4.657284235353393888e+04
1.990499999999836289e+00,1.553265212897100334e+01,4.807728184411213523e-01,1.746079375004077894e-01,2.534519064293006083e-03,-4.686294263173425463e-03,-2.758151241160974876e-02,-1.065530400500807673e+02,7.483043520052120812e+01,1.409453254487879690e+02,-4.768098024707717597e-02,7.185940115243673176e+01,2.253643826029800402e+04,0.000000000000000000e+00,4.578763563857205008e+04
1.995499999999835739e+00,1.553261687844875283e+01,4.807704526641441989e-01,1.744567545755028037e-01,-1.215610721178351887e-02,-3.402245769909949084e-03,-3.067570808332702181e-02,-1.033415176647400813e+01,-1.446052920330868687e+02,2.159449725864267009e+02,-4.770426371447294284e-02,7.195976053060405775e+01,2.316341506025044873e+04,0.000000000000000000e+00,4.698693633271474391e+04
2.000499999999835410e+00,1.553256134022108270e+01,4.807295091047901203e-01,1.743356841850101646e-01,-1.263744529224336381e-02,-3.737760356134892971e-03,-2.312901253470756383e-02,-5.361547721784739906e+01,3.827201646553390901e+01,1.529134439527418579e+02,-4.770025763166346050e-02,7.169495554086196876e+01,2.255863041136398897e+04,0.000000000000000000e+00,4.618068674766860204e+04
2.005499999999837080e+00,1.553252662186406674e+01,4.807257497099732269e-01,1.742029460479059266e-01,8.780841846715016843e-03,-5.905072109526434722e-04,-2.349834770104771223e-02,1.953750795127990614e+01,-6.269804243823216439e+00,2.224427140693092042e+02,-4.772625664976522242e-02,7.166257696759073781e+01,1.877106851206978536e+04,0.000000000000000000e+00,4.656810652747245331e+04
2.010499999999838749e+00,1.553252898863753728e+01,4.807063882771687724e-01,1.740887486768530612e-01,2.168417382269551257e-03,-9.203123796983741708e-03,-1.752744094326665752e-02,8.806037660543381662e+01,-5.328576477165313463e+01,1.641854430215763330e+02,-4.773375601506372329e-02,7.183653896055733412e+01,2.151288931313012654e+04,0.000000000000000000e+00,4.742679212326163542e+04
2.015499999999840419e+00,1.553251834014020183e+01,4.806629219387592022e-01,1.740091959631564766e-01,-3.176573254032945097e-03,-5.937952952738841626e-03,-1.470309338564342559e-02,-5.413716086144512474e+01,7.363783140815405659e+01,2.379074435891020300e+02,-4.774938872291939473e-02,7.174003325373318773e+01,2.026196069941013047e+04,0.000000000000000000e+00,4.585796377838504122e+04
2.020499999999842089e+00,1.553250975023999203e+01,4.806374872278652011e-01,1.739449125540933616e-01,1.053306758538290205e-04,-4.971964078756433390e-03,-1.084495917697462022e-02,-5.899525879324681910e+01,6.569301686822302599e+01,2.356186842283665897e+02,-4.777702248798190721e-02,7.165485563620623566e+01,2.036490479646433960e+04,0.000000000000000000e+00,4.605899570761608629e+04
2.025499999999843759e+00,1.553251593250605644e+01,4.806144344703638938e-01,1.738976602321571918e-01,2.491140591162179299e-03,-3.961516560988995704e-03,-7.214184709299186447e-03,-1.788748603552858185e+01,2.154598902183005293e+01,1.982509867120499507e+02,-4.780843304660471055e-02,7.161648629816798461e+01,1.951453636180992544e+04,0.000000000000000000e+00,4.666581519180536270e+04
2.030499999999845429e+00,1.553252934247560724e+01,4.805923073111688093e-01,1.738616868683564853e-01,4.401462131423865796e-03,-4.360606261247170108e-03,-4.949866094793862678e-03,-7.328986703583728968e+01,6.421192824038882918e+01,2.291570375085907756e+02,-4.783320839717390693e-02,7.157044568975142340e+01,2.055453964273686870e+04,0.000000000000000000e+00,4.641228287803347484e+04
2.035499999999847098e+00,1.553253592730405508e+01,4.805800065290076195e-01,1.738354505342270817e-01,9.790514681823770781e-04,-1.977427354504102206e-03,-4.734659071279308414e-03,1.143883434006806965e+02,-6.155395858648216745e+01,1.973793816333341624e+02,-4.786904695300975288e-02,7.156996690998234101e+01,1.925608793639719079e+04,0.000000000000000000e+00,4.760184069014040870e+04
2.040499999999848768e+00,1.553255058580923809e+01,4.805673255539428812e-01,1.738197256805442403e-01,-9.059508099335356968e-04,-1.080122090073339612e-03,-5.592094354500529337e-03,-1.728834389730741350e+01,1.693865578979836073e+01,1.966538005039987809e+02,-4.787437854742516985e-02,7.157571378274937501e+01,1.971242508007840661e+04,0.000000000000000000e+00,4.702875237975546042e+04
2.045499999999850438e+00,1.553254693669711450e+01,4.805559052543297849e-01,1.738005676282073642e-01,5.496587263193251742e-03,-9.941557997515849607e-03,2.956373415076031259e-03,-9.243335713557883082e+01,9.445914155893387942e+01,2.134325710762011852e+02,-4.794047320288934155e-02,7.156691840379778569e+01,2.072340804006552935e+04,0.000000000000000000e+00,4.679618257172041922e+04
2.050499999999852108e+00,1.553253537254196992e+01,4.805342771287934300e-01,1.737879358727476842e-01,-8.691110545951430053e-03,5.729088309670107067e-04,-4.997856733306776586e-03,-7.155633551467769848e+01,5.952419839943195257e+01,2.190332853750424249e+02,-4.797989830577545356e-02,7.146066073692432497e+01,2.100300093155809736e+04,0.000000000000000000e+00,4.655501624861932214e+04
2.055499999999853777e+00,1.553254632849888672e+01,4.805199621879101546e-01,1.737902064651785095e-01,3.664462257077929531e-03,-3.743004522253235312e-03,-6.037060712168378432e-04,-3.908018611998568304e+01,1.410310723505114083e+01,1.673572431229045776e+02,-4.802417798110657221e-02,7.143363417280562544e+01,2.367107852488267599e+04,0.000000000000000000e+00,4.734855098919560987e+04
2.060499999999855447e+00,1.553257701396756829e+01,4.805071582099544880e-01,1.738057490631523816e-01,7.449863549695345810e-03,-2.859754856363568108e-03,3.583366530018248196e-03,-5.628246623322570485e+01,8.541418689138822629e+00,1.503233815419340544e+02,-4.807266663568920267e-02,7.145756410428838024e+01,2.377767696280722157e+04,0.000000000000000000e+00,4.740332942306844052e+04
2.065499999999857117e+00,1.553260900076571538e+01,4.804960495725519865e-01,1.738197675058563152e-01,9.063085577739741702e-03,-2.400667182275774761e-03,5.244451109038291217e-03,-8.036612954062229619e+01,5.192698391998942498e+01,2.112808106200732254e+02,-4.812126616724311107e-02,7.148896067917885944e+01,2.153825174385565333e+04,0.000000000000000000e+00,4.671085878627472266e+04
2.070499999999858787e+00,1.553263555722275768e+01,4.804892712267367916e-01,1.738308143998222866e-01,2.806683721083107642e-03,3.166649304017593006e-04,1.662978521844710959e-03,-6.942351322269308866e+01,4.940509389333510626e+01,2.124745419918885716e+02,-4.816342830493448857e-02,7.156597269529969196e+01,2.147317318521127891e+04,0.000000000000000000e+00,4.677879372608623089e+04
2.075499999999860457e+00,1.553265806096662693e+01,4.804887746944802585e-01,1.738428034067217021e-01,1.058073678699755597e-02,-2.089578655796529415e-03,5.649628697463492631e-03,2.759718095488090626e+02,-1.366463010550471893e+02,1.993911320302775607e+02,-4.820366535939168279e-02,7.167438929896492539e+01,1.888845366510165695e+04,0.000000000000000000e+00,4.721908173801673547e+04
2.080499999999862126e+00,1.553267165579102915e+01,4.804916288198181618e-01,1.738476022387250297e-01,-3.267328969907885242e-03,2.724598397258927961e-03,-2.604653820444949135e-03,-4.966664246690942264e+01,3.291241620350319863e+00,1.516874790138664935e+02,-4.823281089193211246e-02,7.178793870337884186e+01,2.431151992029285611e+04,0.000000000000000000e+00,4.767345387400325126e+04
2.085499999999863796e+00,1.553268237425736942e+01,4.804995813708896057e-01,1.738528263789492767e-01,-1.312704099751511345e-03,2.377731485428033822e-03,-1.634454235635758980e-03,-2.238693392956218986e+01,-8.925932749984269776e+00,1.473022410286882291e+02,-4.824593547275386057e-02,7.187496903224985090e+01,2.444883755075340014e+04,0.000000000000000000e+00,4.775444633760820579e+04
2.090499999999865466e+00,1.553270420125133988e+01,4.804940168592563565e-01,1.738502683626473311e-01,8.821874808875182494e-03,-4.206155840823230102e-03,3.582315020398963963e-04,-4.867754803416801224e+01,6.445779904420703588e+00,1.538378027585416987e+02,-4.831722096092157942e-02,7.196542787136233699e+01,2.450799703883914117e+04,0.000000000000000000e+00,4.788341985291706806e+04
2.095499999999867136e+00,1.553275050155653503e+01,4.804580987298833761e-01,1.738554855197687876e-01,1.067328552389329097e-02,-7.930595139347634479e-03,2.228637815812049318e-03,-6.836459269278429929e+01,6.263808824011476872e+01,2.142225975845494190e+02,-4.837487628843078341e-02,7.196811315450972302e+01,2.180317082422240856e+04,0.000000000000000000e+00,4.728468901036716852e+04
2.100499999999868805e+00,1.553279515047392501e+01,4.804268630352086511e-01,1.738583200546764684e-01,1.601523785139104955e-02,-8.978200886318480831e-03,3.399241037568393603e-03,1.533688992984608035e+02,-1.123669651204209288e+02,1.471507624587696910e+02,-4.845659886095967511e-02,7.197626241133602321e+01,2.277661913090060261e+04,0.000000000000000000e+00,4.875601030713126966e+04
2.105499999999870475e+00,1.553284066294238386e+01,4.804003403768764002e-01,1.738581044018489563e-01,2.585282129071269676e-03,-1.412992841247451324e-03,-2.151704168833098486e-03,-6.732614226314217376e+01,5.132730397058014660e+01,2.130127084956310455e+02,-4.851841580257246905e-02,7.199688210605036431e+01,2.193269097438323297e+04,0.000000000000000000e+00,4.746146302555791772e+04
2.110499999999872145e+00,1.553287674240830185e+01,4.803859866109816967e-01,1.738573735420161637e-01,3.664078544400531899e-03,-1.162517033661042117e-03,-1.832175996632836928e-03,-6.182845820470544140e+01,9.517077688124516044e+00,1.531516639115916973e+02,-4.857103249545204754e-02,7.202151318354671616e+01,2.468532378435863211e+04,0.000000000000000000e+00,4.826459864540499257e+04
2.115499999999873815e+00,1.553288540756406988e+01,4.803891643823204882e-01,1.738482886413854067e-01,-4.118083778669701881e-04,2.600838953211476179e-03,-1.621561942881344712e-03,-7.255329625145816408e+01,4.966288886050324436e+01,2.086218753238577222e+02,-4.864168568284036459e-02,7.203549451755549171e+01,2.203648724325489820e+04,0.000000000000000000e+00,4.765660509347008337e+04
2.120499999999875484e+00,1.553289827452843319e+01,4.803952036695049443e-01,1.738446873773820955e-01,1.085568926316358984e-03,1.361769645400805369e-03,-2.107797260784069916e-03,-6.423098093838092382e+01,9.874462140329967497e+00,1.530936489157058702e+02,-4.866189534142915940e-02,7.206803724143102841e+01,2.478642320328576534e+04,0.000000000000000000e+00,4.842853141816288553e+04
2.125499999999877154e+00,1.553288013847004656e+01,4.803987670540303401e-01,1.738281211268141169e-01,-6.465429531345615044e-03,1.833192777145703023e-03,-5.026801998284918284e-03,-5.928482427828163281e+01,5.115145654723249891e+01,2.164713265600548766e+02,-4.875474359338657221e-02,7.200077596517404288e+01,2.238434133859822759e+04,0.000000000000000000e+00,4.781411433186152135e+04
2.130499999999878824e+00,1.553289382206658509e+01,4.803940121546740327e-01,1.738263562244653504e-01,4.512779708995242473e-03,-1.985306630215804505e-03,-1.227848582018342075e-03,1.437898646713572361e+02,-6.396292014308528451e+01,1.594683031341911601e+02,-4.878364122405635939e-02,7.196698633024261937e+01,2.356950911756565256e+04,0.000000000000000000e+00,4.856279027414492884e+04
2.135499999999880494e+00,1.553295973554159914e+01,4.803676692152548111e-01,1.738358255962237642e-01,2.318135375577106555e-02,-8.639831444925045317e-03,6.645038477836951243e-03,-2.841174822776338260e+01,3.546043018855277751e+01,2.151581149688232415e+02,-4.889000798641469220e-02,7.199661470004750186e+01,2.147240062923630103e+04,0.000000000000000000e+00,4.779863017784575641e+04
2.140499999999882164e+00,1.553309693847300998e+01,4.803097533411601616e-01,1.738722658845732738e-01,2.885137868677258022e-02,-1.224588546668057241e-02,7.777234907167497428e-03,4.476786928741239535e+01,-1.266499633060533370e+01,1.884054577748711665e+02,-4.896697671563342985e-02,7.208310350371763775e+01,2.083649556318086979e+04,0.000000000000000000e+00,4.822109605598594499e+04
2.145499999999883833e+00,1.553325746962406662e+01,4.802379144772419561e-01,1.739232594046496716e-01,2.877633512324764137e-02,-1.537091697997975022e-02,9.726545323717545460e-03,-7.823701648058920455e+01,5.172615916052495777e+01,1.932070703351961924e+02,-4.903411149103423239e-02,7.222364939095643876e+01,2.163250169720533449e+04,0.000000000000000000e+00,4.802056916281154554e+04
2.150499999999885503e+00,1.553339748965818679e+01,4.801649682292702948e-01,1.739597223391602110e-01,3.584536255124396581e-02,-1.688085317762738277e-02,1.049531602888772834e-02,2.114919330409626923e+02,-8.029918594831929113e+01,2.170340270035420360e+02,-4.914757613458373836e-02,7.226959170960290635e+01,2.025880161003569810e+04,0.000000000000000000e+00,4.842488134623874794e+04
2.155499999999887173e+00,1.553352806603853331e+01,4.801053247715425520e-01,1.739889390644890621e-01,2.318480622369459287e-02,-1.198572152468543005e-02,1.908900690693643605e-03,-8.198050156844516323e+01,1.075911010253207678e+01,1.511042893779581959e+02,-4.921806482540410504e-02,7.237617232476219442e+01,2.464861542619351530e+04,0.000000000000000000e+00,4.900884343374709715e+04
2.160499999999888843e+00,1.553364690392894509e+01,4.800407883182852831e-01,1.740182384464868948e-01,2.407346201980420028e-02,-1.212792148874767585e-02,6.936374270422784351e-03,-1.137639777098286231e+02,7.489517025498167868e+01,1.960057665216057785e+02,-4.927871870910641161e-02,7.241344745459883825e+01,2.202002630564670108e+04,0.000000000000000000e+00,4.846201810094247048e+04
2.165499999999890512e+00,1.553373000480664778e+01,4.799979853968705523e-01,1.740294814792595068e-01,1.265081038025344176e-02,-5.148689229655983163e-03,8.099578217055045668e-04,2.120093292779404237e+01,-3.764114906656175208e+00,1.800757342765996327e+02,-4.920980923254923700e-02,7.236537654231634065e+01,2.130889262657047584e+04,0.000000000000000000e+00,4.907741752190947591e+04
2.170499999999892182e+00,1.553388280066741522e+01,4.799562418076208092e-01,1.740265423975052572e-01,2.972195948927379427e-02,-1.756793272657862157e-02,1.743281077296549323e-03,-7.549747047951433387e+01,-4.333831494333111323e+01,2.637433483591015602e+02,-4.914081322294430731e-02,7.271139224971523163e+01,2.266966524929013758e+04,0.000000000000000000e+00,4.954877089793741470e+04
2.175499999999893852e+00,1.553400989197595372e+01,4.798624353664256992e-01,1.740404299484419048e-01,2.042769983435078693e-02,-1.192612763049856993e-02,2.130891900868304208e-03,-9.782865053518384002e+01,8.644561486113332194e+01,2.001200984234666009e+02,-4.912458358137618275e-02,7.265518222704169204e+01,2.243064856451578817e+04,0.000000000000000000e+00,4.857693554432081146e+04
2.180499999999895522e+00,1.553416917448994283e+01,4.798099087547855746e-01,1.740280957366296677e-01,3.367006826233800987e-02,-1.157549867860534383e-02,-2.036445241145251345e-03,1.644499347934277012e+02,-5.883766524725112390e+01,2.139594408069896474e+02,-4.909781754108148710e-02,7.296172306722095868e+01,2.106388903844755623e+04,0.000000000000000000e+00,4.902652206208449206e+04
2.185499999999897192e+00,1.553429072561921664e+01,4.797517414220626719e-01,1.740202868158991500e-01,2.143495110147266430e-02,-1.161400392191707168e-02,-2.110805722184912452e-03,-4.355277432199045506e+00,-2.026695389782520351e+01,1.150248915004303427e+02,-4.902985388006927264e-02,7.315017649706030056e+01,2.470550196216577024e+04,0.000000000000000000e+00,4.954974941132048843e+04
2.190499999999898861e+00,1.553436771116252224e+01,4.797200378208287819e-01,1.740033691020375362e-01,1.536119155100816765e-02,-4.994402194628359652e-03,-2.865600591293562555e-03,-5.508374498850622558e+01,6.883099462858638162e+00,1.488223401861189927e+02,-4.893872499841513818e-02,7.319537478414953569e+01,2.559736021672414790e+04,0.000000000000000000e+00,4.922896024655150541e+04
2.195499999999900531e+00,1.553441315771236653e+01,4.796999363009083472e-01,1.739635324016730322e-01,1.016007370659918535e-03,2.680412787374732313e-05,-1.303737813218442017e-02,-2.002850878253472047e+02,7.355393020830058504e+01,1.907212849102758412e+02,-4.892520584767507535e-02,7.316278214423984139e+01,2.190162990401735442e+04,0.000000000000000000e+00,4.822907604978817835e+04
2.200499999999902201e+00,1.553442154719328983e+01,4.797149601518371220e-01,1.738968746333290905e-01,1.711818848263679501e-03,2.986496820807268450e-03,-1.517917235467066903e-02,7.041764353984865465e+01,-4.538073194393246013e+01,1.670996240356003568e+02,-4.880455985831157889e-02,7.307027015303980022e+01,2.678925738967033249e+04,0.000000000000000000e+00,4.877398504744855745e+04
2.205499999999903871e+00,1.553449976551462086e+01,4.796694105935554453e-01,1.738131482789538051e-01,2.585374678876910942e-02,-1.055547954860413563e-02,-2.360241804084925107e-02,-2.101577675019033222e+02,1.766686077289339210e+02,2.215738543941629928e+02,-4.873250127981835350e-02,7.335342327930673889e+01,2.494828500875024110e+04,0.000000000000000000e+00,4.770758063804884296e+04
2.210499999999905540e+00,1.553448911750920480e+01,4.796100613709171623e-01,1.737039214750746852e-01,-1.783356982314858452e-02,-8.120435746292729504e-03,-2.898650981370025012e-02,-4.909192397334686575e+01,8.274556594161163048e+01,1.459501438314658230e+02,-4.860786466693274577e-02,7.366154425848564813e+01,2.793365468852108461e+04,0.000000000000000000e+00,4.841856977506686962e+04
2.215499999999907210e+00,1.553433029035558555e+01,4.796415153670871012e-01,1.735562017637345411e-01,-4.432442481634124576e-02,1.760443145961606420e-02,-3.115033201124002560e-02,-2.124715432776141597e+02,1.229458687167524431e+02,2.036431198948427550e+02,-4.849480195126108784e-02,7.364636997136199170e+01,2.348490149161837326e+04,0.000000000000000000e+00,4.839229634806768445e+04
2.220499999999908880e+00,1.553399187736806830e+01,4.797792310813288608e-01,1.733309768447015009e-01,-8.761214998869124027e-02,3.811218091962234600e-02,-5.561198905273422033e-02,-1.715051582420068144e+02,1.199068104259692404e+02,1.707211502481146113e+02,-4.839195861094281598e-02,7.358431286559462592e+01,2.310920368504818907e+04,0.000000000000000000e+00,4.939376679442922614e+04
2.225499999999910550e+00,1.553345586888792518e+01,4.800408519760513970e-01,1.730303490711974090e-01,-1.191746802072721628e-01,6.121634096833094424e-02,-6.158594280289062667e-02,-1.294621250201927296e+02,-7.467061548412686989e+00,1.080894620635535830e+02,-4.842501666923424569e-02,7.340955471090649098e+01,2.345233922834732948e+04,0.000000000000000000e+00,5.020941102661401237e+04
2.230499999999912220e+00,1.553278838960395447e+01,4.803803379633730386e-01,1.726932651438592703e-01,-1.385465484514030454e-01,7.162735598995335906e-02,-6.732513195649465765e-02,1.900725956852368199e+02,-8.201227966914984790e+01,1.989469353911479175e+02,-4.841622703361303515e-02,7.318504297746882514e+01,2.444181290535796506e+04,0.000000000000000000e+00,4.942985947622612002e+04
2.235499999999913889e+00,1.553235455638851370e+01,4.806527580432140567e-01,1.724023930954933226e-01,-7.710664982570904213e-02,3.611785541333625144e-02,-4.500007479097834634e-02,6.911376662378745550e+01,-9.315031333253648427e+01,3.505585053160704092e+02,-4.846590641716410491e-02,7.358437987450309947e+01,2.236492655718482274e+04,0.000000000000000000e+00,4.984248868072715413e+04
2.240499999999915559e+00,1.553204957487485594e+01,4.807277668722277353e-01,1.722383783999028029e-01,-5.107390024258251504e-02,1.128495774867082496e-02,-2.951616777508681358e-02,1.937821458949399585e+02,-6.592616184757832798e+01,1.761646639106720613e+02,-4.846707389574050895e-02,7.371928158428926281e+01,2.383447709534805836e+04,0.000000000000000000e+00,5.101523647715219704e+04
2.245499999999917229e+00,1.553186735138135610e+01,4.807586456938601205e-01,1.721115147668815515e-01,-2.862489813767682759e-02,4.454115462506250123e-03,-2.249227006136169521e-02,1.951060546531949740e+02,-9.167430617944987148e+01,1.701426920859512393e+02,-4.851811547243770756e-02,7.405525941052857775e+01,2.297381524578612516e+04,0.000000000000000000e+00,5.122957376535413641e+04
2.250499999999918899e+00,1.553171725244907542e+01,4.807492401402812532e-01,1.720010165089280729e-01,-2.856755013295441542e-02,-5.445914047745480796e-03,-2.052458624152361452e-02,1.507759087570226484e+02,-9.375527248918444911e+01,1.703587203090278308e+02,-4.869903028563881547e-02,7.447303065321951010e+01,2.176107659611188137e+04,0.000000000000000000e+00,5.234791352496926265e+04
2.255499999999920568e+00,1.553161489372499560e+01,4.807236493210640949e-01,1.719259167968424373e-01,-8.463794983265117075e-03,-9.503419772342567434e-03,-8.507216587129422941e-03,6.100890056914232673e+01,1.153079548809790822e+01,2.205903098172412911e+02,-4.880484938013550378e-02,7.497711870023681513e+01,2.172230328323694994e+04,0.000000000000000000e+00,5.233736749605270597e+04
2.260499999999922238e+00,1.553157462110450204e+01,4.806836354162073999e-01,1.718848052081447808e-01,-1.313287770065996000e-02,-5.543849183357005793e-03,-1.061758074196943874e-02,-9.361164752939237133e+01,4.945304908580584424e+01,1.978117785279709437e+02,-4.881564345255744869e-02,7.553938655394664181e+01,2.625593413196561960e+04,0.000000000000000000e+00,5.323097945004980284e+04
2.265499999999923908e+00,1.553147420049433158e+01,4.806799032420973061e-01,1.718195693796885082e-01,-1.991154100757247178e-02,-4.449803052626764496e-04,-1.399895994568633312e-02,3.267114132015910855e+01,-3.206662178359533755e+01,1.501315901629087648e+02,-4.895589539040857280e-02,7.598788496639107848e+01,2.661156961652984683e+04,0.000000000000000000e+00,5.408711909736270172e+04
2.270499999999925578e+00,1.553144406014330059e+01,4.806553078815533619e-01,1.717896329175749859e-01,-5.247304142496373586e-04,-7.612212259154861778e-03,-2.651026975300172558e-03,3.564227475432380743e+01,-1.198963257354640746e+02,1.157130851645811163e+02,-4.914378746878850929e-02,7.644125976654025578e+01,2.711847315177179189e+04,0.000000000000000000e+00,5.419587350581641658e+04
2.275499999999927248e+00,1.553143162076458061e+01,4.806152621028138006e-01,1.717627840039790965e-01,-3.136235081725718878e-03,-6.767094488630207016e-03,-4.970786615692063780e-03,1.494157224177446039e+02,-4.272891424234737201e+01,2.370818182758196713e+02,-4.936884867175576896e-02,7.694822060780556683e+01,2.289838966480188174e+04,0.000000000000000000e+00,5.167837630456293846e+04
2.280499999999928917e+00,1.553144952464752571e+01,4.805707758815839781e-01,1.717569573626509527e-01,3.461146531793659904e-03,-8.802468583433390933e-03,-6.868672805596324604e-04,-4.752585089119480699e+01,1.554105373051115180e+01,1.865029712177676515e+02,-4.936215224718050465e-02,7.751162196878520660e+01,2.224534034326370602e+04,0.000000000000000000e+00,5.504180315915946267e+04
2.285499999999930587e+00,1.553144818901200530e+01,4.805309298871646151e-01,1.717446688289451240e-01,2.224142491655211305e-04,-8.153264841879110172e-03,-2.798770508768061004e-03,6.104851335906590748e+01,-4.360203496079233787e+01,1.551592107160412581e+02,-4.933649290542892196e-02,7.789568280380395038e+01,2.284792976534708941e+04,0.000000000000000000e+00,5.581561857622430398e+04
2.290499999999932257e+00,1.553144504867794318e+01,4.804915026741538586e-01,1.717289215581699890e-01,8.193230052588386684e-04,-9.060052059694659668e-03,-3.172471400664886743e-03,3.356270881463908040e+01,-1.078068999015735585e+01,1.758794774382489550e+02,-4.939589279828628804e-02,7.819488458870833369e+01,2.242812908725288071e+04,0.000000000000000000e+00,5.576922376331658597e+04
2.295499999999933927e+00,1.553144309556146396e+01,4.804558925539303416e-01,1.717147970139569213e-01,-4.915530697068485168e-04,-6.312975172045500426e-03,-2.283605746609582501e-03,-6.113783132524616803e+00,-2.385127303405170096e+00,1.945464542129414269e+02,-4.943308341928048105e-02,7.838443779132794020e+01,2.281799684390692346e+04,0.000000000000000000e+00,5.599636727531288489e+04
2.300499999999935596e+00,1.553144576545332534e+01,4.804229188703961761e-01,1.717048986765786489e-01,6.471183221670593266e-05,-6.044687298616137003e-03,-1.572644908032757487e-03,-8.048639974656254026e+00,-2.958294257634548785e+00,1.938487261399338877e+02,-4.941581930832333186e-02,7.851766106933872891e+01,2.289069279844828270e+04,0.000000000000000000e+00,5.611632717875184608e+04
2.305499999999937266e+00,1.553144808933382492e+01,4.803901260893643221e-01,1.716990891381802165e-01,1.542441562017822336e-03,-6.521160329846570000e-03,-7.965492221316505502e-04,1.134565203566467062e+01,8.025564495114701913e+01,2.697473846238930832e+02,-4.943301385424718475e-02,7.866642154623977490e+01,2.406398746777925408e+04,0.000000000000000000e+00,5.294468214878649451e+04
2.310499999999938936e+00,1.553144456413252783e+01,4.803588995635872938e-01,1.716908189364204362e-01,-1.140586741448931405e-03,-6.876825884505504902e-03,-2.280612047289614069e-03,3.852756553535948569e+01,-4.002488844332580697e+01,1.582432521072527720e+02,-4.940905363760370733e-02,7.881387391153265298e+01,2.133175827876049152e+04,0.000000000000000000e+00,5.646939533274362475e+04
2.315499999999940606e+00,1.553143462966212773e+01,4.803282789000076769e-01,1.716799964298097447e-01,-3.191330978687223312e-03,-5.109324319303019946e-03,-2.762530256613392882e-03,2.201104702060712270e+01,-2.312901987214999622e+01,1.638636509068896316e+02,-4.942458272899594857e-02,7.892867592915925457e+01,2.098159071387514996e+04,0.000000000000000000e+00,5.636262067801631201e+04
2.320499999999942276e+00,1.553141067455960744e+01,4.803061703318054487e-01,1.716640214681374177e-01,-6.198899002689532527e-03,-4.074605393554744590e-03,-3.370245183349939409e-03,-1.034924028156018494e+01,2.087848033599989606e+01,2.103271791243263920e+02,-4.939508464703604856e-02,7.914070851402846074e+01,2.282946365529845571e+04,0.000000000000000000e+00,5.611587274791816890e+04
2.325499999999943945e+00,1.553138653748740694e+01,4.802865499119005066e-01,1.716503540742438383e-01,-3.265420161903515115e-03,-5.065453471463131699e-03,-2.342964734547370743e-03,-2.883478334429148049e+01,-1.182735709993676210e+01,1.799666488185418700e+02,-4.932505476931581256e-02,7.939660823356537378e+01,2.153268932253654566e+04,0.000000000000000000e+00,5.695614927011523832e+04
2.330499999999945615e+00,1.553135462379099963e+01,4.802626871864127400e-01,1.716322976728267280e-01,-3.819691346861212554e-03,-6.060409272329246068e-03,-2.924971161681408881e-03,4.836523857368956669e+01,-3.785672107012209153e+01,1.597750647964839459e+02,-4.926996655244394313e-02,7.967612117983603071e+01,2.182461851623039183e+04,0.000000000000000000e+00,5.723077676149572653e+04
2.335499999999947285e+00,1.553132370205505985e+01,4.802396862735599514e-01,1.716171956228020046e-01,-5.772961058603084256e-03,-4.488188066007175146e-03,-2.987479296453848798e-03,5.635362504362674940e+01,-4.168992058726641403e+01,1.579984633376710690e+02,-4.934915020486464049e-02,7.992393533114544368e+01,2.196264432229842350e+04,0.000000000000000000e+00,5.737320855799753190e+04
2.340499999999948955e+00,1.553130346407597528e+01,4.802216754595664550e-01,1.716081305460156192e-01,-2.421917286788209927e-03,-4.667983151266708909e-03,-1.660879394047963184e-03,-2.853738140987758243e+01,-6.575509582036346501e+00,1.795984737848261261e+02,-4.936387838911594772e-02,8.016491161202878857e+01,2.187473316106277707e+04,0.000000000000000000e+00,5.741951089563910500e+04
2.345499999999950624e+00,1.553128709419245013e+01,4.801972485639226518e-01,1.715987171404631251e-01,-2.650417165763792413e-03,-5.366008443559790696e-03,-2.012388939671432616e-03,-2.639812914890482887e+01,4.145294084243371913e+01,2.254222282649088243e+02,-4.936363065129972805e-02,8.042175524856794766e+01,2.319515224786540057e+04,0.000000000000000000e+00,5.658668832769686560e+04
2.350499999999952294e+00,1.553125635547767125e+01,4.801851428171794445e-01,1.715804549873436724e-01,-4.879090556552674596e-03,-2.356225758583256093e-03,-3.319140526381727640e-03,-6.554503888519778343e+01,4.223374137989156907e+01,2.005812963098849480e+02,-4.935917157272258493e-02,8.069636910687390241e+01,2.176202925893477004e+04,0.000000000000000000e+00,5.703472757135391294e+04
2.355499999999953964e+00,1.553122040927943281e+01,4.801743819210572695e-01,1.715593061584358148e-01,-5.178566556757606930e-03,-3.045128647219483981e-03,-3.592345819118257857e-03,4.900741913615266299e+01,-3.210193829133316967e+01,1.663151801579282960e+02,-4.937170799910164942e-02,8.098763055072627992e+01,2.239682569033583422e+04,0.000000000000000000e+00,5.787958087679372693e+04
2.360499999999955634e+00,1.553117820879661437e+01,4.801591100491275910e-01,1.715334334993613707e-01,-1.171491653275821831e-02,-4.864521542326489395e-03,-6.317162835804445049e-03,-3.932257695839913936e+01,-6.866407729423778505e+01,1.968234435860665599e+02,-4.934123416012766578e-02,8.141339812748256577e+01,2.431562737155138529e+04,0.000000000000000000e+00,5.717205649081583397e+04
2.365499999999957303e+00,1.553111318630056026e+01,4.801289000325249523e-01,1.715086997617052689e-01,-1.689819559909049029e-02,-6.120055879821263700e-03,-5.018512264711463833e-03,-1.465862820123419397e+01,-6.364162853332879877e+01,1.854006007381373706e+02,-4.933162939053177543e-02,8.204793578614277294e+01,2.456516065656731371e+04,0.000000000000000000e+00,5.755722155618362012e+04
2.370499999999958973e+00,1.553103254254825849e+01,4.800994060301743693e-01,1.714802917104609747e-01,-1.906136788446387287e-02,-3.082199285045448493e-03,-8.346242085125642890e-03,-3.294487523825142716e+01,2.136963642842658828e+01,1.689401657869507574e+02,-4.933428562161688152e-02,8.274704756418370266e+01,2.103283341477976865e+04,0.000000000000000000e+00,5.825628275496253627e+04
2.375499999999960643e+00,1.553094122170233327e+01,4.800859524940207512e-01,1.714298137668742172e-01,-1.634837066710814399e-02,-3.476567785444448916e-03,-9.937822436802591294e-03,7.814995380964057858e+01,-6.089826384055041331e+01,1.901714320712126778e+02,-4.924704655450670016e-02,8.362372635378187624e+01,2.256861503414396066e+04,0.000000000000000000e+00,5.865262617494424921e+04
2.380499999999962313e+00,1.553084935372649511e+01,4.800700455146446610e-01,1.713829733054627602e-01,-1.400555258354359810e-02,-7.991108716257255135e-03,-5.289904287688377248e-03,1.022223026463111069e+02,-6.849154606192769279e+01,1.524851592546777397e+02,-4.919833205261922582e-02,8.455577200174957397e+01,2.519740027364367779e+04,0.000000000000000000e+00,5.748651516213824652e+04
2.385499999999963983e+00,1.553078793816002268e+01,4.800213280174274177e-01,1.713635879754775160e-01,-1.221615733925368076e-02,-8.635101390229389662e-03,-5.824083182033064701e-03,5.079157360825911383e+01,4.151419952798846680e+00,1.630595235975961828e+02,-4.890038243821099445e-02,8.607344182177945413e+01,2.033525839225838354e+04,0.000000000000000000e+00,5.911466805473245768e+04
2.390499999999965652e+00,1.553072804738123658e+01,4.800031231707829749e-01,1.713361355936024177e-01,-1.264511664962508081e-02,3.574191292544894776e-04,-4.823430374506646259e-03,-1.415799325347569493e+01,3.993129242436941695e+01,2.297090000982823312e+02,-4.803177265617044472e-02,8.788880151007444397e+01,2.288769424598174737e+04,0.000000000000000000e+00,5.829203594145753596e+04
2.395499999999967322e+00,1.553067268168604187e+01,4.800197342851565963e-01,1.713127596625182714e-01,-6.824586300479659057e-03,4.946782797676628138e-03,-4.348765202129786962e-03,9.189530337542055349e+01,-3.131948156277371709e+01,1.916667733770592577e+02,-4.672404741422073876e-02,8.973661667263230868e+01,2.253897843224302778e+04,0.000000000000000000e+00,5.830241415942362073e+04
2.400499999999968992e+00,1.553064298368715868e+01,4.800594927140183765e-01,1.712884794409807176e-01,-3.711883205678673334e-03,8.338968735401566454e-03,-5.214151016444100624e-03,4.639235863313804487e+01,-4.901410017704404254e+01,1.575198560702117447e+02,-4.673615764949383411e-02,9.174062519708760988e+01,2.057558328212875858e+04,0.000000000000000000e+00,6.145185547457711800e+04
2.405499999999970662e+00,1.553068194389779499e+01,4.800590020600923324e-01,1.712868335445445200e-01,1.176914462166375568e-02,-3.413420656922572672e-03,1.073268264522235331e-03,3.126879150952371944e+01,-3.223740513963923604e+01,1.625034843779671974e+02,-4.656646449454978492e-02,9.299905587543833008e+01,2.110110735348420712e+04,0.000000000000000000e+00,6.215669912869041582e+04
2.410499999999972331e+00,1.553075831353264569e+01,4.800321326095450813e-01,1.713013679799610944e-01,1.127735730552689719e-02,-8.077003327752711606e-04,9.146185111763826528e-04,-1.699136606923229920e+01,5.167322467599069569e+01,1.798541938678106931e+02,-4.686859587241638814e-02,9.305018202420043849e+01,2.123754487646771304e+04,0.000000000000000000e+00,5.982583578361828404e+04
2.415499999999974001e+00,1.553079374819251512e+01,4.800516172149486005e-01,1.712940704832127403e-01,2.781699619804834083e-03,7.071281387882999599e-03,-2.683052823593364087e-03,1.394243437500335858e+01,1.803339109903959070e+01,1.775237377475345397e+02,-4.692607641407258584e-02,9.337179057078617461e+01,2.172990420886407082e+04,0.000000000000000000e+00,5.937159996363836399e+04
2.420499999999975671e+00,1.553082856347734086e+01,4.800715698193507297e-01,1.712911669479915133e-01,1.219978959576338909e-02,-1.333587857649129894e-03,2.925263507008081781e-03,4.023410600436810824e+01,-6.342148998975460472e+01,1.784725412305835448e+02,-4.704039205473873470e-02,9.385505476459185559e+01,2.179795127530800528e+04,0.000000000000000000e+00,6.200404300255985436e+04
2.425499999999977341e+00,1.553087522000880938e+01,4.800810761438598639e-01,1.712984578496921928e-01,4.071219411534435922e-03,6.364505375722205420e-03,-7.727342729835281077e-04,-6.031749091683877850e+01,5.681216337856199061e+01,2.240595628350703237e+02,-4.695785360268551339e-02,9.378640792235934498e+01,2.276682123984493592e+04,0.000000000000000000e+00,5.880569179760999396e+04
2.430499999999979011e+00,1.553088833819681547e+01,4.801198330865165120e-01,1.712846494393001628e-01,4.438699680211958751e-03,4.765147320311110928e-03,-2.365756953531753665e-03,2.673779173226987993e+01,-5.371503068276683734e+01,1.893917583254944930e+02,-4.711096058589610280e-02,9.402929246986234091e+01,2.120027230543748738e+04,0.000000000000000000e+00,6.142894082330336823e+04
2.435499999999980680e+00,1.553090128432321038e+01,4.801490193137380458e-01,1.712661239578927019e-01,2.806544515183676436e-04,8.260269957059071522e-03,-5.060599168833518173e-03,-4.624760232846483632e+01,4.519127294586041899e+01,2.376201087123574780e+02,-4.712315743359599823e-02,9.402813807699710935e+01,2.297010022087826292e+04,0.000000000000000000e+00,5.862832725424507225e+04
2.440499999999982350e+00,1.553090938559548384e+01,4.801776435396076237e-01,1.712495150140373457e-01,2.195135553605940138e-03,5.262723950108870452e-03,-3.154995159009135134e-03,6.474126416662770112e+01,-8.153060172836728725e+01,1.372115847270912354e+02,-4.714363952865139457e-02,9.406803513380886272e+01,1.960194661517588975e+04,0.000000000000000000e+00,6.270279866589100129e+04
2.445499999999984020e+00,1.553092096339538841e+01,4.801996364745119705e-01,1.712327122430283843e-01,4.114421354405062639e-03,2.365582595531105520e-03,-1.755283402463507026e-03,6.326734961123747780e+00,1.703607523868640783e+01,2.073042527480470198e+02,-4.711487872263865617e-02,9.406856037500494949e+01,2.250467194350491263e+04,0.000000000000000000e+00,5.899141074663603649e+04
2.450499999999985690e+00,1.553093239314466345e+01,4.802243534549602844e-01,1.712170768823729206e-01,5.492050299523529300e-03,1.974855796079474663e-03,-6.614811930733789039e-04,2.773708880352118555e+01,-4.843520830592751736e+01,1.886363141812373954e+02,-4.712583841335909324e-02,9.411455426249183631e+01,2.128098611587021151e+04,0.000000000000000000e+00,6.147904059255141328e+04
2.455499999999987359e+00,1.553093849337911614e+01,4.802567038241668529e-01,1.711986530620946134e-01,1.412926570307104172e-03,6.350809125040222762e-03,-3.950382807965334940e-03,-4.976149697311302589e+01,4.890393678296572944e+01,2.432498164201454642e+02,-4.714059900766721239e-02,9.409414016173852247e+01,2.307861557141704907e+04,0.000000000000000000e+00,5.856780497693757934e+04
2.460499999999989029e+00,1.553094691726303367e+01,4.802800289235701348e-01,1.711879039703637084e-01,3.197856978914480081e-03,2.251512328037085127e-03,-6.316612461652297431e-04,7.342953510074387680e+01,-9.460506613372922402e+01,1.717794386230308135e+02,-4.713961609049199808e-02,9.409749371040201993e+01,2.193073745001860516e+04,0.000000000000000000e+00,6.189791365283879713e+04
2.465499999999990699e+00,1.553096278593331547e+01,4.802923749671700882e-01,1.711825357456798480e-01,3.789494764762498143e-03,1.462710631235620293e-03,-1.936107995101950556e-03,-6.461345943473133957e+00,7.690928701071925389e+00,1.620761292302231311e+02,-4.713156811516390488e-02,9.410335556120601552e+01,2.406784675304438861e+04,0.000000000000000000e+00,5.979172293815284502e+04
2.470499999999992369e+00,1.553097958978985460e+01,4.803022202534568685e-01,1.711760371787214574e-01,1.932146383149441898e-03,2.711005743977563855e-03,-1.598766037409809571e-03,-5.612112252956603697e+01,5.706081563353859565e+01,2.361979401285110214e+02,-4.710030411357404162e-02,9.410282098620277225e+01,2.306589174805653602e+04,0.000000000000000000e+00,5.867951330437116849e+04
2.475499999999994039e+00,1.553098359727772149e+01,4.803168967481999951e-01,1.711652609748309239e-01,-1.214754984030944800e-03,4.949447528542064330e-03,-3.994919758040002718e-03,-4.088027334528760548e+00,4.091433858993605099e+01,1.798684127390170886e+02,-4.713131535253752696e-02,9.409737288616864248e+01,2.165267452327859792e+04,0.000000000000000000e+00,5.957858814707497368e+04
2.480499999999995708e+00,1.553099200065705610e+01,4.803286266681880412e-01,1.711420880641962294e-01,2.487617517905754434e-03,2.735222007385948017e-03,-5.897451529746937891e-03,-1.808675475947393352e+01,5.776263654316903740e+01,1.867211856402776959e+02,-4.713371469651383983e-02,9.409702460329725682e+01,2.171258703709432302e+04,0.000000000000000000e+00,5.999688396590435150e+04
2.485499999999997378e+00,1.553099399705703476e+01,4.803482894759179000e-01,1.711116159309127860e-01,1.660092291713248991e-03,3.435930309667808991e-03,-4.251276828762405938e-03,1.148776966343166350e+01,1.639589136412359949e+01,2.056232330822302004e+02,-4.712109244280429654e-02,9.406338342101955163e+01,2.286657475220477500e+04,0.000000000000000000e+00,5.958519646345236833e+04
2.490499999999999048e+00,1.553100333830718682e+01,4.803703935544605952e-01,1.710868150054693504e-01,6.312728673729946054e-04,5.940339512449554354e-03,-6.290595254282635267e-03,5.921378554509552572e+01,-7.597665151166484065e+01,1.487194137942038878e+02,-4.713137940079076271e-02,9.406399134812029672e+01,1.998106285962323454e+04,0.000000000000000000e+00,6.339173532057085686e+04
2.495500000000000718e+00,1.553101391194433667e+01,4.803941183940556026e-01,1.710598223732971157e-01,-5.887268691357412697e-04,5.909537296656827872e-03,-5.744377049135113676e-03,-5.291613882872661634e+01,4.413685949678529141e+01,2.209043390103065576e+02,-4.711698103592396047e-02,9.407719921598670965e+01,2.604265783962132264e+04,0.000000000000000000e+00,5.963414862824848387e+04
2.500500000000002387e+00,1.553101817927506723e+01,4.804215532165385105e-01,1.710366834328243824e-01,4.608033435325048673e-03,2.497640458783280219e-03,-2.774628533130123285e-03,5.741977022580537238e+01,-8.185434903933457917e+01,1.867528546512406251e+02,-4.713876913247791456e-02,9.408734478552901237e+01,2.215324976131946096e+04,0.000000000000000000e+00,6.280454407571485353e+04
2.505500000000004057e+00,1.553102193035152112e+01,4.804441710412166167e-01,1.710210991384421009e-01,2.248531229360811387e-03,3.225815821686611046e-03,-2.161873920292216485e-03,5.940982538775001132e+01,-6.876803597144260038e+01,1.429361598601914238e+02,-4.713960673564077108e-02,9.408070043708802643e+01,2.003305213342392381e+04,0.000000000000000000e+00,6.347745168980526796e+04
2.510500000000005727e+00,1.553102398868014156e+01,4.804691478001662519e-01,1.709996692894866221e-01,3.370828766736330435e-03,2.046963561051914297e-03,-3.548362524985432514e-03,1.225908724167857144e+01,2.660632121775051928e+00,1.941440123860031974e+02,-4.714122117901945602e-02,9.410071263796837115e+01,2.569108927905202654e+04,0.000000000000000000e+00,5.999405592356643319e+04
2.515500000000007397e+00,1.553103445285716511e+01,4.804887028633279544e-01,1.709796156793211563e-01,4.531206777432090355e-03,1.595815495029416107e-03,-2.130220264527016554e-03,-6.399153229353032657e+01,6.759455944326714416e+01,2.453946438316875174e+02,-4.711168401246018655e-02,9.410919530714110692e+01,2.339218713402327558e+04,0.000000000000000000e+00,5.955871110749299987e+04
2.520500000000009067e+00,1.553104237928818065e+01,4.805121969221111677e-01,1.709598837129329141e-01,9.215003629693163320e-03,-1.245282081566237604e-03,-1.053296873033360021e-03,1.269479349744763965e+02,-1.282333636401858712e+02,1.659645079555804159e+02,-4.712277366581908711e-02,9.415128294186939684e+01,2.151345125263392765e+04,0.000000000000000000e+00,6.362940100239541789e+04
2.525500000000010736e+00,1.553105603911204646e+01,4.805306641229753484e-01,1.709442781416978807e-01,1.904958331206930804e-03,5.097024089317210224e-03,-4.362646053457404707e-03,-1.374674157962181198e+01,5.510596946554096576e+01,1.943640302062522665e+02,-4.711996234301828873e-02,9.413220232992649983e+01,2.190421617670242995e+04,0.000000000000000000e+00,6.027543174062368780e+04
2.530500000000012406e+00,1.553106263431989831e+01,4.805584330961550354e-01,1.709231118582722475e-01,1.188039888971628407e-03,4.601024678598036703e-03,-3.579549043769782515e-03,-4.974202074008962882e+01,3.352155285332037238e+01,2.363899063092766539e+02,-4.714231147275959460e-02,9.413797979181916276e+01,2.332430418000290229e+04,0.000000000000000000e+00,5.976530573051986721e+04
2.535500000000014076e+00,1.553107783917343276e+01,4.805733393005786613e-01,1.709103409136086271e-01,4.459964607506505460e-03,1.793209488536423157e-03,-2.661329789554685559e-03,-1.296302438512884692e+01,3.143342886145069315e+01,1.903035650662303055e+02,-4.712994346452532152e-02,9.410665270440154018e+01,2.169546400971704861e+04,0.000000000000000000e+00,6.060263953345404298e+04
2.540500000000015746e+00,1.553108708940206206e+01,4.805941317029830406e-01,1.708950487883210412e-01,1.757625792002999064e-03,4.054538567875604939e-03,-1.924988515142330792e-03,-3.097279184913531935e+00,2.105715115871930720e+01,1.816054954503223939e+02,-4.711884221593196087e-02,9.405813294603188979e+01,2.172213264314224944e+04,0.000000000000000000e+00,6.059159374979521090e+04
2.545500000000017415e+00,1.553109667302283015e+01,4.806150027834950600e-01,1.708861827581697745e-01,2.330603157961640750e-05,6.172545123444024735e-03,-2.812385253300235966e-03,-7.243933911840667861e+01,6.743685977364521023e+01,2.093209867308807759e+02,-4.713420813721978103e-02,9.405089101277840768e+01,2.220049074746554106e+04,0.000000000000000000e+00,6.029584363044780912e+04
2.550500000000019085e+00,1.553111528226717653e+01,4.806250229471573654e-01,1.708818898707735456e-01,2.287709967751352762e-03,2.971434151477382948e-03,-7.023035717317011950e-04,-7.598363762349572426e+01,9.914786226488922694e+01,2.138783369692736471e+02,-4.714519049505866422e-02,9.403937388224683502e+01,2.226895506605533228e+04,0.000000000000000000e+00,6.020908526261035149e+04
2.555500000000020755e+00,1.553113700256687935e+01,4.806276134427047153e-01,1.708889914369835505e-01,6.210081326206691975e-03,-1.636498834901457767e-03,3.627556061276705594e-03,7.297880714490901255e+01,-7.979621533008639744e+01,1.643572009730530965e+02,-4.714688547025915749e-02,9.399957129580327830e+01,2.114412836988322670e+04,0.000000000000000000e+00,6.295802757818633836e+04
2.560500000000022425e+00,1.553115983974212355e+01,4.806265012661473657e-01,1.709036872520239003e-01,6.314398671771220828e-03,-2.269101340683170841e-03,2.571700069666203042e-03,-6.874530396113295083e+00,-6.651518584097289022e+00,1.582696909632634004e+02,-4.715372388261953457e-02,9.403142517852845117e+01,2.047243070714787609e+04,0.000000000000000000e+00,6.299525235051762138e+04
2.565500000000024095e+00,1.553117414617496372e+01,4.806319799351142508e-01,1.709076591471312134e-01,4.648121727175802929e-03,4.929666010844228321e-05,1.751159031447629402e-03,2.858153275154831263e+01,-4.471574557675455708e+01,1.803002970799338414e+02,-4.713360523996412005e-02,9.404605223102007017e+01,2.158454628362223229e+04,0.000000000000000000e+00,6.234692171532671637e+04
2.570500000000025764e+00,1.553118218358035385e+01,4.806443617608647245e-01,1.709081391845616305e-01,1.191367073998442173e-03,3.142412210964412849e-03,-5.776218556366702990e-04,8.860598896428133742e+01,-1.063254335890741231e+02,1.614697657405430391e+02,-4.713089023012848738e-02,9.405707449160293265e+01,2.111057801941637445e+04,0.000000000000000000e+00,6.280710025805805344e+04
2.575500000000027434e+00,1.553118610399316424e+01,4.806568138426117742e-01,1.709030622826411272e-01,3.327729616673960784e-03,8.009892215712070178e-04,-1.538133016676149082e-03,1.185601749800545548e+02,-1.293506530582008054e+02,1.032727006300273729e+02,-4.714970892749336534e-02,9.404442978305617373e+01,2.353236013823997564e+04,0.000000000000000000e+00,6.413183728979391890e+04
2.580500000000029104e+00,1.553119659600214320e+01,4.806643647138937880e-01,1.708966298754448221e-01,3.093616321408716903e-03,2.865958461661068037e-04,-8.919141810012068058e-05,8.379655256317974477e+01,-9.598652230591244461e+01,1.666940234258876785e+02,-4.712001559859761712e-02,9.403228579064102632e+01,2.110773342012227658e+04,0.000000000000000000e+00,6.283597143098775996e+04
2.585500000000030774e+00,1.553120717914018911e+01,4.806721702298470955e-01,1.708899659203829413e-01,3.974111269045271962e-03,-9.095089884267960932e-04,-5.481334968224313447e-05,3.328898327174733396e+01,-4.526370069287827391e+01,1.868777310467323787e+02,-4.715071813525206074e-02,9.407882990300382176e+01,2.156836976725152999e+04,0.000000000000000000e+00,6.234247165392693569e+04
2.590500000000032443e+00,1.553121025946754408e+01,4.806841182966408721e-01,1.708821194810590804e-01,-6.713044420024820956e-04,4.626760732054569468e-03,-3.343971013444441576e-03,-7.512524102408997351e+01,6.931791343036525177e+01,2.119136138954367539e+02,-4.714819084220329276e-02,9.405201104842510063e+01,2.213690265113672649e+04,0.000000000000000000e+00,6.016391246778926870e+04
2.595500000000034113e+00,1.553120956123478003e+01,4.806993970244363701e-01,1.708695856785402978e-01,2.891312752768679037e-04,3.538238100496097095e-03,-2.650106324710945795e-03,-1.595176032323479376e+01,5.065754591945551510e+01,1.895487136103419630e+02,-4.714928005449598586e-02,9.404806603171223855e+01,2.192973047400678843e+04,0.000000000000000000e+00,6.023057206839205173e+04
2.600500000000035783e+00,1.553122054204126634e+01,4.807062629571035584e-01,1.708610294110200212e-01,1.378024009526751829e-03,2.106375332514211652e-03,-1.367332608087704938e-03,-8.341164632904337850e+01,7.924013865107372112e+01,2.122380511698161172e+02,-4.710851980400794503e-02,9.403922933192853861e+01,2.217178182974147057e+04,0.000000000000000000e+00,6.022466505460532790e+04
2.605500000000037453e+00,1.553123794477348873e+01,4.807048703957908509e-01,1.708613486240769530e-01,3.122863114388446659e-03,5.669141410569629718e-05,2.146329749664129970e-04,1.113965713184370543e-01,1.929398841595502745e+01,2.085424891362488324e+02,-4.715496966187070899e-02,9.403578728401775777e+01,2.301609989172952555e+04,0.000000000000000000e+00,5.974630436352638208e+04
2.610500000000039122e+00,1.553124356112938287e+01,4.807135477250110145e-01,1.708573748116374025e-01,-1.202164839297622211e-03,5.149599321568041656e-03,-1.928319082141015947e-03,-1.395958908907869045e+01,4.593963456069195672e+01,1.842847078045025455e+02,-4.716526289343107164e-02,9.406782759345777833e+01,2.191447160197770427e+04,0.000000000000000000e+00,6.020915213822614896e+04
2.615500000000040792e+00,1.553125487033367591e+01,4.807198930615418919e-01,1.708546105321952224e-01,6.263227503752098746e-03,-1.986603494056597696e-03,1.207391473844051820e-03,7.438455114866951590e+01,-8.788468049601954135e+01,1.710236655619129920e+02,-4.715790433538029347e-02,9.413276167267351013e+01,2.107876185967508354e+04,0.000000000000000000e+00,6.289523790874434053e+04
2.620500000000042462e+00,1.553126718838267450e+01,4.807257167173751844e-01,1.708547814461136571e-01,4.908208001228835451e-03,-1.353696899313924047e-03,9.160047917294507651e-04,2.989947426255908880e+01,-4.332947141330100749e+01,1.863462564168758036e+02,-4.716627286106944011e-02,9.420148200150330808e+01,2.154216398790472522e+04,0.000000000000000000e+00,6.237061905415137880e+04
2.625500000000044132e+00,1.553126945085350208e+01,4.807288421057741012e-01,1.708556987480870648e-01,2.449533800725504831e-03,-2.320040836791462720e-03,1.688832636453038846e-03,3.854726367707932866e+01,-4.286764148925635709e+01,1.799865317109194507e+02,-4.715359238626026794e-02,9.417435586613903808e+01,2.157964079067592684e+04,0.000000000000000000e+00,6.236429547721879499e+04
2.630500000000045802e+00,1.553127159383500633e+01,4.807347129537055119e-01,1.708532112014251869e-01,3.358235365141674922e-03,-2.522116808755544117e-04,2.386958944536601498e-04,-1.037334821879472457e+00,-1.533624739205959031e+01,1.630108482500571654e+02,-4.714333528479727059e-02,9.410695948856724158e+01,2.044242253160660039e+04,0.000000000000000000e+00,6.294062418006858206e+04
2.635500000000047471e+00,1.553128418976464609e+01,4.807320155868717859e-01,1.708582055748736339e-01,5.157835017728124895e-03,-3.012302763339934353e-03,2.002545284351224097e-03,9.628695910844419359e+01,-8.674541452553637555e+01,1.237463783581583812e+02,-4.717405602746692350e-02,9.403299742389714311e+01,2.072778834440161154e+04,0.000000000000000000e+00,6.396032179318160343e+04
2.640500000000049141e+00,1.553129680473471552e+01,4.807319231915440083e-01,1.708570251907376991e-01,2.260680388778078462e-03,3.164294931190274524e-04,-9.567110922746487056e-04,1.270265019152247987e-01,1.678476799106078943e+01,2.121809316147264042e+02,-4.717143216797648614e-02,9.402638542479645878e+01,2.296583515484261443e+04,0.000000000000000000e+00,5.968482962029882765e+04
2.645500000000050811e+00,1.553130412517179337e+01,4.807324515398578302e-01,1.708510965303104423e-01,2.459257898792254014e-03,-1.278315758352712578e-03,-1.209717415252449741e-03,2.081115018159430008e+00,-1.062873075542279366e+01,1.716270172370770410e+02,-4.716914543973570184e-02,9.405779459966906586e+01,2.043994898345628098e+04,0.000000000000000000e+00,6.295790313483101636e+04
2.650500000000052481e+00,1.553130765406539737e+01,4.807412738214196235e-01,1.708442226788570162e-01,5.498698744439612165e-03,-1.799839600459493451e-03,1.381689039150135138e-04,-7.677619734819145947e+00,-8.568657972880373563e+00,1.713035397473352646e+02,-4.717595592431517160e-02,9.404331018558683297e+01,2.048086403616826647e+04,0.000000000000000000e+00,6.301572558406457392e+04
2.655500000000054150e+00,1.553132204112260517e+01,4.807440992084628384e-01,1.708408406623895814e-01,5.291757334430139195e-03,-2.087449073552037192e-03,-7.858850073845072325e-04,2.739720569441182363e+00,-2.734815260903599210e+01,1.474989071507073390e+02,-4.716930916161330561e-02,9.407831265157702205e+01,2.324152040944433975e+04,0.000000000000000000e+00,6.310485180284272792e+04
2.660500000000055820e+00,1.553132335047247281e+01,4.807558604053263074e-01,1.708321701511773538e-01,6.303753241349053203e-03,-2.277859218850332955e-03,1.349109634525689182e-03,1.371254274413194878e+02,-1.433684553518759230e+02,1.482266324130633279e+02,-4.715848722859118658e-02,9.396659022829041419e+01,2.151694648815430264e+04,0.000000000000000000e+00,6.350583391244779341e+04
2.665500000000057490e+00,1.553133249273657057e+01,4.807558370252807967e-01,1.708385212725666846e-01,2.847372397853674408e-03,-8.012036807886254580e-04,1.948505312005536323e-03,2.599237870427123198e+01,-1.274186015541090455e+01,1.903574090906122649e+02,-4.716431616025316270e-02,9.400308142520150056e+01,2.282357822529365512e+04,0.000000000000000000e+00,5.992010679981533031e+04
2.670500000000059160e+00,1.553133949410507064e+01,4.807477938365302128e-01,1.708425209962540769e-01,-3.227628176580884102e-04,-1.710444736808493542e-03,3.783823411619825316e-04,-1.012045385841247480e+01,3.644469271850448422e+01,1.783906901601493757e+02,-4.716536111823292632e-02,9.395872355984882063e+01,2.163098290775041824e+04,0.000000000000000000e+00,6.040365427811343397e+04
2.675500000000060830e+00,1.553134524765532198e+01,4.807368408536087379e-01,1.708488983827301244e-01,5.003637811392428955e-03,-4.443412270914247515e-03,2.727771231560518518e-03,9.439672439151497940e+01,-7.992014477644192993e+01,1.213281998458703725e+02,-4.714356081500090112e-02,9.394600961126566574e+01,2.068819054169089577e+04,0.000000000000000000e+00,6.392156326213578723e+04
2.680500000000062499e+00,1.553136302067577823e+01,4.807226277009445381e-01,1.708542559039502584e-01,2.499240437929408244e-03,-1.860118551015087955e-03,6.355618586411646617e-04,-4.990222532364825270e-01,-8.990930570145906131e+00,1.627131218922483527e+02,-4.714711643353274723e-02,9.396199230149521497e+01,2.041356679864808393e+04,0.000000000000000000e+00,6.289645741930767690e+04
2.685500000000064169e+00,1.553136636027712392e+01,4.807234004491796053e-01,1.708502648354694731e-01,4.641498299037771736e-04,1.338768510383169484e-03,-1.617355047287481664e-03,6.478024768633034114e+01,-6.605370002109862071e+01,1.422396029993219315e+02,-4.716397056014150907e-02,9.397699539272407776e+01,1.996434419992724361e+04,0.000000000000000000e+00,6.340881718792299944e+04
2.690500000000065839e+00,1.553136783198467263e+01,4.807240708707731791e-01,1.708484874485525495e-01,-1.505463931542273511e-03,1.507849852571655543e-03,-7.143087163190823706e-04,1.150094660554809138e+02,-1.031571684178086343e+02,1.193890476963502891e+02,-4.716636681737275405e-02,9.400063886610215036e+01,2.068299233761247524e+04,0.000000000000000000e+00,6.387174290626149013e+04
2.695500000000067509e+00,1.553137465395873029e+01,4.807192236791150708e-01,1.708545289481631924e-01,-2.321417329035407959e-03,2.263930442541137785e-03,4.847548320992969102e-04,1.967765917602764603e+01,2.415182494341934216e-01,1.968952705275958408e+02,-4.714422930644922988e-02,9.400866318823577217e+01,2.310468215342604162e+04,0.000000000000000000e+00,5.960726988389457983e+04
2.700500000000069178e+00,1.553137727303221283e+01,4.807204388719242272e-01,1.708594146969708016e-01,-1.224682129066323542e-03,2.073820531369593816e-03,-6.609171295618388115e-04,6.949725166682739541e+01,-6.822991420672315144e+01,1.339318954105989405e+02,-4.718026598675417738e-02,9.409648048821482291e+01,1.993808705574707346e+04,0.000000000000000000e+00,6.334954434373311960e+04
2.705500000000070848e+00,1.553138047601917116e+01,4.807262413815807101e-01,1.708571134229448507e-01,2.222106526790934989e-04,7.792965725461330770e-04,-5.346869682662912932e-04,-8.345562384553659285e+01,8.186222567321442511e+01,2.116745104235081953e+02,-4.715863797377070621e-02,9.414426201528911520e+01,2.206957507657964743e+04,0.000000000000000000e+00,6.011337433557274926e+04
2.710500000000072518e+00,1.553137434046281484e+01,4.807399021573741105e-01,1.708458495731325355e-01,-1.182570997233804841e-03,2.614096185070806551e-03,-2.663040865375804634e-03,5.278544387745365185e+01,-6.236970007526451809e+01,1.496837738015127570e+02,-4.716466339746034492e-02,9.424602901194394633e+01,2.115608279062043948e+04,0.000000000000000000e+00,6.330375927963945287e+04
2.715500000000074188e+00,1.553137635130082650e+01,4.807461363321059444e-01,1.708371477018338913e-01,-1.996456371298920181e-03,4.183980334185659518e-03,-2.303939887214083524e-03,-4.808992857354178341e+01,3.628831629059413899e+01,2.320044697511620484e+02,-4.715184871871940658e-02,9.420206298402443679e+01,2.361604842650115461e+04,0.000000000000000000e+00,5.945692359819014382e+04
2.720500000000075858e+00,1.553137586930961511e+01,4.807467435690570001e-01,1.708340810974341151e-01,-1.061010153191381923e-03,7.905272451750708536e-04,-6.662203030637066457e-04,-7.280666586877714508e+01,9.636853579289163463e+01,2.123190149519108161e+02,-4.717534797453434847e-02,9.410048320226056262e+01,2.221666633095204816e+04,0.000000000000000000e+00,6.004582554535151576e+04
2.725500000000077527e+00,1.553136728976312142e+01,4.807587243358948936e-01,1.708227220341889674e-01,9.011577883172286387e-04,3.915969025567111951e-04,-1.674556350272270611e-03,6.613953482737346690e+01,-6.495077639002806791e+01,1.432803106886634623e+02,-4.716794213976471112e-02,9.403485393833956607e+01,2.001755498027972499e+04,0.000000000000000000e+00,6.344493996798015723e+04
2.730500000000079197e+00,1.553136596475155073e+01,4.807657383832208975e-01,1.708167885884395998e-01,2.427475935110645286e-03,-9.226555963401023887e-04,7.610446612631542596e-04,4.302199525412627423e+01,-5.903974298650337005e+01,1.818853524313060461e+02,-4.717335927513407329e-02,9.400249263723090110e+01,2.174071096430486068e+04,0.000000000000000000e+00,6.234808048875522218e+04
2.735500000000080867e+00,1.553136717106706044e+01,4.807742851676206630e-01,1.708148739643593483e-01,7.960480211371885086e-04,1.890544811808019324e-03,-6.907846375426806001e-04,-7.862233629740421748e+01,9.306499652160641745e+01,2.148032281195675353e+02,-4.713423975939161348e-02,9.397743423595397871e+01,2.221367290373516153e+04,0.000000000000000000e+00,6.007079195844170317e+04
2.740500000000082537e+00,1.553136954017128168e+01,4.807821519232835517e-01,1.708120106917578596e-01,-4.714841376295629528e-04,1.698313752188247141e-03,-1.372882291705246078e-03,-8.917401279328396413e+01,6.046900985405727624e+01,1.923358212772004663e+02,-4.713744091003139319e-02,9.401003689540947050e+01,2.493110212334340031e+04,0.000000000000000000e+00,6.036600005724400398e+04
2.745500000000084206e+00,1.553136889983793445e+01,4.807744297358518826e-01,1.708117094019838966e-01,-6.744720709645989597e-04,-1.664025616666863156e-04,6.146119828855654051e-04,1.682514631484036727e+01,7.374775460060845944e+00,2.006792442994272960e+02,-4.709022722652453363e-02,9.389672746925992897e+01,2.316080321362894756e+04,0.000000000000000000e+00,5.966926452661102667e+04
2.750500000000085876e+00,1.553137445285642748e+01,4.807671395878441167e-01,1.708125411531744298e-01,2.752599924350321216e-03,-2.404199153596844971e-03,1.417460293087398641e-04,-8.651364069003739132e+01,1.122410465549376113e+02,2.218369710887321276e+02,-4.713143139717695940e-02,9.389741717418377220e+01,2.219997721269803515e+04,0.000000000000000000e+00,6.011676167143394559e+04
2.755500000000087546e+00,1.553138522674859878e+01,4.807623793876265594e-01,1.708067398078884913e-01,1.828556182379362108e-03,-1.140666053318607157e-03,-1.898481741831213902e-03,-5.394180776118128051e+01,4.199921652957345941e+01,2.210128845808684446e+02,-4.713607377890370598e-02,9.393251218432983762e+01,2.620295343762893754e+04,0.000000000000000000e+00,5.993236025815098401e+04
2.760500000000089216e+00,1.553140104923661369e+01,4.807572757099276006e-01,1.708073222367641475e-01,1.729837749810943714e-03,1.001187527012922107e-04,-8.781624941343608558e-04,5.930828954119472485e+01,-5.866533765720419069e+01,1.456640103075384616e+02,-4.716743712738385996e-02,9.393131023061674512e+01,1.996339628038623778e+04,0.000000000000000000e+00,6.346808857486632041e+04
2.765500000000090886e+00,1.553140767828688773e+01,4.807609397621318559e-01,1.708029559515878426e-01,2.793969039553297583e-03,-5.974745305130428575e-04,-1.035823831387875271e-04,4.195814867193803366e+00,1.246223991858391855e+01,2.148156897296545935e+02,-4.716990078729443175e-02,9.397189375679336365e+01,2.312626639298150621e+04,0.000000000000000000e+00,5.972824299042130588e+04
2.770500000000092555e+00,1.553140833586894409e+01,4.807691501321726957e-01,1.708008625895429677e-01,-1.749155279941805481e-03,3.413761664863752994e-03,-1.183708830691874341e-03,5.518304697427223715e+01,-7.609238611103751282e+01,1.804590120363799883e+02,-4.716518650760146564e-02,9.405365920409367675e+01,2.175996613211426666e+04,0.000000000000000000e+00,6.234243565192530514e+04
2.775500000000094225e+00,1.553140872535574957e+01,4.807668160032277926e-01,1.708057896425183853e-01,-8.751835241322220797e-04,-1.465734532232621911e-03,1.075526221607018586e-03,1.208186089653301210e+01,-1.187557486802461426e+01,1.581378741526719409e+02,-4.716223722747774072e-02,9.407699253321133881e+01,2.044524883363405752e+04,0.000000000000000000e+00,6.293443860522031900e+04
2.780500000000095895e+00,1.553140873733565464e+01,4.807605049268245390e-01,1.708122531810836175e-01,2.654022404304196264e-03,-1.186584583716117402e-03,1.192508209044483005e-03,-3.064312872284835976e+01,6.548944361307758300e+01,1.898078158880458943e+02,-4.712271586425192949e-02,9.395595835351764435e+01,2.186073856600961881e+04,0.000000000000000000e+00,6.019708436943168635e+04
2.785500000000097565e+00,1.553140166345354345e+01,4.807725212924666702e-01,1.708058917485851536e-01,3.585131601533888754e-03,-1.980562728880042207e-03,8.585372959127479827e-05,-6.168305804230307388e-01,-8.347010959373278638e+00,1.706747648853949215e+02,-4.717185006405528319e-02,9.390464893918158396e+01,2.037677797027688575e+04,0.000000000000000000e+00,6.289465034985244711e+04
2.790500000000099234e+00,1.553138787418294342e+01,4.807926094762697833e-01,1.707937976379320377e-01,-2.356781260282644463e-03,4.269921614704991208e-03,-2.107242161897588707e-03,1.797793477732170118e+02,-1.864465646262518703e+02,1.307131946896435011e+02,-4.714415378837377713e-02,9.389502555444151710e+01,2.164846879547859862e+04,0.000000000000000000e+00,6.333139246489523066e+04
2.795500000000100904e+00,1.553140159056941449e+01,4.807905615271533262e-01,1.707951283809031051e-01,2.870567320167678044e-03,5.298093906554183965e-04,1.024719791438499723e-04,4.779564290458620235e+01,-3.276300423985003363e+01,1.690419058038007165e+02,-4.715474775282047643e-02,9.393138384682313813e+01,2.546545769843210655e+04,0.000000000000000000e+00,6.001968201226291421e+04
2.800500000000102574e+00,1.553141168897503732e+01,4.807773471546534227e-01,1.707976192734787790e-01,1.701980015498545011e-03,-1.756354985790471290e-03,-3.840563914959439773e-04,-1.968921319843320816e+01,3.805390317889464313e+01,1.899056198473165011e+02,-4.716459192177634846e-02,9.389395043179537481e+01,2.158908723786521296e+04,0.000000000000000000e+00,6.043041924578675389e+04
2.805500000000104244e+00,1.553142191139886563e+01,4.807725001439282497e-01,1.707946693469606647e-01,2.620378643899046525e-03,-8.408942417594973120e-04,-5.131179005731980870e-05,-9.298419005582672980e+01,9.060809637704210218e+01,2.213075043778776489e+02,-4.716709584739795652e-02,9.392376269332788752e+01,2.205839372984355578e+04,0.000000000000000000e+00,6.021216089830548299e+04
2.810500000000105914e+00,1.553142754722630059e+01,4.807745203176966853e-01,1.707939383034775271e-01,-1.783907358598089640e-04,1.555012752867229210e-03,-1.033405574547066217e-03,1.861221001882602266e+01,-3.728508355865130852e+01,1.430287150338162405e+02,-4.717001292572477189e-02,9.399014756086431532e+01,2.322029567243484416e+04,0.000000000000000000e+00,6.309004041562736529e+04
2.815500000000107583e+00,1.553142129669777205e+01,4.807925620179361315e-01,1.707835317836922384e-01,-4.487854909232368429e-04,2.318441486428301362e-03,-6.920424497106235839e-04,-4.379951373038466045e+01,3.393167068629668393e+01,2.353937010363962372e+02,-4.717196920193736376e-02,9.398921245290559057e+01,2.340695411197858266e+04,0.000000000000000000e+00,5.968921468409433874e+04
2.820500000000109253e+00,1.553142896885636404e+01,4.807924118276548087e-01,1.707893418570820554e-01,4.871977756874102013e-03,-6.487218267294880131e-03,4.333361136886731968e-03,1.447749460761815499e+02,-1.433735012597546756e+02,1.412832143059716543e+02,-4.717476854876243020e-02,9.403545082522066423e+01,2.160465873655803080e+04,0.000000000000000000e+00,6.352747598710839520e+04
2.825500000000110923e+00,1.553144171686482622e+01,4.807737923945241132e-01,1.708077058461679731e-01,-5.850428877419576630e-04,-6.503790132809294990e-04,1.866173013453188917e-03,-8.331172367106182719e+01,8.646287140364415791e+01,2.036312563728623672e+02,-4.713683449408005710e-02,9.398370172556538193e+01,2.206620863948350598e+04,0.000000000000000000e+00,6.012312989195957925e+04
2.830500000000112593e+00,1.553144182937052697e+01,4.807717769131884533e-01,1.708097114949932160e-01,2.047382829678433529e-03,-1.771263027582160865e-03,-3.848158791056419819e-05,5.948890981017191137e+01,-5.458014349247434893e+01,1.431729127646109134e+02,-4.717083028142274315e-02,9.398323974609684228e+01,1.995834753730749071e+04,0.000000000000000000e+00,6.341858429026576050e+04
2.835500000000114262e+00,1.553143486245715721e+01,4.807830253320324876e-01,1.708007693890256362e-01,-1.486225085349443314e-03,1.323231711622439377e-03,-1.925531313907063394e-03,-7.717695483826855707e+01,7.839878659483815682e+01,2.164093197346102500e+02,-4.717912078126432207e-02,9.404450540078754273e+01,2.208515124128257594e+04,0.000000000000000000e+00,6.013826410067643883e+04
2.840500000000115932e+00,1.553143271768520606e+01,4.807899424728094839e-01,1.707951789857200531e-01,2.732936542820741039e-05,9.930977567367581856e-04,-5.676928618361667348e-04,4.987289339480603445e+01,-6.629702525380082534e+01,1.824021894082683559e+02,-4.717548512549615131e-02,9.409248929485970336e+01,2.170401887159672333e+04,0.000000000000000000e+00,6.231676405525365408e+04
2.845500000000117602e+00,1.553142162440258467e+01,4.807941914150189455e-01,1.707924969520314695e-01,-2.362509758427053415e-03,-2.896629000394398447e-03,1.235054005099859523e-03,1.701206280775999957e+01,-1.094469301061860733e+01,1.532340153004291210e+02,-4.718023681573090683e-02,9.407839622942097435e+01,2.040354140060185091e+04,0.000000000000000000e+00,6.285023418622460304e+04
2.850500000000119272e+00,1.553141519811174120e+01,4.807839421828195570e-01,1.707970209414969853e-01,-7.019188264585728533e-04,-9.776954428956116747e-04,1.432868909460262210e-03,1.550051651314515766e+01,8.043541360850440469e+00,1.967748965951531943e+02,-4.715846829744259339e-02,9.388473608120945357e+01,2.313027970829765763e+04,0.000000000000000000e+00,5.964564697521322523e+04
2.855500000000120941e+00,1.553140944682669300e+01,4.807858353944383101e-01,1.707986336670284655e-01,-3.649417650236950507e-03,3.510346799507439979e-03,-1.028144223010754327e-03,-1.620196178003880050e+01,2.734485927439163788e+01,1.583835484294669698e+02,-4.716688468449134475e-02,9.381339782271317063e+01,2.490929541934924782e+04,0.000000000000000000e+00,6.038267026824282220e+04
2.860500000000122611e+00,1.553140059742444912e+01,4.807963496607080556e-01,1.707961217196225512e-01,-2.237928213428844182e-03,3.589533498248718112e-03,-1.371098693899616651e-03,-1.248213188767340398e+01,4.410562659509764671e+01,1.813013013443390946e+02,-4.715320179138556000e-02,9.379730115225504505e+01,2.188794489406318462e+04,0.000000000000000000e+00,6.012958093625529000e+04
2.865500000000124281e+00,1.553139528521517398e+01,4.808068959514407159e-01,1.707931245872172932e-01,-2.885838928321226692e-03,3.625341742450889637e-03,-1.388685347012477743e-03,-6.667719799806718584e+01,8.521971068314292097e+01,2.066328049568885774e+02,-4.714556815342553497e-02,9.381437132239339860e+01,2.222678734346560304e+04,0.000000000000000000e+00,6.002467911597151397e+04
2.870500000000125951e+00,1.553140426205662195e+01,4.808042358970011088e-01,1.707940203435486248e-01,2.157935001307692384e-03,-6.647913593347900846e-04,5.026822169249880188e-04,2.751659031375311315e+01,-1.470092848651711392e+01,1.930781423636416321e+02,-4.716355802775894224e-02,9.389519616429505788e+01,2.280889879381310311e+04,0.000000000000000000e+00,5.988102791021847952e+04
2.875500000000127621e+00,1.553141589040523129e+01,4.807953977879221297e-01,1.707956804497561820e-01,2.304998220005059686e-03,-1.724972873431030590e-03,6.419838933461726946e-04,9.233731022201564542e+01,-1.070580817628749628e+02,1.623944018028507799e+02,-4.717729774138323257e-02,9.398878987060723489e+01,2.120404901807731585e+04,0.000000000000000000e+00,6.281817255838064011e+04
2.880500000000129290e+00,1.553142189022367248e+01,4.807923729228281151e-01,1.707925690236637151e-01,1.222645240063653107e-04,-3.717540331888141833e-04,-1.051482655587086205e-03,4.853266234793851197e+01,-5.046357240397389887e+01,1.490353757643540291e+02,-4.717548485106999590e-02,9.410764051399743835e+01,2.114104271768304170e+04,0.000000000000000000e+00,6.333744959087045572e+04
2.885500000000130960e+00,1.553143283567239941e+01,4.807859082109976478e-01,1.707929529786413880e-01,-6.416274478844464103e-04,8.177125457213661611e-04,-1.818201670627850753e-03,-8.094497920122375945e+01,8.184704407422191252e+01,2.170403458026116823e+02,-4.717945585339457931e-02,9.420417587455352759e+01,2.207474798352712241e+04,0.000000000000000000e+00,6.016022539454055368e+04
2.890500000000132630e+00,1.553142177267155510e+01,4.807617197542983778e-01,1.708002838093263254e-01,-7.416840810338400612e-04,-2.607091539451101593e-03,1.536319970756827753e-03,-1.063567889247448939e+01,5.881572550303245350e+01,2.737241050159666429e+02,-4.718086885364956157e-02,9.406624501408904848e+01,2.230694771702840808e+04,0.000000000000000000e+00,5.855913224515014736e+04
2.895500000000134300e+00,1.553141717685474887e+01,4.807552354336702138e-01,1.708035699216254033e-01,-4.401947568843257892e-03,2.572035690076528765e-03,-4.398462337409039411e-04,-3.887614815587357953e+01,4.485360425468638823e+01,2.278124047677051180e+02,-4.716860750040455241e-02,9.393274270767756207e+01,2.357802787909686231e+04,0.000000000000000000e+00,5.946677083213783044e+04
2.900500000000135969e+00,1.553142150249630404e+01,4.807505120054274550e-01,1.708087650190838191e-01,3.105494308357175607e-03,-2.408859176551000989e-03,1.624169824144991361e-03,9.075418485158647286e+01,-1.043042880144317905e+02,1.626608913722165539e+02,-4.717522166547453988e-02,9.392154054687155451e+01,2.116768659691752691e+04,0.000000000000000000e+00,6.280939420938472904e+04
2.905500000000137639e+00,1.553141916436537251e+01,4.807588701656605457e-01,1.708059458563681854e-01,1.337286430912578220e-04,2.276028672749430635e-03,-9.876059696616213031e-04,-7.711049445474009190e+01,9.334227529967529335e+01,2.150667891040506277e+02,-4.714675515298722558e-02,9.388116102601379964e+01,2.217511146863019167e+04,0.000000000000000000e+00,6.005115638997655333e+04
2.910500000000139309e+00,1.553142405944405802e+01,4.807648776720326866e-01,1.708044683661936458e-01,-3.227520931854455143e-04,2.360552340375333090e-03,-7.519271522940707995e-04,1.701015966581871908e+01,-3.278954630675571025e+00,2.028405450126587084e+02,-4.716685506674389572e-02,9.397573737634709801e+01,2.308536398180273318e+04,0.000000000000000000e+00,5.957613437881432037e+04
2.915500000000140979e+00,1.553142683882142272e+01,4.807697432461011666e-01,1.708046868353950420e-01,6.252359222941604499e-04,1.139108095937224532e-03,2.085589066820442135e-04,3.107944503410772086e+01,-2.094785822526523589e+01,1.917714911822064323e+02,-4.715683819407056471e-02,9.406022291589553674e+01,2.277606808023109261e+04,0.000000000000000000e+00,5.984477158802574559e+04
2.920500000000142649e+00,1.553143608033593992e+01,4.807654592377714198e-01,1.708084812641441907e-01,2.832987681734634808e-03,-1.098511642422461080e-03,8.960757875599173212e-04,1.516160188322819522e+02,-1.630809527278456699e+02,1.419787405296527538e+02,-4.716998926175711149e-02,9.419991373029114357e+01,2.160385120884679054e+04,0.000000000000000000e+00,6.344235075336282171e+04
2.925500000000144318e+00,1.553144347011618365e+01,4.807638119240103536e-01,1.708111171070657297e-01,8.293278011802539046e-04,2.780426054595274495e-04,5.698703673239690427e-05,3.106511836415529615e+01,-1.766152993957439321e+01,1.945778439828590649e+02,-4.718624119954421825e-02,9.429494007360892738e+01,2.275394747156219819e+04,0.000000000000000000e+00,5.983433210463288560e+04
2.930500000000145988e+00,1.553143982788892608e+01,4.807662311609156580e-01,1.708088092232717681e-01,-4.029786836768223766e-03,1.402837388858833682e-03,-1.053111518855674809e-03,-3.634238698150556957e+01,3.038768714239404289e+01,2.018197299651869514e+02,-4.718291121059686039e-02,9.436753427156767771e+01,2.616343395251875336e+04,0.000000000000000000e+00,5.981054246574769058e+04
2.935500000000147658e+00,1.553145025179715333e+01,4.807551464195013446e-01,1.708112201638910532e-01,2.896556440468610154e-03,-2.363434388803015151e-03,4.091856918162859054e-04,-6.117048092076129251e+01,4.866126620924774215e+01,2.131480863907483752e+02,-4.716269200966290154e-02,9.434353636407237786e+01,2.612281994343060069e+04,0.000000000000000000e+00,5.986284797771312151e+04
2.940500000000149328e+00,1.553145419369726632e+01,4.807562855823325210e-01,1.708060747063941398e-01,-4.821136345640276771e-04,1.978828066189408739e-03,-1.835645578943498292e-03,3.353621014489317531e+01,-2.253104871893606287e+01,2.009777501716598067e+02,-4.717948067768340525e-02,9.436424618447560420e+01,2.297509957992663840e+04,0.000000000000000000e+00,5.983694447855679027e+04
2.945500000000150997e+00,1.553146353231988108e+01,4.807573699226872499e-01,1.708040136397330488e-01,6.216763476079995888e-03,-2.227308471688119011e-03,1.524714693420817441e-03,-4.603948219765425165e+01,7.557603120276735353e+01,1.961962633094414343e+02,-4.718422526656174815e-02,9.441886116541270724e+01,2.179728317366701958e+04,0.000000000000000000e+00,6.020605724348105286e+04
2.950500000000152667e+00,1.553146192690961414e+01,4.807597901460196610e-01,1.708011266911907966e-01,-1.286764469295545053e-03,2.081611435103639021e-03,-1.646956232514155700e-03,-7.330526750721855933e+01,9.467492875858783918e+01,2.195499913864441908e+02,-4.715321049227542277e-02,9.431082875143772526e+01,2.214813820562550245e+04,0.000000000000000000e+00,6.005973393564298021e+04
2.955500000000154337e+00,1.553145808820890750e+01,4.807709944375928579e-01,1.707962565606624405e-01,-8.224776443663297772e-04,2.482410681462549583e-03,3.562329939872911850e-04,-7.476383759373993598e+01,9.366558754029256306e+01,2.146000565679698866e+02,-4.711639379774466840e-02,9.426196793706894539e+01,2.212210734348785991e+04,0.000000000000000000e+00,6.007243236480215273e+04
2.960500000000156007e+00,1.553144687592992668e+01,4.807899999414285142e-01,1.707922119761040025e-01,-3.252070563410223124e-03,3.880436953881373323e-03,-7.137077404582340637e-04,-4.237115602133144421e+01,3.993321063082476030e+01,2.312641412217227526e+02,-4.717985514417466497e-02,9.425403860325516803e+01,2.357271777653659956e+04,0.000000000000000000e+00,5.946147466596228332e+04
2.965500000000157677e+00,1.553144349709477545e+01,4.807860424624063600e-01,1.707980761962305805e-01,-1.573352704553966901e-03,4.922476068372291536e-05,4.903534335681593607e-04,-4.952101094667796133e+01,5.431479752521681803e+01,2.308547233557652589e+02,-4.717790732552167715e-02,9.420244865918640187e+01,2.354572056181104199e+04,0.000000000000000000e+00,5.945948234680354653e+04
2.970500000000159346e+00,1.553143550214915614e+01,4.807889698430038994e-01,1.707992770212742872e-01,-2.124787986463487228e-03,8.074168116122921665e-04,1.506188671501534004e-04,9.366096810253593219e+01,-1.076129130544347845e+02,1.605650168989621989e+02,-4.716454529163503773e-02,9.419480109152777914e+01,2.231743613296465628e+04,0.000000000000000000e+00,6.270094194121388136e+04
2.975500000000161016e+00,1.553143697378707877e+01,4.807834947958733451e-01,1.708023650914019254e-01,8.804645082829388146e-04,-1.678456995082743680e-03,-4.364105052897275169e-04,5.074934504113706879e+01,-6.153712236867590946e+01,1.259270148146992483e+02,-4.717351019083811797e-02,9.422832129089675846e+01,2.393188421986967296e+04,0.000000000000000000e+00,6.346886790389364614e+04
2.980500000000162686e+00,1.553143713588756292e+01,4.807887290281411263e-01,1.707925956855588789e-01,1.057248130899400909e-03,6.592109610113754299e-04,-1.235693369956874328e-03,5.245223307515266242e+01,-6.523444077497754279e+01,1.806966576420908552e+02,-4.718083106183746517e-02,9.426180184614463542e+01,2.168008289951031475e+04,0.000000000000000000e+00,6.225050673349776480e+04
2.985500000000164356e+00,1.553143973866228222e+01,4.807869743675022289e-01,1.707903561739412823e-01,-1.806600177287801630e-03,-2.616100960284536460e-03,5.432588123395598991e-04,5.710590078823133808e+01,-1.848265228374884828e+01,1.637215136343535846e+02,-4.717568372703034169e-02,9.428898683626415789e+01,2.543742658535526061e+04,0.000000000000000000e+00,6.000405030642708880e+04
2.990500000000166025e+00,1.553144090989118453e+01,4.807726597048277428e-01,1.707984497693895154e-01,-7.399985822116038640e-04,-1.227459395491211150e-03,1.919317621800150676e-03,9.961486861221915490e+01,-1.079499333458991259e+02,1.547895465577815628e+02,-4.717785051931575740e-02,9.417943430483943246e+01,2.115124145565207073e+04,0.000000000000000000e+00,6.277903337605275738e+04
2.995500000000167695e+00,1.553144275424177323e+01,4.807691542153275099e-01,1.708035517564659433e-01,2.111564263376092005e-03,-1.695507369549832753e-03,-1.211285286980082887e-04,6.303687341568352309e+01,-7.385078406384332084e+01,1.221598270186925816e+02,-4.718802654178613776e-02,9.415245667639005944e+01,2.279936831498008178e+04,0.000000000000000000e+00,6.361840929409740784e+04
3.000500000000169365e+00,1.553143709256562488e+01,4.807768522138273215e-01,1.707967726278739884e-01,8.381457529293633805e-04,-8.661165487351301696e-05,-1.687177012908371845e-03,5.237325363138907619e+00,-1.572338657536113260e+01,1.689745782038925483e+02,-4.717355790596595988e-02,9.414052696100763740e+01,2.037416802516454482e+04,0.000000000000000000e+00,6.287796227323485073e+04
3.005500000000171035e+00,1.553144715404290466e+01,4.807782779452540733e-01,1.707982220349584246e-01,2.526184330766752424e-03,-8.187260356214433842e-04,1.102427599396727355e-03,-5.948457586387849005e+01,4.070494097510209031e+01,2.071005723600492558e+02,-4.715899544096944368e-02,9.417114427291978984e+01,2.610359697870056698e+04,0.000000000000000000e+00,5.985667878928406572e+04
3.010500000000172705e+00,1.553145363873256990e+01,4.807809174187716028e-01,1.707990800944555188e-01,-9.860329893321851530e-04,2.466159758598111297e-03,-1.510894295838690607e-03,-8.084347568055090960e+01,7.693764459476847151e+01,2.120843728756237851e+02,-4.716246329656090946e-02,9.418685709895490277e+01,2.201728009672870030e+04,0.000000000000000000e+00,6.009386725837901031e+04
3.015500000000174374e+00,1.553145223927274010e+01,4.807885870383680760e-01,1.707904261804419899e-01,-3.166593535333034944e-03,4.016954705948645558e-03,-3.078115452903987942e-03,-7.208006855323674245e+01,6.900355543328919339e+01,2.140089237849827271e+02,-4.710055412729864666e-02,9.417836331724105037e+01,2.205972202170338642e+04,0.000000000000000000e+00,6.009763875936467957e+04
3.020500000000176044e+00,1.553144237548662865e+01,4.807957647878520202e-01,1.707852775359736397e-01,-9.740355641937524208e-04,1.227639889312723710e-03,-1.207993759142919404e-03,-6.972315575488210015e+00,2.608497133522200784e+01,1.866376981022245616e+02,-4.714799416756639688e-02,9.420467839242726882e+01,2.154281159463619042e+04,0.000000000000000000e+00,6.033371528066531755e+04
3.025500000000177714e+00,1.553142979974675164e+01,4.808118030122212061e-01,1.707754363596727110e-01,-3.568500927509034477e-03,4.556826014783107830e-03,-2.224119882648284852e-03,4.731739814735328764e+01,-3.504268942824228361e+01,1.922221799681032621e+02,-4.717327748945916027e-02,9.420844123997450481e+01,2.276107194666844953e+04,0.000000000000000000e+00,5.978302175623353833e+04
3.030500000000179384e+00,1.553142368882701696e+01,4.808016956917219309e-01,1.707793160320077719e-01,-5.038318894218046795e-03,-2.518977366494589819e-03,1.044606669699721033e-03,5.547515906416720100e+00,3.964096441174137908e+01,1.754930560767236898e+02,-4.717485534031964911e-02,9.416928684567730556e+01,2.156295843870444878e+04,0.000000000000000000e+00,6.035311766683668975e+04
3.035500000000181053e+00,1.553141821916404375e+01,4.807863568456492431e-01,1.707892025610086850e-01,-2.171341329636297668e-03,-8.881699406786339049e-04,9.749748504248936798e-04,5.459568025385753742e+01,-4.904621645843963051e+01,1.383040531964075512e+02,-4.717685000003556117e-02,9.409410941429564446e+01,2.112665432633068122e+04,0.000000000000000000e+00,6.331821800195986725e+04
3.040500000000182723e+00,1.553142418688146087e+01,4.807741938979020468e-01,1.707972165694864042e-01,3.106264253761812852e-03,-3.924271948996138626e-03,2.499301525199222867e-03,7.611513011103608051e+01,-8.617361175872122203e+01,1.678732229029876635e+02,-4.718840042925685763e-02,9.405048659518928389e+01,2.227928431661498325e+04,0.000000000000000000e+00,6.277510570150122658e+04
3.045500000000184393e+00,1.553143748750617625e+01,4.807644292498401972e-01,1.708025155356558134e-01,2.876667636430422972e-03,-1.626554904440332414e-03,1.014788119510847970e-04,-8.728717776506800874e+01,1.102280019564116174e+02,2.217688978002178999e+02,-4.716154883616083260e-02,9.406366624801694343e+01,2.213439127914370692e+04,0.000000000000000000e+00,6.007666650585994648e+04
3.050500000000186063e+00,1.553144186774752988e+01,4.807700755129635239e-01,1.707973244746986974e-01,3.507146256371037728e-03,-1.432680474948952540e-03,-5.003508873932070852e-04,3.565040220003201199e+01,-4.393658959387232699e+01,1.558897902806640730e+02,-4.718290968952895681e-02,9.417328819455173061e+01,2.109678113013182519e+04,0.000000000000000000e+00,6.334806666051976936e+04
3.055500000000187732e+00,1.553144677303667542e+01,4.807758512620183833e-01,1.707909240046193988e-01,4.753364841803333143e-03,-2.313529985874340431e-03,6.404542588314786474e-04,3.332787071549049784e+01,-4.967918503118573881e+01,1.900459856730807928e+02,-4.718146576038489276e-02,9.428124732869824243e+01,2.162167225133017928e+04,0.000000000000000000e+00,6.234571896104278130e+04
3.060500000000189402e+00,1.553145927972229856e+01,4.807710911097416995e-01,1.707971179751884006e-01,3.221162822778658643e-03,-1.954187703810498188e-03,1.379306959298879981e-03,-7.535187664077521674e+01,6.876279437289048246e+01,2.195732648489580185e+02,-4.718907701761279605e-02,9.441687979227366156e+01,2.631167628664009317e+04,0.000000000000000000e+00,5.978423410163135122e+04
3.065500000000191072e+00,1.553145942491039300e+01,4.807753523379978966e-01,1.707964667159478367e-01,1.206660719026149192e-03,5.730799033680289883e-05,-3.588098884920361964e-05,4.413324006501580499e+01,-6.120427941596472010e+01,1.831217454796768038e+02,-4.719738410962878716e-02,9.447881968141233244e+01,2.166671659222268136e+04,0.000000000000000000e+00,6.232186292789322033e+04
3.070500000000192742e+00,1.553145446596326096e+01,4.807764983218056343e-01,1.707911458585968656e-01,3.499971641218760864e-04,2.164049469696712271e-04,-5.207830397511800267e-04,6.841586347238217058e+01,9.486366860967336834e+00,2.341346190189269691e+02,-4.718598842803742310e-02,9.448918414981424974e+01,2.028812783859554111e+04,0.000000000000000000e+00,5.913553585404626938e+04
3.075500000000194412e+00,1.553145884633643803e+01,4.807754704846867733e-01,1.707907008190037157e-01,4.627911414720266878e-04,-6.405770597946960259e-04,1.185931328255843608e-03,-5.109328534018777646e+01,4.371930722468596286e+01,2.246075368874148808e+02,-4.716994952287214410e-02,9.442734138635428565e+01,2.333374167536598543e+04,0.000000000000000000e+00,5.959745363499817904e+04
3.080500000000196081e+00,1.553145119699973797e+01,4.807734100766496987e-01,1.707903884313375364e-01,-1.757539843937493259e-03,5.422886537636052457e-04,-1.069478582783896670e-03,1.385297839042335610e+01,-2.020866089431024193e+01,1.596970160544137229e+02,-4.718670715316083258e-02,9.435875626205746869e+01,2.038956871721417701e+04,0.000000000000000000e+00,6.285587779921142646e+04
3.085500000000197751e+00,1.553144340075020047e+01,4.807787566717782179e-01,1.707851653140362025e-01,-3.896575287471273994e-03,3.102559710283514689e-03,-1.589452875304646134e-03,-7.003457113759077401e+01,7.309215349960186359e+01,2.061040529917310664e+02,-4.717286350283585172e-02,9.429660348729633768e+01,2.205751576875142564e+04,0.000000000000000000e+00,6.009702942425144283e+04
3.090500000000199421e+00,1.553144845277544661e+01,4.807763724128056859e-01,1.707811880483886269e-01,3.888900666619457807e-03,-3.006502885742194306e-03,1.141814203434455589e-03,8.697739547070850108e+01,-1.003856242500523877e+02,1.674686292607511007e+02,-4.718054930287083476e-02,9.426739621790343904e+01,2.116665998731640138e+04,0.000000000000000000e+00,6.285202998197744455e+04
3.095500000000201091e+00,1.553145855447425383e+01,4.807726055410726507e-01,1.707835125233074791e-01,2.658545553962672180e-03,-9.682002334203076120e-04,1.339446385354350639e-03,-6.539971893097248312e+01,6.309468622642245350e+01,2.375432396610056855e+02,-4.717687678675305113e-02,9.435720361019019720e+01,2.350288282511246507e+04,0.000000000000000000e+00,5.952284827505909925e+04
3.100500000000202760e+00,1.553146506770479185e+01,4.807640043157891951e-01,1.707878275066611329e-01,-2.721485632781552901e-03,1.088514136343880041e-03,-1.208375205883046373e-04,-4.049579168988611855e+01,3.862207108911070463e+01,2.248684174952815056e+02,-4.718552943174324221e-02,9.439408579638802621e+01,2.332725336534304734e+04,0.000000000000000000e+00,5.959160529240116011e+04
3.105500000000204430e+00,1.553147086116202935e+01,4.807566417768764366e-01,1.707925576790081668e-01,-1.073705818867871779e-04,9.005815159772076993e-04,6.143339335925141701e-04,2.999192813114223100e+01,-1.538013148820732567e+01,1.929841636014489268e+02,-4.718903081159631779e-02,9.441398414540691419e+01,2.269740573444792244e+04,0.000000000000000000e+00,5.982025378275848925e+04
3.110500000000206100e+00,1.553146530651162038e+01,4.807598004411126058e-01,1.707930745635292402e-01,-2.345845179420880978e-03,1.603261387731240049e-03,-8.177493811636255038e-04,7.319295300539607751e+01,-6.614689818346323591e+01,1.356016866877209850e+02,-4.717052668457279163e-02,9.448145206600210599e+01,1.991322725230336800e+04,0.000000000000000000e+00,6.335030484110350517e+04
3.115500000000207770e+00,1.553146306472350169e+01,4.807662757040485069e-01,1.707884512092243956e-01,-3.721708605042385338e-03,9.692794723105733297e-04,-1.664625541248277189e-03,-1.227368427590549800e+02,3.494905661162647448e+00,2.483410031257679407e+02,-4.717000178906503166e-02,9.453014693960376746e+01,2.242482723397399604e+04,0.000000000000000000e+00,6.093166975715738226e+04
3.120500000000209440e+00,1.553144496329186452e+01,4.807682430814141927e-01,1.707873375882208999e-01,-4.738804254924302260e-04,-2.885850815496527754e-04,1.860242137222602003e-03,-5.448175996603616511e+00,4.374914819681897882e+01,2.674277689410593553e+02,-4.717465266343983527e-02,9.435383569438235440e+01,2.223755702550732167e+04,0.000000000000000000e+00,5.851572942045782111e+04
3.125500000000211109e+00,1.553144879658468547e+01,4.807632106082727064e-01,1.707998649568730487e-01,-1.949002039996545164e-03,7.926296871738746502e-04,2.043693003594359691e-03,-4.370457546547186212e+01,3.586086237198514937e+01,2.126383758098229180e+02,-4.714640358035659951e-02,9.421424428517627803e+01,2.330363084073419304e+04,0.000000000000000000e+00,5.951378480918597779e+04
3.130500000000212779e+00,1.553144956294520718e+01,4.807634136219050558e-01,1.708028894058769565e-01,-3.494826518463789618e-03,4.111966842669876471e-03,-2.530325886318349378e-03,-7.161647650265149423e+01,6.844064171703826105e+01,2.059104216996857417e+02,-4.710796694114444128e-02,9.414718729727317736e+01,2.199968667554862259e+04,0.000000000000000000e+00,6.001106261572126823e+04
3.135500000000214449e+00,1.553144628705485708e+01,4.807735633278744647e-01,1.707895599301351153e-01,1.995783705517397159e-04,1.903603603810100683e-03,-2.819142041395400738e-03,3.315658202680833710e+01,-2.464423982876610353e+01,2.029746327625756237e+02,-4.714839855719708123e-02,9.412748721197775126e+01,2.293134046497464806e+04,0.000000000000000000e+00,5.978454660888199578e+04
3.140500000000216119e+00,1.553144907474849745e+01,4.807830846269235958e-01,1.707788713421536930e-01,-5.119709470742592325e-04,3.576177344701784739e-03,-2.184130758956825610e-03,2.220590048485655643e+01,-9.253142727538261170e+00,1.828588531292099901e+02,-4.717004985768215308e-02,9.425032749881295047e+01,2.578955668175219762e+04,0.000000000000000000e+00,5.993408085261854285e+04
3.145500000000217788e+00,1.553143893259872854e+01,4.807888299908136820e-01,1.707698625506754719e-01,-3.698477214412024304e-04,-2.317102508899669070e-03,-5.697243848059245063e-04,-1.369909821288320018e+01,2.642079093342385931e+01,1.647974778157149558e+02,-4.716843192974778942e-02,9.421794905056164282e+01,2.434984098565042586e+04,0.000000000000000000e+00,6.063271515428894782e+04
3.150500000000219458e+00,1.553144093999112663e+01,4.807795437990733944e-01,1.707700750071679541e-01,3.197034603355773945e-04,-1.003844300541120900e-03,-4.813074249347304608e-04,-8.422524259439387606e+01,9.083862639909693826e+01,2.161748800360092559e+02,-4.714503796888487586e-02,9.411560328620461746e+01,2.203288475063114674e+04,0.000000000000000000e+00,6.016129797419482202e+04
3.155500000000221128e+00,1.553143774103924990e+01,4.807853036932785429e-01,1.707641053510116080e-01,-2.614704682637574752e-03,2.670229736587552763e-03,-2.195418776347888082e-03,-3.342284835553527955e+00,2.216081390655494943e+01,1.841130792297810501e+02,-4.715777644033201238e-02,9.412995743134094084e+01,2.156235798718994192e+04,0.000000000000000000e+00,6.035480559486233687e+04
3.160500000000222798e+00,1.553144003965576481e+01,4.807934688533064271e-01,1.707541436465222495e-01,-3.237696809933921123e-03,4.687745303017444576e-03,-2.915302619055470772e-03,-6.951998285435047364e+01,7.129064420825397974e+01,2.203510918237207079e+02,-4.711928945576341482e-02,9.420229297820893066e+01,2.202808657417417635e+04,0.000000000000000000e+00,6.019100549704658624e+04
3.165500000000224468e+00,1.553144951584419609e+01,4.807997075361844508e-01,1.707561137755964631e-01,1.207617493728246243e-03,1.201795153986400964e-03,5.427281104851913339e-04,-5.370263025048461714e+01,3.628985817925035917e+01,2.265713143506434619e+02,-4.713175993003110298e-02,9.423664696712069144e+01,2.334617413402535749e+04,0.000000000000000000e+00,5.963024432249897654e+04
3.170500000000226137e+00,1.553144372019215780e+01,4.807854849868101188e-01,1.707686393292810745e-01,-3.701937507967793459e-03,-1.739533605572147687e-03,2.068616377520717496e-03,-7.151696745133540389e+01,9.165912821244796760e+01,1.982414838838345190e+02,-4.717621353973791565e-02,9.416766767244911307e+01,2.201305495779455305e+04,0.000000000000000000e+00,6.010817489168357861e+04
3.175500000000227807e+00,1.553144082651412816e+01,4.807759941576043028e-01,1.707722495587568612e-01,-2.508328143025569893e-03,4.366375295868284655e-04,-2.779152676414368972e-04,-4.115267530531309603e+01,3.883524845634451594e+01,2.266704340782615645e+02,-4.716484314123780414e-02,9.408864398028217124e+01,2.349043095445996005e+04,0.000000000000000000e+00,5.955355618846139259e+04
3.180500000000229477e+00,1.553143663042967582e+01,4.807730325229661594e-01,1.707749537644411841e-01,-2.064674153688057356e-03,1.192113321412078229e-03,7.467869691179649294e-05,3.897434858010637981e+01,-1.867074664116353233e+01,1.895340483659822723e+02,-4.718209179676254028e-02,9.413359778325613547e+01,2.271045388333725350e+04,0.000000000000000000e+00,5.981111362879075750e+04
3.185500000000231147e+00,1.553143772438006387e+01,4.807704338242376196e-01,1.707756748127680912e-01,-8.465044771774768786e-04,1.452700394440101586e-03,-1.778350806262369904e-04,3.463433751574211783e+01,-1.925548704991160776e+01,1.924763509639869312e+02,-4.718025527059867275e-02,9.422891569471551065e+01,2.270814065613926141e+04,0.000000000000000000e+00,5.981548921028175391e+04
3.190500000000232816e+00,1.553144475599626695e+01,4.807660178572853438e-01,1.707774352716271982e-01,3.905335429219886426e-03,-2.540549701598135944e-03,7.562935936798177673e-04,5.289064130772841565e+01,-4.789457653465638032e+01,1.444148388263144511e+02,-4.718397769722416923e-02,9.436249600275860416e+01,1.987046604411034423e+04,0.000000000000000000e+00,6.340242906112375931e+04
3.195500000000234486e+00,1.553143539663470030e+01,4.807656579168409494e-01,1.707782951543253824e-01,-1.133004238282186472e-03,-5.917391058550879566e-03,2.522173393605562589e-03,1.073719137827996519e+02,-1.203647109820784635e+02,1.433223221246007881e+02,-4.715373143560563224e-02,9.443564610924624958e+01,2.377525882925131737e+04,0.000000000000000000e+00,6.318420119648556283e+04
3.200500000000236156e+00,1.553141955295958176e+01,4.807580010536520176e-01,1.707847202994779712e-01,-4.189965457792247500e-04,-1.954261033152295685e-03,2.355243107443993292e-03,1.024102961909855622e+02,-1.039263249465784611e+02,1.528120581751479676e+02,-4.717249089404488421e-02,9.429632307842680916e+01,2.112679571977330488e+04,0.000000000000000000e+00,6.275735573497196310e+04
3.205500000000237826e+00,1.553142712265021075e+01,4.807436125622626677e-01,1.707966667702948416e-01,1.599797393522359255e-03,-1.696334179226485295e-03,1.108113805584794165e-03,-8.217980414481507978e+01,1.131591082415511664e+02,2.128168798503707251e+02,-4.715445570720257218e-02,9.425228768479821895e+01,2.209191374877944691e+04,0.000000000000000000e+00,6.003638451210609492e+04
3.210500000000239496e+00,1.553144021562100008e+01,4.807359197413842433e-01,1.708033572821894552e-01,6.420966344186646154e-04,1.837376089655667541e-04,6.244412681429609537e-04,-8.616230417801898511e+01,8.858753227308375244e+01,2.061048843446064325e+02,-4.718009122238262659e-02,9.433931984900407031e+01,2.197793320437294096e+04,0.000000000000000000e+00,6.007858352866296627e+04
3.215500000000241165e+00,1.553145628527879474e+01,4.807238544293545024e-01,1.708132358423798680e-01,4.020076272981685898e-03,-2.753916494831921014e-03,2.155303406428402558e-03,1.562892644107523665e+01,5.955843367451052472e-02,1.951702843337214688e+02,-4.718442775952558232e-02,9.445045824446381744e+01,2.262591275611308811e+04,0.000000000000000000e+00,5.978448339650623529e+04
3.220500000000242835e+00,1.553147322153760257e+01,4.807132020177805054e-01,1.708159379706062908e-01,2.022664293319833238e-03,-1.019830213381014578e-05,-1.032720135012349600e-03,-2.630210181603297315e+01,2.436326968155822215e+01,1.665284462538620858e+02,-4.717466367732482679e-02,9.458248257695950656e+01,2.425200990216865102e+04,0.000000000000000000e+00,6.051981476146390924e+04
3.225500000000244505e+00,1.553147480126006741e+01,4.807165446695376709e-01,1.708073778349311067e-01,-3.008118701771603665e-04,1.712984361587716227e-03,-1.746510476869393529e-03,-1.666731592551832364e+01,3.018512139285212470e+01,1.880221661843857532e+02,-4.719627187965791393e-02,9.466393231600439151e+01,2.141423255779880856e+04,0.000000000000000000e+00,6.024958803428253304e+04
3.230500000000246175e+00,1.553147622647249371e+01,4.807096631582676305e-01,1.708036037452680123e-01,-2.408054608389436670e-03,1.314930590778421371e-03,-1.673336506581315185e-03,-4.836675804119511923e+01,5.461463470848659796e+01,2.409842967204609465e+02,-4.719715970899471952e-02,9.473366482502119368e+01,2.340654113455950210e+04,0.000000000000000000e+00,5.945726399044950813e+04
3.235500000000247844e+00,1.553147597649464373e+01,4.807102615610649443e-01,1.708038399927688522e-01,-1.363999683305480194e-03,1.718663801575936534e-03,4.139991113637214314e-04,9.412565818283641761e+01,-1.144060503577996997e+02,1.627373514171441684e+02,-4.720020556189957750e-02,9.476972661121695296e+01,2.090566375754226465e+04,0.000000000000000000e+00,6.267661066861849395e+04
3.240500000000249514e+00,1.553146814115160801e+01,4.807167322929751796e-01,1.708058573531034408e-01,-2.158561679909453204e-03,-8.199397038919039628e-04,1.273832592247182852e-03,1.370369030278187417e+01,-1.128339443975312406e+01,1.551777800557245257e+02,-4.720229430980510399e-02,9.484006324295410195e+01,2.031548885995434830e+04,0.000000000000000000e+00,6.282613525702433981e+04
3.245500000000251184e+00,1.553145272186874770e+01,4.807258306776986956e-01,1.708054895175933063e-01,2.061983064970248020e-04,1.208681770138615719e-03,-1.707122738238843582e-04,1.583908187180527989e+02,-1.648363474562678448e+02,1.421287393817933662e+02,-4.719425160696093247e-02,9.482203672496798674e+01,2.153327717665987439e+04,0.000000000000000000e+00,6.335492323651081824e+04
3.250500000000252854e+00,1.553143791314206013e+01,4.807425943823183112e-01,1.707986952350806220e-01,-3.462802265120772625e-03,3.802554645134825426e-03,-2.322259895349553308e-03,7.914820140902168077e+01,-7.522494276170084504e+01,1.341898460321210678e+02,-4.715926673473865016e-02,9.486905561416647004e+01,1.989642246280228574e+04,0.000000000000000000e+00,6.324327612427710847e+04
3.255500000000254524e+00,1.553144499304116799e+01,4.807406809330247444e-01,1.708101200755801075e-01,-2.431990487700532496e-03,1.141799784681693736e-03,1.386576716542742716e-03,4.444354851850616939e+01,-9.094949046953240668e+01,1.517281778883568109e+02,-4.717450519927738478e-02,9.475869196409838935e+01,2.430702388034962860e+04,0.000000000000000000e+00,6.249588327708768338e+04
3.260500000000256193e+00,1.553144760897918708e+01,4.807407643835343025e-01,1.708146848696411868e-01,-2.040995216459264884e-03,3.351769428487656917e-03,-6.168392777487352466e-04,-7.198438742710231963e+01,9.246216567918645524e+01,2.051271456880824360e+02,-4.717198815022486530e-02,9.460137771251055483e+01,2.203590954274564865e+04,0.000000000000000000e+00,5.992143095780658768e+04
3.265500000000257863e+00,1.553145136344666888e+01,4.807409458758691856e-01,1.708145797231513385e-01,-1.782594725077494982e-03,2.781154767259907609e-03,-1.617810722099026315e-03,-7.761812668830316397e+01,7.682784688346237090e+01,2.076182250656225392e+02,-4.714905082741866621e-02,9.457387269364336646e+01,2.192520735485115438e+04,0.000000000000000000e+00,5.998795922777998203e+04
3.270500000000259533e+00,1.553144600608488446e+01,4.807305673947161462e-01,1.708165364114724860e-01,-3.063894939231339570e-03,1.414782254834807669e-04,-2.055432626399058432e-04,-4.560671313833743312e+01,5.692939410968519809e+01,2.303357417267271501e+02,-4.715936498416846423e-02,9.452152393724743717e+01,2.340009941979165160e+04,0.000000000000000000e+00,5.936328715315426962e+04
3.275500000000261203e+00,1.553144365040161823e+01,4.807259540964242128e-01,1.708172473919255807e-01,-1.155781403208049236e-03,5.724295463939661549e-04,6.413421513712403712e-05,3.317023911803516967e+01,-1.547340860834856358e+01,1.921206275341828871e+02,-4.718759465761061811e-02,9.452551233314575541e+01,2.281486327028615051e+04,0.000000000000000000e+00,5.968155455571565835e+04
3.280500000000262872e+00,1.553144944072184153e+01,4.807232796809362552e-01,1.708176533241016759e-01,-1.534826918526492482e-03,2.171214281292318735e-03,-1.267127253877080003e-03,-5.020341399908056701e+01,5.005315742740481255e+01,2.357140204123103615e+02,-4.718182996274240121e-02,9.458372383606601375e+01,2.338194008329431381e+04,0.000000000000000000e+00,5.937043151695252891e+04
3.285500000000264542e+00,1.553144707174199901e+01,4.807281230520057402e-01,1.708158927673525673e-01,2.657555479985776199e-03,-6.441208131360891482e-04,6.316858856211664567e-04,1.744176723879263591e+00,1.430638279452591632e+01,2.073729844284569594e+02,-4.719091388705434070e-02,9.465496638261295459e+01,2.291221812830495401e+04,0.000000000000000000e+00,5.952024522683351825e+04
3.290500000000266212e+00,1.553144243272146241e+01,4.807260198330399192e-01,1.708162218640567054e-01,-3.191810894549720976e-03,1.282444029397273233e-03,-8.806641750890499987e-04,-3.889674589999185628e+01,3.776380444002256809e+01,2.258372788459311664e+02,-4.717618189876339463e-02,9.468549404327225716e+01,2.319282391986144285e+04,0.000000000000000000e+00,5.947261222947876377e+04
3.295500000000267882e+00,1.553144124739232979e+01,4.807230765897361757e-01,1.708179799753965500e-01,-1.176659624740121436e-03,1.789921972883419749e-03,-6.942534467203275404e-04,3.415691094424619223e+01,-1.955639573915073015e+01,1.936712980645305606e+02,-4.711112872337110818e-02,9.464147719763697353e+01,2.258936564896650816e+04,0.000000000000000000e+00,5.968835381897749903e+04
3.300500000000269551e+00,1.553143382357555424e+01,4.807282388621811342e-01,1.708098535263281037e-01,-2.701581771864140519e-03,-5.525932300622111298e-04,-1.597752625154311374e-03,-4.043986032918110141e+01,4.556354168351504086e+01,2.331996924482766076e+02,-4.714139440337292847e-02,9.470983359981177330e+01,2.319689602752336941e+04,0.000000000000000000e+00,5.950868422182685026e+04
3.305500000000271221e+00,1.553142244096275704e+01,4.807352450243710384e-01,1.707976647127596725e-01,-8.827877144825688150e-04,1.454126500508620256e-03,-1.991501750951978240e-03,-7.099595648427066408e+01,1.029680931056764166e+02,2.259377329031191266e+02,-4.716922171397359281e-02,9.467899303052044502e+01,2.202383373035658951e+04,0.000000000000000000e+00,6.004858435410218954e+04
3.310500000000272891e+00,1.553140368363176549e+01,4.807433242829322606e-01,1.707889366916313933e-01,-4.810863518988623203e-03,-2.772057777666331584e-03,4.710351157866803388e-04,-3.682932363507143236e+01,6.848822563802355035e+01,2.357900415861680585e+02,-4.719462165739485987e-02,9.462302496958176334e+01,2.342709619323439983e+04,0.000000000000000000e+00,5.948637520345794474e+04
3.315500000000274561e+00,1.553138370935764634e+01,4.807449930298801632e-01,1.707882749544912260e-01,-3.870266137181323837e-03,1.871512413626192847e-03,-9.418208006833601138e-04,6.124756491319811857e+01,-5.929356352640411387e+01,1.434341242212411771e+02,-4.719302972763803755e-02,9.448594247482601816e+01,2.124112256515014815e+04,0.000000000000000000e+00,6.319233844584775943e+04
3.320500000000276231e+00,1.553137970344905305e+01,4.807508131506376126e-01,1.707890976209354705e-01,2.954128568810805190e-04,1.362652321304797876e-03,2.007564984479181538e-04,5.298026717860980028e+01,-6.584934697196672460e+01,1.746988508370237128e+02,-4.717772416525414791e-02,9.446646566750548857e+01,2.174870690603956973e+04,0.000000000000000000e+00,6.217226058137609652e+04
3.325500000000277900e+00,1.553138031916105177e+01,4.807580386991714416e-01,1.707896286743658398e-01,3.398736400164567139e-03,-1.527455258061860338e-03,2.553457148495334381e-03,-6.551738285902351322e+01,6.623101215575466938e+01,2.358645787950370050e+02,-4.715560025345708062e-02,9.454153825967254932e+01,2.344745492418064896e+04,0.000000000000000000e+00,5.951448365616388037e+04
3.330500000000279570e+00,1.553138440145495736e+01,4.807616615801142967e-01,1.707907953637999576e-01,-3.490449182797129173e-04,2.333390632190401881e-03,-2.090060817820437161e-03,-7.950592136283603395e+01,8.019312560280286561e+01,2.143397018748551659e+02,-4.715216705030601807e-02,9.462664190257272878e+01,2.198880712594897705e+04,0.000000000000000000e+00,6.009379159726104263e+04
3.335500000000281240e+00,1.553137345027044169e+01,4.807690350382029520e-01,1.707821551244127767e-01,-5.880965138823599468e-03,7.701393289827523426e-05,-7.545175415731511384e-04,-2.768212667186708131e+01,4.035098281202112958e+01,2.229350771885321478e+02,-4.716041512689040510e-02,9.465215787537982806e+01,2.329508951683332634e+04,0.000000000000000000e+00,5.957180579409703205e+04
3.340500000000282910e+00,1.553136859697903205e+01,4.807627575938259179e-01,1.707841066289198795e-01,9.200815287948394070e-04,-1.372950198397076280e-03,4.056313535741674957e-04,8.578449164185883546e+01,-9.425769476323750951e+01,1.688093758479005828e+02,-4.719623096043122634e-02,9.460230954572878659e+01,2.225642912246003107e+04,0.000000000000000000e+00,6.275425170943157718e+04
3.345500000000284579e+00,1.553136650132895369e+01,4.807654191054723802e-01,1.707814525840518072e-01,-3.194904647923092061e-03,4.777652199523819629e-03,-2.304035389860441523e-03,-9.588363350380859629e+00,5.116603733571969315e+01,1.845821712161611003e+02,-4.718652756752778760e-02,9.456711124860271411e+01,2.177228094057994895e+04,0.000000000000000000e+00,6.009775878617916896e+04
3.350500000000286249e+00,1.553136776749197701e+01,4.807751210039859502e-01,1.707752125635165763e-01,3.025174232362711369e-03,-6.148257255231822727e-04,-6.509862973520249381e-04,5.850230633626661358e+01,-5.624693282700650343e+01,1.453578754004930715e+02,-4.719170368532789317e-02,9.466125254982094361e+01,1.987855662830931033e+04,0.000000000000000000e+00,6.333798005156976433e+04
3.355500000000287919e+00,1.553136106977101427e+01,4.807920645095014045e-01,1.707647352432140608e-01,-4.834216617038945775e-04,8.245944164256529662e-04,-1.295436171326896533e-03,9.636581118360550136e+01,-1.366133903032335866e+02,1.469609921218145416e+02,-4.715053412349495821e-02,9.475199626949158471e+01,2.494831388129991683e+04,0.000000000000000000e+00,6.304352860374725424e+04
3.360500000000289589e+00,1.553136996229067890e+01,4.807889830689401900e-01,1.707692186994652916e-01,-1.660711505883285177e-03,6.002041980967528839e-04,9.502125664560412280e-04,-1.258769846855827836e+02,3.089207129612327662e+01,2.271644951416846254e+02,-4.716223931137933367e-02,9.460798603461543621e+01,2.237560807463802485e+04,0.000000000000000000e+00,6.082894918551725277e+04
3.365500000000291259e+00,1.553137193666981908e+01,4.807885079226157377e-01,1.707692745387280608e-01,-2.923758760845464257e-04,9.405053665435175519e-04,-4.217670842336670002e-04,-5.348479672722578471e+01,5.265375846563597406e+01,2.344662452956933976e+02,-4.717751795614882199e-02,9.443017565661600088e+01,2.347102428464000695e+04,0.000000000000000000e+00,5.946535510947419971e+04
3.370500000000292928e+00,1.553137506878093355e+01,4.807933584021117923e-01,1.707675484621399564e-01,-1.499553673564901161e-03,2.851391520684479902e-03,-1.212648935041532681e-03,-4.408468344942275507e+01,3.081167401078505463e+01,2.258528999264191839e+02,-4.717510221621680488e-02,9.437929603367959430e+01,2.327949351000171009e+04,0.000000000000000000e+00,5.955499476802669233e+04
3.375500000000294598e+00,1.553137475044750637e+01,4.807998265228020651e-01,1.707577132459576208e-01,-4.960393486529218396e-03,-1.492689281372829068e-03,-1.085522562682294861e-03,-8.349782864003481464e+00,-1.681689420044981489e+02,1.886174083062704483e+02,-4.715650104800688663e-02,9.443791845213102931e+01,2.130232686010863836e+04,0.000000000000000000e+00,6.397927874757484096e+04
3.380500000000296268e+00,1.553136127815357526e+01,4.807975692243075527e-01,1.707513056567623311e-01,-2.895998305279826046e-03,2.171304161730756160e-03,-1.044338312057478723e-03,2.263310100865010099e+01,-1.253849535933568404e+00,2.040554531109306140e+02,-4.716957190315046455e-02,9.426270582260517017e+01,2.320588739549490856e+04,0.000000000000000000e+00,5.958999411037416576e+04
3.385500000000297938e+00,1.553135033013398925e+01,4.808026992991689119e-01,1.707499070378520056e-01,-1.242048012584295088e-03,5.926041982892009700e-04,7.332918572763676883e-04,1.627284918059422125e+01,5.800616676837762498e+00,2.012109084454542938e+02,-4.717320257738649020e-02,9.426873681684924122e+01,2.321468158326585763e+04,0.000000000000000000e+00,5.959639826691124472e+04
3.390500000000299607e+00,1.553134525927565157e+01,4.808102726964997853e-01,1.707503216071326879e-01,-2.227820871454544525e-03,2.700332837537131395e-03,-6.515597607330640131e-04,9.903325425359186340e+01,-1.130109035065681837e+02,1.615079137770020452e+02,-4.716516738304074585e-02,9.441697782610039269e+01,2.229534183631080668e+04,0.000000000000000000e+00,6.273649847605392279e+04
3.395500000000301277e+00,1.553135819365500936e+01,4.807935231741455318e-01,1.707632027999571867e-01,-1.956284191642255858e-03,-8.066292146190352222e-04,1.805752025767071080e-03,-5.829911462018238666e+01,6.371751487923784651e+01,2.029358558689155245e+02,-4.715312181701927091e-02,9.446098289422727134e+01,2.628927339409170236e+04,0.000000000000000000e+00,5.974840420177284250e+04
3.400500000000302947e+00,1.553137510885258266e+01,4.807769636636138877e-01,1.707736253610837029e-01,1.212718791001053936e-03,3.918566314190708886e-04,6.745737672883859656e-04,-8.022363085087954460e+01,1.063408568362940514e+02,2.100151548967111523e+02,-4.716598097865720707e-02,9.446728001103383576e+01,2.209289596564500971e+04,0.000000000000000000e+00,6.004043499303840508e+04
3.405500000000304617e+00,1.553138703261258335e+01,4.807724489353264463e-01,1.707783555749538273e-01,3.980600209477762330e-03,-2.186883807792170537e-03,1.809642817709443754e-03,-6.814888927797565543e+01,6.883261716815225384e+01,2.375447109526604663e+02,-4.717584185515362460e-02,9.461799649179174310e+01,2.341490512224941267e+04,0.000000000000000000e+00,5.948692413438839867e+04
3.410500000000306287e+00,1.553138510273803519e+01,4.807672781149560648e-01,1.707787208552357661e-01,-2.641954442355124062e-03,1.864968249643859238e-03,-2.103097536204474437e-03,-5.564544843336577173e+01,5.468877632291322044e+01,2.163694424936066127e+02,-4.718778090421166943e-02,9.464998654274400280e+01,2.624443517502217219e+04,0.000000000000000000e+00,5.971504105151128169e+04
3.415500000000307956e+00,1.553139221860459962e+01,4.807623529553714525e-01,1.707789894829827571e-01,2.132488446736123013e-03,-1.145172637409549478e-03,1.782506443628054322e-04,5.854637289622921514e+01,-5.318385399081023479e+01,1.416764031477947867e+02,-4.717394115892633438e-02,9.470739125441753004e+01,1.986364667486828694e+04,0.000000000000000000e+00,6.336484822745658312e+04
3.420500000000309626e+00,1.553139594101027754e+01,4.807507692610542005e-01,1.707841708168691131e-01,-2.392826099885527608e-03,4.925635262011028798e-04,4.578007285248852898e-04,-4.710829497302029267e+01,5.682639717852453032e+01,2.303131370028959566e+02,-4.718215517239272155e-02,9.467849096862177305e+01,2.342893341672513634e+04,0.000000000000000000e+00,5.944887747971559293e+04
3.425500000000311296e+00,1.553140026215474911e+01,4.807488740150598350e-01,1.707852968760968648e-01,7.752319674931210233e-04,1.095808787441184722e-03,-1.032560967234922439e-03,-1.447031932178015268e+01,3.390715736120228030e+01,1.853689160751957274e+02,-4.718962273152046277e-02,9.471912109373337785e+01,2.146377273037751365e+04,0.000000000000000000e+00,6.029345474604687479e+04
3.430500000000312966e+00,1.553139698031883498e+01,4.807542079308988470e-01,1.707829697152541681e-01,-3.575874572585692121e-03,1.189944621164204562e-03,-9.693413713320963123e-05,-6.999581041939245551e+01,8.580407160549884793e+01,2.033480384587067533e+02,-4.715109621758186570e-02,9.474855924968908027e+01,2.194512706021141275e+04,0.000000000000000000e+00,6.007018608500426490e+04
3.435500000000314635e+00,1.553139776516183801e+01,4.807507550886290781e-01,1.707824453452365943e-01,-4.359085565450028879e-04,1.769748296355459077e-03,-1.832330525082192640e-03,-2.719721193001441861e+01,5.101275725040136422e+01,1.711367993164015786e+02,-4.709762815360046817e-02,9.470243383581288299e+01,2.452492397497284765e+04,0.000000000000000000e+00,6.039380186255706940e+04
3.440500000000316305e+00,1.553139644376588890e+01,4.807595344685696714e-01,1.707795384560877872e-01,5.989667314448021175e-03,-4.631407422003006903e-03,3.119457913272092459e-03,8.151883900891384371e+01,-8.979618746963546982e+01,1.647531953800466908e+02,-4.716270082469697922e-02,9.484625024280467187e+01,2.107034967009790125e+04,0.000000000000000000e+00,6.280620584330954443e+04
3.445500000000317975e+00,1.553140263682529287e+01,4.807434158331334029e-01,1.707934198613794419e-01,-2.349954405334220633e-03,8.774190346242527342e-04,1.840587802865844419e-03,-5.012324541355955887e+01,5.412835993543927771e+01,2.244219259443163423e+02,-4.712202198130351766e-02,9.474645105866990491e+01,2.354995091006071016e+04,0.000000000000000000e+00,5.939484289554294810e+04
3.450500000000319645e+00,1.553140714578877990e+01,4.807338354975101424e-01,1.708067411825976711e-01,1.409272093658043169e-03,-2.913176081670240409e-03,3.167623763751496128e-03,-5.428078847218785086e+01,5.457948333943863872e+01,2.210989128975482743e+02,-4.713850947530862784e-02,9.483630626057373547e+01,2.319417580706456647e+04,0.000000000000000000e+00,5.952889619417860376e+04
3.455500000000321315e+00,1.553139686124707808e+01,4.807430762862909823e-01,1.708111773063265559e-01,-7.046146421658328572e-03,5.132237155799364943e-04,1.237058855611952246e-03,-3.168691205874454297e+01,-2.202332108151739476e+02,2.199676341227147134e+02,-4.717272431663946386e-02,9.500642755692909702e+01,2.172129089381372978e+04,0.000000000000000000e+00,6.298231017629344569e+04
3.460500000000322984e+00,1.553138770220805753e+01,4.807182084965532787e-01,1.708233631725565027e-01,-4.394262927383660658e-03,9.175887136523589935e-04,-1.163281368782840587e-03,-2.769822385218958516e+00,3.053149316301710314e+01,1.750469719929618861e+02,-4.720329501098936842e-02,9.485805489085984732e+01,2.162412456872153416e+04,0.000000000000000000e+00,6.014286763664346654e+04
3.465500000000324654e+00,1.553138996300703134e+01,4.807031593047094709e-01,1.708323496164042277e-01,1.549266309632881498e-03,-2.625077562184541941e-03,1.794446437417279152e-03,-8.590681135726572393e+01,1.167777453986300316e+02,2.099067774469053234e+02,-4.720371440600059504e-02,9.484249012912138710e+01,2.215604468290301520e+04,0.000000000000000000e+00,5.992281982155634614e+04
3.470500000000326324e+00,1.553139464406050330e+01,4.806970329095970329e-01,1.708342187481167174e-01,1.077019974605651197e-03,-4.931211968613151289e-04,-4.729447707666992076e-04,-5.661535591296569692e+01,4.416096205271196595e+01,2.079590011198637285e+02,-4.715948206236722506e-02,9.487411571204025051e+01,2.589322298529091859e+04,0.000000000000000000e+00,5.971055742818630097e+04
3.475500000000327994e+00,1.553139198070045346e+01,4.807059507840176771e-01,1.708269398854884713e-01,-2.265911292762115125e-03,2.654258640490235552e-03,-1.111423166008081252e-03,-4.703525782455030679e+01,4.905427744177816152e+01,2.313275786032099290e+02,-4.718649929571613194e-02,9.499133340672176473e+01,2.333701794322169371e+04,0.000000000000000000e+00,5.935212632746808958e+04
3.480500000000329663e+00,1.553139328436972022e+01,4.807088159584015363e-01,1.708282016868311048e-01,-1.828133848619593015e-03,-2.387247416169989314e-04,3.630470110237683464e-04,-1.229907843878177118e+02,3.858783253941942348e+01,2.315042292342027679e+02,-4.719323423231949755e-02,9.511028717109903141e+01,2.225618677569569627e+04,0.000000000000000000e+00,6.071923919002082403e+04
3.485500000000331333e+00,1.553137843724061362e+01,4.807074192902120457e-01,1.708286496667852927e-01,-2.858400782367281293e-03,6.794987238545389767e-04,-3.632559796217070948e-04,5.521846210285896461e+01,-5.219306321018927974e+01,1.379513768350862222e+02,-4.719266960266237793e-02,9.499919648343042411e+01,2.098660604621192033e+04,0.000000000000000000e+00,6.313274858163735917e+04
3.490500000000333003e+00,1.553137281840870543e+01,4.807130310446425248e-01,1.708203897028500451e-01,-4.360498865656366879e-03,4.212730165172581809e-03,-2.204230321775189558e-03,-3.614403434155519790e+01,2.778318145937441841e+01,2.230517438347577297e+02,-4.718045183463755871e-02,9.492732297352635840e+01,2.317667508479156459e+04,0.000000000000000000e+00,5.944679173505446670e+04
3.495500000000334673e+00,1.553138266414579327e+01,4.807087216667746410e-01,1.708217823058671425e-01,3.251550854783731397e-03,-1.121713608617875158e-03,1.104089543791847211e-03,7.476484590964724930e+01,-8.872301994737733821e+01,1.670568670489531087e+02,-4.719647101788195659e-02,9.498487761812705799e+01,2.213959092028983650e+04,0.000000000000000000e+00,6.263786449436002295e+04
3.500500000000336343e+00,1.553139185801439659e+01,4.807092315998573451e-01,1.708185042936853637e-01,3.449065521172831311e-03,-1.674721843329420295e-03,-5.490635178404859303e-05,3.406452732422913243e+01,-3.896422111328854498e+01,1.537460943796042159e+02,-4.719548329439503254e-02,9.508219120423763115e+01,2.094208274691564657e+04,0.000000000000000000e+00,6.320303477722501702e+04
3.505500000000338012e+00,1.553139039746240258e+01,4.807064245666385349e-01,1.708177936323202473e-01,-8.228973918648955187e-04,2.125708764062805888e-04,-7.187858517678665220e-04,5.232042724455192229e+01,-5.627194643766597437e+01,1.800323786900673326e+02,-4.720542731832762240e-02,9.508693252691863051e+01,2.150274886607296867e+04,0.000000000000000000e+00,6.220174905249993753e+04
3.510500000000339682e+00,1.553139013399607116e+01,4.807096026173698911e-01,1.708168464761652960e-01,-1.287482373502503398e-03,2.673778037548851100e-03,-7.609365588285628857e-04,-7.113321845203972771e+01,1.010263435693930205e+02,2.105171952471959287e+02,-4.720526225700970996e-02,9.510565501720489578e+01,2.197876190309343292e+04,0.000000000000000000e+00,5.995636869510874385e+04
3.515500000000341352e+00,1.553138928234744931e+01,4.807137140145500420e-01,1.708156174606574873e-01,-6.928755618073923622e-03,1.842017827661392268e-04,-6.625006136821501301e-04,-9.792884298014269007e+01,-5.521546662372679748e+01,2.633114478991391820e+02,-4.719527752701618145e-02,9.512596574919496106e+01,2.334634310499446292e+04,0.000000000000000000e+00,6.032794030151207699e+04
3.520500000000343022e+00,1.553138273235231281e+01,4.807033643640346021e-01,1.708165891283488225e-01,-3.582676431835685616e-03,2.288410797659843829e-03,-1.784682514517370875e-03,-1.452196807657855970e+01,5.918598657026745968e+01,1.879266913562082379e+02,-4.711589217623069620e-02,9.482087474860971099e+01,2.185429930427088038e+04,0.000000000000000000e+00,5.997480517487987527e+04
3.525500000000344691e+00,1.553137358830018577e+01,4.807089914432304822e-01,1.708147743605698821e-01,-1.187210301714932727e-03,2.961577062745726976e-04,-5.873657830591467793e-04,-7.960382911683927887e+01,8.768326202713092243e+01,2.126661860756602209e+02,-4.718228869838560907e-02,9.480871073753237965e+01,2.204991530852584037e+04,0.000000000000000000e+00,6.001067928877197846e+04
3.530500000000346361e+00,1.553135682412887775e+01,4.807263925219183442e-01,1.708076363305273959e-01,-3.037671494672526500e-03,3.550632349563223166e-03,-2.847274238931528541e-03,6.007280229979804176e+01,-7.384726526553549775e+01,1.250153601589414052e+02,-4.716623600049302256e-02,9.491879061865425626e+01,2.401224787428497439e+04,0.000000000000000000e+00,6.330415624536691030e+04
3.535500000000348031e+00,1.553136589860896244e+01,4.807268607431157137e-01,1.708020194059691188e-01,-1.364212917811771526e-03,4.142378970686332908e-03,-2.642508592436190826e-03,-2.044785420009111476e+01,5.309020697156802271e+01,1.917679318968929465e+02,-4.711417346810622270e-02,9.487042852450439057e+01,2.189705255579636287e+04,0.000000000000000000e+00,6.002469634177647094e+04
3.540500000000349701e+00,1.553136622500399788e+01,4.807399397820552034e-01,1.707970089257318802e-01,-1.254980090876279316e-03,3.247060447321486673e-03,-9.636149990987275850e-04,-4.934230571321495518e+01,3.292532371851257267e+01,2.038544000853287912e+02,-4.718932967810832851e-02,9.515835603146362587e+01,2.594199213966966272e+04,0.000000000000000000e+00,5.979159568951748952e+04
3.545500000000351370e+00,1.553135778214713980e+01,4.807354123171330706e-01,1.707983090647921254e-01,-4.657111042377340589e-03,2.990946912279520992e-03,-1.260124379725753715e-03,2.032415189727667659e+00,5.396694002223589592e+01,2.385271313620656883e+02,-4.718369800471934605e-02,9.510742601644123795e+01,2.352930991257395362e+04,0.000000000000000000e+00,5.955619911831991340e+04
3.550500000000353040e+00,1.553135131483056242e+01,4.807451029316578417e-01,1.707951645884874248e-01,-2.697567088963910131e-03,3.420501730627861867e-03,-1.757995532079414643e-03,7.623368598834183274e+01,-7.449654994982222433e+01,1.329953694001231668e+02,-4.719244015198757747e-02,9.511260264523551200e+01,1.988746714681349476e+04,0.000000000000000000e+00,6.327739248822550144e+04
3.555500000000354710e+00,1.553134319157124388e+01,4.807566567317403949e-01,1.707880255373986356e-01,-4.911233938442500883e-03,-1.574214943991201609e-03,-1.743078109844284937e-04,-1.010631631013256992e+02,-4.977535644496333589e+01,2.647430031040148606e+02,-4.720338716106373816e-02,9.511782480080928792e+01,2.345390847934870908e+04,0.000000000000000000e+00,6.042462798023076175e+04
3.560500000000356380e+00,1.553133573103453813e+01,4.807489243305152482e-01,1.707926577088822451e-01,7.084517185488712525e-04,-2.188029704757553286e-03,1.430987530466536249e-03,-5.362153398180043951e+01,5.172912459165354448e+01,2.260526525467632837e+02,-4.719461085296113717e-02,9.494253204052894546e+01,2.337531101909633071e+04,0.000000000000000000e+00,5.953616971390803519e+04
3.565500000000358050e+00,1.553134384749521679e+01,4.807373611235008504e-01,1.708006457800418654e-01,2.059439095208722998e-03,-2.415802622927046197e-03,1.501154719653573265e-03,7.717180043106114340e+01,-9.069480257546649682e+01,1.668831716975973620e+02,-4.720238065461088151e-02,9.493219669520787818e+01,2.236033302047623147e+04,0.000000000000000000e+00,6.266722410622145253e+04
3.570500000000359719e+00,1.553134068571574034e+01,4.807413367935578496e-01,1.707991833586275099e-01,-2.311323079257000812e-03,3.498048309949292924e-03,-2.489898248005602537e-03,1.593303280772212638e+01,-2.775984313279411708e+01,1.597999484843073787e+02,-4.720279838497240532e-02,9.499414066787474553e+01,2.028441280766475393e+04,0.000000000000000000e+00,6.274325531473989395e+04
3.575500000000361389e+00,1.553133584654707455e+01,4.807489101268116460e-01,1.707911967102948847e-01,-5.693224860256098328e-03,2.428442027303179956e-03,-2.750177387966157815e-03,-1.138406010452940791e+02,7.170757837364362786e+00,2.341109626632111542e+02,-4.720351215245514875e-02,9.509019369925631793e+01,2.222848063512150111e+04,0.000000000000000000e+00,6.088109559807946061e+04
3.580500000000363059e+00,1.553132369959588388e+01,4.807552069644214221e-01,1.707826775654526508e-01,2.188554037505323607e-03,-1.266144766125056487e-03,1.559575916939318042e-04,1.063349003242759636e+02,-9.038697078097368376e+01,1.219479585986388770e+02,-4.718671872675064133e-02,9.497329692031119919e+01,2.059702607924719632e+04,0.000000000000000000e+00,6.374996012379597232e+04
3.585500000000364729e+00,1.553132644861076450e+01,4.807571809863246393e-01,1.707817805990619331e-01,-9.489240179374713565e-04,2.231916358944375112e-03,-7.434174140123366893e-04,-7.573014765967491257e+01,8.343349696763493739e+01,2.066342338401635459e+02,-4.718685866875111518e-02,9.494411825746561817e+01,2.196832873349420333e+04,0.000000000000000000e+00,6.009477498357691366e+04
3.590500000000366398e+00,1.553132278842882563e+01,4.807611804477557871e-01,1.707811244654350025e-01,-5.270109836455172739e-03,5.257688751800024089e-03,-2.037953135317736517e-03,-5.987710929222384948e+01,8.527091757942935146e+01,2.056360701470594847e+02,-4.716435342522087154e-02,9.491304273220751497e+01,2.224650094424449708e+04,0.000000000000000000e+00,5.995565655766910641e+04
3.595500000000368068e+00,1.553131452782608157e+01,4.807744513203076053e-01,1.707712793224325509e-01,-5.375298970612028826e-03,5.732027445996489522e-03,-3.278121835758747958e-03,-5.790544017886713846e+01,7.234201146597160914e+01,2.108045020422445077e+02,-4.716253822534569040e-02,9.496753836137109772e+01,2.197627095090482180e+04,0.000000000000000000e+00,6.011274274468521617e+04
3.600500000000369738e+00,1.553131566050951307e+01,4.807706136870846247e-01,1.707714933108431532e-01,-1.545710199587261918e-03,1.802401084881134806e-03,-5.008760181487601978e-04,3.525395472658692597e+01,-2.156057932983594583e+01,1.923995449540044547e+02,-4.716153272374268290e-02,9.495547233397820719e+01,2.282216757447639247e+04,0.000000000000000000e+00,5.976746352611166367e+04
3.605500000000371408e+00,1.553130777751225544e+01,4.807755091474776310e-01,1.707678498370895359e-01,-2.425853669041638013e-03,-2.944250385439814866e-03,9.067295578080503994e-04,2.963194339087340268e+01,1.763557687317688760e+01,1.760574200414629047e+02,-4.719130637890270319e-02,9.497048383715463160e+01,2.568713985160735683e+04,0.000000000000000000e+00,5.995785130465473776e+04
3.610500000000373078e+00,1.553130493125271805e+01,4.807638269646228868e-01,1.707744878431158297e-01,2.805281998973377725e-03,-3.073762113378687363e-03,1.287127309252707099e-03,3.688908216334233714e+01,-3.617568565512908663e+01,1.492776296298729051e+02,-4.719401957105084228e-02,9.486836715980264501e+01,2.121573816309978793e+04,0.000000000000000000e+00,6.327239592762086249e+04
3.615500000000374747e+00,1.553130718963523016e+01,4.807642983898582356e-01,1.707729046968321784e-01,2.215436437312364153e-03,6.519928080934963080e-04,-1.256207312637512086e-03,1.146144557865817148e+02,-1.129754103012455744e+02,1.068918171330070095e+02,-4.720299955581470919e-02,9.490702158576308989e+01,2.359158208204914990e+04,0.000000000000000000e+00,6.401335650251506013e+04
3.620500000000376417e+00,1.553130887840881513e+01,4.807737340539592341e-01,1.707653502103534948e-01,1.117492073788673617e-03,2.824377942702326234e-03,-1.061623073176779994e-03,-2.183490446261930629e+01,6.109915942524276034e+01,1.850157640316285779e+02,-4.718765516219553674e-02,9.498564418742570581e+01,2.176384157580979809e+04,0.000000000000000000e+00,6.012681708001026709e+04
3.625500000000378087e+00,1.553131189791059263e+01,4.807529225352180080e-01,1.707732311956104976e-01,-1.251389957171848829e-03,-1.947064152379427955e-03,6.351271561553828741e-04,-6.221523278897091558e+01,6.911293953127528766e+01,2.127711025055149321e+02,-4.718337147828619016e-02,9.492779861932005758e+01,2.640064373796317886e+04,0.000000000000000000e+00,5.973794309636476828e+04
3.630500000000379757e+00,1.553130729788808040e+01,4.807579506409356829e-01,1.707688748034592308e-01,-1.130177171903881542e-03,1.535955177305513243e-03,-1.590662659539873302e-03,1.228872684923268466e+01,-2.217049062925809721e+01,1.637134554601407217e+02,-4.720046912825136276e-02,9.496034302848616449e+01,2.051497190533421235e+04,0.000000000000000000e+00,6.282688383635860373e+04
3.635500000000381426e+00,1.553130113197173934e+01,4.807617156722822638e-01,1.707636112190214495e-01,-2.301777906235662977e-03,-4.310895523384400407e-03,1.140002950498468113e-03,7.122469774584438085e+00,-1.622552619495797899e+02,1.730939273315967171e+02,-4.718549516050222353e-02,9.498354123011706918e+01,2.023817469132046972e+04,0.000000000000000000e+00,6.414054996543509333e+04
3.640500000000383096e+00,1.553129852720872073e+01,4.807476068316265394e-01,1.707668487396288293e-01,2.193658495895807296e-03,-3.171956013852345133e-03,2.820065313439348441e-04,4.488474162549075430e+01,-4.672165747215217380e+01,1.850867151690554806e+02,-4.719946020318185886e-02,9.486283425509014933e+01,2.175253516708989991e+04,0.000000000000000000e+00,6.229869817408245581e+04
3.645500000000384766e+00,1.553129573107481853e+01,4.807509610454839821e-01,1.707633649467716619e-01,2.961004477858786548e-03,-2.216977458027104709e-03,7.763371721504108876e-04,7.890563313326070727e+01,-9.220542810847553028e+01,1.726597740787681232e+02,-4.719088467863473413e-02,9.486974421540281810e+01,2.242725468407404333e+04,0.000000000000000000e+00,6.276488031927557313e+04
3.650500000000386436e+00,1.553131016439789036e+01,4.807514234768012762e-01,1.707650190877723906e-01,7.210011152811974557e-03,-3.259000736839003185e-03,1.720894672097270355e-03,3.018253951020856007e+01,-4.066895955659879291e+01,1.855546491091853909e+02,-4.718935181525597128e-02,9.497077210271245917e+01,2.154341866870155718e+04,0.000000000000000000e+00,6.234045761551726901e+04
3.655500000000388106e+00,1.553131595765309747e+01,4.807463170093351779e-01,1.707678355580836416e-01,2.569672427610781261e-03,-2.742779838525447305e-03,3.781067163483459994e-04,-1.033076668081926073e+02,8.634959317024708980e+01,1.986306243092441548e+02,-4.718065636844003680e-02,9.489828228159230150e+01,2.488619934746034414e+04,0.000000000000000000e+00,6.032898380980693037e+04
3.660500000000389775e+00,1.553131406064882114e+01,4.807466533770809458e-01,1.707675858625586351e-01,-1.072164470565494356e-03,1.023013999967285976e-03,-3.346415126723271136e-05,-4.589619437850478789e+01,3.951515994485794181e+01,2.271446310316818824e+02,-4.717250112326824146e-02,9.482783113486323145e+01,2.339598661664828614e+04,0.000000000000000000e+00,5.956055664456646628e+04
3.665500000000391445e+00,1.553131834156878988e+01,4.807487852237269377e-01,1.707699187764448179e-01,2.297654237254297040e-03,-4.484025762736480844e-04,1.074833466205979936e-03,8.367061768759897689e+01,-9.398953963877454498e+01,1.655490750654778367e+02,-4.719096420479587661e-02,9.498573737309624221e+01,2.222618652315206782e+04,0.000000000000000000e+00,6.273870613353662338e+04
3.670500000000393115e+00,1.553131668141771016e+01,4.807421855875023131e-01,1.707710046485726718e-01,-1.993801655426920543e-03,-7.757540175381901111e-04,-1.001165244883107973e-03,-7.584801353852571992e+01,9.274309171477420932e+01,2.124918988413884335e+02,-4.718987074973716306e-02,9.497895745452392191e+01,2.211954274672062093e+04,0.000000000000000000e+00,6.009317394478199276e+04
3.675500000000394785e+00,1.553131659803433173e+01,4.807384735361278638e-01,1.707681459555351056e-01,7.684645026250681464e-04,-2.912300887457592376e-04,-7.159902540621145613e-04,1.036519279603226096e+01,1.139270130875911491e+01,2.122176777607713802e+02,-4.719781584390378426e-02,9.497740576119350919e+01,2.312387212596843165e+04,0.000000000000000000e+00,5.960637692560965661e+04
3.680500000000396454e+00,1.553131719803946176e+01,4.807397390160909612e-01,1.707700159890640779e-01,-1.173537098287567209e-03,2.036480737416088930e-03,2.585131090648868789e-04,-4.394935822399565950e+01,3.627082596706395634e+01,2.231796456750810762e+02,-4.716986324803349589e-02,9.505075892790907233e+01,2.323399320376744799e+04,0.000000000000000000e+00,5.959176231522594026e+04
3.685500000000398124e+00,1.553131307351428525e+01,4.807365948951455858e-01,1.707761260239661349e-01,-4.402712088220339486e-03,2.840965856807893281e-03,-1.880026270733510562e-04,-1.779485075660886650e+00,6.140548065558277813e+01,1.742752827166017937e+02,-4.719515873325887123e-02,9.508024065818210602e+01,2.175403811482007950e+04,0.000000000000000000e+00,6.007720537781173334e+04
3.690500000000399794e+00,1.553130506584279935e+01,4.807415573576385159e-01,1.707760284307220933e-01,-6.340856070121631341e-04,3.846687278277348865e-04,2.867536011082597361e-04,7.128666983352781017e+01,-6.156682031057835047e+01,1.333265793566819468e+02,-4.718191730501344883e-02,9.508489499911004827e+01,1.990735237707565466e+04,0.000000000000000000e+00,6.333856290841358714e+04
3.695500000000401464e+00,1.553130043651419889e+01,4.807464189563672163e-01,1.707783536658419032e-01,3.877345782815787810e-03,-2.439892493936818025e-03,2.259004129515360029e-03,3.681052515941479442e+01,-3.924316539474818910e+01,1.435018378226143909e+02,-4.720213530317460271e-02,9.505928048004905406e+01,2.105022507524403409e+04,0.000000000000000000e+00,6.328580386839673884e+04
3.700500000000403134e+00,1.553130594128686148e+01,4.807537384136159608e-01,1.707790230818564958e-01,5.840685926618675861e-04,2.469651203642092997e-03,-2.824568344806880488e-04,-5.385421642095980133e+01,5.035923648485845661e+01,2.305491717395960904e+02,-4.717546373611713334e-02,9.515614277287795630e+01,2.343362816809662763e+04,0.000000000000000000e+00,5.945724845677421399e+04
3.705500000000404803e+00,1.553130097890078432e+01,4.807523028408664523e-01,1.707760294413971647e-01,-2.794554455024149744e-03,1.198169809166753580e-03,-1.198811270741621110e-03,-7.359750613367532424e+01,8.205923394582009678e+01,2.024098480574695884e+02,-4.716889977586120192e-02,9.507947760392293901e+01,2.214649256932094795e+04,0.000000000000000000e+00,6.004761440570859850e+04
3.710500000000406473e+00,1.553130389231551689e+01,4.807487049395048895e-01,1.707771655430589397e-01,-1.194634357972664695e-04,-2.043683327483904655e-04,4.133352468566766193e-04,3.991340622925647352e+01,-8.768537467775092864e+01,1.593938451487235000e+02,-4.720251361107959814e-02,9.505288267838547256e+01,2.448264674161104995e+04,0.000000000000000000e+00,6.255991424644514336e+04
3.715500000000408143e+00,1.553130917465825256e+01,4.807466388575292182e-01,1.707779049901164414e-01,8.041292732325584303e-04,4.006690222088865128e-04,5.346285992600826285e-04,2.797667786387546585e+01,-1.509276348685921221e+01,1.906420199412878276e+02,-4.719629374825318191e-02,9.510539243217364458e+01,2.280223902941964479e+04,0.000000000000000000e+00,5.975597000016619859e+04
3.720500000000409813e+00,1.553131964281568500e+01,4.807360570031918856e-01,1.707811955496036649e-01,-2.200123540335897129e-03,1.981157552319138225e-03,-1.985623107349466718e-03,-8.127585546678164974e+01,1.004348306012166177e+02,1.916158764764882676e+02,-4.715196726986704834e-02,9.517124351650761582e+01,2.484204504674832060e+04,0.000000000000000000e+00,6.025591960086253675e+04
3.725500000000411482e+00,1.553131651215659126e+01,4.807351443372075428e-01,1.707765334028214232e-01,-4.283250896360073570e-03,3.947603000334517186e-03,-2.582050173002325370e-03,-6.775095724423317733e+01,7.440446028289466085e+01,2.067203932843804921e+02,-4.714051736511066376e-02,9.507304103283536278e+01,2.212639196529861510e+04,0.000000000000000000e+00,6.004011048388273048e+04
3.730500000000413152e+00,1.553132121749224659e+01,4.807341879676585994e-01,1.707776353104289990e-01,-1.795928995871125386e-03,2.040391567797916663e-03,-1.868837825552705769e-04,-7.059796004419604287e+01,1.004049855942719205e+02,2.075998921785742084e+02,-4.716570744262154474e-02,9.517781253520432472e+01,2.220515953887998694e+04,0.000000000000000000e+00,5.998663045485965267e+04
3.735500000000414822e+00,1.553132048518687469e+01,4.807277301542531300e-01,1.707855670544925764e-01,-1.818654806267723002e-03,-5.818225637935201845e-04,1.767028926476079146e-03,-4.459552363677812536e+01,4.606486245601900009e+01,2.183740719764009839e+02,-4.716639632729210940e-02,9.524370339513711770e+01,2.334138464529580961e+04,0.000000000000000000e+00,5.951550540652600466e+04
3.740500000000416492e+00,1.553132261853157026e+01,4.807263008451317376e-01,1.707866806499890866e-01,-5.585484013189223954e-04,3.251922421115390361e-03,-2.197931170704596048e-03,-8.660934519475404159e+01,9.787924537016874638e+01,1.940255419586446237e+02,-4.716341293723283479e-02,9.528931755050382435e+01,2.483008618744121850e+04,0.000000000000000000e+00,6.025536207158431353e+04
3.745500000000418162e+00,1.553131463073150620e+01,4.807235739464624791e-01,1.707852847188476297e-01,-1.781959770694167616e-03,3.528845868787775951e-04,1.201766776514709168e-04,-4.919973154657772341e+01,5.688044079246553508e+01,2.315196827805804389e+02,-4.714758365251096872e-02,9.518212976093380462e+01,2.353675430128755397e+04,0.000000000000000000e+00,5.942645567485547508e+04
3.750500000000419831e+00,1.553130653722677756e+01,4.807263805379464183e-01,1.707879408070360205e-01,-3.838384821928896712e-03,2.982266188583234875e-03,-1.016009746802913356e-03,-6.991957838821826954e+01,7.595355318613883355e+01,2.027870268521292303e+02,-4.719304531900728877e-02,9.519608846826523063e+01,2.232240999102878050e+04,0.000000000000000000e+00,5.999466119211428304e+04
3.755500000000421501e+00,1.553130436770812395e+01,4.807318423450613887e-01,1.707840785617315005e-01,-3.657861485593292780e-04,2.222684932088653167e-03,-1.229329089426764096e-03,-7.553865643380777328e+01,8.694309171608483666e+01,2.066125302005417552e+02,-4.720395039507754853e-02,9.526658609561697233e+01,2.195697890647988970e+04,0.000000000000000000e+00,6.008724654973603174e+04
3.760500000000423171e+00,1.553130727580241022e+01,4.807104064284313250e-01,1.707947857921521262e-01,-8.446909721769557374e-04,-2.296073059984021260e-03,2.322804901896523538e-03,1.228300686228885752e+01,2.068964605630822007e+01,1.962759244071229432e+02,-4.717636481797893994e-02,9.516239049122076210e+01,2.307918305810017773e+04,0.000000000000000000e+00,5.952723935615877417e+04
3.765500000000424841e+00,1.553131459471615727e+01,4.806948825038734885e-01,1.708054409004903240e-01,2.231271804386002634e-03,-2.495630847425898101e-03,1.930970366467684709e-03,2.040175007494735837e+01,-3.594183785348832316e-01,1.937130734436491082e+02,-4.718341451167365475e-02,9.519129575814480404e+01,2.272195666499629442e+04,0.000000000000000000e+00,5.972038901413622079e+04
3.770500000000426510e+00,1.553132916510341133e+01,4.806840043356104264e-01,1.708164379767032892e-01,-6.608745867613804656e-04,1.371476335943834328e-03,4.752214450818501826e-04,-7.487048269730985339e+01,1.046114514171256360e+02,2.056633777962790077e+02,-4.719316507170087660e-02,9.532509999888742414e+01,2.215677606646629647e+04,0.000000000000000000e+00,5.992280693292729848e+04
3.775500000000428180e+00,1.553132747713821971e+01,4.806909372493593513e-01,1.708157040535122351e-01,-2.282799338984353027e-03,-1.734791345234324269e-03,1.750138281077540407e-04,2.141253415712517949e+01,-2.542857245180265409e+02,2.093369577385137461e+02,-4.719446708914232930e-02,9.553038942826884750e+01,2.121651144582503548e+04,0.000000000000000000e+00,6.348334738846983237e+04
3.780500000000429850e+00,1.553131653026939851e+01,4.806832953319591928e-01,1.708153512374561145e-01,1.443086529628627088e-03,-2.466738536088672589e-03,1.196762214447125508e-03,4.860516531999186896e+01,-4.222799591617513215e+01,1.755379500905003738e+02,-4.718952587780774616e-02,9.546770832678643615e+01,2.146350490688757418e+04,0.000000000000000000e+00,6.218716708810927958e+04
3.785500000000431520e+00,1.553131015303219087e+01,4.806974849414384909e-01,1.708070022967076995e-01,-1.885851034390267347e-03,5.326105438187489147e-03,-2.904707989885710155e-03,9.690333054805586244e+01,-1.140748182802572046e+02,1.644194760803711119e+02,-4.720235994889774439e-02,9.548210294461489411e+01,2.216781177487608147e+04,0.000000000000000000e+00,6.260737415864974901e+04
3.790500000000433189e+00,1.553131504431992660e+01,4.807018426341585493e-01,1.708034881801571425e-01,-1.390004475096460676e-03,3.168125861308957250e-03,-1.296202882111941205e-03,-1.288324176795322273e+01,6.430929944825038547e+01,1.814418273639807921e+02,-4.712579267892129387e-02,9.542724444266001171e+01,2.167945168541643579e+04,0.000000000000000000e+00,6.001425544247686776e+04
3.795500000000434859e+00,1.553130963783585372e+01,4.806996511675053485e-01,1.708047571560236955e-01,-5.403574912309217881e-05,-2.683375176786976547e-03,1.947382568424686333e-03,-5.043220098273059193e+01,5.412596217056352543e+01,2.237672630894500969e+02,-4.715548760942053080e-02,9.534725109384110908e+01,2.330489275306289346e+04,0.000000000000000000e+00,5.951031659352886345e+04
3.800500000000436529e+00,1.553131404223085354e+01,4.806921974507845641e-01,1.708138748946928243e-01,5.437243573243695158e-03,-4.737044093016952798e-03,2.801054111230464813e-03,2.557339302371022427e+01,-2.658058269341415780e+01,1.476082015260205367e+02,-4.718659961226533833e-02,9.542062679541805892e+01,2.113285047059111093e+04,0.000000000000000000e+00,6.317514216601610678e+04
3.805500000000438199e+00,1.553132461033231237e+01,4.806860994853064395e-01,1.708190895759865435e-01,8.099803762359464440e-04,4.525963428048383232e-04,3.059812078627773208e-04,4.099046161810689881e+01,-4.755832320489969334e+01,1.432721421949511864e+02,-4.719448492494545538e-02,9.550584700964238039e+01,2.112486256798395698e+04,0.000000000000000000e+00,6.314123562689960818e+04
3.810500000000439869e+00,1.553133141680465101e+01,4.806785039117457692e-01,1.708216581066973605e-01,-1.956255380494628486e-03,1.433274278069965931e-03,-6.377541480443590319e-04,-7.330258354277111721e+01,9.243629354079916993e+01,2.029777031262535161e+02,-4.715720176089881893e-02,9.555993771562479822e+01,2.183993640366932232e+04,0.000000000000000000e+00,5.999933679591013060e+04
3.815500000000441538e+00,1.553133476455801620e+01,4.806692535112629949e-01,1.708235851825705143e-01,2.388191924352313020e-03,-3.787188581248836314e-03,1.966694288656546316e-03,1.776794954011984373e+01,6.568493079726522410e+00,1.971363238595755547e+02,-4.714733458150830586e-02,9.553428389687054789e+01,2.266383788472338711e+04,0.000000000000000000e+00,5.971777974919679400e+04
3.820500000000443208e+00,1.553134157959739881e+01,4.806623451018018911e-01,1.708268553712673499e-01,7.142834055036188963e-03,-5.824452222352110610e-03,2.245675501326199665e-03,1.888794402831619479e+01,-1.941673543091690135e+01,1.573594263204291792e+02,-4.720076951475930815e-02,9.563300640148604259e+01,2.107854394977721313e+04,0.000000000000000000e+00,6.321840903482454451e+04
3.825500000000444878e+00,1.553134800805557703e+01,4.806604319731300756e-01,1.708230692973601306e-01,3.193631524173387148e-03,-2.125291510761788839e-03,-1.947951331600489809e-04,-6.615329179854188624e+01,5.803299031429378374e+01,2.409825194396908614e+02,-4.722512415871644303e-02,9.562242920944787272e+01,2.333145384084757461e+04,0.000000000000000000e+00,5.950923108913846954e+04
3.830500000000446548e+00,1.553135043525039194e+01,4.806625386428603486e-01,1.708168045988701089e-01,-1.910701605367625929e-03,3.387743521162202287e-03,-2.499235056025089774e-03,-7.846090620322320319e+01,7.926847140584209228e+01,2.167677959761681734e+02,-4.717794759995180831e-02,9.566459706221093029e+01,2.210464266077013235e+04,0.000000000000000000e+00,6.000361793370573287e+04
3.835500000000448217e+00,1.553133125697497441e+01,4.806607701950439404e-01,1.708143123379819994e-01,-3.434315387426917221e-03,2.052603034999183739e-03,-1.767290861930201611e-03,2.301706822962426457e+01,7.037748446946210379e+00,1.849826186571930293e+02,-4.720492826617952303e-02,9.562866712437941885e+01,2.572865723652730594e+04,0.000000000000000000e+00,5.982828549498680513e+04
3.840500000000449887e+00,1.553132286133404705e+01,4.806686566524002169e-01,1.708109102289404879e-01,-1.557507868122731979e-03,2.445970484181961887e-03,-2.371895096628476871e-04,-7.030799189856134035e+01,1.023942059472867641e+02,2.104958732572225415e+02,-4.720964456778095619e-02,9.559360426036107583e+01,2.215146025450677917e+04,0.000000000000000000e+00,5.997519105669960845e+04
3.845500000000451557e+00,1.553132112136413134e+01,4.806800046403590376e-01,1.708124845030475902e-01,2.656501089714590597e-04,3.320730600923847611e-03,-1.890183788632988319e-04,-1.153753699245544340e+01,3.156627198888691055e+01,1.713778615983256373e+02,-4.718993319209860426e-02,9.567026994584523436e+01,2.141449329724170093e+04,0.000000000000000000e+00,6.019119687721318041e+04
3.850500000000453227e+00,1.553130522323304596e+01,4.806793843893003570e-01,1.708093921857853359e-01,-4.829261737391811297e-03,2.717496113466358072e-03,-1.599047163507678676e-03,2.581271333935910661e+01,4.372234784409556596e-02,1.994849149759913871e+02,-4.716668336103922027e-02,9.549725622423730442e+01,2.303204011162476672e+04,0.000000000000000000e+00,5.946908776282487088e+04
3.855500000000454897e+00,1.553130031091311913e+01,4.806834278173541808e-01,1.708091096919192586e-01,-1.427801710993929990e-03,1.428964148002260419e-03,5.843177134716067691e-04,1.493179240468634816e+01,5.462945625300790198e+00,1.969137361377685238e+02,-4.715222022757321191e-02,9.541614500121504250e+01,2.303842958716092471e+04,0.000000000000000000e+00,5.948277232269672822e+04
3.860500000000456566e+00,1.553129524611158985e+01,4.806936313614029177e-01,1.708075122964529680e-01,-3.919406844054721360e-03,4.058193446665581995e-03,-1.030580376005804741e-03,-3.632194121279599131e+01,2.857917251482649590e+01,2.180100466357809808e+02,-4.719276109626029114e-02,9.552546030758747975e+01,2.313341486006748892e+04,0.000000000000000000e+00,5.946679503430137993e+04
3.865500000000458236e+00,1.553129330522162377e+01,4.806940406584860326e-01,1.708079640786107356e-01,-4.643716964756629392e-04,9.762555223897950328e-04,7.389032998635869705e-06,-7.572557304272959300e+01,9.341767747358699125e+01,2.022170096704425646e+02,-4.718840714283069337e-02,9.552887525102327970e+01,2.185024215128596552e+04,0.000000000000000000e+00,6.002175541909065942e+04
3.870500000000459906e+00,1.553128342972150122e+01,4.806934949373480870e-01,1.708082221384934762e-01,2.957918874834208466e-03,-1.439322729134096240e-03,6.967684266086106954e-04,1.565958151680199251e+02,-1.448307455771707737e+02,1.401276243303464355e+02,-4.720342739000103066e-02,9.545205355108353729e+01,2.144800650921155466e+04,0.000000000000000000e+00,6.331075853058372013e+04
3.875500000000461576e+00,1.553128644040912043e+01,4.806963392802666157e-01,1.708061890619620160e-01,6.537126742498286904e-04,1.763439967122853048e-03,-1.485174529245045704e-03,-1.696983079095662106e+01,7.078220141792098730e+01,1.856737924581541108e+02,-4.717176275498129873e-02,9.541811916961556506e+01,2.167556387184882988e+04,0.000000000000000000e+00,6.000989996724216326e+04
3.880500000000463245e+00,1.553127803119958550e+01,4.807051650112602048e-01,1.707977718972874259e-01,-1.232857567187980573e-03,-3.422060059171231489e-03,-1.055682675494634221e-05,-1.255134142338192760e+00,5.622301424599368147e+01,1.795774007526844400e+02,-4.721256320513633753e-02,9.545501158883699588e+01,2.142884002083016821e+04,0.000000000000000000e+00,6.024074212347662979e+04
3.885500000000464915e+00,1.553126977083671711e+01,4.807088243999013133e-01,1.707878004138857486e-01,6.777629716720892997e-04,3.405817927818827412e-04,-2.124543341591686365e-03,4.659045222048443691e+01,-4.790346794715367196e+01,1.550097625300035702e+02,-4.720948890170646728e-02,9.536182866237241740e+01,2.114909593265689546e+04,0.000000000000000000e+00,6.318121089796633169e+04
3.890500000000466585e+00,1.553126972938077976e+01,4.807213401281995035e-01,1.707786381935251785e-01,-3.374544788601535790e-03,6.856816957606897377e-03,-3.044282084791413625e-03,-6.047921406018213020e+01,8.641525075813228796e+01,2.146628620683159454e+02,-4.721050611983378803e-02,9.542111698057279057e+01,2.217416068655850904e+04,0.000000000000000000e+00,6.000004945354205847e+04
3.895500000000468255e+00,1.553127132758983997e+01,4.807195403436254622e-01,1.707802978377623848e-01,-1.734849726723613908e-03,-1.949774579684518958e-03,6.515873136829751239e-04,8.126235891765354324e+00,-1.619740871675705876e+02,1.700728822900736645e+02,-4.718916475234435220e-02,9.545422913685779065e+01,2.022472918874555762e+04,0.000000000000000000e+00,6.409021510465441679e+04
3.900500000000469925e+00,1.553127040524919167e+01,4.807187337607978228e-01,1.707780055795625473e-01,-3.170494829545819886e-03,4.446902907567094367e-03,-2.081809476370484729e-03,-3.987910276323418657e+01,2.571481067440936386e+01,2.244175061454242552e+02,-4.720473343875673800e-02,9.537394475142433237e+01,2.334004759272493538e+04,0.000000000000000000e+00,5.950945975871940755e+04
3.905500000000471594e+00,1.553128183639606696e+01,4.807153555753671537e-01,1.707776729321124065e-01,8.527393942086652044e-04,3.398411010081563892e-04,-1.719760908422931416e-04,8.913515486046435399e+00,9.345839789387810015e+00,2.062949317046870874e+02,-4.710972911206240399e-02,9.536096544238428407e+01,2.307101596337739829e+04,0.000000000000000000e+00,5.956424057576418272e+04
3.910500000000473264e+00,1.553126686484900709e+01,4.807229383789288768e-01,1.707694448280815680e-01,-1.572223324365406476e-03,2.724444554565990263e-04,-1.514850072469713484e-03,-4.201893833567874026e+01,4.092830731499861940e+01,2.333016204382280705e+02,-4.718455450718445077e-02,9.536952873163441780e+01,2.334986719875720155e+04,0.000000000000000000e+00,5.956077369906849344e+04
3.915500000000474934e+00,1.553125363449158414e+01,4.807375305546883748e-01,1.707646385781384779e-01,-1.460798160085448284e-03,3.776026894533461879e-04,4.015891846161685915e-04,5.332524909456162732e+01,-5.228235936126816341e+01,1.398651147967294435e+02,-4.716759833738261298e-02,9.540843173842702640e+01,2.119939000967500397e+04,0.000000000000000000e+00,6.319998877853516751e+04
3.920500000000476604e+00,1.553124785334877700e+01,4.807348767133067247e-01,1.707672652052369400e-01,-6.121374252720448853e-05,-3.090032162881577952e-03,1.834499586594312255e-03,1.570964524555483877e+01,2.425414430202476979e+01,1.988061067732082563e+02,-4.719096900803385758e-02,9.529789096198680909e+01,2.293329599561351642e+04,0.000000000000000000e+00,5.959670523252026032e+04
3.925500000000478273e+00,1.553124983640084089e+01,4.807276528677561500e-01,1.707716605578434577e-01,-1.521770664294044449e-03,8.202353149017669849e-04,-8.142142939809133510e-04,-4.315004945006057824e+01,3.936321460858744103e+01,2.263948013831227968e+02,-4.719431733513475974e-02,9.531964924618647217e+01,2.334910152216986899e+04,0.000000000000000000e+00,5.955678973499345011e+04
3.930500000000479943e+00,1.553125198872646351e+01,4.807275721102216570e-01,1.707738042450788751e-01,8.795549023828424422e-04,-1.919017131368226051e-03,2.151734029788876859e-03,5.390954773316252613e+01,-4.576273512454520187e+01,1.674539005926768596e+02,-4.718684653969505705e-02,9.537149271185984389e+01,2.155384212409306929e+04,0.000000000000000000e+00,6.228947297522275767e+04
3.935500000000481613e+00,1.553125776223764554e+01,4.807262709766453312e-01,1.707788271030259986e-01,9.479363701820131072e-04,1.263477992925626315e-03,6.166898830105903371e-04,5.405085225667497895e+01,-5.698301515224545710e+01,1.694215386751331209e+02,-4.720360337907252707e-02,9.537740463538115421e+01,2.152068267332073083e+04,0.000000000000000000e+00,6.224259474737259006e+04
3.940500000000483283e+00,1.553124940160312129e+01,4.807319872125676019e-01,1.707744516895836617e-01,-3.611568737022626853e-03,1.873230816565843839e-03,-1.375217922486580155e-03,-6.036660062764531176e+01,1.020587429500703820e+02,2.063319032120500367e+02,-4.718196464883998159e-02,9.529287729210869884e+01,2.222367805435503033e+04,0.000000000000000000e+00,5.996637019302362751e+04
3.945500000000484953e+00,1.553124755704979698e+01,4.807327410057064543e-01,1.707723645454654604e-01,-9.833708736106314390e-04,1.288970405205570879e-03,-7.441279891180991929e-04,1.064089603915075628e+02,-1.111899529344209441e+02,1.575074628060801274e+02,-4.718294292163018738e-02,9.529849896068772352e+01,2.124456567560485564e+04,0.000000000000000000e+00,6.266285257787126466e+04
3.950500000000486622e+00,1.553125221541674961e+01,4.807369349856394081e-01,1.707675031795964082e-01,-1.439630267823338930e-03,4.269327377921286124e-03,-3.013784263865697775e-03,-1.278923280554135999e+01,5.563939335550139731e+01,1.880164779398406552e+02,-4.719749851537307500e-02,9.536586939605801660e+01,2.191902936076005426e+04,0.000000000000000000e+00,6.004879551329860988e+04
3.955500000000488292e+00,1.553124098436778056e+01,4.807295796880987626e-01,1.707683770229377895e-01,-4.099179876334705860e-03,-1.049849405722433782e-03,9.539617459031477290e-05,-4.444508075847352302e+00,7.535602403115944981e+01,1.791203687063883763e+02,-4.719830014080544922e-02,9.532032639865316526e+01,2.191149687581401304e+04,0.000000000000000000e+00,6.006797833007456939e+04
3.960500000000489962e+00,1.553123851122297872e+01,4.807243414580759100e-01,1.707754287699312090e-01,6.297503487987704367e-03,-4.110175083059226797e-03,3.311120266936821033e-03,1.423862721732415082e+02,-1.400946909135793703e+02,1.401750430895969828e+02,-4.719978257595732613e-02,9.523652730890066209e+01,2.167702545754989478e+04,0.000000000000000000e+00,6.329580215654672793e+04
3.965500000000491632e+00,1.553124960258051068e+01,4.807210826001842019e-01,1.707816381129486361e-01,7.907350689790967240e-04,6.188020661568443279e-04,4.213031684528546804e-04,-8.230794630304581005e+01,9.171640252072620569e+01,2.030702763300930656e+02,-4.715299235884062162e-02,9.518915272824692408e+01,2.207477975067939042e+04,0.000000000000000000e+00,6.003075274493033066e+04
3.970500000000493301e+00,1.553125944852727969e+01,4.807251773035030595e-01,1.707825494318483961e-01,5.330512446019463257e-04,-1.522954562506522672e-03,1.195884463913580867e-03,-1.269607986936543966e+02,-4.807213204783829497e+01,2.703461751168057390e+02,-4.711732597947770190e-02,9.529447653008270436e+01,2.395782258496772192e+04,0.000000000000000000e+00,6.037211764404632413e+04
3.975500000000494971e+00,1.553125882884995512e+01,4.807152510965718162e-01,1.707873324883312505e-01,7.147420590311001284e-03,-6.676952195136972440e-03,3.096503167303504833e-03,6.453420675008017326e+01,-6.543350895712239890e+01,1.709636136099227031e+02,-4.717774698722640436e-02,9.531696422926430046e+01,2.228985989060288921e+04,0.000000000000000000e+00,6.271157298064744100e+04
3.980500000000496641e+00,1.553126430318803308e+01,4.806997994386369988e-01,1.707887513785795175e-01,2.250510910391440456e-03,-7.449472177468823876e-03,1.681545321958699936e-03,3.866540223319027092e+01,-1.857849750515106280e+01,1.526613118007577725e+02,-4.719700851503762923e-02,9.527378771680595548e+01,2.134588535648671677e+04,0.000000000000000000e+00,6.322094922091832268e+04
3.985500000000498311e+00,1.553126688900448293e+01,4.806894389202022166e-01,1.707875867039044815e-01,4.556879970541166322e-03,-4.137960336735072540e-03,5.485956900873788710e-04,3.718750670620799781e+01,-3.855930012086116676e+01,1.338289574275229938e+02,-4.720207303921310910e-02,9.526749679995991471e+01,2.391776301679313474e+04,0.000000000000000000e+00,6.340438624714270554e+04
3.990500000000499981e+00,1.553127308287164077e+01,4.806943036969988925e-01,1.707796513741549060e-01,2.876555648521318068e-03,-7.080613981927501310e-05,-6.518912823852974743e-04,-5.993814224186098727e+01,4.751798165711079491e+01,2.380972929375891454e+02,-4.719684394663505034e-02,9.535481426739657707e+01,2.326304207587569908e+04,0.000000000000000000e+00,5.957752780831665586e+04
3.995500000000501650e+00,1.553126602893739872e+01,4.807022927021422087e-01,1.707724992323310376e-01,-3.396054240397053305e-03,2.742468886159695612e-03,-2.619276569250608699e-03,2.006090264743210838e+01,-2.521099860936396908e+01,1.646828369892007800e+02,-4.720269222426221739e-02,9.540268214263907964e+01,2.044844082513135072e+04,0.000000000000000000e+00,6.279767031778409000e+04
4.000500000000502432e+00,1.553124490023989424e+01,4.807184243035272364e-01,1.707624902067653716e-01,-5.949791174395797563e-03,4.721901390310625536e-03,-1.771542175182227096e-03,-5.786961417798875118e+01,7.430947847594825362e+01,2.011337577701131920e+02,-4.716067938944625004e-02,9.531810980655714616e+01,2.209179876605531899e+04,0.000000000000000000e+00,6.004801620800801902e+04
4.005500000000499661e+00,1.553123375526949523e+01,4.807307599494303751e-01,1.707599597992849327e-01,-1.014951604164481078e-03,2.091673797631297873e-03,-8.138900585087938133e-05,-4.429523322308205024e+01,3.586735576103660605e+01,2.250334371485049303e+02,-4.717907944551801708e-02,9.534841362157965250e+01,2.335351296915055354e+04,0.000000000000000000e+00,5.958462643825916894e+04
4.010500000000496890e+00,1.553122861187365089e+01,4.807305491343890069e-01,1.707656910261424466e-01,-2.379441329740511740e-03,1.619912208364590600e-03,-1.883934110475461222e-04,-6.951094959476358781e+01,8.713135837129698302e+01,2.018448659418401974e+02,-4.717288854500224782e-02,9.538517461210582837e+01,2.210217443181714407e+04,0.000000000000000000e+00,6.006594287213171629e+04
4.015500000000494119e+00,1.553121574517259162e+01,4.807325276063464381e-01,1.707667251764638239e-01,-2.418442836219501010e-03,-1.745908967710243544e-03,3.008357935989033373e-03,1.156320419261510324e+02,-3.471644820752453597e+01,2.192001594910964286e+02,-4.718711433638508868e-02,9.537207206210140953e+01,2.125184291534211297e+04,0.000000000000000000e+00,5.830384781830392603e+04
4.020500000000491347e+00,1.553120899101287655e+01,4.807306407812506066e-01,1.707707346684476934e-01,-2.239918059013083513e-03,3.348174084307989503e-04,-1.892529996696295700e-04,1.256078310606392634e+01,-1.979099255740095487e+01,1.586912426414747301e+02,-4.719831909523612007e-02,9.529790341366410189e+01,2.079471287859323274e+04,0.000000000000000000e+00,6.272955129868503718e+04
4.025500000000488576e+00,1.553120272574795280e+01,4.807325169755601313e-01,1.707716832078269298e-01,8.328113329256051946e-04,-1.375629901032532180e-03,1.403536106260774635e-03,-5.693824535171188472e+01,4.911255300597804307e+01,2.267666149881319768e+02,-4.718415002073016867e-02,9.527532952407115374e+01,2.340684522647424455e+04,0.000000000000000000e+00,5.949571963269430125e+04
4.030500000000485805e+00,1.553120300774682683e+01,4.807290284916183043e-01,1.707750394583776032e-01,3.712238858420099409e-03,-4.359982757194965676e-03,2.007201941494043008e-03,8.109771007759283634e+01,-1.256512580750297730e+02,1.557937933425292556e+02,-4.720432589891524616e-02,9.535159753391367587e+01,2.409048832090143333e+04,0.000000000000000000e+00,6.307448426015050791e+04
4.035500000000483034e+00,1.553120444039789305e+01,4.807272437716562097e-01,1.707757247903177455e-01,1.912875653592287575e-03,-1.810537583326613442e-03,1.068687491730080721e-03,-8.625256319587651888e+01,1.149947600233124376e+02,2.148884754268135282e+02,-4.719020207428401698e-02,9.545791427574219767e+01,2.204405339339305647e+04,0.000000000000000000e+00,5.999240574744871992e+04
4.040500000000480263e+00,1.553120966278437898e+01,4.807259257261822238e-01,1.707750194648328113e-01,-1.162318292606806915e-03,6.563146650002473241e-04,-8.826309939553869882e-04,-6.516557132773183980e+01,6.446920923525179603e+01,2.156790560679492046e+02,-4.719590586729340009e-02,9.555681544932934912e+01,2.614795156814317306e+04,0.000000000000000000e+00,5.963573578936897684e+04
4.045500000000477492e+00,1.553121419659034608e+01,4.807215955424104514e-01,1.707753589346591439e-01,-4.166286379673637746e-04,5.750717406135944561e-04,-7.413070517022320909e-04,-2.006300599591122591e+01,3.192598593644493121e+01,1.863146510985269231e+02,-4.720793576761858623e-02,9.547757654329637944e+01,2.168123389341165239e+04,0.000000000000000000e+00,6.022744719741103472e+04
4.050500000000474721e+00,1.553122320226368025e+01,4.807129522382372344e-01,1.707758710550821846e-01,-3.622315356388619545e-04,-6.745812712177730102e-04,-4.632247181845901897e-05,-8.438427796734004005e+01,1.037586845914731839e+02,2.212312270095466147e+02,-4.721042570459643706e-02,9.553786954813544696e+01,2.243648354732775988e+04,0.000000000000000000e+00,5.993452445784991869e+04
4.055500000000471950e+00,1.553120816375434465e+01,4.807190339337938378e-01,1.707717812865112150e-01,-3.399537968005024446e-03,8.594843294716335552e-04,9.236313132066987022e-04,1.085260388670294560e+02,-4.641498124689701399e+01,2.313267428205025169e+02,-4.720968017385435145e-02,9.553636144583583700e+01,2.129720447698982753e+04,0.000000000000000000e+00,5.826627918972670886e+04
4.060500000000469178e+00,1.553119950063111077e+01,4.807205433718597654e-01,1.707796667460335649e-01,-1.965235340220313365e-03,-5.729581878515590680e-05,1.985855127824844805e-03,8.565109091191905577e+01,-1.015364522119131152e+02,1.608603952759183926e+02,-4.719943342427444094e-02,9.549329479818817390e+01,2.239217569300324612e+04,0.000000000000000000e+00,6.264908816325564112e+04
4.065500000000466407e+00,1.553119745585167344e+01,4.807167342033221158e-01,1.707915121689846660e-01,-9.766356084679321840e-05,-6.546157424992574917e-04,1.698917729976431173e-03,-8.320113421483438287e+01,1.059428249235556905e+02,2.082089229608337178e+02,-4.719891596058052585e-02,9.549662069266666720e+01,2.220676314680709038e+04,0.000000000000000000e+00,5.989607238548006717e+04
4.070500000000463636e+00,1.553119354317274592e+01,4.807175019765589363e-01,1.707964599052919918e-01,-1.872104144772071804e-03,1.534816350422485995e-03,-5.126660396816533089e-04,-7.861231840066466248e+01,8.394815646083361571e+01,2.043281559028469587e+02,-4.715894614441785981e-02,9.552129657392822537e+01,2.192919650559574075e+04,0.000000000000000000e+00,5.995486116071742435e+04
4.075500000000460865e+00,1.553117928496298816e+01,4.807162107720547306e-01,1.707957290890513291e-01,-4.872062133305749172e-03,1.584849146004437210e-03,-8.287954500586305635e-04,2.534673914494487690e+01,4.268482934221765390e+00,1.974629495314302972e+02,-4.719117242961271691e-02,9.550860582897017537e+01,2.292431138955491042e+04,0.000000000000000000e+00,5.942449491654225858e+04
4.080500000000458094e+00,1.553118126492629614e+01,4.807072085929980365e-01,1.708012520315763949e-01,2.502604743070257955e-03,-2.335494163096670309e-03,1.071567678952189441e-03,-2.823404099458502969e+01,4.450358188673499171e+01,1.842774668329231815e+02,-4.715688410951510146e-02,9.542798153920422521e+01,2.164715634714042244e+04,0.000000000000000000e+00,6.016791420390895655e+04
4.085500000000455323e+00,1.553117854025543565e+01,4.807040639369112855e-01,1.708049217247380180e-01,-2.151470211842555161e-03,2.553003531116402680e-04,3.557364893436377649e-04,-7.682684957988794849e+01,9.086067780940834382e+01,2.026097398315508826e+02,-4.717879433456981936e-02,9.548331291547195576e+01,2.190000682139928904e+04,0.000000000000000000e+00,5.994529608408683998e+04
4.090500000000452552e+00,1.553116735816180416e+01,4.807145943021485235e-01,1.707979402638087896e-01,-2.189601483055057547e-03,2.967714273189305581e-03,-2.124200076892224492e-03,-7.572280211737233913e+01,7.996847212205898359e+01,2.087964848637477928e+02,-4.719876205128072794e-02,9.553181755181869050e+01,2.191744464112447167e+04,0.000000000000000000e+00,5.995357384040970646e+04
4.095500000000449781e+00,1.553115303386589297e+01,4.807366882998069801e-01,1.707803725770525027e-01,-6.600937072400885064e-03,5.943163024861679994e-03,-4.405294449696068280e-03,-1.028957658964718576e+02,2.338543689762400390e+01,2.405200477134421249e+02,-4.714353880813546699e-02,9.556477666923642289e+01,2.258612804156980565e+04,0.000000000000000000e+00,6.029886784028830880e+04
4.100500000000447010e+00,1.553113112403805474e+01,4.807496878689487829e-01,1.707654533018909127e-01,-2.231923255969467217e-03,1.688367207747393153e-03,-3.333478693696320400e-03,5.619249843035420611e+01,-5.677545980549120941e+01,1.561234913699347260e+02,-4.719767855837622705e-02,9.543046241931234874e+01,2.126232724286688608e+04,0.000000000000000000e+00,6.315322571444768255e+04
4.105500000000444238e+00,1.553113305480589901e+01,4.807531549511662172e-01,1.707653959660132281e-01,1.406346003604956769e-03,5.093127937756023686e-04,4.289632353151986207e-04,3.320171530006064131e+00,8.032621451230397724e+00,2.057034935556055473e+02,-4.719435012494632709e-02,9.528314508611957478e+01,2.316083328748136773e+04,0.000000000000000000e+00,5.951725138718035305e+04
4.110500000000441467e+00,1.553114320750963095e+01,4.807490571587673678e-01,1.707705391651613003e-01,1.915055230039568700e-03,-8.640366526752506432e-04,7.164976586866029498e-04,-9.422520157630651738e+01,9.323828469736554325e+01,2.124614909336502251e+02,-4.717558552358006724e-02,9.525366211120562809e+01,2.212186613750026663e+04,0.000000000000000000e+00,6.000379560006440443e+04
4.115500000000438696e+00,1.553114577924613471e+01,4.807507361758227016e-01,1.707726728615587830e-01,-5.978567400962022218e-04,1.869075215672740941e-03,3.416947495754101764e-04,9.187931634057349584e+00,4.547792056177058839e+00,2.016064110407062060e+02,-4.717361683174586817e-02,9.528259627102887919e+01,2.312927936123160180e+04,0.000000000000000000e+00,5.946980904598892812e+04
4.120500000000435925e+00,1.553115256303449065e+01,4.807500105133282742e-01,1.707756197217608074e-01,1.264961078474880016e-03,5.588800377198795090e-04,5.250036864063271913e-04,2.720864009318574972e+00,9.586018160427784096e+00,2.060461255290462077e+02,-4.716814442126082696e-02,9.545399209631634108e+01,2.310349660443231551e+04,0.000000000000000000e+00,5.947320510498935619e+04
4.125500000000433154e+00,1.553113987790408324e+01,4.807328801473371716e-01,1.707828351541215983e-01,-2.451561088742277086e-03,-1.913328605623431343e-03,5.402111494870506358e-04,-4.962397542422786501e+01,6.514372628086721306e+01,2.332961015724285971e+02,-4.720019183898620241e-02,9.543586779829675493e+01,2.353413433319479736e+04,0.000000000000000000e+00,5.934910261092266592e+04
4.130500000000430383e+00,1.553112827223336900e+01,4.807291130582643790e-01,1.707841266723677531e-01,-3.977311165096305201e-04,-1.095400797763198012e-03,8.003179276507956311e-04,2.947410750121207457e+01,-6.936830792871660378e+00,1.950292044587684472e+02,-4.718462903722136365e-02,9.536934560760823842e+01,2.277217233938795471e+04,0.000000000000000000e+00,5.968724483996738854e+04
4.135500000000427612e+00,1.553112551615303616e+01,4.807273129062859529e-01,1.707864853718950304e-01,-5.254041834590265914e-03,3.307189224362829839e-03,-1.261204322874065302e-03,-6.940292406018352267e+01,7.655583393023744065e+01,2.020242348744019694e+02,-4.719641669413657953e-02,9.546906704148530309e+01,2.210441149050250169e+04,0.000000000000000000e+00,5.992564669831455831e+04
4.140500000000424841e+00,1.553111785367358344e+01,4.807343026106106199e-01,1.707817424723854227e-01,5.567158273671748243e-04,-2.255289888496654941e-04,8.052591208412999751e-04,9.995407870108047632e+01,-1.063801154820909005e+02,1.602710907309048025e+02,-4.718691529980088145e-02,9.556284954103675489e+01,2.109480981240336405e+04,0.000000000000000000e+00,6.270860564231229364e+04
4.145500000000422069e+00,1.553110561759231523e+01,4.807497702911932569e-01,1.707781084419234818e-01,7.667145058042480320e-04,1.261334095020393703e-03,6.562860585367155794e-04,1.575696772906226784e+02,-1.586647140747613776e+02,1.402115693415290423e+02,-4.716541303797559814e-02,9.568183494409268519e+01,2.152812841854040016e+04,0.000000000000000000e+00,6.328231308467828785e+04
4.150500000000419298e+00,1.553109154582227625e+01,4.807624263981934432e-01,1.707717209293579952e-01,-3.814176765829169896e-03,5.484617505077136156e-03,-3.590476656332496162e-03,8.318738383877953879e+01,-8.302322825430610465e+01,1.374226094036364714e+02,-4.718989920658891307e-02,9.563309996762005483e+01,1.997108427651839884e+04,0.000000000000000000e+00,6.323953414449338015e+04
4.155500000000416527e+00,1.553109030569985904e+01,4.807763104800405474e-01,1.707630665811832038e-01,2.420083519519091331e-03,1.466347128129546909e-03,-1.515296179994138044e-03,-2.418125651339323667e+01,6.373575359600295087e+01,1.948707524262140964e+02,-4.717895332462564845e-02,9.560391660188052754e+01,2.175738596279860940e+04,0.000000000000000000e+00,6.006587210541091190e+04
4.160500000000413756e+00,1.553109097429181951e+01,4.807846040582216540e-01,1.707549047949192822e-01,3.380866352805148543e-03,-3.645416985490834510e-04,-9.115718665918597042e-04,-9.123995591672837691e+01,1.066906512601210579e+02,2.231652429023039872e+02,-4.717736713532794113e-02,9.548247316466708412e+01,2.228139911043865141e+04,0.000000000000000000e+00,5.998569554556727962e+04
4.165500000000410985e+00,1.553108556083964942e+01,4.807890320202768963e-01,1.707524822110906004e-01,-7.491875630178528066e-05,-7.936010208262708364e-04,8.896708393838861396e-04,-5.722530733044231965e+01,6.081364525942035471e+01,2.331816840825518398e+02,-4.716757144814450603e-02,9.534064815337120535e+01,2.362217034800453621e+04,0.000000000000000000e+00,5.941084890661441023e+04
4.170500000000408214e+00,1.553108490566835620e+01,4.807865971935934013e-01,1.707574376309618780e-01,-4.195098227024801271e-05,4.649768200428119501e-04,7.723460699971837571e-04,-2.427805405162052921e+01,6.340426738737846790e+01,1.831142433538365708e+02,-4.718418442195259493e-02,9.534240844393799819e+01,2.198675298706613103e+04,0.000000000000000000e+00,6.002095415713085822e+04
4.175500000000405443e+00,1.553108054810662786e+01,4.807952247205332652e-01,1.707560033436807123e-01,-3.061086394598403621e-03,4.361482045153079919e-03,-1.006549696149531062e-03,-6.901693123981294775e+01,8.869552743017584362e+01,2.047658239121978738e+02,-4.718491195171279490e-02,9.540515619672810033e+01,2.228380839202053539e+04,0.000000000000000000e+00,5.989853283794940944e+04
4.180500000000402672e+00,1.553107538565596535e+01,4.808038941593185678e-01,1.707510195240908024e-01,-1.613245664827062456e-03,-3.814140062198656100e-03,1.833527711186948034e-03,-1.126151944309856390e+01,-2.546366925676414894e+02,2.286896477486552044e+02,-4.718051478287847711e-02,9.552875885204328199e+01,2.322457146518843365e+04,0.000000000000000000e+00,6.293243476271565305e+04
4.185500000000399901e+00,1.553107364280992542e+01,4.807919999583039616e-01,1.707594381084167057e-01,-9.387865224132852047e-04,-6.135243250328181004e-04,4.056787440255724088e-04,1.221229071553082264e+02,-1.085324570318311999e+02,9.628796681640403676e+01,-4.720114026192217399e-02,9.555242855240659594e+01,2.362299320563228684e+04,0.000000000000000000e+00,6.394367713422708039e+04
4.190500000000397129e+00,1.553107765553920494e+01,4.807852065542262965e-01,1.707617244790007038e-01,-6.377504921175366874e-04,-4.736196767981486373e-03,2.542602039163087847e-03,6.288683065441568232e+01,-3.198562492931166616e+02,2.012723479510113407e+02,-4.718910886875281319e-02,9.559510599525187047e+01,2.259470171762123573e+04,0.000000000000000000e+00,6.354221600535693142e+04
4.195500000000394358e+00,1.553107959785378789e+01,4.807696441487072092e-01,1.707629842649767415e-01,2.020005636694830169e-03,-2.293661901420793701e-03,-6.370611132924400635e-04,2.843181870671742217e+00,2.128452631193340494e+01,2.161573680896210021e+02,-4.716703101670304682e-02,9.558079205498253827e+01,2.314148591278220192e+04,0.000000000000000000e+00,5.956070459516658593e+04
4.200500000000391587e+00,1.553108254813376909e+01,4.807644541896267110e-01,1.707638734399120339e-01,4.497726612371826600e-04,-5.350553561241081684e-04,4.674143871077383145e-04,-8.151388906957663494e+01,1.111501523996562355e+02,2.137441005955188018e+02,-4.716805201162021371e-02,9.565025183573183654e+01,2.225134785028277474e+04,0.000000000000000000e+00,5.996386602421633870e+04
4.205500000000388816e+00,1.553108796419646787e+01,4.807582130332900272e-01,1.707695721661659782e-01,8.776779910197493291e-04,-4.684854629572477065e-03,2.504909535112806104e-03,-7.274359722781478865e+01,8.549618334295121258e+01,2.133296680811628221e+02,-4.720397200040383351e-02,9.580106684270189987e+01,2.629791607767424284e+04,0.000000000000000000e+00,5.965191391059917078e+04
4.210500000000386045e+00,1.553109199072247826e+01,4.807468335766993950e-01,1.707808523987467408e-01,4.007983645665534394e-04,-5.193904057303253127e-04,1.145962870744840750e-03,-8.357307690511515830e+01,9.771848148675712764e+01,2.041960420900546183e+02,-4.718111610758067564e-02,9.572665337986018130e+01,2.193413578432224676e+04,0.000000000000000000e+00,6.001810963495610486e+04
4.215500000000383274e+00,1.553108956154029663e+01,4.807515008229479858e-01,1.707825329405072701e-01,-2.115568737576989031e-03,2.157444545590752379e-03,-7.753217857451807655e-04,-1.631598316850704578e+01,2.078699537063107528e+01,1.566002879042580958e+02,-4.720649685968072995e-02,9.584357762292378879e+01,2.441224568113713758e+04,0.000000000000000000e+00,6.039274375829711789e+04
4.220500000000380503e+00,1.553108979951988999e+01,4.807543774927046654e-01,1.707813633243012719e-01,1.675939689344520690e-03,-4.210129131772251756e-05,5.779071537931768782e-04,-8.398058500791239567e+01,1.088811303024888275e+02,2.140494721503929156e+02,-4.719328030575577204e-02,9.584737452613192943e+01,2.223808383700452760e+04,0.000000000000000000e+00,5.993610881890087330e+04
4.225500000000377732e+00,1.553107587886145957e+01,4.807631812863668586e-01,1.707754636236482881e-01,-1.832067725038253984e-03,-1.261484354613464243e-03,4.525504988048260251e-04,3.678785281421096443e+01,3.282817019567983152e+01,2.514443179205080412e+02,-4.719645970209315755e-02,9.579367529049152097e+01,2.055143877333765704e+04,0.000000000000000000e+00,5.944023027595183521e+04
4.230500000000374961e+00,1.553107237586088196e+01,4.807584861033474266e-01,1.707815271104329291e-01,1.378371869591127601e-03,-1.848478392074960359e-03,1.068334228675969430e-03,1.135050303657154274e+02,-1.010987766846999421e+02,9.654814009258525687e+01,-4.719383863748016078e-02,9.578225536057657052e+01,2.358852643842737962e+04,0.000000000000000000e+00,6.390219168731340324e+04
4.235500000000372189e+00,1.553107117069939314e+01,4.807633439950951271e-01,1.707760090074574577e-01,1.687565443219248658e-03,2.959483594699740573e-04,-1.897138871590344639e-03,1.036686870407589112e+02,-9.495826183629196748e+01,1.319577317030586414e+02,-4.721365573879624661e-02,9.578499955398790178e+01,2.085159114374788260e+04,0.000000000000000000e+00,6.373000768580944714e+04
4.240500000000369418e+00,1.553106522823964930e+01,4.807713922470090995e-01,1.707654695630880237e-01,-7.712458677100622693e-04,-5.837857571018565880e-03,1.981743003044207033e-03,7.964678098247102156e+00,-2.432855666999713549e+02,2.203712134819706137e+02,-4.721338707510293331e-02,9.583601176443312397e+01,2.216389350305070911e+04,0.000000000000000000e+00,6.295807028281460225e+04
4.245500000000366647e+00,1.553106236585898081e+01,4.807579289479422813e-01,1.707787787115490619e-01,5.448957752140348173e-06,-1.799465999536669020e-03,2.836997088780537999e-03,-5.759968359269805660e+01,6.620744828334204612e+01,2.243159476567182651e+02,-4.716679318818569472e-02,9.568007192661119120e+01,2.356062388802267742e+04,0.000000000000000000e+00,5.936522472342821129e+04
4.250500000000363876e+00,1.553105481125234277e+01,4.807652795888465724e-01,1.707811991267258744e-01,-2.901535378691617352e-03,3.058012265339417682e-03,-8.275569211046848381e-04,-4.632460866627343421e+01,4.614537446534473020e+01,2.273009304402679618e+02,-4.721195805031003917e-02,9.563533057510399260e+01,2.356675695363502382e+04,0.000000000000000000e+00,5.931654826273358776e+04
4.255500000000361105e+00,1.553104971561184833e+01,4.807773130574527487e-01,1.707759566101111071e-01,2.512193718930369360e-04,2.211497574380814381e-03,-1.391791870089173532e-03,-2.298582597086306123e+01,5.886529223583079329e+01,1.860404796967030165e+02,-4.717187399241309226e-02,9.569493779763095631e+01,2.197473066172865219e+04,0.000000000000000000e+00,5.996631152855877008e+04
4.260500000000358334e+00,1.553104166655161045e+01,4.807842923961084258e-01,1.707688430604862029e-01,-1.663211184971393397e-03,2.412299904603250615e-04,-1.047997130490811897e-03,-7.120988026393115433e+01,1.062084882732731330e+02,2.111217777810768439e+02,-4.714569479847112443e-02,9.573048732998401533e+01,2.226496057638089405e+04,0.000000000000000000e+00,5.990751960722541116e+04
4.265500000000355563e+00,1.553102668200651060e+01,4.807950364330748072e-01,1.707611289122822618e-01,-2.598230696225312629e-03,-1.299862732963781185e-03,-8.397941099797818360e-04,-4.481827651936063717e+01,-1.038854360908107992e+02,1.942756473430687834e+02,-4.718571015165542309e-02,9.583309968974141668e+01,2.097780357008020292e+04,0.000000000000000000e+00,6.312903128119167377e+04
4.270500000000352792e+00,1.553102191254719067e+01,4.807970146663864131e-01,1.707567900406554706e-01,1.174267130518190762e-03,-2.035264087859098205e-03,3.204081212961869610e-04,-8.758033701566546370e+01,9.969619133027595126e+01,2.093415069069637013e+02,-4.719691024197274903e-02,9.563939161643970976e+01,2.217371324365996406e+04,0.000000000000000000e+00,6.003013522467474832e+04
4.275500000000350020e+00,1.553102392239306972e+01,4.807978081816598470e-01,1.707543289379679086e-01,2.116698814737658172e-03,-2.063253183372372977e-03,1.069106520142654648e-03,7.650151059585637370e+01,-1.163892781988273555e+02,1.549996191709402353e+02,-4.720529668748639496e-02,9.556762766141196153e+01,2.502381376144148817e+04,0.000000000000000000e+00,6.302674765875057346e+04
4.280500000000347249e+00,1.553102759293513380e+01,4.807992586844747063e-01,1.707571381909610275e-01,-4.562646464516413028e-04,1.303224747760886376e-03,-3.865732658355322169e-04,-5.002609818131986685e+01,3.917319278469699384e+01,2.254665504443349846e+02,-4.720462524276626548e-02,9.552329482903139990e+01,2.340484666366349484e+04,0.000000000000000000e+00,5.947362097306880605e+04
4.285500000000344478e+00,1.553103349983632064e+01,4.808040391886664322e-01,1.707534727668215957e-01,-9.558820990031330778e-04,2.267397494648683981e-03,-2.243709489335814038e-03,-7.912302333430579893e+01,8.245262042791000567e+01,2.117282736245300612e+02,-4.718076536590199571e-02,9.564333641597289670e+01,2.217071495233338646e+04,0.000000000000000000e+00,5.998803530241949193e+04
4.290500000000341707e+00,1.553102163161346283e+01,4.808067206451414055e-01,1.707467253438328392e-01,-3.763445952242804385e-03,6.835734009662939497e-04,-9.745125561603256619e-04,5.436019112492184036e+01,-8.222999842772492229e+01,1.608472012026846585e+02,-4.718418460958582333e-02,9.566834926160208852e+01,2.443147563845044715e+04,0.000000000000000000e+00,6.249747563861373783e+04
4.295500000000338936e+00,1.553102126463541310e+01,4.808044823804314971e-01,1.707490844721036294e-01,1.545303078065951314e-03,1.118077562727255074e-03,8.928673318386205890e-04,2.356888670425450982e+01,-1.955057953564187301e+01,1.876714494749618609e+02,-4.715953273299604287e-02,9.545597766511789928e+01,2.284807053858728978e+04,0.000000000000000000e+00,5.970917326742289879e+04
4.300500000000336165e+00,1.553102483682539692e+01,4.808100753262649629e-01,1.707497889862121532e-01,-5.198619791135678262e-04,3.165930578550486124e-03,-1.305526597944771817e-03,4.619602689190833189e+01,-3.132472955526691294e+01,1.672707429809209430e+02,-4.717577228602341105e-02,9.551993430109347116e+01,2.545916653068695450e+04,0.000000000000000000e+00,5.987044269726605853e+04
4.305500000000333394e+00,1.553103205580505453e+01,4.808052114410682476e-01,1.707558320957282272e-01,2.773654864971184810e-04,-5.321649737902388842e-03,2.441922107277875401e-03,6.637080110907329811e+01,-4.140412872912077091e+01,1.309075156984389423e+02,-4.718423295621659852e-02,9.552011309804595385e+01,2.016133324034719772e+04,0.000000000000000000e+00,6.325257575547208398e+04
4.310500000000330623e+00,1.553103018007300840e+01,4.807920521761037125e-01,1.707622428707619988e-01,1.161781708794988165e-03,-2.607739319363623631e-03,6.508322937298283888e-04,4.787949403017186967e+00,-6.112827740952525346e+00,1.593999168280103618e+02,-4.719334841695341926e-02,9.537408867206839602e+01,2.053096749681096117e+04,0.000000000000000000e+00,6.270538931114959269e+04
4.315500000000327852e+00,1.553103141136891630e+01,4.807908466113465229e-01,1.707595580611684649e-01,1.679586101221870135e-03,-1.126450980160287763e-03,-2.044558029112202642e-04,-8.225261534650189787e+01,1.136503322232747450e+02,2.142820683341174401e+02,-4.715638586500477125e-02,9.537769871329386717e+01,2.221971281740920676e+04,0.000000000000000000e+00,5.988743045762405382e+04
4.320500000000325080e+00,1.553102892038460681e+01,4.808008615606181868e-01,1.707543057372421791e-01,3.100145566146749170e-03,-4.110629351810985376e-04,-8.463809623468025994e-04,1.007024191938000826e+02,-9.256699747914115051e+01,1.304484641868504866e+02,-4.716215911114039067e-02,9.548796046088784806e+01,2.082911847835806839e+04,0.000000000000000000e+00,6.369255640787697484e+04
4.325500000000322309e+00,1.553102945211107766e+01,4.807919373467929858e-01,1.707490069166580915e-01,-3.534530603995573745e-03,-2.241449526912634577e-03,-1.461132515772629219e-03,-6.444223114053465906e+01,1.169099198632970911e+02,2.152754821506126177e+02,-4.715045546619376499e-02,9.549308897379640371e+01,2.222386509598703560e+04,0.000000000000000000e+00,5.990618931782335130e+04
4.330500000000319538e+00,1.553101805031788984e+01,4.807921931808821769e-01,1.707425588601373390e-01,-3.914562309281699112e-03,2.801175558935662877e-03,-2.840057198295233096e-03,-8.117860582092680488e+01,9.920883284757110232e+01,1.948504231442917103e+02,-4.717850768999865690e-02,9.544776157298244357e+01,2.503495772067075814e+04,0.000000000000000000e+00,6.013299970425505308e+04
4.335500000000316767e+00,1.553102102197072831e+01,4.807961072166774819e-01,1.707394815126005716e-01,-3.702386182857363151e-03,4.385927216123548279e-03,-1.507313178222402040e-03,-3.903404181104951931e+01,2.810053143931713748e+01,2.229728715636812808e+02,-4.718253863973743273e-02,9.542430627525472175e+01,2.339648960771405473e+04,0.000000000000000000e+00,5.946337040885233000e+04
4.340500000000313996e+00,1.553102119727829944e+01,4.808042222570202973e-01,1.707392270252039157e-01,-4.574832200761872435e-03,4.973471302427518066e-03,-1.165262212829480627e-03,-5.272135546993515476e+01,4.628786397265042041e+01,2.037796956632917897e+02,-4.712355274601552624e-02,9.555509899347161706e+01,2.634825508900880959e+04,0.000000000000000000e+00,5.958093140059430880e+04
4.345500000000311225e+00,1.553101958696760398e+01,4.807822746691990945e-01,1.707569692469324552e-01,-3.181400993650662645e-03,-7.429045323439948008e-04,1.191046436437809579e-03,-6.656887918068650833e+01,1.126922818529324104e+02,2.008928746572392185e+02,-4.717784338538624778e-02,9.555676628097147329e+01,2.225057495869507693e+04,0.000000000000000000e+00,5.989576102037191595e+04
4.350500000000308454e+00,1.553101362572497735e+01,4.807828439679556198e-01,1.707565521112578422e-01,-2.557577615099188711e-03,2.478296063959226428e-03,-1.112994817112176495e-03,9.711631410520776342e+01,-1.051134852152802068e+02,1.646448605968835182e+02,-4.719718654911125161e-02,9.559467862956940110e+01,2.240982301742908021e+04,0.000000000000000000e+00,6.261666438824962097e+04
4.355500000000305683e+00,1.553101794350747333e+01,4.807851759066222308e-01,1.707602433644417605e-01,7.898361812686738228e-04,2.572808845029583196e-04,1.064968706141351459e-03,8.513273589499209493e+01,-9.564373476154980835e+01,1.633913011109714830e+02,-4.718950821509389909e-02,9.569845817743045302e+01,2.239022595710667520e+04,0.000000000000000000e+00,6.263075138187070115e+04
4.360500000000302911e+00,1.553102480977140409e+01,4.807853508561266698e-01,1.707611059355671201e-01,-1.678434877550044699e-03,-1.330448661687896016e-03,-1.023844193075906057e-03,-2.190424982492323025e+01,-1.546653454232152853e+02,1.947171345956929542e+02,-4.719762667524664279e-02,9.585666480483966723e+01,2.219799367162734779e+04,0.000000000000000000e+00,6.336378538675122400e+04
4.365500000000300140e+00,1.553101450785358573e+01,4.807834356277269072e-01,1.707509891299941462e-01,-5.371218585683109519e-04,-6.468800156969096602e-04,-1.025492845945405115e-03,9.127557149564867700e+01,-9.434308776969533028e+01,1.738061209783720074e+02,-4.720601346780715218e-02,9.580296159881622486e+01,2.240289085069551948e+04,0.000000000000000000e+00,6.269321217592409812e+04
4.370500000000297369e+00,1.553100304248591179e+01,4.807980770871173593e-01,1.707375082901511076e-01,-3.518603147798331655e-03,4.651613213934879983e-03,-3.065119946991852386e-03,-3.692322119257687518e+01,2.511614531606778655e+01,2.300768537143395633e+02,-4.715691711624147436e-02,9.574931230993522036e+01,2.341232122044360585e+04,0.000000000000000000e+00,5.949862026585546118e+04
4.375500000000294598e+00,1.553098923370449924e+01,4.808065487036158325e-01,1.707308422475342924e-01,1.472939573054964037e-04,-3.096382392690595706e-03,1.416174116264433056e-03,1.095861518626178110e+02,-8.730224716753707526e+01,1.179363200586440996e+02,-4.720491162427718768e-02,9.571218774201764745e+01,2.091277622780426827e+04,0.000000000000000000e+00,6.378007881557168002e+04
4.380500000000291827e+00,1.553099167030084438e+01,4.807982361332431842e-01,1.707369434871765512e-01,1.321908327909085737e-04,3.228612593682538413e-04,4.025151086095581868e-04,6.880506625460471071e+01,-6.400854510136798581e+01,1.330793565113274326e+02,-4.720091470222637087e-02,9.555622485964902069e+01,2.020659839090126115e+04,0.000000000000000000e+00,6.329782221676155314e+04
4.385500000000289056e+00,1.553099563846454956e+01,4.808028273225334326e-01,1.707361385898727990e-01,3.047612760583439436e-03,-4.337266907311204136e-04,2.201433510702356362e-04,7.934806574523963718e+01,-9.394186898188399937e+01,1.699599703637242669e+02,-4.717742235561570019e-02,9.557220238224277864e+01,2.243601244912554102e+04,0.000000000000000000e+00,6.268915040572787984e+04
4.390500000000286285e+00,1.553100530379982125e+01,4.808062622227339267e-01,1.707360911645724455e-01,1.238468792045417264e-03,2.045017125447452875e-03,-7.074081813915264472e-04,-3.366793200622623772e+01,5.416428048512466376e+01,1.641064608292691105e+02,-4.719747874583483244e-02,9.565019703012866614e+01,2.472905438319576206e+04,0.000000000000000000e+00,6.029422151890101668e+04
4.395500000000283514e+00,1.553100121824038204e+01,4.808014178413126949e-01,1.707376520522690122e-01,8.111638055278816472e-04,-4.678676326026965510e-03,1.544398862743968492e-03,1.095154175065131454e+02,-7.634090579283383704e+01,1.243139193994863945e+02,-4.717843672616039291e-02,9.566225903741030834e+01,2.087167780588388996e+04,0.000000000000000000e+00,6.376317382314569841e+04
4.400500000000280743e+00,1.553099674841194222e+01,4.807994755441645784e-01,1.707336507271835224e-01,1.162461617634544253e-03,-4.378646090100405254e-04,-4.544868349246586380e-04,9.998239623419888744e+01,-1.054988748102970249e+02,1.667159076649069220e+02,-4.717455609168782343e-02,9.557403540274472675e+01,2.135356048600867871e+04,0.000000000000000000e+00,6.275535714286193252e+04
4.405500000000277971e+00,1.553099460904868856e+01,4.808108517584804842e-01,1.707275148862168745e-01,-2.264579816646872864e-04,3.485372807022128847e-03,-9.625930608181488884e-04,1.048617630208711518e+02,-1.209659993385231473e+02,1.609236330450410719e+02,-4.718146741150389123e-02,9.562636994494096143e+01,2.137434438171070360e+04,0.000000000000000000e+00,6.273782317911827704e+04
4.410500000000275200e+00,1.553098999506132927e+01,4.808159857120715697e-01,1.707260882368630828e-01,-3.300061593972996622e-03,1.929367639334767393e-03,-1.067894573743190549e-03,1.297512679274404945e+00,3.024911757286008651e+01,1.751460436126291427e+02,-4.718598090219049135e-02,9.563903875784198760e+01,2.175837263515857921e+04,0.000000000000000000e+00,6.022217564602932543e+04
4.415500000000272429e+00,1.553099381121819178e+01,4.808081359127808763e-01,1.707328631528770568e-01,1.568325997233330823e-03,-1.215688198349658238e-03,1.153137191041085337e-03,6.414171169672351880e+01,-5.459221002639799281e+01,1.362873407027643680e+02,-4.719485382266765811e-02,9.561631468617721907e+01,2.019539087819757697e+04,0.000000000000000000e+00,6.332134958881480998e+04
4.420500000000269658e+00,1.553100003155759445e+01,4.808076650607173708e-01,1.707364176494814423e-01,3.840202821158963335e-03,-1.059858114635921960e-03,1.193018343902952022e-03,9.924596076369871867e+01,-8.922499868263525968e+01,1.252493141127613967e+02,-4.717211656720159130e-02,9.570320907049253378e+01,2.088748169491971930e+04,0.000000000000000000e+00,6.376558605217779404e+04
4.425500000000266887e+00,1.553100979133037818e+01,4.808024697032001193e-01,1.707417488469766820e-01,7.320533777365425447e-04,-3.060248041417114317e-03,1.291610033147476844e-03,1.094551690052695108e+02,-8.127178073929246693e+01,1.232909036546386972e+02,-4.717564178239182227e-02,9.580824331385282733e+01,2.087251245295648914e+04,0.000000000000000000e+00,6.374968252428849519e+04
4.430500000000264116e+00,1.553101643078374750e+01,4.807937308483351546e-01,1.707480813988751234e-01,1.204088345172339789e-03,4.012815082906066215e-04,5.934368663844567186e-04,4.839734510429923375e+01,-5.663039266004227557e+01,1.762476693192190282e+02,-4.719122110995849911e-02,9.586151484228523145e+01,2.176660173943994232e+04,0.000000000000000000e+00,6.223374250639487582e+04
4.435500000000261345e+00,1.553101639090485797e+01,4.807842429143712182e-01,1.707540268748311552e-01,1.007095878193531085e-03,-5.445768237253904810e-04,-2.541859358693278684e-04,1.070305462716405458e+02,-8.928729144251519756e+01,1.268311956731935766e+02,-4.720183209011768327e-02,9.585073194104082006e+01,2.083733114493219546e+04,0.000000000000000000e+00,6.371646477608376881e+04
4.440500000000258574e+00,1.553102296183651454e+01,4.807844806750627420e-01,1.707539310898386065e-01,2.842835054032879886e-04,1.393089296713463394e-03,-1.438808375745058519e-03,-1.227698293778030347e+01,3.486921108234946587e+01,1.828096550706759444e+02,-4.718664291108858738e-02,9.586872564143692443e+01,2.169411052215159725e+04,0.000000000000000000e+00,6.015966471047785308e+04
4.445500000000255802e+00,1.553100615244974314e+01,4.807990301426353641e-01,1.707431703215579744e-01,-5.827299056091458061e-03,2.146140507719970607e-03,-2.434092032691481146e-03,-2.996167868918109889e+01,3.362228228093840698e+01,2.254395557754292554e+02,-4.720850291473862453e-02,9.582562566107023372e+01,2.337704392663550243e+04,0.000000000000000000e+00,5.943547189490667370e+04
4.450500000000253031e+00,1.553099119993886745e+01,4.808104724713638256e-01,1.707357540000823681e-01,-3.699374580721215972e-03,3.731854017856868488e-03,-1.283975489498892075e-03,-4.119726484384864307e+01,4.507183935370267136e+01,2.270716151972120258e+02,-4.719862864750776904e-02,9.573336825043958243e+01,2.357966295708511097e+04,0.000000000000000000e+00,5.934999579104656732e+04
4.455500000000250260e+00,1.553099477862556199e+01,4.808150665647272781e-01,1.707331555041475268e-01,2.646601905116440293e-03,-4.607845286919587217e-03,1.650092230108528941e-03,-3.336805320335324865e+01,-1.402223206230711412e+02,1.942035201129501729e+02,-4.719419944252951915e-02,9.579269305708770332e+01,2.223230267779721908e+04,0.000000000000000000e+00,6.345902395920103299e+04
4.460500000000247489e+00,1.553099688064270190e+01,4.808129169978255790e-01,1.707336979675688204e-01,-1.315077385042353036e-03,2.952111733627707513e-03,-1.865081666098519862e-03,-8.895579844086159937e+01,7.355644789640655290e+01,1.875607648984042726e+02,-4.720395176650640096e-02,9.576503725893708463e+01,2.488902600548073679e+04,0.000000000000000000e+00,6.017098936138418503e+04
4.465500000000244718e+00,1.553099984973983183e+01,4.808121582298994778e-01,1.707296223241024924e-01,-3.812240378203182907e-03,2.779774545735021890e-03,-2.791467610736707468e-03,-8.053914825265383115e+01,7.366363083385863320e+01,1.891119286817324223e+02,-4.716016863919551827e-02,9.573519933270218019e+01,2.489555477936283569e+04,0.000000000000000000e+00,6.016852779631275189e+04
4.470500000000241947e+00,1.553098857647016295e+01,4.808127100588311942e-01,1.707241739493673971e-01,-2.785284475435718856e-03,1.264458980472133376e-03,-4.322581160278280593e-04,2.218359345102635416e+01,6.373596798875041713e+00,2.020622070156529446e+02,-4.715390503899140329e-02,9.562641270849248087e+01,2.316590446714607970e+04,0.000000000000000000e+00,5.953468539447687363e+04
4.475500000000239176e+00,1.553098139486305840e+01,4.808178488852407617e-01,1.707261170408285456e-01,1.670401176122147805e-04,1.650930774727973286e-03,3.216337428287820350e-04,5.557942639944671726e+01,-6.185218365811579133e+01,1.739274362831539236e+02,-4.720707534688620144e-02,9.570124380851044066e+01,2.178548997196292112e+04,0.000000000000000000e+00,6.224313492556905840e+04
4.480500000000236405e+00,1.553097655840779723e+01,4.808343863994223866e-01,1.707178636309213404e-01,-1.316765845495200885e-03,5.221254811748152029e-03,-2.511586598762956431e-03,-1.383073412384192125e+01,5.171087611781013038e+01,1.848810032995682775e+02,-4.716413680482935827e-02,9.575177239065030221e+01,2.201055221740458001e+04,0.000000000000000000e+00,6.002032129972516123e+04
4.485500000000233634e+00,1.553095472332841176e+01,4.808318516689610855e-01,1.707149809423479658e-01,-3.392662869999860629e-03,-4.870244965442200387e-04,4.284069269443004958e-04,8.213846400088330313e+01,-5.980420609180828251e+01,1.295621634121083048e+02,-4.718442593379553601e-02,9.560796428625161525e+01,2.022004312072685207e+04,0.000000000000000000e+00,6.330243330069368676e+04
4.490500000000230862e+00,1.553094981630315097e+01,4.808320142944005893e-01,1.707163681246756104e-01,2.894180348904403736e-03,-1.823423824101750830e-03,8.045326347880876012e-04,8.198040163179003059e+01,-1.149269862191158609e+02,1.545678213402173355e+02,-4.719942666362561545e-02,9.544188302032064541e+01,2.506292399098561145e+04,0.000000000000000000e+00,6.307120844957524969e+04
4.495500000000228091e+00,1.553095125468740356e+01,4.808394797819822708e-01,1.707137213052837832e-01,2.508187091292019347e-03,-2.968039682117813629e-04,-9.503613787171944762e-04,4.393012783415648670e+01,-4.938843410127140032e+01,1.523165782963692152e+02,-4.718810673312350684e-02,9.544508477741506169e+01,2.134443896019064414e+04,0.000000000000000000e+00,6.324881336866074707e+04
4.500500000000225320e+00,1.553095532509273902e+01,4.808495143980918152e-01,1.707018543199780580e-01,5.295204818023628406e-03,-1.663500045862170229e-03,-5.283558605994067257e-04,3.378322844728637619e+01,-4.131668720420600494e+01,1.585488718822873579e+02,-4.718997076588154344e-02,9.548068027409416914e+01,2.132756538938573067e+04,0.000000000000000000e+00,6.329866235674270138e+04
4.505500000000222549e+00,1.553097161216427402e+01,4.808508402066263288e-01,1.706998924071362611e-01,2.344243985409461689e-03,-1.057453540713185246e-03,4.959422690282561368e-04,-1.484193280395554666e+02,6.517526747335523396e+01,2.161434008582665456e+02,-4.715485560859061787e-02,9.565600541612393215e+01,2.628296750301454449e+04,0.000000000000000000e+00,6.086935676568571216e+04
4.510500000000219778e+00,1.553096695741103694e+01,4.808555950743719221e-01,1.706922398647192640e-01,1.540621131304550830e-03,2.497369610644016406e-04,-5.740258957292785442e-04,-5.414480425821011522e+01,4.408795103585634934e+01,2.337530669459575847e+02,-4.715348367705862742e-02,9.549518751980215825e+01,2.345383604863798610e+04,0.000000000000000000e+00,5.958835687500202039e+04
4.515500000000217007e+00,1.553097689206309973e+01,4.808592045823880667e-01,1.706941650650813658e-01,3.116237821560990679e-03,1.143088892991008345e-04,4.312786732056713844e-04,-8.459245919435670658e+01,1.119902710534506696e+02,2.144272703420401740e+02,-4.719307508952342439e-02,9.562543367007262418e+01,2.230968100769737430e+04,0.000000000000000000e+00,6.001637022793413053e+04
4.520500000000214236e+00,1.553097285589865351e+01,4.808564391487786249e-01,1.706926384578343336e-01,-2.679296662313074024e-03,-7.825118398810161646e-05,-1.031981346684473187e-03,-8.226655459181620245e+01,8.221437757557987425e+01,1.892032865734258849e+02,-4.716807403763895179e-02,9.558450205518735743e+01,2.495308271395997144e+04,0.000000000000000000e+00,6.026133173274718865e+04
4.525500000000211465e+00,1.553097947678354984e+01,4.808484205097651731e-01,1.707016524615962427e-01,3.249540832091325836e-04,2.660593747165713248e-04,4.987435674478800851e-04,5.301938280009213145e+01,-5.595192855506218166e+01,1.205974237539179654e+02,-4.719037112885288848e-02,9.555624574162963825e+01,2.405519751788766735e+04,0.000000000000000000e+00,6.340652085831785371e+04
4.530500000000208694e+00,1.553099047673306643e+01,4.808487051951795821e-01,1.707084677805303652e-01,-1.227883540208361422e-04,2.808205587883145626e-03,-6.225465718604875380e-04,5.034674635680924837e+01,-5.946841119823011468e+01,1.442991545513212941e+02,-4.718149871602469320e-02,9.562338534903607012e+01,2.130387978116433442e+04,0.000000000000000000e+00,6.319189556843966420e+04
4.535500000000205922e+00,1.553098347998107798e+01,4.808563204300432825e-01,1.707016412843886111e-01,-4.652762557041605074e-03,5.796498482753447351e-05,-1.018325995959935013e-03,7.039307445068673985e+01,-5.852822340033969795e+01,1.189797583798773530e+02,-4.717928323319028200e-02,9.568396765123758030e+01,2.407576430657132005e+04,0.000000000000000000e+00,6.338324713437251921e+04
4.540500000000203151e+00,1.553098105932584438e+01,4.808508325289321816e-01,1.707059687272550197e-01,-2.855964203458854697e-03,3.224379250721280416e-03,-6.949188388941344866e-04,-7.021963455312243241e+01,8.182063542387641064e+01,1.998317596529078060e+02,-4.718655218345652741e-02,9.558611520898359970e+01,2.219615645438924548e+04,0.000000000000000000e+00,5.999317281295866997e+04
4.545500000000200380e+00,1.553097325121098038e+01,4.808638731083937912e-01,1.706990068325680288e-01,4.434057634259116944e-04,-8.883427748620333422e-04,4.736395958075306279e-04,9.249785792786576621e+01,-9.471267678995354800e+01,1.670008621460856091e+02,-4.719426661038277071e-02,9.558664841535072298e+01,2.249147590163515270e+04,0.000000000000000000e+00,6.273510139672791411e+04
4.550500000000197609e+00,1.553096362838426003e+01,4.808769670956907216e-01,1.706932464824896523e-01,6.283087543778916994e-04,1.352658686156220022e-03,-4.456010602365260585e-04,3.137920174751116065e+01,-1.786468870388307550e+01,1.964235616933265192e+02,-4.719439432802231132e-02,9.558331554574911593e+01,2.288504495387709903e+04,0.000000000000000000e+00,5.976845237440564233e+04
4.555500000000194838e+00,1.553097145765216602e+01,4.808635676321094121e-01,1.706986513676278794e-01,4.666556857680167862e-03,-4.786959050974677957e-03,1.250410405002589168e-03,5.535332464709292566e+01,-3.936858359813129482e+01,1.468129455161972885e+02,-4.720712400117620805e-02,9.559945927974395374e+01,2.021053337084029772e+04,0.000000000000000000e+00,6.337795517575763370e+04
4.560500000000192067e+00,1.553096796668198820e+01,4.808698127634702391e-01,1.706898459350041919e-01,-4.605968558862745792e-04,-3.303889815788533905e-03,8.735457390910781467e-04,-3.958951623548983889e+00,-2.386338898586194546e+02,2.305215948065216480e+02,-4.717272272659806670e-02,9.568404751945854514e+01,2.333875059488907209e+04,0.000000000000000000e+00,6.306365595300520363e+04
4.565500000000189296e+00,1.553098100978158769e+01,4.808548109523785863e-01,1.706987361298760164e-01,1.757745457419740767e-03,-4.160233590701284596e-04,2.006196024336276938e-03,5.276005864823673619e+00,1.296135749412474070e+01,1.985703830426907643e+02,-4.720569549117203945e-02,9.563912137198329333e+01,2.317778390994510482e+04,0.000000000000000000e+00,5.956728983517316374e+04
4.570500000000186525e+00,1.553098582526532390e+01,4.808474221207441057e-01,1.707049680813236547e-01,-3.244040600044941804e-03,3.612976126153917122e-03,-1.625229314724097648e-03,-6.305173834231754881e+01,9.692582445939274294e+01,2.051941134330384955e+02,-4.715240143903885739e-02,9.555120816782110182e+01,2.228708271027206138e+04,0.000000000000000000e+00,5.991160240874934971e+04
4.575500000000183753e+00,1.553097305531923666e+01,4.808601652479138067e-01,1.706964858609360258e-01,-1.852059141787383567e-03,-5.858285144521397855e-03,2.213609248949548105e-03,7.864333184467925264e+01,-3.016364796040767260e+02,1.995137138033358610e+02,-4.719812007411546689e-02,9.557239294469655988e+01,2.271880700762213746e+04,0.000000000000000000e+00,6.364786553822648420e+04
4.580500000000180982e+00,1.553096384395384000e+01,4.808501148584536922e-01,1.707006466346130680e-01,-2.037196927014613742e-03,2.006768265327756539e-04,1.114198969850475429e-04,2.114640928981225443e+01,1.009029128083739124e+01,2.004323041234899847e+02,-4.718318743188579939e-02,9.541400731293290960e+01,2.319542283446916917e+04,0.000000000000000000e+00,5.953709511819038016e+04
4.585500000000178211e+00,1.553096183307356704e+01,4.808583657712926507e-01,1.706975897032025902e-01,-4.341509731188103460e-03,6.047129713708833398e-03,-2.404271281557578827e-03,-3.788088539713589853e+01,3.684116474516872586e+01,2.262611490362482982e+02,-4.717104806398255551e-02,9.540254845091287450e+01,2.365792608691208443e+04,0.000000000000000000e+00,5.936635725215330604e+04
4.590500000000175440e+00,1.553096946332844297e+01,4.808662297132584307e-01,1.706951729602101675e-01,2.452629235910532869e-03,-4.124058389468329358e-05,1.288373731754523721e-04,4.973607989813748986e+01,-5.627500918977636957e+01,1.790971660855563528e+02,-4.718661474200484818e-02,9.557747499619448206e+01,2.183071625794948341e+04,0.000000000000000000e+00,6.229009524861066893e+04
4.595500000000172669e+00,1.553097318029047358e+01,4.808634883152101969e-01,1.706979782342059881e-01,-1.357962931453325812e-03,1.375726815754557512e-03,-1.303696879201286449e-03,-8.728112569243376129e+01,1.067254820275445582e+02,1.903657329435853001e+02,-4.720327953967578399e-02,9.567580057627522194e+01,2.509147426541300956e+04,0.000000000000000000e+00,6.019227921636426618e+04
4.600500000000169898e+00,1.553096724012650753e+01,4.808522378284589838e-01,1.707067692078762799e-01,8.810582237490921639e-05,-3.738363711518235578e-03,3.460591428527848030e-03,5.582092474039899344e+01,-4.294770376423468861e+01,1.657441501070384788e+02,-4.717823055448243375e-02,9.562644989909176729e+01,2.182929783256070368e+04,0.000000000000000000e+00,6.226324686272279359e+04
4.605500000000167127e+00,1.553097434154041068e+01,4.808431514306164001e-01,1.707164693903080455e-01,-2.595575453166234711e-03,2.899231134725948657e-03,-2.950741062966797019e-08,-4.166939996916880773e+01,3.246323378431020501e+01,2.166375692598865044e+02,-4.720265488369047163e-02,9.552941892443350014e+01,2.341096873979591328e+04,0.000000000000000000e+00,5.944967348220005806e+04
4.610500000000164356e+00,1.553098741682915751e+01,4.808392666049859376e-01,1.707211985394879450e-01,1.109555038486699638e-03,1.526598815567531582e-03,-1.396545016847656584e-04,-1.446354104344845837e+01,3.688182067006277975e+01,1.765422562160098892e+02,-4.714675046166264677e-02,9.560233196310142034e+01,2.173413794789351596e+04,0.000000000000000000e+00,6.016399701376402663e+04
4.615500000000161585e+00,1.553099593004503376e+01,4.808432686022386382e-01,1.707206151440615327e-01,-1.975401457643577007e-03,1.562693980262752462e-03,-9.996258133212448504e-04,-4.480606846568753099e+01,3.838130443569502859e+01,2.243977800093489918e+02,-4.719090168688473003e-02,9.578053181869185551e+01,2.338202568666081061e+04,0.000000000000000000e+00,5.944884579170200595e+04
4.620500000000158813e+00,1.553099590022076093e+01,4.808425065534716047e-01,1.707177211282323026e-01,-4.634251718318792290e-03,-1.267991531650269812e-03,-1.446279866688061563e-03,-6.414142689769050776e+01,9.915554545688564758e+01,2.063728874006726528e+02,-4.720722386724830744e-02,9.585645609351654173e+01,2.214582406807618827e+04,0.000000000000000000e+00,5.997231044487511099e+04
4.625500000000156042e+00,1.553098104331730767e+01,4.808473101751906675e-01,1.707052979738001852e-01,-1.049679754414507404e-03,7.145591620286672035e-04,-2.182419025880477127e-03,5.388896949979240247e+01,-5.149613759135002056e+01,1.530461564877609533e+02,-4.718732001563864797e-02,9.576803041838915931e+01,2.132012430741485150e+04,0.000000000000000000e+00,6.322716445025589201e+04
4.630500000000153271e+00,1.553097684373205922e+01,4.808597437127403174e-01,1.706932030237447162e-01,-1.756095082947436731e-03,5.012799067163687880e-03,-2.892775750491172020e-03,6.305081189044201295e+01,-7.480856778027293785e+01,1.803330767266978114e+02,-4.719446565659431853e-02,9.577619179602110933e+01,2.184121591343619002e+04,0.000000000000000000e+00,6.227560570090133115e+04
4.635500000000150500e+00,1.553097072251722999e+01,4.808706874131676856e-01,1.706861651225495269e-01,-5.391274133331962377e-03,4.232421596654925219e-03,-2.575498927271414450e-03,1.013448791090331724e+01,2.384605766155641504e+01,1.772748866959482541e+02,-4.720039253854245442e-02,9.576040569816922243e+01,2.179032047761782815e+04,0.000000000000000000e+00,6.022416364991659793e+04
4.640500000000147729e+00,1.553097201582464315e+01,4.808719948127200272e-01,1.706906019451066847e-01,2.808683619589911681e-03,1.468194091915012308e-04,1.500010384529078256e-03,-2.811045031316143650e+01,7.349291085907407250e+01,1.821457513848973520e+02,-4.718856767347747588e-02,9.561713191327021377e+01,2.202426694301049429e+04,0.000000000000000000e+00,6.006772904836932867e+04
4.645500000000144958e+00,1.553098294730248874e+01,4.808762582218039094e-01,1.706945246913587344e-01,1.581785790755533584e-03,2.629969123761753246e-03,-2.781647572298628131e-04,4.043468717373161780e+01,-2.557900892681391269e+01,1.708700093832011078e+02,-4.719587613702611040e-02,9.571619673879219192e+01,2.547055899841002611e+04,0.000000000000000000e+00,5.994518554635142209e+04
4.650500000000142187e+00,1.553098578055834444e+01,4.808706817291569235e-01,1.706952853837009343e-01,2.806206355149148696e-04,6.246041772692496928e-04,-9.636653523639169584e-04,4.644001329060529315e+01,-1.855529289953551597e+01,1.749957637511149358e+02,-4.721121024298294971e-02,9.567292679818261547e+01,2.545129014927075696e+04,0.000000000000000000e+00,5.995048828810400300e+04
4.655500000000139416e+00,1.553099171172339865e+01,4.808746387876180473e-01,1.706909055237676720e-01,8.708308992864938593e-04,1.852700482474638460e-03,-1.704240608007180071e-03,1.101999521596799241e+02,-1.004360086603138598e+02,1.308616821131504651e+02,-4.719623499897945135e-02,9.563372826796566528e+01,2.092475560793331897e+04,0.000000000000000000e+00,6.377095842202784115e+04
4.660500000000136644e+00,1.553099282716062923e+01,4.808853558553215501e-01,1.706816093713779403e-01,-1.529526612724139024e-03,1.038015925391123960e-03,-1.798884517330074338e-03,-8.655737731638009791e+01,8.016990804802048842e+01,1.926395085360170469e+02,-4.719474071350387989e-02,9.574748671879987683e+01,2.493314772262697807e+04,0.000000000000000000e+00,6.023191293239626248e+04
4.665500000000133873e+00,1.553097848059123720e+01,4.808833561957757130e-01,1.706760115980156811e-01,-4.758856348148521841e-03,2.545917257876379076e-03,-2.724979365839590596e-03,-6.425670667737131225e+01,8.219366618629010190e+01,2.101674676843688587e+02,-4.720746350618215681e-02,9.553629479135027225e+01,2.243644222602133232e+04,0.000000000000000000e+00,6.000089965078496607e+04
4.670500000000131102e+00,1.553103292286111170e+01,4.808564460788466999e-01,1.706856395378961444e-01,6.297428647596952506e-03,-1.110091958023565889e-02,4.743772860788790340e-03,3.480046558463675410e+01,-2.945713507647724327e+00,1.301095426877893146e+02,-4.720688649345042287e-02,9.583081090907202793e+01,2.130713166261767401e+04,0.000000000000000000e+00,6.315322643954124942e+04
4.675500000000128331e+00,1.553104957607882852e+01,4.808336856191344766e-01,1.706902926590045388e-01,6.566657560670193482e-03,-5.307140478442514027e-03,9.317195104918688442e-04,4.276813788093609503e+01,-3.354479430519143079e+01,1.723890986982227105e+02,-4.719930623852345436e-02,9.578629425807106657e+01,2.176603470658723018e+04,0.000000000000000000e+00,6.213075629014211881e+04
4.680500000000125560e+00,1.553105054150550934e+01,4.808408574662499380e-01,1.706763213931275502e-01,-7.171012109471538868e-04,-2.217552513861435412e-03,-2.215337179342005171e-03,5.763739884615100095e+01,-4.495884634931258006e+01,1.474391023383897164e+02,-4.719540521972934166e-02,9.585947090302785512e+01,2.131385589012644050e+04,0.000000000000000000e+00,6.309832004340086860e+04
4.685500000000122789e+00,1.553103667837963897e+01,4.808527821098921295e-01,1.706546569448689765e-01,1.821755126504203803e-03,6.752396178176808079e-04,-1.558037651747474963e-03,1.036941520204995868e+02,-4.834878189565529283e+01,2.318035364072510447e+02,-4.717182011509890582e-02,9.571107864731912684e+01,2.135672330360207343e+04,0.000000000000000000e+00,5.819531856365696876e+04
4.690500000000120018e+00,1.553104301349088878e+01,4.808536238334322199e-01,1.706512400997775292e-01,1.168905703623816794e-03,2.414415569770026349e-03,-1.743681183410838130e-03,-7.352028288407655054e+01,1.054817296612618520e+02,2.156251032294262018e+02,-4.712992687255210256e-02,9.563062322600157472e+01,2.231347065479613593e+04,0.000000000000000000e+00,5.998045179187152098e+04
4.695500000000117247e+00,1.553104142028533374e+01,4.808639742294444352e-01,1.706457085949960872e-01,-9.276697469599079872e-04,-3.499358064106230463e-03,8.973681981195018743e-04,-4.947848913549069039e+01,7.414395486257126322e+01,2.323430597109347957e+02,-4.716515314004152137e-02,9.571317899885674763e+01,2.363140108927055917e+04,0.000000000000000000e+00,5.942964718851606449e+04
4.700500000000114476e+00,1.553106761727527818e+01,4.808463955802925738e-01,1.706460256615113802e-01,2.280771452631028158e-03,-9.245005836808017560e-03,1.385028828086127184e-03,5.169885361991964601e+01,1.495158003737537911e+01,1.456633122614497893e+02,-4.719215868848702922e-02,9.588989069109734942e+01,2.548412805272180776e+04,0.000000000000000000e+00,5.973984735401289799e+04
4.705500000000111704e+00,1.553111148834832633e+01,4.808055919742596496e-01,1.706567726646874561e-01,1.498974497679195217e-02,-8.798485293048942738e-03,2.701667535027489804e-03,5.789610779903874516e+01,-5.645727070240070589e+01,1.427193804970299880e+02,-4.719029726937039315e-02,9.604554141731352956e+01,2.241399139759492027e+04,0.000000000000000000e+00,6.241714659993090027e+04
4.710500000000108933e+00,1.553113736070113582e+01,4.807618663166307038e-01,1.706662520921507775e-01,5.515650172032511914e-03,-7.234528125385689297e-03,3.724161039362072767e-04,8.608456874912005219e+01,-6.860348206580511032e+01,1.480723574440482082e+02,-4.718855688150107308e-02,9.628534998512758136e+01,2.238683311415537173e+04,0.000000000000000000e+00,6.234263782130982872e+04
4.715500000000106162e+00,1.553116182067675055e+01,4.807404211337533706e-01,1.706641182556913883e-01,1.973815922183927169e-03,-1.567374093740953652e-03,-1.446994775288975438e-03,-7.517819271220332666e+01,1.544998969858966120e+01,2.103287837840785812e+02,-4.720068536884788196e-02,9.642878903582240468e+01,2.301838280293038042e+04,0.000000000000000000e+00,6.040731435842016072e+04
4.720500000000103391e+00,1.553116485251139878e+01,4.807228363117555525e-01,1.706604058026149895e-01,2.526821480756645706e-03,-3.177557528261016218e-03,-6.963127609392083832e-04,6.580485825341527573e+01,-5.141219423603604355e+01,1.314733502280667494e+02,-4.720101246562496966e-02,9.643369965192501070e+01,2.015175525840028786e+04,0.000000000000000000e+00,6.304716495775282237e+04
4.725500000000100620e+00,1.553116455350626168e+01,4.807249763735266801e-01,1.706508634466041840e-01,-2.106309801852428859e-03,1.318068851947660569e-03,-2.463821092882041621e-03,-4.998568564750530641e+01,4.422089955837259367e+01,1.976245734121260398e+02,-4.720933552293054419e-02,9.653179302384594962e+01,2.610248324875754770e+04,0.000000000000000000e+00,5.965912195298998267e+04
4.730500000000097849e+00,1.553116724089733047e+01,4.807162431519336199e-01,1.706444302964501558e-01,1.521854178810526500e-03,-2.155668437389329849e-05,-1.336946862795018037e-03,-6.809184770680531074e+00,4.844506007390691593e+01,1.812083619773588339e+02,-4.720285874480743132e-02,9.646742985132894432e+01,2.166154641448606708e+04,0.000000000000000000e+00,6.012205801862301450e+04
4.735500000000095078e+00,1.553117172386486189e+01,4.807097552625447245e-01,1.706410149053811665e-01,-1.919737534694435348e-03,-2.868961229127018307e-03,1.481754690281038448e-05,-6.188083515109747168e+01,1.307253304904752440e+02,2.103226106037277248e+02,-4.719346674785519780e-02,9.653594613883244335e+01,2.222185040041583488e+04,0.000000000000000000e+00,5.995011291916816845e+04
4.740500000000092307e+00,1.553116558992293506e+01,4.807122160572834257e-01,1.706376600195365356e-01,-7.279796629386678462e-04,1.970290776510761482e-03,-2.196173296394960273e-03,5.399524024999692529e+01,-5.676066799062289192e+01,1.480739584026679267e+02,-4.719844811816124863e-02,9.652438893545249243e+01,2.128603651998650457e+04,0.000000000000000000e+00,6.309343589785882068e+04
4.745500000000089535e+00,1.553116698627345649e+01,4.807230077571533755e-01,1.706276995681975106e-01,-3.490511220907013996e-03,-1.137196959339465763e-03,-9.508012748375520556e-04,-1.113153302038826951e+02,-3.205644900490392502e+01,2.768051811531641420e+02,-4.720042027553274233e-02,9.661343823454946289e+01,2.435084483665976950e+04,0.000000000000000000e+00,6.007304169879003166e+04
4.750500000000086764e+00,1.553119302673997559e+01,4.806981926520852433e-01,1.706279890825477819e-01,4.052426879236429788e-03,-6.111768645657602965e-03,1.034405161334124405e-03,2.692193288970202047e+01,1.489864857128645781e+01,1.832105044803386704e+02,-4.719522060878731523e-02,9.653208877953251488e+01,2.298648085782343333e+04,0.000000000000000000e+00,5.957732692347915145e+04
4.755500000000083993e+00,1.553127120485942747e+01,4.806407894504539646e-01,1.706455674669680733e-01,1.218508554776305541e-02,-1.621545287733866872e-02,4.925541492798508891e-03,-9.673695961021348921e+01,4.781236351866050427e+01,2.006623897654142752e+02,-4.720501891278293394e-02,9.690521316508754524e+01,2.278540582302662369e+04,0.000000000000000000e+00,6.066865401873935480e+04
4.760500000000081222e+00,1.553130451867698625e+01,4.806021185511259453e-01,1.706505221185129761e-01,1.919115315815415803e-03,-1.893868704975751327e-03,-2.854588417071513094e-03,-6.492696115724311312e+01,6.450004526406974037e+01,1.976339844737010196e+02,-4.717936757828773697e-02,9.716255432504640055e+01,2.606248205439750382e+04,0.000000000000000000e+00,5.959442680696155003e+04
4.765500000000078451e+00,1.553131104210081226e+01,4.805997800632221817e-01,1.706340845460276590e-01,4.586201042761759231e-03,-5.096821277421136921e-03,-1.296902191168335453e-03,1.515360102182938249e+02,-1.544911570811276533e+02,9.669974517126041746e+01,-4.722763481404984587e-02,9.735284815385035984e+01,2.438625964404289334e+04,0.000000000000000000e+00,6.321815997472772142e+04
4.770500000000075680e+00,1.553130648318775364e+01,4.805974530310683224e-01,1.706172114032866727e-01,-3.022185990770122669e-04,1.522865511949998652e-04,-3.039327534382409504e-03,-4.828165738090523007e+01,6.801528350503330955e+01,2.400473147171819335e+02,-4.720972992865719864e-02,9.721378456913299715e+01,2.351994772500846375e+04,0.000000000000000000e+00,5.937790819092976017e+04
4.775500000000072909e+00,1.553130173203462583e+01,4.806123876579262433e-01,1.705988901149030068e-01,-9.708491732783214615e-04,5.207164541370651670e-03,-4.431746303052008264e-03,-6.596318231942041166e+01,9.135862466018511441e+01,2.178314767530208371e+02,-4.719585246225487668e-02,9.723223468975480444e+01,2.208306286153686597e+04,0.000000000000000000e+00,6.003007242664764635e+04
4.780500000000070138e+00,1.553130216559657839e+01,4.806067292380337141e-01,1.705917143196159225e-01,-2.050121937707223736e-03,-3.255349086995300008e-04,-6.013231861495663176e-04,-4.165240914321157106e+01,4.997560807070954070e+01,2.284331834515698176e+02,-4.714422591128597517e-02,9.712679411934186646e+01,2.331138408439115301e+04,0.000000000000000000e+00,5.949660780407345737e+04
4.785500000000067367e+00,1.553131293890463205e+01,4.806078497222293078e-01,1.705890906140724861e-01,1.537792352201284088e-02,-5.196780781782935933e-03,1.987373942636392731e-03,4.271673505857898476e+02,-1.804607098781644936e+02,2.365210804141265157e+02,-4.720419950562795147e-02,9.720063687306002009e+01,2.106094740720610571e+04,0.000000000000000000e+00,5.434709934854791936e+04
4.790500000000064595e+00,1.553137928656515676e+01,4.805582469217423713e-01,1.706090749003131846e-01,1.211899355164138166e-02,-1.291721427684770079e-02,4.853180551705772554e-03,-8.073002547618676772e+01,-1.322731234291785540e+02,2.042271095323317809e+02,-4.723271671128604493e-02,9.763291404845551824e+01,2.285828882967377285e+04,0.000000000000000000e+00,6.264510869257193553e+04
4.795500000000061824e+00,1.553141012373792051e+01,4.805094645459525027e-01,1.706200909586199355e-01,1.664588560526911176e-03,-3.956982557172928835e-03,-3.465347414193310533e-04,-6.101683519055923455e+01,6.987160386791659050e+01,2.178637833077188191e+02,-4.722238733177756137e-02,9.775739158666992523e+01,2.436642847027094831e+04,0.000000000000000000e+00,5.938066824058562634e+04
4.800500000000059053e+00,1.553141283803055828e+01,4.804973272204529078e-01,1.706083940326836301e-01,-2.413430584341132602e-03,-4.655452066279280703e-03,-1.272294164610290662e-03,8.324704137970826423e+01,-2.618751109018799070e+02,1.258862358093635265e+02,-4.723305164482700935e-02,9.804614413333784739e+01,2.605519445016021200e+04,0.000000000000000000e+00,6.383562596144521376e+04
4.805500000000056282e+00,1.553139684733740289e+01,4.804924099714292240e-01,1.705917760933580996e-01,-9.592743282004638538e-04,4.297826392195600682e-04,-2.237239859595164821e-03,2.243223381194189514e+00,3.513113729205211655e+01,2.783249071825280794e+02,-4.722615818158591022e-02,9.787131392895096837e+01,2.316291002650142764e+04,0.000000000000000000e+00,5.872179601989818912e+04
4.810500000000053511e+00,1.553137925228764615e+01,4.804924623651297133e-01,1.705807581927186178e-01,-3.459939191603036372e-03,-1.357800288859914656e-03,-9.768697020424250629e-04,-6.343437837420879077e+00,6.147799542243797077e+01,1.756560680904339620e+02,-4.717910878727833712e-02,9.780960365659065303e+01,2.278701912432461540e+04,0.000000000000000000e+00,6.001290455931503675e+04
4.815500000000050740e+00,1.553136054455760551e+01,4.804898516172594891e-01,1.705726658589934164e-01,-6.834095750508548638e-03,9.093569815941017357e-04,-2.441333582181003450e-03,-4.259492425786811509e+01,1.064067950220714920e+02,2.017056085601410302e+02,-4.716027691227628327e-02,9.776631469615664116e+01,2.209615638411656255e+04,0.000000000000000000e+00,5.999722057467435661e+04
4.820500000000047969e+00,1.553138075905332371e+01,4.804707933617926030e-01,1.705669718878621566e-01,-5.207953958621552339e-04,-2.741362374707011738e-03,-2.518162154250565016e-03,-7.212645167725304418e+01,1.019990242430437775e+02,2.033892870185383117e+02,-4.721810769241118616e-02,9.786286340443004406e+01,2.297966617801461689e+04,0.000000000000000000e+00,6.009272784658431192e+04
4.825500000000045198e+00,1.553139569291308320e+01,4.804428333057720879e-01,1.705625747750799392e-01,1.564931995030279313e-02,-1.496193810858336207e-02,2.913885609218353021e-03,6.087282726000488253e+00,7.682561784290669493e+00,1.363605356996584703e+02,-4.722046655241475543e-02,9.789288888136543676e+01,2.208532821955466716e+04,0.000000000000000000e+00,6.315609601666603703e+04
4.830500000000042427e+00,1.553141878449923929e+01,4.803839987444345483e-01,1.705708117888571351e-01,5.065613888876305086e-03,-9.544314832421523995e-03,7.646686032767905337e-04,8.181115652892614776e+01,-4.696047212181304076e+01,1.488634301418212829e+02,-4.722511929872600517e-02,9.823568159423388124e+01,2.200188736414474988e+04,0.000000000000000000e+00,6.230664818217627908e+04
4.835500000000039655e+00,1.553143077707413333e+01,4.803446796374248318e-01,1.705734117453658327e-01,-1.714995295014127251e-03,-3.467790344814514290e-03,-1.895808690377814290e-03,-1.232339514895006687e+02,4.853742563113405595e+01,2.537289783064345556e+02,-4.718337961100060873e-02,9.838349059919742956e+01,2.291990491478836702e+04,0.000000000000000000e+00,6.073223375323742221e+04
4.840500000000036884e+00,1.553143249465994913e+01,4.803246077754150245e-01,1.705703629003708643e-01,5.391172877079337391e-04,-1.769778232482369573e-03,-9.159759418067869342e-04,-7.207398107507378882e+01,1.296129874405194187e+02,2.104985283941909415e+02,-4.717495001505955798e-02,9.841079752564833427e+01,2.157652699738512456e+04,0.000000000000000000e+00,6.005302438045929739e+04
4.845500000000034113e+00,1.553142731791470688e+01,4.803136878394579368e-01,1.705707800055418777e-01,-3.649788969622421581e-03,5.098104204529386053e-04,-1.026337203351231899e-03,-5.203546534863244233e+01,1.376521810677452322e+02,2.047204432068257347e+02,-4.721041838138205493e-02,9.848346334946326408e+01,2.171461607751865813e+04,0.000000000000000000e+00,5.997848883974179626e+04
4.850500000000031342e+00,1.553139490122178579e+01,4.803346608891101432e-01,1.705516949783990599e-01,-7.158788097623813677e-03,4.316693521636443161e-03,-3.564872733767759407e-03,1.204762421649102748e+02,-1.003316283732176544e+02,1.480000435993586905e+02,-4.721372890770173664e-02,9.849235701616160554e+01,2.202862529124465073e+04,0.000000000000000000e+00,6.239774258427939640e+04
4.855500000000028571e+00,1.553137357145211084e+01,4.803540877536472964e-01,1.705360320522886775e-01,-5.626459385157520782e-03,9.222769289618843250e-03,-4.822640685360726938e-03,-4.351089088249000270e+01,9.955350447111413814e+01,2.032584370946939032e+02,-4.715340216054406813e-02,9.817838131641050836e+01,2.181285512106926035e+04,0.000000000000000000e+00,5.992752791245518893e+04
4.860500000000025800e+00,1.553140117553303057e+01,4.803219165632743315e-01,1.705443888405557273e-01,1.012692381153940807e-02,-1.282856723821506478e-02,4.456230475619812892e-03,-8.349291479413886918e+01,5.099421986094648673e+01,1.897801690930122902e+02,-4.714615063661350969e-02,9.840050748628956967e+01,2.272844666261922976e+04,0.000000000000000000e+00,6.073775737165979808e+04
4.865500000000023029e+00,1.553141617009514519e+01,4.802878953737558243e-01,1.705537001298879640e-01,4.366341632926420621e-03,-1.167898606373273841e-02,3.568076630150867571e-03,4.909876085768654264e+01,-2.772143795204897287e+00,1.549536207700865020e+02,-4.720384272223994426e-02,9.873679361477617533e+01,2.131512870923024093e+04,0.000000000000000000e+00,6.194026672154400876e+04
4.870500000000020258e+00,1.553142387530639290e+01,4.802716376208291948e-01,1.705548678950042640e-01,8.293127470274165927e-03,-5.028228639311362567e-03,-4.437260198664848542e-05,4.185625735723874641e+01,-3.484637185098779355e+01,1.350330364834549357e+02,-4.722679533889816150e-02,9.885265114244164408e+01,1.978629405156586654e+04,0.000000000000000000e+00,6.297880326172398782e+04
4.875500000000017486e+00,1.553142404668808396e+01,4.802670956571541971e-01,1.705440727340450102e-01,5.978893311214299004e-03,-3.032014159504931809e-03,-6.637289732747277777e-04,1.495915156625733005e+02,-1.236616234780401555e+02,1.260412790401364020e+02,-4.720353769646705444e-02,9.876142555471349738e+01,2.142068303793685845e+04,0.000000000000000000e+00,6.278091664845935884e+04
4.880500000000014715e+00,1.553142374717390162e+01,4.802788430939044506e-01,1.705297399126916302e-01,-6.586406620236627193e-03,5.767084514193900578e-03,-6.079828355470608472e-03,7.751544284122701356e+00,5.626267461800375713e+01,1.444053667473477844e+02,-4.721919363659808633e-02,9.880560604614068154e+01,2.406173273614131540e+04,0.000000000000000000e+00,6.012477706070458953e+04
4.885500000000011944e+00,1.553138324997306441e+01,4.802785401095705509e-01,1.705175059480859012e-01,-8.617291449777755852e-03,-8.096365159104867634e-03,2.250055371456819234e-03,8.004073611084155004e+01,-1.568481714698299356e+02,1.369807853566494487e+02,-4.720110761130717758e-02,9.859519112486391634e+01,2.213258555559961314e+04,0.000000000000000000e+00,6.407824111849770270e+04
4.890500000000009173e+00,1.553140605862953016e+01,4.802270161088317835e-01,1.705312526405042828e-01,5.207434076198688352e-03,-8.121116493344434153e-03,1.663934441400817315e-03,9.653834901194528584e+01,-5.429190440627610315e+01,1.081867048642289717e+02,-4.722723136916171655e-02,9.878971496751998416e+01,2.050732868291483101e+04,0.000000000000000000e+00,6.341221592209022492e+04
4.895500000000006402e+00,1.553142216554288524e+01,4.802053069154175735e-01,1.705317088728329489e-01,2.340803397873382052e-03,-2.784877976187216404e-03,-1.996907706984672216e-03,9.135279087730273773e+01,-7.056107461614089971e+01,1.237467805586908582e+02,-4.722965230091052263e-02,9.907758767685893986e+01,2.464478197013564932e+04,0.000000000000000000e+00,6.255879592944394972e+04
4.900500000000003631e+00,1.553142263070160034e+01,4.801953592185547737e-01,1.705282667702977817e-01,-2.826551718270062848e-03,2.685653844483929485e-03,-3.106229286798553504e-03,-9.936227559763068484e+01,7.054803204941083550e+01,2.003589990033710251e+02,-4.721847909311547437e-02,9.890243024520198389e+01,2.268766890480022630e+04,0.000000000000000000e+00,6.200056333683473349e+04
4.905500000000000860e+00,1.553140584356357223e+01,4.802219599265796779e-01,1.705066572391874813e-01,-2.324672841491438012e-03,4.342936165737158738e-03,-4.658270329423936859e-03,5.829652288259345028e+01,-5.956033102791855072e+01,1.483468808617743662e+02,-4.722171381772198584e-02,9.893013185889721228e+01,2.087340648751136177e+04,0.000000000000000000e+00,6.297244367895612231e+04
4.910499999999998089e+00,1.553138864012372089e+01,4.802174243111118623e-01,1.705011764004736863e-01,5.284776633030234712e-03,-8.364892745596874679e-03,3.683261923660489413e-03,4.851028718435804876e+02,-3.109897719131608937e+02,1.949745488386157604e+02,-4.722455485067981323e-02,9.883369949370067786e+01,2.045439184365918118e+04,0.000000000000000000e+00,5.358667108026817004e+04
4.915499999999995318e+00,1.553140708582667706e+01,4.801726733128945379e-01,1.705183385537787644e-01,-6.303659182735162807e-04,-3.568903973735005394e-03,2.779976805526247676e-04,5.584235576022938119e+01,-1.675488213812355980e+02,1.373801421862656866e+02,-4.721867322527018712e-02,9.908588065028828851e+01,2.211957568635398638e+04,0.000000000000000000e+00,6.404854959984317975e+04
4.920499999999992546e+00,1.553141646505810058e+01,4.801516980790038192e-01,1.705202619138442843e-01,9.661870255937310761e-03,-1.886172239939854205e-03,-9.727131609055432253e-05,-8.321117979796235886e+01,1.642129068613423897e+02,2.007919985386907058e+02,-4.720250777555400762e-02,9.906220193664236717e+01,2.183382653922888494e+04,0.000000000000000000e+00,5.983123041663186450e+04
4.925499999999989775e+00,1.553143085088651532e+01,4.801271133615386266e-01,1.705282515655591469e-01,-6.828716014646257597e-04,-6.058906903631648862e-03,1.620870048782373273e-03,6.570754348641001741e+01,-2.753801411065467164e+01,1.467190923775698081e+02,-4.722189087955550729e-02,9.933057940493543470e+01,2.134231225216060557e+04,0.000000000000000000e+00,6.186529254365702946e+04
4.930499999999987004e+00,1.553142263874498319e+01,4.801271704989443223e-01,1.705193936483728745e-01,1.391675531976771215e-03,7.943082168470093959e-04,-2.442474729074794928e-03,1.710198432738430085e+02,-1.392945485580712557e+02,1.132214724370803651e+02,-4.721785561221567007e-02,9.931781648518271766e+01,2.142284664228077963e+04,0.000000000000000000e+00,6.263000324554910912e+04
4.935499999999984233e+00,1.553141549807123489e+01,4.801225459064494272e-01,1.705101558592736211e-01,1.068165978039608763e-03,-9.121946759258152794e-04,-1.661262933955559096e-03,2.915484148189625557e+01,8.309676249857602670e+00,1.933607759191425544e+02,-4.720928022372820887e-02,9.916628671837885634e+01,2.243504552918950139e+04,0.000000000000000000e+00,5.937100863424412091e+04
4.940499999999981462e+00,1.553144892584506387e+01,4.801055300140668058e-01,1.705077878101363964e-01,9.403761114774591371e-04,1.751908055868709553e-03,-3.355558162946804725e-03,-8.998984909387127118e+01,1.675651728540012755e+02,1.730223649548091203e+02,-4.722610340251869737e-02,9.932412751992094968e+01,2.463348336079162618e+04,0.000000000000000000e+00,5.984663010897256754e+04
4.945499999999978691e+00,1.553146033221100275e+01,4.801224871778655978e-01,1.704828892042625776e-01,-9.486724212082406089e-04,8.241434239647968743e-03,-6.485884903300646008e-03,-5.689519611182822700e+01,1.357640723759050161e+01,2.072438060836928173e+02,-4.718143619869444305e-02,9.919540577157734162e+01,2.336810335222868162e+04,0.000000000000000000e+00,5.946968514273946494e+04
4.950499999999975920e+00,1.553150810872597276e+01,4.800880873661267922e-01,1.704830992170933979e-01,6.093933342368319621e-03,-1.494546310500951061e-02,3.367276030621483857e-03,-5.747244679577647730e+01,-1.229449764963405869e+02,1.633735760153271315e+02,-4.721133909970313264e-02,9.962322886486809637e+01,2.688866558997513494e+04,0.000000000000000000e+00,6.218188530628968874e+04
4.955499999999973149e+00,1.553152497800031995e+01,4.800134391644424459e-01,1.705076250945229410e-01,-2.161576921326601505e-03,-7.638157084044132350e-03,8.495749524899981909e-04,-1.151794517966702358e+02,1.120944691318882178e+02,1.527192209657032720e+02,-4.720483476527837646e-02,9.944564216166386927e+01,2.199215770767824506e+04,0.000000000000000000e+00,6.277855814796777850e+04
4.960499999999970377e+00,1.553150071934933507e+01,4.800199913377490302e-01,1.704927119579046357e-01,1.878935267801171843e-03,1.800657560890907825e-04,-2.286713679750020274e-03,1.756502603780075447e+02,-1.367193316971549848e+02,1.084907865247612335e+02,-4.720260532131592690e-02,9.928314998614567344e+01,2.113749551901107043e+04,0.000000000000000000e+00,6.249962548256656737e+04
4.965499999999967606e+00,1.553149802354087150e+01,4.800251697626703451e-01,1.704817649845730143e-01,-1.730591542935106452e-03,3.530157000189545341e-03,-2.722193977510688201e-03,2.088118213959660352e+01,3.043857570543787006e+01,1.899138630727370298e+02,-4.720595808394729975e-02,9.920273882214959826e+01,2.251363775886736767e+04,0.000000000000000000e+00,5.883802867304772371e+04
4.970499999999964835e+00,1.553152463841811226e+01,4.800126510496632304e-01,1.704741645648490955e-01,-1.771788904037445650e-03,4.416154347357311035e-05,-2.988966243132776517e-03,-1.734663268837402939e+01,8.600780275355896265e+01,1.685706521216215208e+02,-4.719965306800764926e-02,9.922623803350508354e+01,2.260971491290985796e+04,0.000000000000000000e+00,5.959774132925811864e+04
4.975499999999962064e+00,1.553155605481019741e+01,4.799864084476425652e-01,1.704657854656826121e-01,3.903906179817045324e-03,-3.776473715792887879e-03,-3.149539386849480645e-03,1.035931460155166803e+02,-8.619140263946724190e+01,1.013673617205916457e+02,-4.719214077053947298e-02,9.914153643756479539e+01,2.152490732358514651e+04,0.000000000000000000e+00,6.323546288005419774e+04
4.980499999999959293e+00,1.553160033267142204e+01,4.799495932854971891e-01,1.704561941301120653e-01,1.057431114658560767e-02,-6.991758521114109157e-03,-2.556316397534628363e-03,3.598751700887071365e+02,-5.858908384373720679e+01,2.227977389832625192e+02,-4.715449157770309346e-02,9.919998159921529179e+01,2.123928881350396478e+04,0.000000000000000000e+00,5.552594436262729141e+04
4.985499999999956522e+00,1.553161883735359616e+01,4.799112200075459911e-01,1.704481221333370711e-01,-4.723715657079257182e-03,-4.643558993684920692e-03,-3.035668890727018666e-03,-7.297968024167448675e+01,1.352531716820597012e+02,1.948246218989274041e+02,-4.717220141223475716e-02,9.935976195721379156e+01,2.293653081445248245e+04,0.000000000000000000e+00,5.958832912519000092e+04
4.990499999999953751e+00,1.553160966675785026e+01,4.798999755821707347e-01,1.704227910968934279e-01,-5.397908282337314859e-03,3.486798023872029941e-03,-6.953987905446931857e-03,-6.923766103584921439e+01,1.055759444841573895e+02,2.110743727616635681e+02,-4.714512540411545938e-02,9.920289679669093630e+01,2.297682238450617297e+04,0.000000000000000000e+00,5.966124103926672251e+04
4.995499999999950980e+00,1.553161532194782346e+01,4.799062978139639890e-01,1.704014559003478035e-01,1.222655356251322939e-03,4.307572579549688585e-03,-5.044166126854763774e-03,-6.814283047328490284e+01,1.142862359501925766e+02,2.115140422980789197e+02,-4.714543027000599185e-02,9.903964848653924946e+01,2.301613840880808493e+04,0.000000000000000000e+00,5.987507572746682126e+04
