time,x,y,z,vx,vy,vz,Fx,Fy,Fz,min_contact_distance,mechanical_energy,base_load,left_edge_load,right_edge_load
5.000000000000000104e-04,1.800287543829261239e+01,-1.513694270094530970e-06,9.398020057987532816e-01,5.750876585221998738e+00,-3.027388540189061665e-03,-1.542217002453578845e+00,-4.958110897795628489e+02,-4.179160778907458074e-01,2.599359995249146777e+02,-5.818037569708664654e-03,5.285817044853623656e+02,2.026116629779281539e+03,9.466632824543095239e+02,1.063010136028984107e+03
5.500000000000001416e-03,1.803071991399997387e+01,1.286565124903497991e-05,9.322482525321823532e-01,5.591637705313885931e+00,1.922971894016022726e-02,-1.530474525663104712e+00,0.000000000000000000e+00,0.000000000000000000e+00,0.000000000000000000e+00,-2.858361485799034915e-03,5.077636000138294889e+02,0.000000000000000000e+00,0.000000000000000000e+00,0.000000000000000000e+00
1.050000000000000586e-02,1.805914599105990348e+01,8.358757796947555391e-05,9.243530118651760441e-01,5.698943948423911721e+00,1.320957589301141079e-02,-1.602212177787537106e+00,0.000000000000000000e+00,0.000000000000000000e+00,0.000000000000000000e+00,0.000000000000000000e+00,5.074010193022904787e+02,0.000000000000000000e+00,0.000000000000000000e+00,0.000000000000000000e+00
1.550000000000001030e-02,1.808760566206501608e+01,1.493871449105527529e-04,9.162264696874299341e-01,5.677475809346193003e+00,1.313892882483851110e-02,-1.641392498076300832e+00,0.000000000000000000e+00,0.000000000000000000e+00,0.000000000000000000e+00,0.000000000000000000e+00,5.072524732502524785e+02,0.000000000000000000e+00,0.000000000000000000e+00,0.000000000000000000e+00
2.050000000000001474e-02,1.811584258737561015e+01,2.005582777616642955e-04,9.079435749754760643e-01,5.622422563392789563e+00,-1.027060153243018227e-02,-1.668888352619190885e+00,-5.927892530569160101e+00,7.964524027281537633e-01,4.106831683671936872e+01,-1.742642830845099727e-04,5.072109229535553823e+02,4.144944706282235813e+01,0.000000000000000000e+00,0.000000000000000000e+00
2.550000000000001918e-02,1.814393103781486261e+01,4.144065161832799737e-05,8.994934841140057591e-01,5.624640900892054596e+00,-2.302757002412814460e-02,-1.709408423595752069e+00,6.052731874398432410e+00,6.937021117251068736e-02,5.016339971899273564e+01,-1.985177051736489087e-04,5.070761176581353880e+02,3.744758987234970959e+01,6.404911258188615619e+00,6.611927518829013195e+00
3.050000000000002362e-02,1.817213837013695610e+01,-3.466414383421792490e-05,8.908213834404338227e-01,5.649024259589026542e+00,-7.289640694092732950e-03,-1.753698777055883395e+00,2.059873643575438340e+00,1.192028598823832199e-02,1.660892850468653137e+01,-2.006826031415720468e-04,5.070327794173908842e+02,1.447224894278381413e+01,2.243051268327659997e+00,0.000000000000000000e+00
3.550000000000002459e-02,1.820043884543999013e+01,-1.525656724435619508e-05,8.819285033053545497e-01,5.671003845981742231e+00,2.919105420287059285e-02,-1.799160317122540542e+00,3.324251946290191828e+00,-5.015427770767840604e-02,2.712036456340382884e+01,-4.695819204345833171e-05,5.069951553788890806e+02,2.425674403045508853e+01,3.032516264639888881e+00,0.000000000000000000e+00
4.050000000000002903e-02,1.822881429551939547e+01,1.058154118828609231e-04,8.728221174470960353e-01,5.667461444278718119e+00,1.520607971651066585e-02,-1.837209919663336022e+00,2.006345763859858877e+01,2.387903808418193607e-01,1.041560637603290047e+02,-2.015219783079104116e-03,5.068168184299701124e+02,4.576850196083719879e+01,7.883355724005937759e+00,5.244870998217409408e+01
4.550000000000003347e-02,1.825705949478399504e+01,1.230008266130736797e-04,8.635599001263835062e-01,5.637341659458138921e+00,-1.392840222875492374e-04,-1.864158693282823354e+00,2.321859779666925760e+01,1.250078728911698522e-01,1.350655681814927220e+02,-2.649839171463628639e-03,5.064244505085055721e+02,6.281559875178651708e+01,3.659266749140978447e+01,3.765490422958045258e+01
5.050000000000003791e-02,1.828518555456818007e+01,6.469191429026283741e-05,8.541760054758630316e-01,5.504854094171102830e+00,-1.837829539732071735e-02,-1.860425548928061223e+00,-1.537015211454435985e+03,-4.374928111509377260e+01,5.375852827731249590e+02,-4.961087668051776100e-04,5.062834868768359229e+02,1.968193636685844012e+03,4.875135177561087119e+01,1.494354714554999362e+02
5.550000000000004236e-02,1.831166075047988073e+01,1.256881845300448564e-04,8.457333191317130128e-01,4.493214687397791174e+00,3.181268357695880150e-02,-1.228269598678205066e+00,-6.509538189444555428e+03,-7.466271288114994320e+01,3.237037444377862812e+03,-1.754900366319676625e-03,3.891502669992277106e+02,7.461237682243235213e+03,9.388607865543272055e+02,9.739163850337899930e+02
6.050000000000004680e-02,1.833394971516970529e+01,2.356665139552510690e-04,8.406625302037370462e-01,4.481839399763138942e+00,1.292105530212898749e-02,-8.892216878815043524e-01,1.344847898888668283e+02,-2.459921874141207387e-01,8.205746134861267365e+02,-1.992967157721691179e-03,3.630555763230282196e+02,3.478927469021604111e+02,1.931539641026358254e+02,2.896783298407070788e+02
6.550000000000004430e-02,1.835643412435744182e+01,2.916315322856683824e-04,8.365507628875421542e-01,4.504581630832737105e+00,1.026832798478233624e-02,-7.812842686595139474e-01,7.737416196679653524e+01,-5.254936552325428778e-02,4.598954910737119803e+02,-1.049554370930985865e-03,3.627068788247746625e+02,2.629081968640794571e+02,6.520697565819311592e+01,1.378456093861138640e+02
7.050000000000004874e-02,1.837896629820586369e+01,3.341886081197313488e-04,8.327109441374526133e-01,4.509634690455995631e+00,6.393935166507701620e-03,-7.741174035745921334e-01,1.491894987128923056e+01,-1.115755893169739776e-01,1.369994595370039860e+02,-1.402415452282528658e-03,3.623982770905542452e+02,1.010617455729700822e+02,1.835184473091130997e+01,1.824267600726711080e+01
7.550000000000005318e-02,1.840071704360346772e+01,3.296718239062038634e-04,8.289507768965519441e-01,4.385067646099084726e+00,4.049927639146549962e-03,-7.706369377210404714e-01,2.485680241589678818e+00,-1.007043412855678777e-01,2.750002994269841849e+01,-2.425335355668288041e-04,3.514844785413299633e+02,1.365614134105978117e+01,7.320081760950433392e+00,6.601534004202490813e+00
8.050000000000005762e-02,1.842275481142858240e+01,4.652774291265240805e-04,8.249900543619763660e-01,4.421470451018643111e+00,3.629397372282363449e-02,-8.101836236140090852e-01,3.477645178358609535e+00,-1.928149949996277590e-01,4.736008413083929725e+01,-2.895177824972432028e-04,3.510608318462201396e+02,1.769441328729396190e+01,7.637328643019021257e+00,2.209672422778094258e+01
8.550000000000006206e-02,1.844486738618319421e+01,5.166839919954632982e-04,8.208527483197853858e-01,4.409903732442936430e+00,2.843207181537436064e-03,-8.387519684458756286e-01,1.053502570352168544e+00,-8.383371298235488267e-02,1.420582347809877177e+01,-1.079140739453578364e-04,3.510031929544179548e+02,1.422726677015600671e+01,0.000000000000000000e+00,0.000000000000000000e+00
9.050000000000006650e-02,1.846684257601222257e+01,5.457116667064072519e-04,8.165824733458123541e-01,4.392283541832752825e+00,7.935578730379850773e-03,-8.685318527558707480e-01,4.074181700460140831e+00,-2.080866863869981487e-01,5.495938297905357928e+01,-5.285743616956135350e-04,3.509291894382369037e+02,1.493259761756715776e+01,1.793021541750720260e+01,2.217874072279669662e+01
9.550000000000007094e-02,1.848886362478818413e+01,5.961190011833317421e-04,8.121379703349316248e-01,4.417136357812879943e+00,1.114450231943547170e-02,-9.060981931160031477e-01,0.000000000000000000e+00,0.000000000000000000e+00,0.000000000000000000e+00,0.000000000000000000e+00,3.508847022451133171e+02,0.000000000000000000e+00,0.000000000000000000e+00,0.000000000000000000e+00
1.005000000000000754e-01,1.851076808788313954e+01,6.601554736457671902e-04,8.075431806588975192e-01,4.272183123270738569e+00,1.365189671533019629e-02,-9.153940920740148979e-01,1.244363335299528117e+01,1.143334760811642203e+00,1.519998076100681033e+02,-3.653828132806874029e-03,3.461540292856972201e+02,4.842894424870510584e+00,5.666748785331784433e+01,9.091109853416878650e+01
1.055000000000000798e-01,1.853242794421866435e+01,5.973212297470473914e-04,8.028220418654659074e-01,4.349473888894430651e+00,-5.480109564340998780e-03,-9.606296316577284111e-01,1.620757006414379475e+01,3.829008283070613472e-01,1.292584835245309023e+02,-2.968960035208163296e-03,3.458113122330399847e+02,5.383014497926652808e+01,3.168689675726569988e+01,4.481345972395813959e+01
1.105000000000000843e-01,1.855415044751839204e+01,7.052100263297444343e-04,7.979486663580562800e-01,4.333412078576046156e+00,2.993210090837556195e-02,-9.862813697942488522e-01,5.074715005996441874e+00,9.298847704624207955e-02,4.272700710401441881e+01,-6.906090939048322754e-04,3.452029369789957514e+02,3.694298596809107949e+01,0.000000000000000000e+00,6.139419860632908232e+00
1.155000000000000887e-01,1.857586799877743289e+01,8.243704868997538560e-04,7.929136873400307595e-01,4.351104178780633269e+00,1.928741686347479681e-02,-1.023392104700637351e+00,3.142293609346590078e+00,-4.379686619016868732e-01,5.408367942632200709e+01,-4.798643204934759272e-04,3.451141059946178302e+02,1.929949391131045289e+01,1.146693077133627625e+01,2.334161331230961167e+01
1.205000000000000931e-01,1.859769468068462217e+01,9.747886726053096428e-04,7.882235067642335835e-01,4.374962269162359085e+00,1.922664301811676316e-02,-7.978119259079154979e-01,-2.205620358034310513e+01,2.086681398706048185e+01,1.748026086199420206e+03,-4.831228649507489370e-04,3.436248905204151924e+02,2.237763203915142753e+02,6.610921059165650604e+02,8.768734443748954845e+02
1.255000000000000837e-01,1.861916305704046337e+01,1.042957545315751060e-03,7.848004548199131181e-01,4.293677922636256028e+00,1.205800617228460631e-02,-6.296598218899434052e-01,6.858101170934088486e+01,8.267973370534653643e-01,5.535466919106650039e+02,-1.446651153792098167e-03,3.337655331571729675e+02,2.266094316329013623e+02,2.026090827713417184e+02,1.282720536046339248e+02
1.305000000000000882e-01,1.864064916638647418e+01,1.109405585788632168e-03,7.815684029043598047e-01,4.292891486282090163e+00,1.453803401389876758e-02,-6.588425491237279719e-01,1.193789816189215713e+01,4.338107653123662866e-01,8.590187447682315280e+01,-9.632789149980071873e-04,3.336526847122910908e+02,6.192706512296173571e+01,4.763879600475246612e+00,2.014422739961532471e+01
1.355000000000000926e-01,1.866211793903395844e+01,1.180496508780215503e-03,7.781888435680870408e-01,4.301042852237369374e+00,1.300247436476078579e-02,-6.911532289698336662e-01,2.112098432666385861e+00,-4.607761740932046490e-01,5.263733059844630446e+01,-4.218552542799051345e-04,3.335848871471430925e+02,3.366579232813891309e+01,1.076454401264213701e+01,8.184929743465493956e+00
1.405000000000000970e-01,1.868370246339962293e+01,1.200864592329839529e-03,7.746313182644701811e-01,4.321464678416306882e+00,1.086591113580462342e-02,-7.268128203248992447e-01,6.910535451917720451e+00,6.618016727688698086e-01,4.013596294622617933e+01,-4.037276392616199767e-04,3.335251144219495245e+02,3.722478951139667913e+01,0.000000000000000000e+00,3.454796276245699627e+00
1.455000000000001015e-01,1.870511140845085762e+01,1.299207944034761310e-03,7.709368912756280334e-01,4.122522969220450584e+00,5.296504179853661620e-02,-7.291919532763652123e-01,-1.799420840659858641e+03,1.701391293179753106e+01,2.531229912357638057e+02,-4.287806917019217848e-04,3.331945677409016753e+02,1.873789888413000654e+03,0.000000000000000000e+00,1.101448540662752009e+02
1.505000000000001059e-01,1.872633757864923965e+01,1.349374641412207391e-03,7.671102304424192164e-01,4.289468921918906830e+00,-8.677513780627794590e-03,-7.857743619607369112e-01,5.630409933681876922e+00,4.067215399994861258e-01,3.069638599180835214e+01,-3.729028852443466192e-04,3.291940522353744427e+02,2.771184587318834502e+01,3.458590707099349792e+00,0.000000000000000000e+00
1.555000000000001104e-01,1.874774170410351104e+01,1.426510598658679678e-03,7.631188176174885651e-01,4.271276386617653742e+00,7.570852242907853691e-02,-7.962167912428605998e-01,4.228112746431802549e+01,-2.540220660135059205e+00,3.978225066365694147e+02,-6.258482650213755341e-04,3.289938200322336002e+02,3.495431791872209146e+02,0.000000000000000000e+00,5.038326378453436405e+01
1.605000000000001148e-01,1.876916623538986428e+01,1.683833749232108894e-03,7.597495841742551992e-01,4.294626659554441339e+00,2.875062670611397073e-02,-6.009448040567203497e-01,6.230900295378320664e+01,2.487765265443332652e+00,6.240068141647846005e+02,-5.722085406053090476e-04,3.279027790147640076e+02,2.332668475160080277e+02,2.646888264362067957e+02,1.286490587767578688e+02
1.655000000000001192e-01,1.879055393793392525e+01,1.705797178098595332e-03,7.566983278900519805e-01,4.272671823639748290e+00,-2.810290984632451625e-02,-6.187203662223612621e-01,7.500823225281726181e+00,8.113640848543994810e-01,7.530545083336673429e+01,-6.347255152814915667e-04,3.276050795374283666e+02,1.546184157017235705e+01,2.510019167393869566e+01,3.511045968514102356e+01
1.705000000000001237e-01,1.881145515035364468e+01,1.692634068579503990e-03,7.536676830914096348e-01,4.201581797343129310e+00,2.578117824268729569e-02,-6.028149925511808727e-01,-1.517521862244607860e+02,-6.825976544228190335e+00,2.188859810655446836e+02,-5.764103309494517276e-04,3.166730888401152697e+02,1.006857486445650693e+03,2.526011750090289354e+02,7.883686981076417055e+01
1.755000000000001281e-01,1.883244851115146190e+01,1.803041000549830165e-03,7.506058809400998344e-01,4.175720766439796172e+00,1.985262741901949388e-02,-6.196451257730758444e-01,1.347817994434835320e+01,1.644277173279577786e+00,1.000644517219979548e+02,-7.604311753934471594e-04,3.161872134010675381e+02,7.487860456218790262e+01,8.486108169608378660e+00,1.754746079639520673e+01
1.805000000000001326e-01,1.885316517154684135e+01,1.911929081259834944e-03,7.474793983623657656e-01,4.128125253571284681e+00,3.768752361742433443e-02,-6.245799346448368539e-01,4.333731470585634327e+01,-6.242214705746319536e-01,4.860621017706218936e+02,-7.703109942721656465e-04,3.160209317434010927e+02,2.266868810147938120e+02,1.745073793969868916e+02,8.656283382640785362e+01
1.855000000000001370e-01,1.887397154960644130e+01,2.074320926869252513e-03,7.443748901134155105e-01,4.187840870631108103e+00,2.783796504932623678e-02,-6.343182236091119419e-01,2.979673596938948954e+00,-7.782345346201115233e-02,9.291143302383939329e+01,-5.890525908852288321e-04,3.157726643927254599e+02,4.443238171539502446e+01,3.668196612577283844e+01,1.178221804565660591e+01
1.905000000000001414e-01,1.889494502876285864e+01,2.168404396824134394e-03,7.416533011272330445e-01,4.181583475800760397e+00,9.956561527076001825e-03,-5.052744108322718697e-01,1.152142043636533408e+01,1.059301423397396080e+00,1.004513972735121428e+02,-5.967765855896395299e-04,3.150335201844037556e+02,6.676794232544293095e+01,3.082771430681560343e+00,3.117260941576911648e+01
1.955000000000001459e-01,1.891538558835507544e+01,2.198538617177503863e-03,7.390959671401519104e-01,4.132990598737345422e+00,-6.184150881051546193e-03,-5.285918949333169303e-01,1.649495670777338496e+00,7.782113791706989081e-02,1.006972800635290213e+02,-4.664014030784770313e-04,3.095353088353822386e+02,3.613678432931031637e+01,3.246232318349409951e+01,3.203802488429511897e+01
2.005000000000001503e-01,1.893613024567813596e+01,2.309971980602124747e-03,7.363914290137477670e-01,4.135367507124398934e+00,6.653340846650170060e-02,-5.477540888646662554e-01,9.147901069777947924e+00,7.925128925566724547e-01,8.258899413521470478e+01,-3.409791516078761447e-04,3.094075446611264510e+02,5.194695608171461743e+01,1.337477182393173869e-01,3.105950080957015302e+01
2.055000000000001548e-01,1.895668541831388154e+01,2.584494057474131471e-03,7.337649752515859047e-01,4.112117458626219246e+00,3.962732794072088699e-02,-4.660753478323912402e-01,4.352371996139443411e+01,-1.161291664466330698e+00,7.133564690580241177e+02,-6.550210517795847318e-04,3.089231481072686165e+02,7.000361150503750878e+02,0.000000000000000000e+00,1.400834420774047828e+01
2.105000000000001592e-01,1.897734934933169626e+01,2.560159513602595135e-03,7.314640188725199943e-01,4.143112995444215407e+00,-8.694978152134831551e-03,-4.722361731100104820e-01,7.052228486992825118e+00,5.962590897952884106e-01,5.312164299933956357e+01,-6.675156414259733519e-04,3.086797594383032219e+02,3.503236794679752109e+01,2.826600599554774274e+00,1.566704046402032446e+01
2.155000000000001636e-01,1.899799381979261881e+01,2.681399283807649365e-03,7.290301850012945728e-01,4.117227200576996538e+00,3.961957878896225221e-02,-4.992067944667945567e-01,-2.680233861350971747e+00,3.428998560301393939e-01,1.055611654883572612e+02,-5.599397096832782559e-04,3.085639378248630464e+02,2.236439602292877282e+01,6.147451232600286630e+01,2.163437309265218644e+01
2.205000000000001681e-01,1.901830708537249848e+01,2.739768334182481231e-03,7.264740799838552698e-01,4.115295292468683641e+00,-2.741062167189815824e-02,-5.307390893853789482e-01,2.923068401816207196e+00,3.186885209663179452e-01,1.028337317562202884e+02,-6.605323077811238539e-04,3.045480997120058646e+02,6.202410045181159859e+01,3.336930969126643731e+01,7.589108969876221522e+00
2.255000000000001725e-01,1.903895079137209834e+01,2.695685207683510328e-03,7.240026004089663569e-01,4.123090653602107025e+00,9.128712859892501585e-03,-4.171427270911404750e-01,4.710941675903071513e+01,2.561474110287491168e+00,8.078776711043595924e+02,-7.294153899195783639e-04,3.038656649771607476e+02,6.087487511266142519e+02,1.005926089340712792e+02,9.920281620020821833e+01
2.305000000000001770e-01,1.905939795159368799e+01,3.026308169895750803e-03,7.221122109138730094e-01,4.074623608300134592e+00,6.152926725061597796e-02,-3.813876388393712680e-01,-1.112229807190286301e+00,7.463874944709638193e+00,6.289111712377220442e+01,-7.670873672847658160e-04,3.035301439033198108e+02,4.129533712740408191e+01,8.804579488946492560e+00,2.024722959562474500e+01
2.355000000000001814e-01,1.907985651399972937e+01,3.258385812779674220e-03,7.201163605750519059e-01,4.105381722678635548e+00,3.679868594016617173e-02,-4.145676842787746064e-01,3.903125064733889538e+00,6.403590619385248761e-01,9.912230705034960465e+01,-4.926612344618105672e-04,3.034364618721865554e+02,9.076505251722441869e+01,0.000000000000000000e+00,8.599553031078391641e+00
2.405000000000001859e-01,1.910036298523314358e+01,3.393748678736840420e-03,7.179651420873127687e-01,4.091002879682688054e+00,2.552778980178896026e-02,-4.421660168794652179e-01,7.800789360245637738e+00,6.516644567188585313e-01,6.387183672800666301e+01,-2.388261147044075730e-04,3.033153898814611011e+02,3.059354250719031398e+01,1.807988210819303276e+01,1.559204034556927176e+01
2.455000000000001903e-01,1.912082087319913271e+01,3.367913574031266687e-03,7.156739832301622917e-01,4.110267670138906482e+00,-1.696230521063556151e-02,-4.719417345274168341e-01,2.126538456012244893e+00,-4.548721320933339030e+00,1.188739087075885550e+02,-8.999837908999200244e-04,3.031968677285110516e+02,6.856156229711649530e+01,1.033519759905558288e+01,4.047642786793124969e+01
2.505000000000001670e-01,1.914138622760511765e+01,3.415201534173305936e-03,7.138319877081981124e-01,4.105927762236983192e+00,4.857725238989493710e-02,-3.201513254848184498e-01,1.500109468728388684e+01,1.325774920183021122e+00,4.024965750932253741e+02,-6.715939082109715491e-04,3.023335222863060494e+02,3.290318452247054779e+02,1.464253797695098847e+01,5.899799685038263419e+01
2.555000000000001714e-01,1.916189876780293133e+01,3.694027242761404196e-03,7.121971548806396157e-01,4.105297358495614723e+00,5.077426928831321740e-02,-3.393245685020698788e-01,-5.754721498343049468e-01,3.048117220377667691e-02,1.474804737676699240e+01,-4.765394322019111950e-05,3.022531378271171434e+02,9.253010811385617984e+00,0.000000000000000000e+00,5.487721425998552505e+00
2.605000000000001759e-01,1.918243989029276619e+01,3.872569086204976068e-03,7.104100683258475213e-01,4.109882750677241958e+00,3.145950506551265652e-02,-3.726827402591033622e-01,2.740548434399298294e+00,6.731216291205521784e-01,9.451800178537646957e+01,-6.337385920034896425e-04,3.021523303168723942e+02,6.414108026469797608e+01,1.385087682311102952e+01,1.667696212249069987e+01
2.655000000000001803e-01,1.920298005064496749e+01,4.015893220337601877e-03,7.084632085080210251e-01,4.106039424494971612e+00,2.673108043657261568e-02,-4.023597983337937611e-01,2.925005966822164183e+00,4.894687515094593988e-01,1.150936216409939448e+02,-2.493759592389500207e-04,3.019843120459178181e+02,2.853809216028113838e+01,2.890158653460694893e+01,5.791723249173446675e+01
2.705000000000001847e-01,1.922356942850879946e+01,3.928390185622977412e-03,7.065711633639293332e-01,4.120689739623811576e+00,-2.860405901836203524e-02,-3.079178129770606120e-01,2.122369546232357251e+01,5.333911803712094724e+00,8.985698401002077844e+02,-4.430047075024102707e-04,3.014069711906259954e+02,4.850046226557732325e+02,2.041094341103735132e+02,2.089005191180536087e+02
2.755000000000001892e-01,1.924410207861676625e+01,4.131687133217798978e-03,7.052120309146869825e-01,4.096317219051144320e+00,6.079585255860238402e-02,-2.656077934728908185e-01,2.638491020730326042e+00,7.308433738842209371e-01,1.336046899528157041e+02,-4.902750949501624017e-04,3.009562326025272796e+02,7.522213920353978267e+01,2.240861991829526190e+01,3.614753023369465978e+01
2.805000000000001936e-01,1.926467490036807817e+01,4.348858397268052373e-03,7.037997659932163641e-01,4.116824557200922108e+00,4.415139959206434983e-02,-2.948508789015723552e-01,1.432337032413700362e+00,2.415259902724495866e-01,3.044989402449407123e+01,-8.514837753632919018e-05,3.009089837885745737e+02,2.040513545188370870e+01,1.947405854419617333e+00,8.184482300419862355e+00
2.855000000000001981e-01,1.928525919284475876e+01,4.558924216051228780e-03,7.022394269210655571e-01,4.125173396702654927e+00,3.362449449382201583e-02,-3.253728357478792299e-01,1.438434360929551126e+00,-9.778572881460528166e+00,1.296206565869068186e+02,-6.052980919587578734e-04,3.007841860943924530e+02,1.288305029466818041e+02,4.928591016328313756e+00,6.715547936347497249e+00
2.905000000000002025e-01,1.930550397590642930e+01,4.399029968077383494e-03,7.006281905128252108e-01,4.059379281726138267e+00,-8.266132533543875394e-02,-3.234659848247020131e-01,-4.801271950442839511e+02,2.496817691472322309e+01,2.905667400007572496e+02,-1.690086169384575742e-04,2.945883641205357435e+02,5.269261193595567420e+03,1.155648022505217568e+03,6.066923264375934650e+02
2.955000000000002069e-01,1.932571771067954458e+01,4.525770836669825575e-03,6.992466515731693422e-01,4.019867339383361937e+00,8.882047011939223080e-02,-2.247978880381254208e-01,6.652229942180278854e+00,3.119800473817047504e+00,7.841955778541964719e+02,-7.146927519739089841e-04,2.930101338912284064e+02,2.376080197966198853e+02,1.626787369085647867e+02,3.832931887539585318e+02
3.005000000000002114e-01,1.934581031341811652e+01,4.819128809178531252e-03,6.983819884032923531e-01,4.022364062581330835e+00,2.719526967532539391e-02,-1.443557949969783705e-01,1.596821623299028881e+00,1.275562479968074703e+00,1.664009681028461216e+02,-1.232243823331714058e-03,2.925160363739511240e+02,1.250508558331541025e+02,2.883952810296407421e+01,1.261115589179537899e+01
3.055000000000002158e-01,1.936595988751130548e+01,4.833973343593206927e-03,6.975807897819173986e-01,4.035202797362900995e+00,9.851033330973099113e-04,-1.743087365759863061e-01,1.165417277622168069e+00,7.371467494364379647e+00,8.351832546879755625e+01,-5.413690147947115578e-04,2.924541875669634692e+02,3.146343994457219395e+01,3.400995355594814384e+01,1.937450658963544825e+01
3.105000000000002203e-01,1.938610871799464519e+01,4.921033923853439067e-03,6.966262679187614770e-01,4.018239055100348622e+00,5.136974998013321692e-02,-2.039033182786469667e-01,2.605134075421438489e+00,3.980106275181394260e-01,5.966476754131124949e+01,-4.088816147365473015e-04,2.923882432385450443e+02,4.691389941230791294e+01,0.000000000000000000e+00,1.284627542143454271e+01
3.155000000000002247e-01,1.940619301959810272e+01,5.027380483104285439e-03,6.955179534971124289e-01,4.033634644644763512e+00,-4.386908549206944979e-02,-2.374875446853834948e-01,-2.388030338357989724e+00,1.492266910932879664e+00,8.130768439236753409e+01,-6.395500123250691480e-04,2.922193834095878628e+02,1.852468501635317466e+01,2.731933266051834153e+01,3.565193285032710691e+01
3.205000000000002292e-01,1.942641617931848685e+01,4.803612660974114490e-03,6.942433884601125760e-01,4.041526021349122644e+00,-2.396021835926611179e-02,-2.679857697686266471e-01,3.757564240492825114e+00,-1.248226067306035525e-01,5.648098919948158425e+01,-1.039893539404694155e-03,2.921267768998419001e+02,4.224505102044624749e+01,1.432522909422394441e+01,0.000000000000000000e+00
3.255000000000002336e-01,1.944652412733247360e+01,5.060524439240764692e-03,6.928955701961242442e-01,4.017264466162968617e+00,9.636115614295721887e-02,-2.304269863630143689e-01,-1.133609198771237558e+01,6.230763104711543043e+00,1.082878490083126508e+03,-6.710316390477692305e-04,2.918105394618606852e+02,6.282822411534863249e+02,1.792062553458716536e+02,2.745557367631796524e+02
3.305000000000002380e-01,1.946663909639658741e+01,5.356942512973346046e-03,6.922000722788190785e-01,4.030197307440924526e+00,1.016210811503932311e-02,-1.024415069346778645e-01,-8.410631643983659256e-01,-2.902887509315753012e-01,1.486475755450331917e+02,-3.129724319036139048e-04,2.910227187667490512e+02,1.070366701772199320e+02,3.367874893533716829e+01,8.119749535528420381e+00
3.355000000000002425e-01,1.948677576711514448e+01,5.450145843196135299e-03,6.916185609986201799e-01,4.013544859941845289e+00,5.249032196320534832e-02,-1.294866716945849983e-01,1.172171566488580119e+00,-1.697752926991141331e+00,6.941096760801605114e+01,-2.226168404899941423e-04,2.909406846369127493e+02,4.194938025160498540e+01,1.083793616733741594e+01,1.670352109509046556e+01
3.405000000000002469e-01,1.950671754764377042e+01,5.373844613687461108e-03,6.909130134092779096e-01,3.965980278285207827e+00,-9.361383468701242605e-02,-1.467973797619782361e-01,-2.183846893519044041e+00,7.073824169947536822e-01,1.092974357537196539e+02,-2.935030554630515490e-04,2.858677003983811460e+02,4.845133556192679691e+01,3.293023938199055323e+01,2.812268054971631770e+01
3.455000000000002514e-01,1.952655506111753070e+01,5.255160100822176168e-03,6.901066206222283839e-01,3.961833908357664580e+00,5.099606631122972217e-02,-1.704054896015647080e-01,-4.921742284895285202e+00,1.484010690914554786e-01,1.480521902140444013e+02,-7.195666019599884083e-04,2.857685741805777297e+02,5.488702360516344925e+01,4.618570772218695453e+01,4.711487980579954638e+01
3.505000000000002558e-01,1.954637147023126076e+01,5.730180030559600506e-03,6.894603896850899361e-01,3.964380563185860407e+00,8.523766957787322351e-02,-6.450352712212024942e-02,-1.765137012722778920e+01,4.447602832786052396e+00,7.153432900672182768e+02,-7.199482868315719344e-04,2.851944490261034275e+02,3.484238371824083629e+02,2.346324591630719851e+02,1.319343815202557266e+02
3.555000000000002602e-01,1.956613381581378874e+01,5.893677016134956162e-03,6.892120258830185531e-01,3.947492764783713248e+00,2.174892969324858025e-02,-5.805657729519685811e-02,3.120443425539127791e+00,6.286033420775064551e-01,5.490062332622630237e+01,-4.037010757147125109e-04,2.849537668422811976e+02,1.982380148905403416e+01,1.235752393902003199e+01,2.273808867298313530e+01
3.605000000000002647e-01,1.958583660036730478e+01,5.987602836443473367e-03,6.888392124973375941e-01,3.947541140039023677e+00,-1.448039431346800736e-02,-8.888606905790001622e-02,-2.661620113219796746e+00,3.299008589734673813e-01,5.390039975037785780e+01,-4.288901990327715144e-04,2.848901835635890620e+02,2.644471808985254668e+01,1.553748676856188027e+01,1.206063778957671673e+01
3.655000000000002691e-01,1.960562578631395780e+01,5.857962877910280475e-03,6.883031204372402900e-01,3.954627509605271207e+00,-8.490024298731411664e-03,-1.216735075819535411e-01,-3.904525579549764647e+00,8.309861853970180734e-01,1.379124270987672389e+02,-5.525579714716788871e-04,2.844038934854789318e+02,5.840410602154087627e+01,3.678417393011429226e+01,4.300958774736738377e+01
3.705000000000002736e-01,1.962541224836057907e+01,6.101405196563131073e-03,6.876705006018833943e-01,3.966740047559221161e+00,4.897362572075963233e-02,-9.281298456478909165e-02,-4.224456533358933541e+01,6.540316593714941895e+00,9.900588850656012028e+02,-6.415946234709292862e-04,2.841799408307413159e+02,6.203875684069186036e+02,2.054869079156183886e+02,1.640951121317193326e+02
3.755000000000002780e-01,1.964513953850934769e+01,6.258064981261605639e-03,6.873940518679740874e-01,3.928592490898120904e+00,1.996362297717376930e-02,-1.989096985772123224e-02,-2.978405283871923004e+01,5.488457989686731153e+00,7.788648818248962016e+02,-7.629963223099590474e-04,2.835918961462202788e+02,3.262398457920892270e+02,2.765662664901205972e+02,1.759869971983715971e+02
3.805000000000002824e-01,1.966477134947329830e+01,6.343824972901581857e-03,6.875215305691204648e-01,3.928207482118612148e+00,1.474089032976103573e-02,2.584869213238621261e-02,-2.926553211838005097e+00,6.039865544076337134e-01,8.756129657281421430e+01,-3.448600752755960879e-04,2.832677354410643602e+02,4.290133481812367222e+01,2.478131718328148025e+01,2.007579877375636457e+01
3.855000000000002869e-01,1.968440875031775761e+01,6.552650410539114997e-03,6.875681724662636718e-01,3.933352061229513197e+00,2.610989077832138322e-02,-5.401834568305146321e-03,-2.793471253005808119e+00,3.662279913708552104e-01,5.741631566589090596e+01,-6.394040393738827273e-04,2.832128363110136888e+02,2.694828465302131093e+01,1.619690692440606483e+01,1.443421306094269596e+01
3.905000000000002913e-01,1.970409544872762098e+01,6.616522547215636200e-03,6.874462424725112930e-01,3.934947771800903826e+00,8.115676969504539637e-04,-3.935357898943733085e-02,-7.374363384119493325e+00,9.082242927561701151e-01,1.427723529416687995e+02,-5.382132757570305508e-04,2.827682911469964893e+02,4.722737052718954942e+01,3.747222578136762650e+01,5.848929274619018059e+01
3.955000000000002958e-01,1.972378289040255694e+01,6.672068808039562093e-03,6.871738468776524833e-01,3.931820524222512603e+00,3.459988236171909065e-02,-6.718942985140631541e-02,-8.442047103068411884e-01,2.614696492064946254e-01,3.464633077914930226e+01,-2.003664556736565756e-04,2.827298035339998705e+02,1.768840836963312313e+01,8.620220643222166856e+00,8.392005323664967875e+00
4.005000000000003002e-01,1.974341726727898205e+01,6.879364816843685365e-03,6.869977006967435962e-01,3.923640526925056271e+00,4.116020457447601422e-02,3.715809457824027079e-02,-4.841349122775536529e+01,9.223063674669091938e+00,8.418399838209292056e+02,-9.503130876486038086e-04,2.820838139624502787e+02,5.181767345382087342e+02,1.749020013124935815e+02,1.494570605219201411e+02
4.055000000000003046e-01,1.976301142405804612e+01,7.052717124968605790e-03,6.873741944917100000e-01,3.911690085583185095e+00,2.254705397390700111e-02,7.107430969723549374e-02,-5.109665357744153980e+00,1.891686749914089360e-01,4.157856743548642697e+01,-6.301635491194443502e-04,2.817668927251395417e+02,3.615279786049595856e+01,0.000000000000000000e+00,5.685573696791236920e+00
4.105000000000003091e-01,1.978260274622375903e+01,7.099093004762175793e-03,6.876449681374215972e-01,3.917253751008644258e+00,2.938747101648831600e-02,3.991438932610135576e-02,6.715897508468727795e-01,4.679150702894137592e-01,4.272377915966680462e+01,-5.795798416886072547e-04,2.817078259342064257e+02,4.267481500438535136e+01,0.000000000000000000e+00,0.000000000000000000e+00
4.155000000000003135e-01,1.980203210107994849e+01,7.393598115237905513e-03,6.877519044675385329e-01,3.742855457182282297e+00,8.054361891617732583e-02,3.738926366304893591e-03,-1.728439878166006565e+03,5.283974130576047479e+00,1.136693583454635359e+01,-5.563772147338936873e-04,2.815641447820800067e+02,1.763691518861727218e+03,0.000000000000000000e+00,6.062431863798007914e-01
4.205000000000003180e-01,1.982137244097480888e+01,7.421238341712898569e-03,6.876957347579198965e-01,3.908924418802498302e+00,-1.059005388198695601e-02,-2.282224568146140609e-02,-8.466940887787357539e+00,6.516681611276293751e-01,1.156511582804409386e+02,-6.515375100893969294e-04,2.781483575831197186e+02,4.894745353789233633e+01,4.466730349324718219e+01,2.244980439444999476e+01
4.255000000000003224e-01,1.984074699480260406e+01,7.131949183389935457e-03,6.878684462120094878e-01,3.812409482146038364e+00,6.262905456046244379e-02,6.713167158576535676e-02,-2.206091888898042974e+00,3.379225869131461946e-01,6.088060923439415717e+01,-1.162033975647892587e-03,2.747729740441818649e+02,3.101855157976718047e+01,1.160160477671442081e+01,1.836629024580215841e+01
4.305000000000003268e-01,1.985966756146046563e+01,7.354913447669056588e-03,6.882665436559365357e-01,3.781282756335530681e+00,1.235099784809624499e-02,1.302452346358983215e-01,-4.906966700293798311e+01,5.729003920661515536e+00,6.469947306320400457e+02,-1.130284795487576047e-03,2.743696626876240430e+02,2.381866621408964022e+02,2.748868823714837504e+02,1.351793696403707088e+02
4.355000000000003313e-01,1.987864409661887777e+01,7.223071875154382301e-03,6.890163317570746626e-01,3.812007368513947281e+00,-4.312345105786421356e-02,1.422732454513647993e-01,-5.882828992046818861e+00,7.474318301626178274e-01,9.640187294104698879e+01,-5.753098104909601298e-04,2.741555006688342360e+02,3.720537931779693963e+01,3.973931182399815754e+01,1.976414390000147137e+01
4.405000000000003357e-01,1.989771270854596708e+01,7.068609344626082883e-03,6.896544472836283468e-01,3.796517494951651361e+00,1.174455693279107156e-02,1.146897136170363235e-01,-1.484439031835957490e+00,2.745611022253241496e-01,5.850998248051012496e+01,-1.387549334364395186e-04,2.740821821070614988e+02,4.649204258098611575e+01,0.000000000000000000e+00,1.206340866684091395e+01
4.455000000000003402e-01,1.991667970687518974e+01,6.861330146757669939e-03,6.901353265598013653e-01,3.810127541729471545e+00,-7.489923013862784251e-02,8.120418543679060186e-02,-7.410980122047989838e+00,7.219824172984905530e-01,8.029052076125191206e+01,-7.413506742971790690e-04,2.735706616293787192e+02,3.139980898057938319e+01,2.404427638040396431e+01,2.527208743026758953e+01
4.505000000000003446e-01,1.993576198031492552e+01,6.590779302438130698e-03,6.904745286001340299e-01,3.808724314106654685e+00,2.362659367891800817e-03,6.646566122343422478e-02,-3.205246612185405297e+01,1.474135491971001688e+00,3.682391961288142284e+02,-9.047153511383650756e-04,2.734144123354406020e+02,3.117611100808067590e+02,0.000000000000000000e+00,5.768822666124322041e+01
4.555000000000003491e-01,1.995468554900866209e+01,6.708172362226261232e-03,6.910446874394884365e-01,3.770793817293603301e+00,4.208619249725704774e-03,1.731284778275929692e-01,-5.932804689677826104e+01,1.160118175324214906e+00,6.500923920567310006e+02,-2.915145524716473025e-04,2.728627558617172895e+02,5.166500457812942386e+02,7.889087325356271663e+01,5.650306290807367304e+01
4.605000000000003535e-01,1.997355448242064924e+01,6.483636818320797496e-03,6.920223128726760153e-01,3.774632764705793342e+00,-6.151837682275623775e-02,1.857484748378639694e-01,-5.109525616593022512e+00,5.313500755757094574e-01,6.854396974142863996e+01,-5.946043534870301076e-04,2.726216266166051128e+02,2.582437847386190555e+01,2.953956713375677978e+01,1.346211337434197830e+01
4.655000000000003579e-01,1.999240722824081473e+01,6.246698218174069270e-03,6.928591637106465972e-01,3.766654040097558109e+00,-2.131060551468256722e-02,1.531800413180070264e-01,-6.547471033349782310e+00,5.937128521743615384e-01,7.721448335351729497e+01,-6.414189470008355414e-04,2.725207575408826415e+02,5.529697847294220026e+01,5.961516678322210439e+00,1.623940604842985636e+01
4.705000000000003624e-01,2.001125222439430473e+01,6.164355144137442268e-03,6.935450711404217428e-01,3.786021347360451372e+00,-2.417092094418205744e-02,1.265297541115492641e-01,-1.273293687780387629e+01,9.540017000314029438e-01,1.016212937374717740e+02,-1.530981235972662686e-04,2.723863084339229204e+02,2.927947582067371712e+01,3.606375772853181161e+01,3.707057615310101539e+01
4.755000000000003668e-01,2.003015918482885382e+01,6.180629857317852111e-03,6.941143617858277493e-01,3.762717159398131894e+00,1.644172087600112922e-02,1.223238143124084909e-01,-1.014658241638565102e+02,9.302489083403958858e+00,1.028756997034629194e+03,-3.966063057909828982e-04,2.722936327745171639e+02,6.379734857805848378e+02,2.165031234367751836e+02,1.782530675851680826e+02
4.805000000000003713e-01,2.004891456009820772e+01,6.154895833443352164e-03,6.951534358768872712e-01,3.750740141090769697e+00,-3.707628511191150139e-02,2.441819743275269183e-01,-1.893898928500077261e+01,2.398720030015900395e+00,2.043907968351161912e+02,-1.998768736411280639e-04,2.715799030883895284e+02,1.386589006532983035e+02,3.247440201890564992e+01,3.409372094589139834e+01
4.855000000000003757e-01,2.006765960123003012e+01,5.934837693650879889e-03,6.962970751890082965e-01,3.741518697295756812e+00,-4.122047560408736294e-02,2.134623784749832276e-01,-6.494269618510269737e+00,5.380916527557488838e-01,7.113922340401762767e+01,-4.964329179628016852e-04,2.715047682766278854e+02,3.779056305028919382e+01,1.933464336575710973e+01,1.438871357230525483e+01
4.905000000000003801e-01,2.008637258338920972e+01,5.768999212032937564e-03,6.972725649862328012e-01,3.749790863315572764e+00,-2.591451603283867478e-02,1.819367142681437566e-01,-1.262354378705243718e+01,5.135747705601817481e-01,1.151933791358274846e+02,-4.106590977561198896e-04,2.714064081179810728e+02,6.722049974616032841e+01,1.905468998257605051e+01,2.965260679608785210e+01
4.955000000000003846e-01,2.010511528423377570e+01,5.699174605456562917e-03,6.981073151624781481e-01,3.745427693649459933e+00,-1.501790791931529104e-02,1.536421991347838301e-01,-5.918993655830061762e+00,3.603718430623010227e-01,4.696377406242643104e+01,-1.387911742203437517e-04,2.713527618935466990e+02,6.950524522681069683e+00,2.075847511360798947e+01,1.963366424722867976e+01
5.005000000000002780e-01,2.012384586455035063e+01,5.701898602684283938e-03,6.990968000803903237e-01,3.734640490175685112e+00,-6.888751159330973144e-03,2.661669116243068900e-01,-7.901064921228234539e+01,-1.317887922894110631e+01,6.915990588537351869e+02,-8.305556731329020309e-04,2.706930274262051626e+02,1.412348086983080862e+02,2.223334993139043547e+02,3.430051279171331089e+02
5.054999999999997273e-01,2.014242284251626813e+01,5.594980241138125358e-03,7.003739875289539674e-01,3.711733266301372680e+00,-3.775132551533705999e-02,2.553529412147630961e-01,-9.953938530163469522e+00,7.352157831740818716e-01,9.597825566709099121e+01,-5.614048813772159422e-04,2.704958023996678094e+02,4.807855718606142403e+01,2.986640912645187385e+01,1.863210915686529034e+01
5.104999999999991767e-01,2.016100588341461375e+01,5.390080667101617221e-03,7.015829807200593127e-01,3.719171652386227045e+00,-5.308310586671353970e-02,2.302393043334406142e-01,-1.064605093224893828e+01,4.851664851135094603e-01,7.570488204125439324e+01,-3.310276184755832612e-04,2.704360597571555900e+02,3.241421622591839480e+01,2.481756535768031924e+01,1.918823368990291200e+01
5.154999999999986260e-01,2.017961644653763997e+01,5.288797244461155775e-03,7.026835122125295596e-01,3.709122050940373061e+00,-7.254036431432383039e-03,2.085107360908298180e-01,-1.206313659935850424e+01,6.184197246799258973e-01,1.065929349187914568e+02,-5.680541601949307996e-04,2.703056967714709344e+02,8.492786223595292938e+01,0.000000000000000000e+00,2.237034294678999657e+01
5.204999999999980753e-01,2.019815077445441531e+01,5.264979971060167532e-03,7.038025404198688939e-01,3.723554985041662047e+00,-6.216209095208995172e-02,2.290171403513581172e-01,-5.766092810039054228e+01,5.842104838113379550e+00,2.622549548632197798e+02,-2.151019598100323282e-04,2.700488492828574181e+02,1.175358173848235737e+02,2.225414202441040601e+01,1.311060843178235871e+02
5.254999999999975246e-01,2.021664059759270060e+01,5.029872207166846514e-03,7.051994973456675586e-01,3.674729175668008718e+00,1.458585538981599025e-02,2.887885029617701660e-01,-2.810714035425592172e+01,6.909786521862647524e-01,2.159026923950266621e+02,-2.860793560265542223e-04,2.695519936722273542e+02,1.821075350203826417e+02,0.000000000000000000e+00,3.553113548812793709e+01
5.304999999999969740e-01,2.023504071268557780e+01,5.014119087222207796e-03,7.067836039591203212e-01,3.691816073680849630e+00,-1.351024204062173904e-02,3.093407701872014637e-01,-5.968610477946287851e+00,5.393093111153220987e-01,6.551523865790171897e+01,-8.029058266153556167e-05,2.693230758904174991e+02,2.311872935009698793e+01,1.501655657909616792e+01,2.762732305167887148e+01
5.354999999999964233e-01,2.025345259030514811e+01,4.934122618593590401e-03,7.082470224308337059e-01,3.683467764002565481e+00,-2.409985401037324088e-02,2.791675433660400496e-01,-1.245017675992865591e+01,8.875491816712671733e-01,1.013842924961223559e+02,-3.988748391337264970e-04,2.692470262861053811e+02,6.314958478674222420e+01,2.593705804135652926e+01,1.309496711897672583e+01
5.404999999999958726e-01,2.027185455590198160e+01,4.751129060399699768e-03,7.095607610200000970e-01,3.682273035465790212e+00,-6.563318752483060514e-02,2.501182648090712335e-01,-8.470698543639567646e+00,5.996105819059298625e-01,4.843870274452972779e+01,-2.386344052665726259e-04,2.691668533557772207e+02,4.568640946276526194e+01,0.000000000000000000e+00,3.437318190938214890e+00
5.454999999999953220e-01,2.029023000623071837e+01,4.650391962022199129e-03,7.109241998286077724e-01,3.665885106036222307e+00,7.889621521860236755e-03,3.227799640421765148e-01,-8.506425368081879412e+01,6.581537061452586990e+00,6.591869849978218099e+02,-6.116046702146244341e-04,2.687748283929281570e+02,3.365163886407538030e+02,1.712748772333203533e+02,1.561481603802646703e+02
5.504999999999947713e-01,2.030840015182374714e+01,4.431447900102479347e-03,7.124556013490978001e-01,3.602139218982196134e+00,-9.032317019190824747e-02,2.967898067406680163e-01,-2.016799703428062784e+01,1.155164603608139107e+00,1.485762492449711658e+02,-1.296859223933455579e-04,2.648588002103967938e+02,4.700566204164553596e+01,6.567338168371176721e+01,3.735114405770244872e+01
5.554999999999942206e-01,2.032637966466281298e+01,4.445631067177251844e-03,7.141284840785814270e-01,3.584610449773900864e+00,3.102475384055579377e-02,3.335568315479024437e-01,-4.828772709541611086e+00,1.820327660580418894e-01,3.121701925860047666e+01,-5.399582677829803563e-04,2.645740051850021359e+02,5.935016997570230046e+00,5.103690052751087336e+00,2.056913804963118508e+01
5.604999999999936700e-01,2.034435793127811465e+01,4.431479114717000109e-03,7.157433505331596280e-01,3.597746801213217882e+00,-4.447335596795597146e-02,3.223112358064984528e-01,-3.658462558458794689e+01,3.433426307257984700e+00,2.644042444967052461e+02,-1.069693620637109229e-03,2.644002245359325798e+02,1.627718298145176448e+02,1.040479990370393324e+02,0.000000000000000000e+00
5.654999999999931193e-01,2.036225244536805334e+01,4.244057894213290084e-03,7.173081427352171469e-01,3.581345158567634357e+00,-3.411231534903116924e-02,3.102876252184432748e-01,-1.542652212329707950e+01,9.314845627304693121e-01,1.110189974993091511e+02,-1.497890080428671521e-04,2.642726486944497992e+02,7.111999311027830117e+01,2.106820454591235503e+01,1.993067287975947721e+01
5.704999999999925686e-01,2.038009607800239920e+01,4.152525643947474129e-03,7.190438641620136018e-01,3.560772277443086331e+00,-8.849874935827508129e-03,3.394498540658162922e-01,-5.443381481707392666e+00,3.546957209849760373e-01,4.138299841446534799e+01,-2.783652423069328009e-04,2.640252257446977069e+02,2.112234570649309617e+01,9.954282011013976472e+00,1.069610341727734237e+01
5.754999999999920179e-01,2.039794296199611168e+01,4.077129065902505324e-03,7.206564688739880431e-01,3.567490721933138431e+00,-1.943886479269340065e-02,3.080129973152049283e-01,-1.866268313541375079e+01,1.096130667722381435e+00,1.089647586355398090e+02,-5.562520260430619395e-04,2.639174386244171160e+02,8.319988197476695291e+01,0.000000000000000000e+00,2.723757372798736753e+01
5.804999999999914673e-01,2.041560070252544179e+01,3.937681094354378644e-03,7.222579779282402024e-01,3.500866598276866526e+00,1.401062801625092835e-02,3.365237822802271128e-01,-1.294505404312216790e+01,4.871069236374055977e-01,9.240272827670132472e+01,-2.551714022923990462e-04,2.598607486521233341e+02,9.323581777266754500e+01,0.000000000000000000e+00,0.000000000000000000e+00
5.854999999999909166e-01,2.043300977199972124e+01,4.000144576992856020e-03,7.241984492577711041e-01,3.482129172009430729e+00,-1.207740054959363651e-02,4.023132388502397849e-01,-1.518774515809975689e+01,7.786659225674237295e-01,1.028735646307092395e+02,-6.778829845004901225e-04,2.594606300986629890e+02,3.444885862202545468e+01,3.992817889671682963e+01,2.961875017949619249e+01
5.904999999999903659e-01,2.045038157920360433e+01,3.905379858190264133e-03,7.261225043470027618e-01,3.468496869523865378e+00,-1.765947742814011692e-02,3.694803988660860239e-01,-1.467058383064737370e+01,7.704734469879204184e-01,9.604589556413309026e+01,-8.224526722439323874e-04,2.593815414201362728e+02,3.086878749917904941e+01,2.792228400881973727e+01,3.840325576044554623e+01
5.954999999999898153e-01,2.046778344295302432e+01,3.735703521295071286e-03,7.278968289804186309e-01,3.488275118031572752e+00,-3.889517977889171696e-02,3.418250478190403285e-01,-1.169610793491466438e+01,5.807255464538383372e-01,7.368714647290434527e+01,-3.398303293526089373e-04,2.593354292849008971e+02,3.026313647099532389e+01,2.787853080728654831e+01,1.648608924582099888e+01
6.004999999999892646e-01,2.048517013881761883e+01,3.792214101052560765e-03,7.295112422133638308e-01,3.464173017882490324e+00,3.732452832875374216e-02,3.066329145544373080e-01,-1.454508636898085783e+01,1.013555494875340246e+00,9.478577173080860518e+01,-4.408615502910007752e-04,2.592658613963959624e+02,4.149725161348839464e+01,1.907830123641862130e+01,3.527817107805036301e+01
6.054999999999887139e-01,2.050206718730654387e+01,3.558515696445132409e-03,7.313260691103508071e-01,3.142984373573682433e+00,-1.803620690916437896e-01,4.568747132759785612e-01,-6.970880167538059879e+01,4.351212124742441567e+00,3.970500957088501082e+02,-3.944877246604761630e-04,2.396883604383768898e+02,2.908918920094993723e+02,6.429912497363689283e+01,4.747038230241269474e+01
6.104999999999881632e-01,2.051774215639636623e+01,3.300038369957183308e-03,7.336179688100537000e-01,3.137652473289520128e+00,3.273170567619779897e-02,4.451725801576572050e-01,-1.685875304030936217e+00,1.159906082569880925e-01,1.910536218887588689e+01,-1.532021955090415773e-03,2.393854297616954909e+02,1.001077859563584838e+01,9.145446639792700338e+00,0.000000000000000000e+00
6.154999999999876126e-01,2.053339177065145904e+01,3.463990041272433078e-03,7.357418833141592396e-01,3.117659403703816778e+00,2.014264847654627377e-02,4.069539684066133534e-01,-7.939855624244009036e+00,6.236452911077516870e-01,6.334943019384252239e+01,-1.755517688477380633e-03,2.393110299075075886e+02,1.114974248046795502e+01,2.888986716362707696e+01,2.379721862049482795e+01
6.204999999999870619e-01,2.054895287636766099e+01,3.503574694749260043e-03,7.376723495834311972e-01,3.115049380716174543e+00,-5.201192851945088359e-04,3.701946959147421334e-01,-1.316669213433234731e+01,7.093724625186699217e-01,7.705476428171559178e+01,-1.035997295235879020e-03,2.392491231042079960e+02,0.000000000000000000e+00,3.730658701636970420e+01,4.089602469519641659e+01
6.254999999999865112e-01,2.056457755065374116e+01,3.455832083850953352e-03,7.394323813901292342e-01,3.131414220867120513e+00,-1.844137363614076208e-02,3.369504350268724413e-01,-1.009331136369123350e+01,6.194396889161742914e-01,5.968173578523101952e+01,-6.541704378518452007e-04,2.392297030549200088e+02,3.010049683287009259e+01,1.357043923639677629e+01,1.688019626073304735e+01
6.304999999999859606e-01,2.058026139501959051e+01,3.213015553589028406e-03,7.410228679410384434e-01,3.135308325294642984e+00,-4.080773543733304254e-02,3.016248447848110525e-01,-2.718325096603814828e+00,2.418142928726595697e-01,2.497283654376031947e+01,-3.682971374740747275e-04,2.392066771336986619e+02,2.508822752690122115e+01,0.000000000000000000e+00,0.000000000000000000e+00
6.354999999999854099e-01,2.059585168780141373e+01,3.159287730574673447e-03,7.424178369857716842e-01,3.109573707311724000e+00,-6.336052209135055631e-03,2.614082402029849761e-01,-1.452895541075846708e+01,9.563479364155798024e-01,7.678122594919993560e+01,-4.018255075312465990e-04,2.391350742970397505e+02,5.432965204472640153e+01,4.716060079089187340e+00,1.903079214328304403e+01
6.404999999999848592e-01,2.061136536954190746e+01,3.158309278102216372e-03,7.437511102901062099e-01,3.065567519045557354e+00,1.640340723433611828e-02,3.337962795960213169e-01,-1.510442411251815429e+02,8.929371876182548462e+00,8.493474021795203726e+02,-3.955045559177125525e-04,2.350517873176721935e+02,2.189928004041023257e+02,3.112493035470612881e+02,3.314214785680786690e+02
6.454999999999843086e-01,2.062653523572993208e+01,3.178997381088276633e-03,7.457879582205448887e-01,3.012332073841098357e+00,-5.780231723205582484e-03,4.517940703567661087e-01,-8.233194698747877283e+01,4.599775480563511820e+00,4.709185879897608515e+02,-6.362480516769559655e-04,2.344709086964568883e+02,1.770159842298302806e+02,1.919870418733444239e+02,1.085539654530193587e+02
6.504999999999837579e-01,2.064145850767932444e+01,3.096926475590255391e-03,7.480297279928261878e-01,2.981565879139579156e+00,-3.169662803286896202e-02,4.446882950748036745e-01,-1.579018045783935520e+01,9.753004244056803218e-01,8.917946497414320106e+01,-5.758925387256629783e-04,2.343504152825781262e+02,5.747266380930477681e+01,1.879148446555579710e+01,1.428862214072681880e+01
6.554999999999832072e-01,2.065640987239357074e+01,2.842437005303460537e-03,7.501704389965339059e-01,2.997759166893733784e+00,-4.460128445552118820e-02,4.134622215945242818e-01,-1.176046521946412682e+01,4.606771825641601259e-01,6.112592317643330375e+01,-3.857433540017172861e-04,2.342915197066621431e+02,1.430562074031950814e+01,2.332484413976282056e+01,2.461985565072717463e+01
6.604999999999826565e-01,2.067141054784361387e+01,2.804652756085437241e-03,7.521410691872304488e-01,2.990966515528444614e+00,4.143165608310401399e-02,3.768032405877145274e-01,-5.636305508345937021e+00,4.195694292013026350e-01,3.929261496193218761e+01,-5.351414692415254557e-04,2.342501064951335366e+02,2.247849697239876576e+01,7.007113650327022825e+00,1.020529639458498039e+01
6.654999999999821059e-01,2.068633459354971293e+01,3.040140850069534498e-03,7.539230026351000369e-01,2.993495003031398927e+00,2.760116681737331476e-02,3.425790965538181299e-01,-1.631661654258129701e+01,8.710959315037239969e-01,9.129200467259171603e+01,-7.425720170013961046e-04,2.341959905980170333e+02,4.679939079644474731e+01,2.135819577685312964e+01,2.457275806587827560e+01
6.704999999999815552e-01,2.070137523841787086e+01,2.910780893602743849e-03,7.555715973262310259e-01,3.012726743835556498e+00,-6.979038888833902221e-02,3.206839413514496751e-01,-2.461342550272183871e+01,2.513509005332320800e+00,1.407198673286632413e+02,-4.195429864761002041e-04,2.341118432348235103e+02,5.799914166230690427e+01,5.011184215322674618e+01,3.465841459604375530e+01
6.754999999999810045e-01,2.071624929479918720e+01,2.601139537062311866e-03,7.573377597663860650e-01,2.951127437340916870e+00,-3.992481797952886907e-02,4.137769322710070918e-01,-1.268763274893896238e+02,9.274686718984268552e+00,6.527729653846661222e+02,-4.683648827891789736e-04,2.335933342301489404e+02,3.592916556660341030e+02,1.849820064842540432e+02,1.199495181077042645e+02
6.804999999999804539e-01,2.073095348104606117e+01,2.516099583414334578e-03,7.596627415099770353e-01,2.934211810268531284e+00,6.500503859294390341e-03,4.848680126899548304e-01,-1.972851709800340103e+01,6.890687026916340052e-01,1.006465577940660694e+02,-3.772743103800889602e-04,2.332405328261429247e+02,3.634068457662696261e+01,2.628743562575182580e+01,3.988290492478873972e+01
6.854999999999799032e-01,2.074557433094572190e+01,2.784279019568068701e-03,7.619854249602656671e-01,2.915671379534848118e+00,7.568185374545070843e-02,4.473912288240470270e-01,-9.969841132021144858e+00,4.826745656884815494e-01,5.583982551316474030e+01,-3.521691787093229973e-04,2.331999015456174789e+02,2.687402457820141066e+01,9.653792635978575731e+00,2.020023552847587567e+01
6.904999999999793525e-01,2.076022022339898498e+01,2.915363068530056872e-03,7.641442013357876428e-01,2.935493988752321037e+00,-4.902434952385115868e-02,4.170686101709794036e-01,-7.020529992338555125e+00,7.853971799764545292e-01,4.180448596070496592e+01,-5.664218403447236067e-04,2.331377146019800080e+02,3.849421550387511104e+01,0.000000000000000000e+00,3.895562792022250420e+00
6.954999999999788018e-01,2.077487325943475227e+01,2.718731164212991134e-03,7.661296597490622196e-01,2.926462295765466681e+00,-3.269019564527187588e-02,3.799918822837271559e-01,-1.100320749649271335e+01,6.982463660219908608e-01,6.077334511546981588e+01,-1.877045017892435292e-04,2.330972104655219823e+02,3.121641360309509139e+01,1.654727095076950505e+01,1.400411063191975813e+01
7.004999999999782512e-01,2.078950458945083568e+01,2.603254100429961380e-03,7.679319103984100225e-01,2.933183947297391292e+00,-3.437154846756378807e-02,3.465172036348013185e-01,-1.096327581437796894e+01,7.155284197366619248e-01,5.654185875310188436e+01,-2.298724342100163555e-04,2.330659382948167035e+02,4.135609733875672589e+01,1.205459439859679804e+01,4.156631477063744029e+00
7.054999999999777005e-01,2.080418506848742055e+01,2.604291292782482184e-03,7.696680736315071325e-01,2.913069517698627209e+00,3.786231356747952331e-02,3.893301969845760491e-01,-4.470759791922306476e+02,1.347167992570676454e+01,1.297432193375506586e+03,-3.607245352951918369e-04,2.327886022419678795e+02,3.248645351614334231e+02,6.483616541791012651e+02,4.111047160689141151e+02
7.104999999999771498e-01,2.081860139230259321e+01,2.659577000104852967e-03,7.718905292543274399e-01,2.860509472380531104e+00,6.252976408588732660e-04,4.480426549960368487e-01,-5.842012046452540019e+00,5.116630738486555030e-01,3.398657543755972199e+01,-3.804469180067942755e-04,2.319394520583301471e+02,1.912770602649277052e+01,1.532508012957348598e+01,0.000000000000000000e+00
7.154999999999765992e-01,2.083287085385408233e+01,2.585865377530138353e-03,7.742386937896921228e-01,2.859454783829875613e+00,-2.785170554094970954e-02,4.626015525813258478e-01,-1.655075784884434853e+01,1.102020972124362119e+00,8.610434540721493590e+01,-6.158590060283764336e-04,2.317748752649865196e+02,3.932677846210535222e+01,3.524152699329046357e+01,1.307592140311312079e+01
7.204999999999760485e-01,2.084715159532233741e+01,2.463567977872662892e-03,7.764546330884234404e-01,2.858646204555598036e+00,-1.501160886526365333e-02,4.280418562152886741e-01,-1.651747259330112527e+01,8.554668160721170533e-01,8.342453415715563381e+01,-3.627971994659762774e-04,2.317218337915775237e+02,3.425881646413020576e+01,2.106781593932422680e+01,2.969243277594031483e+01
7.254999999999754978e-01,2.086148223586996053e+01,2.479385059324752758e-03,7.785193362441882314e-01,2.861800505766371128e+00,2.385315596981267203e-02,3.986837274722958013e-01,-2.520545221673844871e+00,1.397464072018476666e-01,1.315950565134170702e+01,-5.016836240386967488e-05,2.316878733213824830e+02,2.237333124256653427e+00,6.812902229348793526e+00,4.347622446615510228e+00
7.304999999999749472e-01,2.087577527341912642e+01,2.580289955879771970e-03,7.804101120483595277e-01,2.867309717644654476e+00,1.254484308101827192e-02,3.652874833444243463e-01,-2.118034998166688609e+01,1.114623238377018488e+00,1.065456263944130342e+02,-5.360007340610385349e-04,2.316256066774710973e+02,6.857132167698898684e+01,1.574854237687009118e+01,2.424704079658193123e+01
7.354999999999743965e-01,2.088998984341253973e+01,2.594514926867621304e-03,7.825684180018488423e-01,2.816718497550604106e+00,2.275349842276981529e-03,4.523148694765265487e-01,-1.195063186503764818e+01,8.078485025379049667e-01,6.490146306177892654e+01,-2.833524999508118224e-04,2.312111869835613049e+02,3.884546384142398523e+01,1.105418842725997308e+01,1.608094244313754473e+01
7.404999999999738458e-01,2.090388542994124421e+01,2.501933651063509116e-03,7.847125259476012138e-01,2.803656953890010239e+00,-1.989334272792521799e-02,4.171167078217250523e-01,-1.172257586962091302e+01,6.832109540904652834e-01,5.686790679996514086e+01,-4.208521819545210998e-04,2.297852704033112445e+02,2.345734882949189881e+01,2.848761545244216364e+01,6.081857513334654186e+00
7.454999999999732951e-01,2.091796018671819368e+01,2.520914191959648231e-03,7.867895215554285837e-01,2.809415894202397901e+00,1.529053700768455079e-02,4.449140172601092624e-01,-1.466012660140937953e+02,9.314484400323282287e+00,6.944328771339427249e+02,-4.543216008783296667e-04,2.295265113081086383e+02,3.844175292919868525e+02,1.814544699023466023e+02,1.430634326082261794e+02
7.504999999999727445e-01,2.093180284974383198e+01,2.625950729165081338e-03,7.890694379956272320e-01,2.743958193271001100e+00,1.780463577673536968e-02,4.701602167518755815e-01,-1.079480099376419560e+02,5.918253119871258683e+00,5.050654780135439523e+02,-2.472343241535913776e-04,2.293082191448506251e+02,2.647627872997609870e+02,1.791032519512195336e+02,7.196280793247107965e+01
7.554999999999721938e-01,2.094556605830749874e+01,2.559256170593974915e-03,7.914422197192245712e-01,2.762290953797505555e+00,-3.196617254329749830e-02,4.616853963439869202e-01,-1.417308914163738187e+01,9.919081170034924622e-01,6.935746959761378605e+01,-3.320742770121121613e-04,2.291902422949016227e+02,4.329005133672868766e+01,1.875508522048719939e+01,8.714617610655384539e+00
7.604999999999716431e-01,2.095931516131619077e+01,2.569574690968418583e-03,7.936409653663580865e-01,2.748740707361683633e+00,2.031670346475047961e-02,4.241246545833288195e-01,-1.673968309334280846e+01,9.623209727415091841e-01,8.184578043514312640e+01,-3.055988646354812922e-04,2.291473746128452831e+02,3.631161351443763863e+01,2.321476531653285491e+01,2.396595060419043932e+01
7.654999999999710925e-01,2.097312954661118667e+01,2.603934048721744977e-03,7.957105570379313653e-01,2.768045327461128302e+00,-1.132571056249638379e-02,4.188231154157417424e-01,-1.430987570916320237e+02,1.031495646479525341e+01,6.757190320941708706e+02,-4.124928424528416255e-04,2.290817187701296689e+02,3.540195672375120353e+02,1.821707635649838721e+02,1.536873410936644859e+02
7.704999999999705418e-01,2.098681005593337900e+01,2.576301936572817156e-03,7.977658238215470377e-01,2.716556077721287377e+00,1.889124839426004889e-03,4.427350436876477113e-01,-1.265554182910502874e+02,7.783151149490870502e+00,5.958791595080272145e+02,-3.777563717651420336e-04,2.288157076313879088e+02,4.016873211810945463e+02,5.230250292515978572e+01,1.544295964068772946e+02
7.754999999999699911e-01,2.100037896164289108e+01,2.599444366730277022e-03,8.001141103399695975e-01,2.723965570035714823e+00,1.559241098569418525e-03,4.663521771337750255e-01,-1.729268780566764363e+01,8.156643858022120108e-01,7.419258639112553055e+01,-2.477387358562231287e-04,2.285794944281574885e+02,3.983138322746872007e+01,2.159455195005450889e+01,1.466100321586475985e+01
7.804999999999694404e-01,2.101395359471705859e+01,2.634416927955679846e-03,8.023504558016365529e-01,2.705255942495359278e+00,1.265084945030747927e-02,4.285222868823938547e-01,-4.841303570407895940e+00,3.993126331664390016e-01,3.082503280743855001e+01,-4.478274025226313629e-04,2.285093995633478130e+02,3.116187783179882231e+01,0.000000000000000000e+00,0.000000000000000000e+00
7.854999999999688898e-01,2.102745908610245706e+01,2.739989463035415532e-03,8.045586041676481281e-01,2.693605603745950372e+00,1.418460694421392471e-02,4.716626184353729934e-01,-2.153562837653348083e+01,1.201025849265058287e+00,1.006123619802366420e+02,-4.042171215059326035e-04,2.282536171502756304e+02,6.693372855209675265e+01,1.873186803717893412e+01,1.714730111226340270e+01
7.904999999999683391e-01,2.104086791015075164e+01,2.710405188451155654e-03,8.069109900001036895e-01,2.673260759007235254e+00,-2.427345893549658420e-02,4.585129419869371503e-01,-7.462592052921730890e+00,4.141764368823319664e-01,3.286043457337939344e+01,-2.891491395049432343e-04,2.281646997616668671e+02,2.611963615493271718e+01,7.554892303451604008e+00,0.000000000000000000e+00
7.954999999999677884e-01,2.105426904411162781e+01,2.688196750985191470e-03,8.091098466643863452e-01,2.675185346058437386e+00,3.639957825135433506e-02,4.232889551465193190e-01,-1.298976234274502417e+01,4.416089778367726093e-01,6.123805134825787633e+01,-5.940777538026768920e-04,2.281219727780184314e+02,4.393921057939444097e+01,3.475499657923187158e+00,1.514234522140375283e+01
8.004999999999672378e-01,2.106763154264924864e+01,2.900680840094089011e-03,8.113428483709993477e-01,2.661734008009284835e+00,2.848029565064357990e-02,4.833631162592895159e-01,-1.090583431489119732e+02,6.879266050950199940e+00,4.979167282160778996e+02,-4.073750522063277705e-04,2.278575334784980555e+02,1.876466115259038929e+02,1.983113799307412535e+02,1.231752547855943618e+02
8.054999999999666871e-01,2.108084940527268358e+01,2.956113640409676908e-03,8.136999482197362354e-01,2.645997259549257574e+00,-2.203452788756308026e-02,4.563998508738492110e-01,-8.571815279445438307e+00,5.377593091417609550e-01,3.844644820402655228e+01,-4.199437868355809442e-05,2.277873805623634667e+02,9.965436190203034172e+00,1.074218186225794014e+01,1.865770249997477137e+01
8.104999999999661364e-01,2.109408161870588216e+01,2.895374408494885525e-03,8.158830021475567129e-01,2.648916888846545969e+00,-6.651297054437044741e-03,4.211386458288133849e-01,-2.120262356188592534e+01,1.138344257630276690e+00,8.957175849424140779e+01,-2.711378742781414899e-04,2.277215582272878009e+02,7.161360844296855532e+01,9.455447824875779617e+00,1.086269111105223573e+01
8.154999999999655858e-01,2.110734404980660983e+01,2.978675657110486756e-03,8.179747676613912111e-01,2.641889992941934828e+00,3.184490332399052270e-02,4.405489932455579627e-01,-1.575023892975256672e+02,1.255451637299072054e+01,6.871890453453800092e+02,-2.931843457212588485e-04,2.275528977436904370e+02,3.241135229355606953e+02,2.349545200720064315e+02,1.450783673354356438e+02
8.204999999999650351e-01,2.112026693964015678e+01,3.091495865940401076e-03,8.202219131903942806e-01,2.598083466620721094e+00,2.134176364713319396e-02,4.440840383410104009e-01,-9.526093352133655046e+00,4.565882163623464773e-01,3.922765415013778778e+01,-4.744840076938586313e-04,2.263402158852979653e+02,2.079718859964938815e+01,1.516830465011357454e+01,4.350106637949674671e+00
8.254999999999644844e-01,2.113326712006973551e+01,3.152755203122205394e-03,8.225344212560810053e-01,2.590431419730510498e+00,-5.829615100584489319e-04,4.911028700814067949e-01,-1.141540867406540514e+02,6.577287556078200481e+00,5.035782108021697923e+02,-5.670672495621004606e-04,2.261141213483361696e+02,1.374542638529930514e+02,1.963623708156119392e+02,1.819234620908855788e+02
8.304999999999639337e-01,2.114609814353507034e+01,3.164591954608769655e-03,8.250486743581465499e-01,2.550990979717199014e+00,4.709476059506072579e-03,4.889248430303262394e-01,-1.282504510174857337e+01,7.370419194404422836e-01,5.911828695165072389e+01,-3.818362329113191185e-04,2.259933918844224081e+02,3.154492291067611731e+01,1.481683042898714753e+01,1.408839796761901297e+01
8.354999999999633831e-01,2.115888340446424465e+01,3.112783303207601431e-03,8.273954090439924469e-01,2.564023241887100735e+00,-9.733629720752022887e-03,4.535030871937019703e-01,-2.987971648346942288e+00,2.197235143281548730e-01,1.497312873942090761e+01,-1.489661333863875978e-04,2.259749085215156015e+02,1.264149985674350596e+01,2.612197786026857038e+00,0.000000000000000000e+00
8.404999999999628324e-01,2.117172002571288658e+01,3.222359255563179287e-03,8.295721084873179940e-01,2.563006773162231688e+00,5.882988961798468752e-02,4.203512753869436680e-01,-2.008261656399352191e+01,4.558074384794220668e-01,8.764578887221325942e+01,-3.897995460341488038e-04,2.259205757564282067e+02,5.748206134992162930e+01,3.557530033143563752e+00,2.880047386381793473e+01
8.454999999999622817e-01,2.118449090862433337e+01,3.443310332052836823e-03,8.315644256085700237e-01,2.563456519152378821e+00,2.986778463118022406e-02,3.858408402674262105e-01,-1.471991883099799381e+01,6.745393486961187568e-01,5.995615988399153196e+01,-2.672330612315556003e-04,2.258749838736347897e+02,5.167731915860464653e+01,0.000000000000000000e+00,9.982594253791797101e+00
8.504999999999617311e-01,2.119713638580863346e+01,3.490266568882934798e-03,8.338074456832196280e-01,2.368523705055994188e+00,-3.350645981302404972e-03,4.924673598522711360e-01,-5.721587757061522098e+03,5.781231363821347031e+02,3.902712870482952781e+02,-2.825458885208278082e-04,2.252339124513761135e+02,5.854338548746733977e+03,5.154940428901244331e+01,3.665874096522770174e+02
8.554999999999611804e-01,2.120889658319350346e+01,3.593565056585380866e-03,8.361519007380379120e-01,2.359013730440033374e+00,4.266900229017966603e-03,4.545028134543051546e-01,-1.264016832253225786e+01,5.112840783294902991e-01,5.070250108290244384e+01,-3.452897068105806929e-04,2.183280351174079215e+02,5.218577269025712440e+01,0.000000000000000000e+00,0.000000000000000000e+00
8.604999999999606297e-01,2.122064086281270434e+01,3.744433173148508688e-03,8.383498230703142484e-01,2.335985679631048750e+00,5.592393085852121609e-02,4.230803114720715352e-01,-4.389322701953617845e+00,4.873717541084499616e-01,2.420910433926430017e+01,-3.581341165541621248e-04,2.170503264763769664e+02,2.457157645398555701e+01,0.000000000000000000e+00,0.000000000000000000e+00
8.654999999999600790e-01,2.123229077395563280e+01,4.040681484768402464e-03,8.403586236319493530e-01,2.336899755683631952e+00,5.030505793658105601e-02,3.888765840858625644e-01,-2.251489517751943836e+01,1.185012217331289142e+00,9.784452652550456264e+01,-4.168386873612645819e-04,2.170059441605279176e+02,5.318540967941769537e+01,3.049335696758408432e+01,1.662560133900410975e+01
8.704999999999595284e-01,2.124393639681017021e+01,4.068969149693142835e-03,8.423986214173532217e-01,2.306957563457308069e+00,-5.172697422881180132e-03,4.140239211432285016e-01,-7.897515495016409481e+00,3.678398022757475294e-01,3.423781155132594733e+01,-3.174003405611643559e-04,2.168036111925389946e+02,1.252408796328303531e+01,1.245876508039315311e+01,1.012519757191324921e+01
8.754999999999589777e-01,2.125537610288020574e+01,4.198644808970843946e-03,8.446315914995374818e-01,2.280762782767180585e+00,4.378317025604559071e-02,4.666584387895778563e-01,-4.867197843467685026e+00,3.649485385066040255e-01,2.358175950253410136e+01,-4.773010934801215008e-04,2.165981513225621597e+02,1.216320808151071908e+01,5.043924925571764639e+00,6.846472123888842631e+00
8.804999999999584270e-01,2.126680449879784973e+01,4.462774119045993630e-03,8.468730668576276432e-01,2.278792104211586178e+00,6.956760254810742672e-02,4.316923616844851597e-01,-1.024652988039762569e+01,5.219011519952568845e-01,4.574939426044588231e+01,-3.050562470152146533e-04,2.165605272598398301e+02,1.512969182012405689e+01,9.929281995594340771e+00,2.179027612019987004e+01
8.854999999999578764e-01,2.127820812255524530e+01,4.725935014957871431e-03,8.489312173764406166e-01,2.291428473291585277e+00,2.055783431580693668e-02,3.978539666954075682e-01,-1.131470336920877173e+01,6.256221126046561665e-01,4.795510191273970690e+01,-1.142008751992299939e-04,2.165338548697443173e+02,3.471311933319010024e+01,1.074072544513270699e+01,3.771224334287414770e+00
8.904999999999573257e-01,2.128964309183934134e+01,4.842700957185138572e-03,8.508262716560558436e-01,2.276327020001566837e+00,3.583760080212165106e-02,3.760639064368909712e-01,-1.709968136748823611e+02,8.224182504725062515e+00,6.821379735396188835e+02,-2.602949941841563308e-04,2.164919207084945754e+02,2.647497936137815486e+02,1.810838410549611979e+02,2.572254687519951517e+02
8.954999999999567750e-01,2.130092437217017221e+01,5.030818884090100876e-03,8.529869960726762512e-01,2.244527483145161817e+00,3.551378015025896673e-02,4.668314614584381794e-01,-9.542960831439613401e+01,5.750811104297276266e+00,3.919364974902799190e+02,-3.085518416632738060e-04,2.160911690151210678e+02,2.514983751706003545e+02,6.315118579103825169e+01,8.822532172630495495e+01
9.004999999999562244e-01,2.131209506642776574e+01,5.194047202074596019e-03,8.551967736134542530e-01,2.231854346051471705e+00,3.679719155047621315e-02,4.229990467330009274e-01,-4.474467182219183492e+00,4.517593860998996291e-01,2.330488250799780303e+01,-4.046182190609697027e-04,2.160499999347344442e+02,2.313259007926778210e+01,5.662932011791803610e-01,0.000000000000000000e+00
9.054999999999556737e-01,2.132329124973309575e+01,5.422745191198344132e-03,8.572269495035530484e-01,2.247919266219765344e+00,4.640904632893172455e-02,3.949974921799908056e-01,-2.498201253868154836e+01,1.309064005141475029e+00,1.042232967830748862e+02,-3.127198908734101293e-04,2.160070239557350078e+02,3.628671448465775029e+01,3.342571030990583836e+01,3.734896172916402435e+01
9.104999999999551230e-01,2.133440707753758403e+01,5.632265351541153840e-03,8.593147165194261472e-01,2.203058346468618200e+00,3.858368497014048187e-02,4.465307091814972318e-01,-1.135019326916197855e+02,6.139941905567310343e+00,4.651101105361436794e+02,-2.397181252962346347e-04,2.157835956599818701e+02,2.835052418568486132e+02,1.081605593963595169e+02,8.648217508259119768e+01
9.154999999999545723e-01,2.134539471726597526e+01,5.810561841329963707e-03,8.615373324694163282e-01,2.194408152767925557e+00,3.983657913687884550e-02,4.272128289760235287e-01,-6.838339270921584223e+00,3.996479221129447534e-01,2.935048320089621754e+01,-5.732616910617189566e-05,2.157120261227513822e+02,1.725778561779030085e+01,6.131185014042742409e+00,6.717875334860228698e+00
9.204999999999540217e-01,2.135641184223864997e+01,6.020594652851128832e-03,8.635891217769774419e-01,2.200470948503054025e+00,4.270342336048812970e-02,3.950764855224720984e-01,-1.039757161070622438e+01,6.455437341410116270e-01,4.575339953866658504e+01,-2.224352651665245824e-04,2.156670457337559981e+02,1.631055694529083411e+01,1.158611332234634972e+01,1.898230946747753478e+01
9.254999999999534710e-01,2.136737914021608020e+01,6.253135965942142188e-03,8.655728305811047907e-01,2.183616144308816232e+00,4.783311535139424947e-02,4.284295826881865388e-01,-1.188852935425036748e+02,6.721918653483739625e+00,4.878386674402330527e+02,-1.409219815939198768e-04,2.154952086520024181e+02,3.072638655412272897e+02,8.485289913929995009e+01,1.093545755609888772e+02
9.304999999999529203e-01,2.137820244410056958e+01,6.500879145190745050e-03,8.677412612079894449e-01,2.160808464803427142e+00,4.766169019334759449e-02,4.183532630135637920e-01,-1.501436841466047767e+01,8.553308503967153031e-01,6.157230827379243010e+01,-2.676672047010289924e-04,2.153818642442760165e+02,4.197368151419127003e+01,1.408807340528329277e+01,7.240402356374194603e+00
9.354999999999523697e-01,2.138905660228124717e+01,6.660755461083134321e-03,8.697540000737224997e-01,2.173095674242932596e+00,4.146315545919323359e-02,3.906445385855993324e-01,-2.046530388951453716e+01,2.792203480631339496e-01,8.173765766418041778e+01,-1.667486391021284070e-05,2.153425027100301463e+02,7.415077033747294877e+01,0.000000000000000000e+00,1.000214643645279011e+01
9.404999999999518190e-01,2.139979961077611392e+01,6.932988424333175539e-03,8.718094834080730715e-01,2.135603859694421569e+00,4.462788777372174442e-02,4.409177798219646172e-01,-1.393294588604524087e+01,7.582110757118660782e-01,5.778633246005922786e+01,-3.295139594057592929e-04,2.150223641289121588e+02,2.467548500421063551e+01,2.426404407634577609e+01,1.043988188354687452e+01
9.454999999999512683e-01,2.141046419984158078e+01,7.129199053155852242e-03,8.739095669735349459e-01,2.126187440995829903e+00,4.569267435554564410e-02,4.019593202328536896e-01,-1.346828950961376137e+01,7.806397487518921263e-01,5.632402810123495840e+01,-2.404710184983089184e-04,2.149950820894674735e+02,2.810767234088732280e+01,2.412911617155094746e+01,5.612183353178274992e+00
9.504999999999507176e-01,2.142111240149937146e+01,7.339251362720450658e-03,8.759394592759687237e-01,2.122273280766562742e+00,4.572344220318735886e-02,4.353657478005162895e-01,-1.139741572248469055e+02,6.815132795482789163e+00,4.543651541286617999e+02,-8.287224971422943974e-05,2.148090901530671886e+02,2.782445501201974025e+02,8.116911187258131122e+01,1.084227685229140974e+02
9.554999999999501670e-01,2.143162257125819892e+01,7.618354775503326411e-03,8.781039863428675707e-01,2.100158921923607647e+00,5.145452665744195547e-02,4.251113453292691968e-01,-1.499985856085262803e+01,8.617408736195856234e-01,6.186362185031667593e+01,-3.113582051290871879e-04,2.147048418570155661e+02,4.010068395197974667e+01,2.236377162241184635e+01,1.120980081688406571e+00
9.604999999999496163e-01,2.144213380714627704e+01,7.794676568881271465e-03,8.801374843088924926e-01,2.095442209402833988e+00,2.806567088543264130e-02,3.894208863000591658e-01,-1.072105728314117812e+01,6.679207188620585045e-01,4.579993854469699954e+01,-2.166745346625915773e-04,2.146676475520386589e+02,1.499919119374490251e+01,1.249651263556717495e+01,1.949486088465124212e+01
9.654999999999490656e-01,2.145256910019520902e+01,7.995633425660838428e-03,8.822027505981164808e-01,2.082988002199595901e+00,5.969260054219829859e-02,4.162981324539753447e-01,-3.041469732561374784e+01,4.710975467541739237e-01,1.211841142832602003e+02,-1.463778067598794398e-04,2.145164115565188467e+02,7.635125860679875132e+01,3.940717571439691369e+01,9.028142895455726347e+00
9.704999999999485150e-01,2.146294655896258874e+01,8.350197736843886429e-03,8.841829051146226082e-01,2.081071423852220992e+00,6.248929692114536805e-02,3.807947250087665991e-01,-1.792978954182780171e+01,9.631301282079942627e-01,7.351563744794555078e+01,-2.504514360557618703e-04,2.144737540907613607e+02,5.450261823979360543e+01,1.245599245548937262e+01,8.627266675800685292e+00
9.754999999999479643e-01,2.147329741947978476e+01,8.561256616842838688e-03,8.862201020961923970e-01,2.049610704671792405e+00,3.461750344058862894e-02,4.282093531665225883e-01,0.000000000000000000e+00,0.000000000000000000e+00,0.000000000000000000e+00,-1.079269653574464836e-04,2.142709478844494697e+02,0.000000000000000000e+00,0.000000000000000000e+00,0.000000000000000000e+00
9.804999999999474136e-01,2.148349989931860904e+01,8.755419529899114567e-03,8.883215571881263317e-01,2.045761168301067912e+00,4.361553946781504543e-02,4.095291041422508549e-01,-1.561673492615778613e+01,7.759697728645860160e-01,6.063785081479583994e+01,-2.126408984543595726e-04,2.142100609537624507e+02,3.349745757764969767e+01,1.066271375570677726e+01,1.837446436022651497e+01
9.854999999999468629e-01,2.149371850319236543e+01,9.050405264834969141e-03,8.902738919433955678e-01,2.041963964187754499e+00,4.731744132494676569e-02,3.745555894195066182e-01,-9.425971756785212818e+00,6.247345196178376581e-01,3.597089091226777668e+01,-1.613131921071105524e-04,2.141488181687572592e+02,3.063042938984098029e+01,0.000000000000000000e+00,6.504660056940325674e+00
9.904999999999463123e-01,2.150383582752665745e+01,9.264976736820040165e-03,8.922553412003778606e-01,1.900050492426302418e+00,4.868530306021436743e-02,4.521707431932855958e-01,-4.204052072595825848e+03,7.491649160553636477e+01,1.394656242032524005e+03,-4.205942586891122780e-04,2.138045890681235051e+02,4.848758723443635063e+03,2.888412725697767414e+01,5.110004990988084614e+02
9.954999999999457616e-01,2.151329351529601297e+01,9.538271457100552797e-03,8.943866178519247478e-01,1.896450612999133867e+00,4.727322839759139778e-02,4.086408694345649018e-01,-2.778498359464738243e+01,9.724375378622245325e-01,5.761985847545285822e+01,-2.525447375729401693e-04,2.099764479889000768e+02,1.405213256082688744e+01,1.797833837030059811e+01,3.331298077412161973e+01
1.000499999999945322e+00,2.152279722975065113e+01,9.795986324728719191e-03,8.963286782608521630e-01,1.900494651475578944e+00,5.516334957987539811e-02,3.711966748493364943e-01,-7.965692308747845729e+00,4.218933575480453557e-01,3.047312819984744436e+01,-5.804561244956269427e-05,2.099386820756794521e+02,3.145463280668259642e+01,0.000000000000000000e+00,0.000000000000000000e+00
1.005499999999944771e+00,2.153232707913513977e+01,1.007457809806525974e-02,8.980861862265946405e-01,1.906475800010506649e+00,6.669520473990886433e-02,3.346235785574913635e-01,-1.608807756868606731e+01,8.050332184169314287e-01,6.420393630332833368e+01,-3.289567623353149232e-04,2.099072266503222295e+02,3.413965723953251086e+01,1.542063338687930596e+01,1.655080207992169505e+01
1.010499999999944221e+00,2.154179990417978985e+01,1.038650102652566645e-02,8.998237489863335492e-01,1.874286977239669527e+00,5.656799666296873086e-02,3.781983801499749775e-01,-1.261276536031949291e+02,7.613727992318353621e+00,4.946022011331384647e+02,-2.487637513170612349e-04,2.097010496219934339e+02,2.216080301790089493e+02,2.003023168774257385e+02,8.784706668158426623e+01
1.015499999999943670e+00,2.155107262703428361e+01,1.063153845328520218e-02,9.018243288283260828e-01,1.849976829421496660e+00,3.153550307415222548e-02,4.056163760346802039e-01,-1.064695751680043934e+01,5.439914688792170105e-01,4.117338708120279023e+01,-1.300899847405580928e-04,2.095620638289253179e+02,3.897558996530003128e+01,3.497183952475090507e+00,0.000000000000000000e+00
1.020499999999943119e+00,2.156033802290023971e+01,1.089652075502981279e-02,9.037545986817556720e-01,1.850471264007834238e+00,7.595381894269294387e-02,3.689855775484494060e-01,-1.473136705706346916e+01,4.072424130690855959e-01,5.864342847364937228e+01,-3.294096058502370746e-04,2.095321568127808973e+02,1.255180779603847796e+01,2.513118262259092361e+01,2.271159313263984103e+01
1.025499999999942569e+00,2.156956090744150600e+01,1.128579389174613930e-02,9.054846002424875584e-01,1.852271941838108615e+00,6.991364075386144461e-02,3.316672776228885011e-01,-1.887386053422707022e+01,-4.115561067915847637e+00,7.506419239245435904e+01,-1.724349674332504353e-04,2.095029197981068023e+02,4.448905692228977671e+01,9.037309777039594039e+00,2.449244832179277864e+01
1.030499999999942018e+00,2.157878514474388609e+01,1.152156535448726517e-02,9.072739600211882083e-01,1.828998542882178224e+00,3.949166631270560612e-02,3.908706470272643174e-01,-1.102064384336807734e+02,1.515287262588946193e+00,4.245670517207350940e+02,-2.085826008185907507e-04,2.092989221456920177e+02,1.821005762658396065e+02,1.240014329892442504e+02,1.320445764676534566e+02
1.035499999999941467e+00,2.158780578161161046e+01,1.177727339210311343e-02,9.092167176931057471e-01,1.798943112656623322e+00,5.521255804525623118e-02,3.942729422738290301e-01,-1.466192885060826789e+01,1.042772589024342889e+00,5.797399388085589322e+01,-1.635068158369350124e-04,2.091754730993953331e+02,2.206052015347991357e+01,2.445260431525520417e+01,1.321877419161576483e+01
1.040499999999940917e+00,2.159682745193384434e+01,1.206602045782388839e-02,9.110970498845807342e-01,1.800752302082565093e+00,5.626373132417566980e-02,3.583689825237544313e-01,-8.799385962848324638e+00,4.957402679047577809e-01,3.531574913574124253e+01,-1.378653549956776383e-04,2.091521849555552421e+02,1.079465713656097137e+01,1.635176741241227205e+01,9.205287147377077872e+00
1.045499999999940366e+00,2.160584589430622771e+01,1.239397281976010144e-02,9.127920173310809515e-01,1.811796747184294842e+00,5.202547101335167762e-02,3.294767340985997883e-01,-5.281135253577322430e+01,4.901913682079945822e+00,2.083616839192742987e+02,-1.731338723670900349e-04,2.091197815017398511e+02,1.872414122292752552e+02,2.742473885587669002e+01,0.000000000000000000e+00
1.050499999999939815e+00,2.161476136328971620e+01,1.266504650594901978e-02,9.145949598051144047e-01,1.761798954725801947e+00,5.822111665999060021e-02,3.825320351368687866e-01,-1.248233993959589441e+02,6.016379726585670440e+00,4.395647394861202883e+02,-1.444679004098637590e-04,2.089182775914201216e+02,1.511987917392056424e+01,2.213507500161086341e+02,2.199949157724691702e+02
1.055499999999939265e+00,2.162354956852987442e+01,1.297925307348913107e-02,9.165557708600298170e-01,1.761865512092522623e+00,6.179547794853785386e-02,3.811772712158716381e-01,-1.357812830884400057e+01,7.617903437629511831e-01,5.354094399664916182e+01,-2.456839367270314579e-04,2.088236870284715110e+02,3.887539959563783754e+01,7.997217140789588896e+00,8.293492241057114356e+00
1.060499999999938714e+00,2.163232944569766403e+01,1.328936979042946720e-02,9.183446203715317502e-01,1.760783313909031644e+00,6.052855080687188222e-02,3.424468406417975341e-01,-1.795320600798499200e+01,1.151412402997523232e+00,7.087902275157655652e+01,-2.365732562423089602e-04,2.087984405342440937e+02,5.420647835269094372e+01,1.322096363495697346e+01,5.598816394517662332e+00
1.065499999999938163e+00,2.164108113064961003e+01,1.355770236405914007e-02,9.200766887510903880e-01,1.734590516603851995e+00,5.936783362168657208e-02,3.706410406701385329e-01,-1.016572061455058673e+02,5.207964246096087990e+00,3.891551735263642513e+02,-4.684494236363188555e-05,2.086642887091574892e+02,1.547656619874301214e+02,8.860921965537045253e+01,1.582927565283584954e+02
1.070499999999937613e+00,2.164972434872953144e+01,1.390120659507059278e-02,9.218834327761999958e-01,1.731871789555736285e+00,6.403129252359733570e-02,3.444969122733294031e-01,-1.285682989503100160e+01,6.846233948645475964e-01,5.048022640546925999e+01,-1.974383728077996891e-04,2.086085916809531966e+02,3.857647338125254777e+01,7.642791940538755213e+00,5.807196854339348846e+00
1.075499999999937062e+00,2.165833588987765168e+01,1.420310167205736558e-02,9.236163044935081778e-01,1.705530437839155811e+00,6.395213347981773544e-02,3.582397780612907034e-01,-1.103080314061341340e+02,5.789113467900294019e+00,4.250019685980994382e+02,-1.757046816088525271e-04,2.084990561783429257e+02,1.238178768629683049e+02,1.039367957728745893e+02,2.107407553410283185e+02
1.080499999999936511e+00,2.166688177671785098e+01,1.453287348406602335e-02,9.253692845337095907e-01,1.712265706920877539e+00,6.649936049529377169e-02,3.465936121198898157e-01,-1.183942242477157123e+02,6.836802925307194911e+00,4.540221480714763516e+02,-5.920502215137415924e-05,2.084464335258087715e+02,2.315218542511144335e+02,1.111585482493391623e+02,1.258868648847132761e+02
1.085499999999935961e+00,2.167534221122453530e+01,1.484423124012885543e-02,9.271213056152881604e-01,1.682382615061227549e+00,6.461876098866753404e-02,3.535444892452518917e-01,-1.302969835210794081e+01,7.296927809013122879e-01,4.973301996132332903e+01,-2.563319949515261657e-04,2.083138080194803479e+02,2.757551678864086853e+01,4.556242061229543339e+00,1.921069918515462405e+01
1.090499999999935410e+00,2.168377740232399375e+01,1.516648164026818298e-02,9.288490276378411625e-01,1.680442743716753284e+00,6.697098713116469981e-02,3.595042816147323017e-01,-9.707067320040707159e+01,5.096354922742096782e+00,3.714273869353811506e+02,-5.714366427927086364e-05,2.082315119786150035e+02,1.237716305281752085e+02,8.086643406008805357e+01,1.787405829113800166e+02
1.095499999999934859e+00,2.169211544713384399e+01,1.549843672241859628e-02,9.305668030840089644e-01,1.670840482329937204e+00,6.810736590112889677e-02,3.260554116525988255e-01,-1.288749346858740452e+01,6.399148666222431725e-01,4.978451238684406377e+01,-2.291615665324200132e-04,2.081845911726801432e+02,1.649511748747969975e+01,2.042179647497977868e+01,1.444223389463798668e+01
1.100499999999934309e+00,2.170040948849816331e+01,1.583880098469786502e-02,9.323030069125763930e-01,1.638133422631731229e+00,7.422371162244276177e-02,3.580184771532515242e-01,-8.549168428763795902e+00,3.960970846380536536e-01,3.495117570388439532e+01,-2.169461394773578109e-04,2.079792587774634285e+02,3.593630162074928336e+01,0.000000000000000000e+00,0.000000000000000000e+00
1.105499999999933758e+00,2.170863610574626179e+01,1.614261851739738976e-02,9.340026038568590705e-01,1.646891407833080745e+00,6.291269315904463033e-02,3.264052588217127293e-01,-3.003665478144722201e+01,4.139111038028598366e-01,1.133303823088046300e+02,-1.035666152174262965e-04,2.079580992792620862e+02,9.903594809698519441e+01,0.000000000000000000e+00,1.805226970237374573e+01
1.110499999999933207e+00,2.171678712981131554e+01,1.657297944079741403e-02,9.357006100501715773e-01,1.616786721420448103e+00,7.711027179797530495e-02,3.617137564072773759e-01,-9.414351792586472811e+01,5.683638238467120019e+00,3.579419907647613854e+02,-2.653354482670090223e-04,2.078210450015484128e+02,1.178268329819237010e+02,1.633147715014845005e+02,8.846967793477840303e+01
1.115499999999932657e+00,2.172485414606178367e+01,1.682582875481427112e-02,9.374327826705369793e-01,1.612926338844688390e+00,5.398723507358839380e-02,3.294726927612410261e-01,-1.526881567316157984e+01,8.096058555307599214e-01,5.903655896412096382e+01,-1.523938741934483324e-04,2.077779842502856980e+02,2.621215589519733413e+01,1.391746651162855919e+01,2.077029506037323969e+01
1.120499999999932106e+00,2.173286854835154358e+01,1.720679646404819560e-02,9.390432169837155119e-01,1.586839363993285845e+00,7.935350224998621860e-02,3.259690143691202358e-01,-2.223009066896932229e+00,2.143179332269641302e-01,9.055980198553504223e+00,-4.928439988107500072e-05,2.073267554139025606e+02,5.585976469469631667e+00,1.326293183560242284e+00,2.400528203214818301e+00
1.125499999999931555e+00,2.174078030892895086e+01,1.756934500929148782e-02,9.407124566956033274e-01,1.580759795515588761e+00,6.683679859718291705e-02,3.283464031517247528e-01,-1.679998554187570647e+01,1.196244601212155478e+00,6.527773916273986288e+01,-3.981732352907657504e-04,2.072361643121053305e+02,3.205203881122352527e+01,1.199542203176767430e+01,2.326960573639773244e+01
1.130499999999931005e+00,2.174862775616288246e+01,1.787373530225321028e-02,9.423360417511361664e-01,1.554281915683613846e+00,6.823751467031008433e-02,3.386148642614209003e-01,-8.762646562109317472e+01,2.835560707734413821e+00,3.337734482773683453e+02,-6.751507444140701121e-05,2.071518945080546814e+02,1.171146573674121356e+02,6.555523914654050088e+01,1.619508368218525334e+02
1.135499999999930454e+00,2.175641737477524984e+01,1.823938757453308010e-02,9.439763768168016878e-01,1.564997919257024250e+00,7.552406665567862332e-02,3.138223604886118956e-01,-1.577749146092562249e+01,7.335641235554803963e-01,6.022151771788284691e+01,-1.787813657772067358e-04,2.071043700561911578e+02,2.596544475347143077e+01,1.345311857432105995e+01,2.275306630096396177e+01
1.140499999999929903e+00,2.176415955376658928e+01,1.862454993431783903e-02,9.455480358154009224e-01,1.534685109746997789e+00,7.503442884383659806e-02,3.276703031078833095e-01,-1.105106304165422699e+02,6.127202481834979508e+00,4.197921589332790973e+02,-1.906487045253860233e-04,2.070011766912580242e+02,2.145421139134800512e+02,8.690105677577578547e+01,1.320558985627204152e+02
1.145499999999929353e+00,2.177180788007650136e+01,1.898976406066017059e-02,9.472054700176364417e-01,1.535418837560087013e+00,6.453540148660086295e-02,3.197208257998328529e-01,-1.164969539816235944e+01,7.770904067963662065e-01,4.366486040966729121e+01,-3.022347452644961324e-05,2.069342030738437188e+02,4.512900531061610820e+01,0.000000000000000000e+00,0.000000000000000000e+00
1.150499999999928802e+00,2.177940128603871983e+01,1.936436023863819314e-02,9.487489526945604990e-01,1.509082822018801062e+00,8.403816465406288572e-02,3.012429373467065408e-01,-1.691705452635796192e+01,9.705587971682207993e-01,6.581184723332246733e+01,-5.289254276529854748e-05,2.065006171288462156e+02,3.467623570867691285e+01,1.197924211660881966e+01,2.120724393586380430e+01
1.155499999999928251e+00,2.178686835218397633e+01,1.972035226678360217e-02,9.503730047211217391e-01,1.479070587645752388e+00,6.957825250441163067e-02,3.212585664915307837e-01,-4.181385618904226220e+00,2.171117093443321322e-01,1.645697534332268575e+01,-1.607816451337016998e-04,2.064013610520126178e+02,1.626641916516661013e+01,6.911436356698039685e-01,0.000000000000000000e+00
1.160499999999927701e+00,2.179430728556619812e+01,2.009122585682493467e-02,9.518799228586788397e-01,1.494203202341034542e+00,7.759165421996298828e-02,2.865177271645379387e-01,-1.723527251117400283e+01,9.254025163740888793e-01,6.598427814901978650e+01,-3.585589250894767339e-04,2.063748288085779450e+02,1.353269689698185019e+01,2.142307403887956241e+01,3.315080835394850567e+01
1.165499999999927150e+00,2.180168099623585576e+01,2.050642088177714525e-02,9.533729741098353472e-01,1.457672846220526619e+00,8.313960953045643199e-02,3.035538517208368758e-01,-1.198810119577305500e+02,6.707229999721187497e+00,4.508307289895728900e+02,-1.610255353153655731e-04,2.061997039471619360e+02,2.128610431147693589e+02,1.352900261752093343e+02,1.176995084574355701e+02
1.170499999999926599e+00,2.180895356175889432e+01,2.084815994008687792e-02,9.549637837818704122e-01,1.455968304837623517e+00,7.126243295384511456e-02,3.110447844986429233e-01,-2.286585497721649318e+01,2.167366772680985598e-01,8.569347845115984796e+01,-9.192509597805934712e-05,2.061127400844180784e+02,8.857389662792836305e+01,0.000000000000000000e+00,0.000000000000000000e+00
1.175499999999926048e+00,2.181617566906077244e+01,2.126755358305710761e-02,9.564523925864749643e-01,1.433250829839340712e+00,8.424460012119212859e-02,3.064633400920985795e-01,-1.099701964203334228e+02,5.961985305123581824e+00,4.137238212127550696e+02,-2.750697474085735811e-04,2.060441249547101847e+02,2.394532605830116267e+02,8.636143874721371105e+01,1.016813732948343727e+02
1.180499999999925498e+00,2.182333674368338805e+01,2.165718798878977017e-02,9.579948510959309660e-01,1.425165662707233549e+00,7.757423060166740436e-02,3.140234427771161352e-01,-2.003879171982550034e+01,8.799795889209860444e-01,7.636676737837481710e+01,-1.048508640233839547e-04,2.059541674155297812e+02,5.605420922681690854e+01,6.681644198612146646e+00,1.610987322171459013e+01
1.185499999999924947e+00,2.183043279372943246e+01,2.205684342691139818e-02,9.594662255623189751e-01,1.423235210621985214e+00,8.086929760313876780e-02,2.795154760567518104e-01,-1.056700673274945856e+01,5.769536432841576579e-01,3.938148787710454002e+01,-4.412400560786181730e-05,2.059323906375194326e+02,3.278796060012455627e+01,7.929420100422155393e+00,0.000000000000000000e+00
1.190499999999924396e+00,2.183748041103630655e+01,2.244586168220075173e-02,9.609519630547134206e-01,1.394271085953824763e+00,7.798271587905850066e-02,3.138271664689259444e-01,-9.318237103187070147e+01,5.109685712586627737e+00,3.505864656082027864e+02,-2.689168523704712002e-04,2.058125052705269127e+02,1.864080301436018487e+02,6.701799192487689538e+01,1.088285730156816982e+02
1.195499999999923846e+00,2.184443760451630823e+01,2.285603527118189315e-02,9.624642905297781104e-01,1.386743481241450082e+00,8.127881067720442443e-02,2.865476533816185833e-01,-3.529860944769291020e+00,2.659331107700789731e-01,1.431459796269732543e+01,-9.952965955183513264e-05,2.057726404989850550e+02,1.148866183502960503e+01,3.234021234149054180e+00,0.000000000000000000e+00
1.200499999999923295e+00,2.185137724038282059e+01,2.325824176635203286e-02,9.638662217095833595e-01,1.377136955173008159e+00,8.442298567080651350e-02,2.825354893076453267e-01,-1.846343925638142425e+00,1.528556458378724781e-01,7.485824423707276409e+00,-7.506308721558587783e-05,2.057016457277872234e+02,6.234337087788409448e+00,1.464970992030139030e+00,0.000000000000000000e+00
1.205499999999922744e+00,2.185820987153602957e+01,2.369547606468582618e-02,9.653114285745745260e-01,1.369242322082575347e+00,8.978702617503550587e-02,2.830580007404539522e-01,-1.730974074024659970e+01,8.737507019381902662e-01,6.555952833004941738e+01,-1.317566583664761537e-04,2.056286561282565231e+02,4.615516283020957644e+01,1.103938222160803484e+01,1.051812841176209012e+01
1.210499999999922194e+00,2.186500104945918821e+01,2.408910964577132621e-02,9.667763660365611411e-01,1.339565162644001939e+00,7.612517865057999433e-02,2.850435076543608170e-01,0.000000000000000000e+00,0.000000000000000000e+00,0.000000000000000000e+00,-1.837285637586952985e-05,2.055576995202926014e+02,0.000000000000000000e+00,0.000000000000000000e+00,0.000000000000000000e+00
1.215499999999921643e+00,2.187174461784043089e+01,2.450837804876561735e-02,9.681265416315621986e-01,1.348343242974584300e+00,8.795260124583158257e-02,2.730605103584708426e-01,-1.169364336627207450e+02,6.223569521367839918e+00,4.386186094209354565e+02,-1.423814166216805319e-04,2.055139626031122759e+02,1.669113542892219186e+02,1.379117774473063207e+02,1.484794850695670902e+02
1.220499999999921092e+00,2.187840769199981139e+01,2.493964035406805169e-02,9.696076886235286407e-01,1.314200474875621971e+00,8.826942955449366968e-02,2.974238479619844555e-01,-4.114754518512205195e+00,2.918608661185014830e-01,1.668184647627661121e+01,-6.682411461527283485e-05,2.053989412049147916e+02,1.352173648150126439e+01,3.635897113886164433e+00,0.000000000000000000e+00
1.225499999999920542e+00,2.188498296325874293e+01,2.537397646692784656e-02,9.710012370566406537e-01,1.321684901584049499e+00,9.082336735021459551e-02,2.644062348944991037e-01,-1.458513234153649485e+01,6.843546545757852595e-01,5.521781140975060964e+01,-9.872342090412795403e-05,2.053766835356526315e+02,1.628568387645009352e+01,1.807762256340920715e+01,2.266923067871191577e+01
1.230499999999919991e+00,2.189155167053642614e+01,2.580501869999189679e-02,9.723546641760807407e-01,1.288889456467617212e+00,8.700000642045498112e-02,2.708996579315074982e-01,-4.689309822984504272e+00,3.437681036288731118e-01,1.882556579851900125e+01,-1.985003069160330615e-04,2.052868649124985438e+02,1.937321353207329011e+01,0.000000000000000000e+00,0.000000000000000000e+00
1.235499999999919440e+00,2.189799904227414373e+01,2.622212802544391166e-02,9.737201802623801639e-01,1.297263840406255309e+00,8.354166508663200819e-02,2.620880853748814299e-01,-1.569880187747868305e+01,7.125978431006326774e-01,5.915999886980981870e+01,-1.441049172350885969e-04,2.052258613984912756e+02,1.373377039711869152e+01,2.271066744886719135e+01,2.467738305623519324e+01
1.240499999999918890e+00,2.190446117716462027e+01,2.665431252618810296e-02,9.750699721720188506e-01,1.276875192576357065e+00,9.301920616096621963e-02,2.869773760146497876e-01,-7.693952659756124035e+01,1.757759829225761461e+00,2.921558917054493349e+02,-1.703412505701994237e-04,2.051361218489379041e+02,2.402787427263271809e+02,6.142845075682399880e+01,0.000000000000000000e+00
1.245499999999918339e+00,2.191073313757208751e+01,2.709707936986395505e-02,9.764505058610004617e-01,1.256850825581677045e+00,8.750926423118036979e-02,2.669120281017326457e-01,-1.203171885819000408e+01,5.681924753808516027e-01,4.546061742754627488e+01,-1.560658009980067911e-04,2.050860193980651331e+02,3.726015057482367610e+00,1.840998515560383098e+01,2.482391291596647420e+01
1.250499999999917788e+00,2.191707588346830704e+01,2.751342788196744701e-02,9.777284491662669996e-01,1.274960209488872120e+00,8.368323846307955394e-02,2.455152687018865854e-01,-2.511357518823006174e+01,1.295751382552582820e+00,9.477400152887634022e+01,-1.493925767116982897e-04,2.050552323085487387e+02,3.143821308337061282e+01,3.603902806113944735e+01,3.043096654230274822e+01
1.255499999999917238e+00,2.192331926157914523e+01,2.796027854478047234e-02,9.790292063880458029e-01,1.226515161933931841e+00,9.082712589178547347e-02,2.759238995570278408e-01,-9.177344143782276831e+01,4.645444998534667747e+00,3.440054395281499069e+02,-1.676662873550457001e-04,2.049420130688239396e+02,1.344200382650003291e+02,1.306976616861461196e+02,9.041828597379533505e+01
1.260499999999916687e+00,2.192945357582790677e+01,2.840574049331594936e-02,9.803969325744661401e-01,1.232447333175085147e+00,8.854432814149634789e-02,2.641159266357930857e-01,-2.428566169926692098e+01,1.156452368904466788e+00,9.124337739606815489e+01,-3.070401615281074734e-05,2.048989978577245665e+02,2.967705544101418269e+01,3.696417500083307317e+01,2.764605442850778161e+01
1.265499999999916136e+00,2.193558282622121780e+01,2.883699926176642656e-02,9.816319049580765066e-01,1.228222508132131185e+00,8.568226106548140764e-02,2.358064987732904627e-01,-2.951120589345918077e+01,1.509541237171000638e+00,1.114465713146357615e+02,-1.599093453283405384e-04,2.048669065206713356e+02,3.990140603891644844e+01,2.944287598030112463e+01,4.578227967315765312e+01
1.270499999999915586e+00,2.194163843323558183e+01,2.931454753602907512e-02,9.829122848594267214e-01,1.177592068096997791e+00,1.337370465046897883e-01,2.628913283137644386e-01,-4.221557559215853672e+01,-2.892226172819551078e+00,1.620178912534872211e+02,-1.146119988028994688e-04,2.047667344285309241e+02,1.186634801151419225e+02,0.000000000000000000e+00,4.858021748627025715e+01
1.275499999999915035e+00,2.194756816853884374e+01,2.976047704877690311e-02,9.842184808165947985e-01,1.194746494678630588e+00,7.854356284564251167e-02,2.547344255762742926e-01,-2.768332503345752116e+01,1.373666749829943967e+00,1.045093625443356444e+02,-1.129900383192237578e-04,2.047190593118780839e+02,3.431491510035059633e+01,3.629479618027053789e+01,3.735212871468358742e+01
1.280499999999914484e+00,2.195350413271574297e+01,3.024308155466241821e-02,9.854336249439119566e-01,1.172924482173837157e+00,1.085097065515898962e-01,2.296799152144055334e-01,-3.383733726567372457e+01,2.294591782001832669e+00,1.275693654230901473e+02,-2.095307720474946008e-04,2.046839523585926202e+02,8.450668916215275317e+01,1.474676752304002569e+01,3.254522824140764214e+01
1.285499999999913934e+00,2.195934361066353446e+01,3.070792635173058213e-02,9.866848213987895466e-01,1.167269926415243519e+00,8.353140886289386891e-02,2.583956367248493313e-01,-3.850100182960737527e+01,2.299592241491625888e+00,1.449700357854289905e+02,-1.005600308952264536e-04,2.045904591136757631e+02,1.497814139077040352e+02,0.000000000000000000e+00,0.000000000000000000e+00
1.290499999999913383e+00,2.196513576391243561e+01,3.110955896096369300e-02,9.879181174301375767e-01,1.141532200157307164e+00,1.012391219601276732e-01,2.274612062268931423e-01,-1.580918043827060515e+01,1.864989888869263424e-01,5.965333506080673942e+01,-1.439232241642210506e-04,2.045625051651202284e+02,6.162939251172682731e+01,0.000000000000000000e+00,0.000000000000000000e+00
1.295499999999912832e+00,2.197086825085316164e+01,3.161761685940766425e-02,9.890770365679730780e-01,1.146452432517666375e+00,9.658328008518862751e-02,2.478508644401308525e-01,-8.590512680076294316e+01,4.449979014178545356e+00,3.218213925606195858e+02,-1.098686123977763145e-04,2.044786949480882754e+02,2.244125025835399185e+02,6.663079796640323593e+01,4.157922225611245182e+01
1.300499999999912282e+00,2.197653597445842877e+01,3.206881287937876635e-02,9.903493061155819177e-01,1.114988512252841346e+00,8.540717735759111029e-02,2.402840089530931256e-01,-2.196796553377520222e+00,1.520147467913038064e-01,8.241306781187550001e+00,-9.003614798608122402e-05,2.044309591560648300e+02,8.516889385249820421e+00,0.000000000000000000e+00,0.000000000000000000e+00
1.305499999999911731e+00,2.198212339816574712e+01,3.256623181593991390e-02,9.915101832044163066e-01,1.121291663737936206e+00,9.760402229089987225e-02,2.422727647144736485e-01,-8.460567064238271939e+01,4.481999049931789436e+00,3.178510138580336388e+02,-3.723789541386877955e-05,2.043751242552432359e+02,1.940759263565220749e+02,9.404032927967844557e+01,4.034564276177346187e+01
1.310499999999911180e+00,2.198766428206620915e+01,3.303282041129460694e-02,9.926799529480109241e-01,1.106950877264232025e+00,9.618348569136288273e-02,2.390770370207598028e-01,-8.083045935620062039e+01,4.878292373053349174e+00,3.044644124191869423e+02,-1.142932570959455645e-04,2.043212328777370317e+02,1.459146992380074721e+02,9.262328110573281492e+01,7.604812859611652698e+01
1.315499999999910630e+00,2.199312248862134211e+01,3.351816147958910225e-02,9.938253673321341131e-01,1.086661219354287278e+00,8.816866212991260332e-02,2.294543486200996407e-01,-1.594323916086301374e+01,1.531673554402219306e+00,6.096240127615893556e+01,-2.089180476333440950e-05,2.042662826224692196e+02,5.370884546019792083e+01,9.214068131561546693e+00,0.000000000000000000e+00
1.320499999999910079e+00,2.199850370333985339e+01,3.400524283421314797e-02,9.949462140705299662e-01,1.070351005953722678e+00,9.225232398942889711e-02,2.347366702336473876e-01,-5.150446812409159492e+01,4.670387291426159493e+00,1.978907092467795792e+02,-2.244745981834061349e-05,2.042103514790671568e+02,2.041898712437834433e+02,0.000000000000000000e+00,0.000000000000000000e+00
1.325499999999909528e+00,2.200384361593789606e+01,3.450252997072048022e-02,9.960104421000736119e-01,1.060259201756106773e+00,1.023369947971201621e-01,2.058582533018723237e-01,-8.280704000780841056e+01,4.021273403716524086e+00,3.205030636493050338e+02,-4.514830215904784561e-05,2.041874913136755652e+02,3.208527460614740221e+02,0.000000000000000000e+00,9.706305726648196242e+00
1.330499999999908978e+00,2.200910936996072920e+01,3.496705309847236709e-02,9.970740697003888098e-01,1.049859800996831627e+00,1.042619191696439324e-01,2.089615017487254645e-01,-5.826890308781754513e+00,1.809587114688535059e-02,2.265283917583887074e+01,-2.073831719921585826e-05,2.041218411695133739e+02,2.335904533057371424e+01,0.000000000000000000e+00,0.000000000000000000e+00
1.335499999999908427e+00,2.201431576081249730e+01,3.545928611769465916e-02,9.980811546609617002e-01,1.034789735952882150e+00,1.052685173095658511e-01,2.007327729594461097e-01,-5.309492638146936727e+00,-4.403201520027419380e-02,2.100832446939039500e+01,-2.202974036131588945e-05,2.040754353839761563e+02,2.164058300967770165e+01,0.000000000000000000e+00,0.000000000000000000e+00
1.340499999999907876e+00,2.201946765933907812e+01,3.594642189087252082e-02,9.990418325281215095e-01,1.015322843633417627e+00,9.509624373327703328e-02,1.919672659705351503e-01,-5.917951499794197900e+01,2.558504178839841714e+00,2.345924820019787660e+02,-3.673103057538502220e-05,2.040332297339393790e+02,1.688366705675412334e+02,7.276442634124616404e+01,0.000000000000000000e+00
1.345499999999907326e+00,2.202456646272505481e+01,3.647313937699283443e-02,9.999544736852494786e-01,1.014834903413223355e+00,1.072061430356496120e-01,1.725150012147609324e-01,-3.645190978163542894e+01,1.610991577889149484e+00,1.463767947024743989e+02,-3.667720519401253959e-05,2.039979473204004137e+02,7.005582096987562579e+01,6.256615890888311071e+01,1.801258916761914719e+01
1.350499999999906775e+00,2.202957530143900300e+01,3.696149306211225088e-02,1.000797899599602747e+00,1.005035817048286484e+00,9.928462731763701421e-02,1.659415529770428277e-01,0.000000000000000000e+00,0.000000000000000000e+00,0.000000000000000000e+00,0.000000000000000000e+00,2.039520045454142121e+02,0.000000000000000000e+00,0.000000000000000000e+00,0.000000000000000000e+00
1.355499999999906224e+00,2.203456157379779157e+01,3.748103388539496261e-02,1.001558482610169332e+00,9.816164971518205329e-01,1.039950270343443645e-01,1.449327374968510940e-01,-4.066307315873973494e+01,1.871188062566430999e+00,1.693949259742260267e+02,-6.265253424973349188e-05,2.039154540099261226e+02,8.488338426869199793e+01,6.687304929101104278e+01,2.220462466433321680e+01
1.360499999999905674e+00,2.203947901919301700e+01,3.798643569500186057e-02,1.002251152326118167e+00,9.864932747442114458e-01,1.079647557775975930e-01,1.278058564354079552e-01,-2.327640180220303279e+01,1.072877598718388281e+00,9.933687606517695201e+01,-4.554114296999095188e-05,2.038835947752397999e+02,4.951521169347414997e+01,3.904406805841733075e+01,1.332416331474939852e+01
1.365499999999905123e+00,2.204433013752554515e+01,3.851194370340943474e-02,1.002830962464147158e+00,9.599887346191394721e-01,9.792430663158734061e-02,1.089737945386163448e-01,-3.425244599420783942e+01,2.182919960533864501e+00,1.504586532480343521e+02,-1.006832931494570319e-04,2.038471428987657248e+02,1.540877072847845852e+02,0.000000000000000000e+00,0.000000000000000000e+00
1.370499999999904572e+00,2.204917384101691269e+01,3.895355970549120583e-02,1.003329850570092052e+00,9.693218868054658266e-01,1.008676988173715650e-01,8.668849183123145119e-02,-1.822675638840392409e+01,9.081729575208008498e-01,8.220815138462528182e+01,-8.788570921997962242e-05,2.038210527404362153e+02,6.640308219855722882e+01,1.768335927694117160e+01,0.000000000000000000e+00
1.375499999999904022e+00,2.205393798202011268e+01,3.946996611723436327e-02,1.003688136799546493e+00,9.402091418809850332e-01,1.039119961045065765e-01,6.142329439279332198e-02,-2.668523132477323756e+01,1.326687309714820628e+00,1.245802674432648729e+02,-1.156121717506837336e-04,2.037890927836232606e+02,7.859316792827283393e+01,2.985236294468928264e+01,1.878152027831989557e+01
1.380499999999903471e+00,2.205861714730051304e+01,4.008023741743344665e-02,1.003935980093824121e+00,9.400857953780127341e-01,1.329871145945107913e-01,3.645285130149961833e-02,-1.302345286787578260e+01,6.864458274576696883e-01,6.346577227782845654e+01,-1.182278090834047030e-04,2.037694202261848488e+02,6.469648059986955957e+01,0.000000000000000000e+00,0.000000000000000000e+00
1.385499999999902920e+00,2.206327717189829585e+01,4.067573562913095325e-02,1.004033861905897496e+00,9.248737757130507386e-01,1.090024185862778772e-01,7.092005148226078297e-03,-1.848619143088245664e+01,1.131751248780580976e+00,9.380748289672789042e+01,-3.283827288122593505e-04,2.037421579756075403e+02,9.547661613565605876e+01,0.000000000000000000e+00,0.000000000000000000e+00
1.390499999999902370e+00,2.206795488368063474e+01,4.100584053252574052e-02,1.004004175208848881e+00,9.409579181597830244e-01,4.396298633564657554e-02,-1.774779805733747370e-02,-1.518938850233362459e+01,8.383493348644541765e-01,8.206181571134681008e+01,-2.220476255530194967e-05,2.037301044674411798e+02,4.729342103426754562e+01,2.607850567109524675e+01,9.966084224199295960e+00
1.395499999999901819e+00,2.207254560395124798e+01,4.154075449633498618e-02,1.003823456812329207e+00,9.021746344495119585e-01,1.562359332362629194e-01,-5.165318565878348339e-02,-1.012418996014782380e+01,-8.277981012246888870e-01,5.962895639820879978e+01,-5.473107543634220598e-05,2.037100454556896807e+02,6.041240885573068908e+01,0.000000000000000000e+00,0.000000000000000000e+00
1.400499999999901268e+00,2.207708148962517924e+01,4.217544690058416812e-02,1.003478810717752356e+00,9.154318220777141191e-01,8.854844336180921205e-02,-8.284512283119965792e-02,-8.961634296453624415e+00,9.947951202337649290e-01,5.536397272658697233e+01,-2.173705295854318643e-04,2.036910055119070364e+02,5.599793581351773497e+01,0.000000000000000000e+00,0.000000000000000000e+00
1.405499999999900718e+00,2.208167118740340840e+01,4.252779713144665824e-02,1.002974296906202989e+00,9.079341844709780673e-01,1.035057377321604855e-01,-1.171490712401136031e-01,-5.938601689880993462e+00,-5.127719409705510101e-01,4.077492788401040968e+01,-9.588151444334873201e-05,2.036776906713232904e+02,4.115672496995961183e+01,0.000000000000000000e+00,0.000000000000000000e+00
1.410499999999900167e+00,2.208616596114233488e+01,4.312843065661276648e-02,1.002281282422679665e+00,8.928027998777240404e-01,1.145386484100225644e-01,-1.551916622101013887e-01,-6.978972616420714203e+00,3.892117150738777509e-01,4.881038867658562452e+01,-1.389089250829742862e-04,2.036619646286258671e+02,2.807465031898835761e+01,1.250853404730898966e+01,8.654271725692488815e+00
1.415499999999899616e+00,2.209064776119258156e+01,4.357947596988084177e-02,1.001411675976519478e+00,9.131160592818933219e-01,6.708788516416322456e-02,-1.896887932551664102e-01,0.000000000000000000e+00,0.000000000000000000e+00,0.000000000000000000e+00,0.000000000000000000e+00,2.036549056416853603e+02,0.000000000000000000e+00,0.000000000000000000e+00,0.000000000000000000e+00
1.420499999999899066e+00,2.209514893016793735e+01,4.404584839260076295e-02,1.000347931370165089e+00,8.911062359663732835e-01,9.839058942494875726e-02,-2.306777391750607920e-01,-4.644913427136309281e+00,3.696967649859841942e-01,4.120895336834976774e+01,-2.235844326593909321e-04,2.036400802092929325e+02,1.330896775006378441e+01,1.701578270546961136e+01,1.108703553580008361e+01
1.425499999999898515e+00,2.209955726910587259e+01,4.455082984025045267e-02,9.990956091056083510e-01,8.741756818765454851e-01,1.079524127716026127e-01,-2.662046785105331437e-01,-5.164309670919882578e+00,-1.076406901584980313e-01,4.930266918359917838e+01,-1.371524553370317284e-04,2.036308906952822042e+02,4.950763422287968041e+01,0.000000000000000000e+00,0.000000000000000000e+00
1.430499999999897964e+00,2.210392607302285839e+01,4.522890954948061148e-02,9.976583573155317630e-01,8.780930247272830114e-01,1.265469055685640998e-01,-3.055066725329272925e-01,-2.682900789307864464e+00,2.301335300652156413e-01,3.211875020018000271e+01,-1.817302102620874278e-04,2.036215616964747142e+02,3.141861096953302024e+01,0.000000000000000000e+00,7.652507608607780343e-01
1.435499999999897414e+00,2.210831586428206208e+01,4.575790973998089539e-02,9.960260380609066155e-01,8.787170350412842890e-01,8.855333494622869006e-02,-3.431519836826533165e-01,-3.039205205058368442e+00,4.497512866394757225e-01,4.496203088887646260e+01,-2.543554592723384217e-04,2.036094814899748258e+02,4.499670525429134216e+01,0.000000000000000000e+00,0.000000000000000000e+00
1.440499999999896863e+00,2.211275870491547124e+01,4.609169475208434175e-02,9.942051308078800886e-01,9.009057898832806277e-01,6.019193608696809389e-02,-3.834831660026356004e-01,-7.644355134581866107e-01,1.083967926838842188e-01,1.486437101077936518e+01,-4.621987892234778392e-05,2.036049833734625452e+02,1.074272379617462647e+01,4.120576078808076304e+00,0.000000000000000000e+00
1.445499999999896312e+00,2.211718862699409982e+01,4.647880075869184613e-02,9.921720531328999115e-01,8.744440071976605777e-01,8.942260452383110625e-02,-4.246776918111244692e-01,-1.011011516944642530e+00,3.570174974760936815e-01,3.596327738957159426e+01,-3.990802575989387153e-04,2.035902906347893975e+02,3.593199485842349361e+01,0.000000000000000000e+00,0.000000000000000000e+00
1.450499999999895762e+00,2.212149164608150542e+01,4.715124011921330294e-02,9.899995410589721434e-01,8.432082173163268912e-01,1.884387109570518914e-01,-3.893635855618171604e-01,-9.115543200061689504e+02,-4.585466781431773597e+01,1.601771452190008858e+03,-2.822735278820893284e-03,2.030216098420074502e+02,1.503936173463354862e+03,2.238723554590977756e+02,7.682897112044383903e+02
1.455499999999895211e+00,2.212465823139671528e+01,4.788070405801388846e-02,9.888773579194457541e-01,4.817317105330761184e-01,1.148617311611338926e-01,-1.184283074187686413e-01,-1.229500421104210545e+03,-1.315885488043885516e+02,1.013611338925639416e+03,-7.882585131494902753e-03,1.948444663590170478e+02,5.322213679317995229e+03,2.252328992022824423e+03,4.966156240460111803e+03
1.460499999999894660e+00,2.212630753425544228e+01,4.828921292975960761e-02,9.887073735713179934e-01,2.241368331111698586e-01,5.730437519837948412e-02,1.851761827116075315e-02,-7.375934398901143823e+02,-1.127897076857214245e+02,5.117883128783822713e+02,-9.646943940852964819e-03,1.922191632650346662e+02,7.574689244046621752e+03,3.260694592417371041e+03,6.233919409620509214e+03
1.465499999999894110e+00,2.212702560780060068e+01,4.849042481896866097e-02,9.889860288480594175e-01,9.322604686344963809e-02,3.090731457099240784e-02,8.062836518746718806e-02,-3.582114916028523908e+02,-4.936766405767919252e+01,3.388854831752796599e+02,-1.059754475572497953e-02,1.917701007927167041e+02,9.003560140962736114e+03,3.685664721727887809e+03,6.836761722242468750e+03
1.470499999999893559e+00,2.212731300428326975e+01,4.862778225822238232e-02,9.894967315386888895e-01,3.457459774259010604e-02,2.679288447846028820e-02,1.166809991943169589e-01,-1.573415063418097759e+02,5.489923707233108630e+00,2.626821480285374264e+02,-1.157427824481054197e-02,1.918643021557537338e+02,9.545702218066498972e+03,3.848868332227277278e+03,7.020124706904322011e+03
1.475499999999893008e+00,2.212743763402792041e+01,4.873294561863664165e-02,9.901155010313481553e-01,1.905720708741280578e-02,1.734113104069117534e-02,1.275837529797890224e-01,-3.328616714287338141e+01,-2.719797256374875971e+01,1.846090741305248741e+02,-1.249687797273689623e-02,1.920198587838110029e+02,9.166020668822793596e+03,3.909928674059826335e+03,7.014123329266237306e+03
1.480499999999892458e+00,2.212751870504037299e+01,4.881651000545352698e-02,9.907554714030635257e-01,1.498496927842613881e-02,1.708652111995974734e-02,1.275711647532548898e-01,-1.349919806100859887e+01,-1.267380943063601073e+01,1.621583253095396060e+02,-1.334807704631938742e-02,1.921563894637158398e+02,9.803550020183140077e+03,3.781067447457383423e+03,7.209188188637375788e+03
1.485499999999891907e+00,2.212758406837077985e+01,4.890169057804572006e-02,9.913803947342060274e-01,1.129905507178337494e-02,1.818050436375538703e-02,1.216667043436624601e-01,-1.706507744638276947e+01,3.838790253089336346e+01,1.430706060990609103e+02,-1.423685348107093032e-02,1.922454221313941787e+02,9.979592376797287216e+03,3.630061915441226574e+03,7.245469197218889349e+03
1.490499999999891356e+00,2.212764835805080565e+01,4.903673922405019092e-02,9.919474355150537104e-01,1.358710013826714552e-02,3.322631351081979656e-02,1.056418984906836583e-01,-1.767089981958597633e+01,2.980477434107809742e+01,1.193317533742848013e+02,-1.490533316126449806e-02,1.923525473876749459e+02,1.037560166302890866e+04,3.705833675555522859e+03,7.673614255355678324e+03
1.495499999999890806e+00,2.212771606722670725e+01,4.923994672011079710e-02,9.924170413930195611e-01,8.630906665733885375e-03,4.495191060608814959e-02,8.497913120823021027e-02,-8.851652286972451122e+01,-1.837662295695900383e+01,1.175842979389698826e+02,-1.549848021956508511e-02,1.925244445511026470e+02,1.101409240571670125e+04,3.701253816859392373e+03,7.367429380245808716e+03
1.500499999999890255e+00,2.212771893349719932e+01,4.948419637154673895e-02,9.927822323736594790e-01,-4.237193421344819487e-03,5.276598334051980227e-02,6.222758384761217093e-02,-4.608829331738749602e+01,3.878009986659331787e+01,9.552117912437647362e+01,-1.632473129963894765e-02,1.927361340681656543e+02,1.134426543077404676e+04,3.678405520061312473e+03,7.540585865264229142e+03
1.505499999999889704e+00,2.212763206528471827e+01,4.986028099952506676e-02,9.930332042575658047e-01,-3.380477843252476661e-02,9.827642966208334496e-02,4.167256983493660555e-02,-1.855585063039018223e+02,2.140042194303496785e+02,1.361660731228711825e+02,-1.731750820252473538e-02,1.930188389781514786e+02,1.140901047425396791e+04,4.632256244574751690e+03,8.832875827452095109e+03
1.510499999999889154e+00,2.212738110097862076e+01,5.047587033126332140e-02,9.931849595312254309e-01,-5.994930838376066190e-02,1.417489494777858516e-01,2.048329645561230636e-02,-2.177119256279226533e+01,1.962620068214148148e+02,1.016605194614038794e+02,-1.812243847525532928e-02,1.933454080323188293e+02,1.121096219611783999e+04,5.073538021603835659e+03,9.383624351441370891e+03
1.515499999999888603e+00,2.212708680706271736e+01,5.129807526669396406e-02,9.932191491204565015e-01,-5.325410046903270023e-02,1.779446349820341666e-01,-3.765510450227423176e-03,2.293645759839728271e+01,1.638217301019278693e+02,1.310464188557682235e+02,-1.874457062328405491e-02,1.936120456230253524e+02,1.104149658655049461e+04,4.481680672305556072e+03,8.959314642721939890e+03
1.520499999999888052e+00,2.212682133858975320e+01,5.230319202183064675e-02,9.932156850137454640e-01,-5.394897297872419673e-02,2.193302052127048818e-01,1.288459730198297966e-02,9.260615471272551247e+00,2.140538596477577755e+02,3.724859496747733942e+02,-1.918132337083790911e-02,1.940555613813776290e+02,1.178804771988114953e+04,5.023048899016598625e+03,9.496315770846324085e+03
1.525499999999887502e+00,2.212656513237766021e+01,5.348755559999809200e-02,9.934158285550410694e-01,-4.855656672579863886e-02,2.469337867705315437e-01,6.189908010336115513e-02,2.675405265110863695e+01,5.310817129912088319e+01,3.599908267218283413e+02,-1.953198569172277452e-02,1.946763729137040002e+02,1.174654111210330120e+04,5.399226108296948951e+03,9.715760998111296431e+03
1.530499999999886951e+00,2.212633355908394961e+01,5.472618006645122574e-02,9.938208357297942941e-01,-4.491833188777215324e-02,2.373845172137054316e-01,9.276803509410259940e-02,4.533445550061546214e+01,-1.285198352292842969e+02,2.590889813614705872e+02,-2.009225917433282022e-02,1.950420939776362843e+02,1.189912241043506765e+04,5.767928473009013942e+03,9.994488189614567091e+03
1.535499999999886400e+00,2.212610760274095867e+01,5.584609369110226512e-02,9.943475335144975613e-01,-4.163501375490478995e-02,2.223304255654983130e-01,1.154922062258788990e-01,9.373927459305431853e+01,1.850012262944551082e+02,2.875990552877022992e+02,-2.068639466948010361e-02,1.951616777034542736e+02,1.182588922206298048e+04,5.641519105753021904e+03,9.552245266038746195e+03
1.540499999999885850e+00,2.212592708271447606e+01,5.695362482768875911e-02,9.950034347531824253e-01,-3.196098653022025338e-02,2.270208236750413389e-01,1.451928165839583840e-01,6.223044255332098373e+01,1.846728854085855289e+02,3.204028912803813682e+02,-2.089959001136968905e-02,1.956530833794154489e+02,1.206059219576382020e+04,6.031631678858340820e+03,9.673926435884492093e+03
1.545499999999885299e+00,2.212578600230072112e+01,5.811626659647681908e-02,9.958290340984738975e-01,-2.637415368166698762e-02,2.420535766746273465e-01,1.821281644691374046e-01,2.733243585616726534e+01,2.218800158323640517e+02,3.379202922800585611e+02,-2.090227190524304030e-02,1.964978026417134629e+02,1.226955153814057303e+04,6.872783270337063186e+03,9.990004885846035904e+03
1.550499999999884748e+00,2.212562619883468429e+01,5.942258542129169596e-02,9.968535672677331094e-01,-3.653180398860374212e-02,2.704783867722702073e-01,2.237589425968513346e-01,-3.064766078807066663e+01,1.918311825379917224e+01,3.467651346260146852e+02,-2.098941614560279750e-02,1.976244640719687879e+02,1.373923057006937233e+04,7.530449856962647573e+03,1.094692070405778213e+04
1.555499999999884198e+00,2.212542237116949551e+01,6.084244082761987304e-02,9.980812706622315122e-01,-4.328253248034655276e-02,2.945597206543587587e-01,2.627164107227090706e-01,2.243005582633588801e+01,3.814052020072236360e+01,3.286066798450950728e+02,-2.128262080543272608e-02,1.987371335214940871e+02,1.347543583385348393e+04,7.728121445983101694e+03,1.071709890629902657e+04
1.560499999999883647e+00,2.212517411044989757e+01,6.239067147275089570e-02,9.994988853151847152e-01,-5.372787330932039807e-02,3.238787001327255166e-01,2.995587585056105895e-01,2.787664196315503773e+00,9.665893509629083269e+01,3.212955716895830847e+02,-2.170417348372458491e-02,2.000022143333478084e+02,1.425873984850248416e+04,8.029139996687405073e+03,1.098641259652287408e+04
1.565499999999883096e+00,2.212484200814036228e+01,6.402073274310490780e-02,1.001094067683974798e+00,-7.614286911294768090e-02,3.189191245616593284e-01,3.332310398552830732e-01,-1.889550225486510726e+01,3.174476515075057748e+01,3.036289643359590400e+02,-2.233257650699752711e-02,2.010431631400600452e+02,1.250904444635343498e+04,9.315766335089161657e+03,1.215724786907180533e+04
1.570499999999882546e+00,2.212439431918217636e+01,6.556244157884490165e-02,1.002829800251571646e+00,-9.422225964066720250e-02,2.957898204607170567e-01,3.551558441399649269e-01,1.838173557905604412e+02,-1.263697103337675713e+02,2.079778901890023235e+02,-2.289958024218361615e-02,2.017562436740021781e+02,1.255797250707811327e+04,9.768298420766312120e+03,1.280801129450124608e+04
1.575499999999881995e+00,2.212392524457236220e+01,6.714179044604635938e-02,1.004629868430730433e+00,-9.334430233166540747e-02,3.344817654748352687e-01,3.640487859913253965e-01,6.468562309636536156e+01,1.262993145301938540e+02,2.090078675046386820e+02,-2.360095265948934651e-02,2.022971421140069026e+02,1.264297663565808034e+04,9.327127140455148037e+03,1.132182551513867838e+04
1.580499999999881444e+00,2.212342195505563680e+01,6.896370385026986960e-02,1.006486541788830014e+00,-1.022360215968016878e-01,3.972226916823179965e-01,3.755889162305005580e-01,1.720269777716807269e+01,3.127615859224465567e+02,2.120161107497131070e+02,-2.482996451117343642e-02,2.031053083610135559e+02,1.354211074229393853e+04,9.161744885824189623e+03,1.102888830430115740e+04
1.585499999999880893e+00,2.212300209582989652e+01,7.114076476476259570e-02,1.008379552262345547e+00,-7.492712193361246442e-02,4.648080133929199942e-01,3.856296232360071907e-01,-2.630236845341480745e+01,3.232596873413581875e+02,2.898055882128847998e+02,-2.647638960883311188e-02,2.043118701373846022e+02,1.337417046902599941e+04,9.077289121604144384e+03,1.091050653210156634e+04
1.590499999999880343e+00,2.212259637988296745e+01,7.352252088921705508e-02,1.010389635205630077e+00,-9.251363263090511824e-02,4.899917269795224795e-01,4.164422390209044922e-01,-5.777355687529978923e+01,-8.101495557326356334e+01,3.570346997352228300e+02,-2.779012665325612114e-02,2.052726848913702611e+02,1.293174720928044007e+04,1.096856495724877459e+04,1.114177598076167487e+04
1.595499999999879792e+00,2.212221298059515462e+01,7.594403887532685804e-02,1.012548744277991242e+00,-5.376861616631401636e-02,4.721916404496471209e-01,4.451958163182541117e-01,1.601749127782704534e+02,1.001241554680262311e+02,3.093765567639067058e+02,-2.913938783633253718e-02,2.064354535882119990e+02,1.327298364882285023e+04,1.062062412717206280e+04,1.234325318718918425e+04
1.600499999999879241e+00,2.212203894018259476e+01,7.828397261864437906e-02,1.014876921852810421e+00,-3.609165020537404012e-02,4.568727931470011883e-01,4.851545912700028218e-01,1.098005980815230771e+02,-2.223985302861701427e+02,3.375883474165683538e+02,-3.033188217781678658e-02,2.076873687357821439e+02,1.262374184191817949e+04,1.235040180352326752e+04,1.232764546451952629e+04
1.605499999999878691e+00,2.212184407800973318e+01,8.040098032816601903e-02,1.017414963952942619e+00,-4.256299668593422486e-02,4.049418280738085185e-01,5.239423475204317837e-01,1.516620802961944037e+01,-1.707695930066100800e+02,3.137005122986121251e+02,-3.184706883043352671e-02,2.082514332989711932e+02,1.326160564831137162e+04,1.226663666587228363e+04,1.263161254992339309e+04
1.610499999999878140e+00,2.212171405028026427e+01,8.231410650685322405e-02,1.020082866486056838e+00,-1.784954840361064471e-02,3.665021094428670412e-01,5.409254800340446145e-01,3.154064949074864899e+00,-1.263376196444150139e+02,2.544415737051180031e+02,-3.364531973813032067e-02,2.086615593239777411e+02,1.336126376864518534e+04,1.226635903052844878e+04,1.296371920145559125e+04
1.615499999999877589e+00,2.212169367887248228e+01,8.410551522075282449e-02,1.022778959791781350e+00,7.953699245045077817e-03,3.499100837408474773e-01,5.350773665980020910e-01,1.619847036443823072e+02,-7.788850300730685206e+01,1.066433634918633970e+02,-3.559650445688071485e-02,2.090544681736507187e+02,1.211581938666930728e+04,1.240234026987823017e+04,1.325577668017537690e+04
1.620499999999877039e+00,2.212177034937605313e+01,8.580582291649654914e-02,1.025413552077400370e+00,2.012631659946075360e-02,3.270366538750555385e-01,5.189220495623305673e-01,1.901609646687421673e+01,-3.367493698500286570e+01,1.084801570402069046e+02,-3.747937110131072114e-02,2.095750543443644460e+02,1.386479703085715119e+04,1.195937518770953102e+04,1.356930316817750827e+04
1.625499999999876488e+00,2.212189477076045208e+01,8.739771478779082003e-02,1.027934483806746790e+00,2.502235282209488987e-02,3.107265902656794476e-01,4.926928853274130660e-01,-9.611044682504132197e+01,-7.448533986306712507e+01,1.203629011698270688e+02,-3.963504067548635074e-02,2.103822205323739070e+02,1.391872665593940837e+04,1.232089048564695804e+04,1.403608783164239321e+04
1.630499999999875937e+00,2.212205757102212544e+01,8.892772119560343747e-02,1.030293611436180035e+00,4.161591871819519256e-02,2.959206575641700754e-01,4.546186565848643890e-01,-6.089996724856257515e+01,-7.150206167583084138e+00,9.276243497452537667e+01,-4.188553508039786349e-02,2.114357857602283275e+02,1.428887611309888598e+04,1.177275854108740168e+04,1.426443893980444773e+04
1.635499999999875387e+00,2.212224785070113597e+01,9.040131923946889692e-02,1.032480123252525583e+00,3.863769520670866375e-02,2.949225470097376345e-01,4.212378041290264497e-01,2.882134041709136341e+00,-1.470360962145414874e+01,4.974969297466064688e+01,-4.421307028972063652e-02,2.126657368880163688e+02,1.401067572223551906e+04,1.264792171859679911e+04,1.489030955052289573e+04
1.640499999999874836e+00,2.212245793287067741e+01,9.185663332317518803e-02,1.034490945929255723e+00,4.103471613234678517e-02,2.864159700485300886e-01,3.893448281928152399e-01,6.781768912706739094e+00,-6.866857848800626130e+01,6.036554660965624208e+01,-4.649230169401093182e-02,2.141812968062721154e+02,1.384167009518446685e+04,1.281974312025720610e+04,1.525013168276990655e+04
1.645499999999874285e+00,2.212269856917530220e+01,9.326535973071889418e-02,1.036346059956080534e+00,5.309549073941667585e-02,2.722524073390475419e-01,3.579293347052539542e-01,3.393465244821810245e+01,-1.353924496333967227e+02,6.721575569911087200e+01,-4.874204982882298504e-02,2.159611257236508663e+02,1.488218517750862156e+04,1.285356928074715324e+04,1.596397715574969334e+04
1.650499999999873735e+00,2.212303515045552871e+01,9.457741449596450412e-02,1.038039902103288670e+00,7.848039048617400093e-02,2.593332482095521141e-01,3.230514513288182954e-01,1.992117480145716968e+01,-5.708425413651877989e+01,7.344200841991704465e+01,-5.103282009508437050e-02,2.178640314684883492e+02,1.454564141401910638e+04,1.329704364152253038e+04,1.578135128023257312e+04
1.655499999999873184e+00,2.212345787963746346e+01,9.584809582394783478e-02,1.039606947558553873e+00,8.834096573187050216e-02,2.482351362156264285e-01,3.065901692672030610e-01,-2.942605771624351974e+02,4.179697321417907574e+02,2.722360513745779258e+02,-5.353103181744312683e-02,2.201500783073640832e+02,1.662559604404697529e+04,1.226278842093942330e+04,1.567335880017424643e+04
1.660499999999872633e+00,2.212392245280631542e+01,9.707422966998752178e-02,1.041088841305320978e+00,9.725077129297451939e-02,2.404664373706405234e-01,2.899308675217622255e-01,-7.912649331946823850e+00,-1.306198765933332311e+02,1.211023549510592829e+02,-5.614815253314185683e-02,2.227074930290252155e+02,1.549008255985565120e+04,1.392483425747641377e+04,1.648313410925539574e+04
1.665499999999872083e+00,2.212441563874435602e+01,9.823708577575407386e-02,1.042495931546962629e+00,9.689579352793213640e-02,2.250711867171758807e-01,2.751823523861621212e-01,7.249404922629310022e-02,-1.092949205959816510e+02,9.681119650834608592e+01,-5.886413089942590937e-02,2.251487458452826331e+02,1.586379033147025439e+04,1.357733391891580504e+04,1.688634609133377307e+04
1.670499999999871532e+00,2.212489617125674712e+01,9.932103425341082259e-02,1.043829192246482851e+00,9.981975763074781016e-02,2.114446543674790846e-01,2.553056323413510076e-01,1.835449098931886169e+01,-8.104582577021017187e+01,6.516469595536608495e+01,-6.163545903505097956e-02,2.275039513656127212e+02,1.738775194732910313e+04,1.387641484024174861e+04,1.698159837212977436e+04
1.675499999999870981e+00,2.212542097604274716e+01,1.003383411020986465e-01,1.045033905031540922e+00,1.073078162449889322e-01,1.949475353744323514e-01,2.291347336270136426e-01,-1.855822121161125438e+01,-1.400310763181930724e+02,7.803309880307966750e+01,-6.440152038346644292e-02,2.295678629342606314e+02,1.698527396848725039e+04,1.448486880946860219e+04,1.734544239193492831e+04
1.680499999999870431e+00,2.212594612583767173e+01,1.012157018362423166e-01,1.046114945117061490e+00,1.071229887575292222e-01,1.587516637541676323e-01,2.020028504186656415e-01,4.195170821183154430e+00,-1.552423269897941793e+02,5.321736070146693010e+01,-6.720399845549800133e-02,2.316357648463354337e+02,1.737815970955253943e+04,1.501657791386601093e+04,1.878495500170628293e+04
1.685499999999869880e+00,2.212649369101109187e+01,1.018924600749132187e-01,1.047044456540179080e+00,1.060629937811749524e-01,1.221758111983494294e-01,1.756261272081694746e-01,-2.606074273010258935e+01,-1.724908050033333780e+02,7.581106394906913692e+01,-7.001553268106895656e-02,2.339459589878455290e+02,1.776242753392238228e+04,1.502587996985444079e+04,1.978246203578194400e+04
1.690499999999869329e+00,2.212700087508478930e+01,1.024286170971974858e-01,1.047840530788176849e+00,9.713360180181850045e-02,9.705786214217765329e-02,1.462550857945781879e-01,-1.175119465805094450e+02,1.769515821443198718e+02,1.168149797611839062e+02,-7.284264665084023982e-02,2.363674225543587397e+02,1.971344039746292765e+04,1.506630530210010693e+04,1.965724416121269678e+04
1.695499999999868779e+00,2.212752114326106678e+01,1.028376440905834077e-01,1.048484562987717972e+00,1.046242273496720554e-01,7.077606367829822331e-02,1.144271842508659126e-01,6.001312446251381516e+01,-1.692756923822998090e+02,4.438632573730194508e+01,-7.571667993337465041e-02,2.389840922628195301e+02,1.846069831197827079e+04,1.673480446227186985e+04,2.117703783473348085e+04
1.700499999999868228e+00,2.212799670712843891e+01,1.030781653673892434e-01,1.049029861309778600e+00,9.238618805469693551e-02,3.663092555501145514e-02,9.983413734070055445e-02,-7.438155237493134564e+00,-3.350297915320132347e+02,1.276348570346483200e+02,-7.882018398572764040e-02,2.420926837932987610e+02,1.890992028608026521e+04,1.781025254092686009e+04,2.188483739987368244e+04
1.705499999999867677e+00,2.212839946115204981e+01,1.031205059007341829e-01,1.049548646202624003e+00,7.517974380492611908e-02,-6.973174641593478384e-03,1.055556108684292116e-01,-1.702411909425173064e+01,-3.144485263921725391e+02,2.086817709846620232e+02,-8.047122045243429445e-02,2.458245969294752342e+02,1.943331235064059001e+04,1.885859093040502557e+04,2.188711319997430110e+04
1.710499999999867127e+00,2.212876272873875294e+01,1.029241816729353914e-01,1.050086755867319477e+00,6.861094121434585524e-02,-5.835379722369812838e-02,1.099115392871271024e-01,6.408431083412367002e+01,-4.649716306515204423e+01,1.627864319693510140e+02,-8.257781961287023742e-02,2.482690107495396603e+02,2.108235411277601452e+04,1.984721117189344295e+04,2.170439258649648400e+04
1.715499999999866576e+00,2.212906546453709566e+01,1.025879252871619157e-01,1.050639307902749842e+00,5.575895201071021101e-02,-7.326354017594045864e-02,1.102698412143616191e-01,3.352609560895920282e+01,-3.208173035255774863e+01,1.739478927493092897e+02,-8.426824804772041488e-02,2.492625523036154220e+02,2.144864400928928808e+04,2.013464309758181844e+04,2.217179668888622473e+04
1.720499999999866025e+00,2.212933774838020895e+01,1.021976474623154246e-01,1.051179555070103078e+00,5.487590491386072633e-02,-8.108566875543246621e-02,1.054457100840125588e-01,2.259765774934060545e+01,-1.988397042155209959e+01,1.714201475311470233e+02,-8.561962189232702469e-02,2.494041793113801759e+02,2.192671447568638905e+04,2.041328385997374426e+04,2.260814091618432576e+04
1.725499999999865475e+00,2.212961666664832805e+01,1.017732294848945340e-01,1.051659650563431470e+00,5.565875300305150875e-02,-8.816887540854946581e-02,8.709075197938127844e-02,2.429914453391126727e+01,-3.500484017672312120e+01,1.260849035270284020e+02,-8.682415995257905528e-02,2.490829252229214887e+02,2.186512072381511462e+04,2.076773970386765723e+04,2.313390881117815297e+04
1.730499999999864924e+00,2.212990190531548151e+01,1.013082282808599882e-01,1.052034660846517866e+00,5.914823825364154408e-02,-9.878420991116379501e-02,6.205621714449428838e-02,7.465983662650677388e+01,-7.447162547798706100e+01,6.219377115922881671e+01,-8.799106806699030781e-02,2.485249032820561297e+02,2.260670778321367834e+04,2.150143455886602896e+04,2.263907286929933980e+04
1.735499999999864373e+00,2.213019060119122017e+01,1.007700863747095082e-01,1.052260398600527003e+00,5.388808771290587440e-02,-1.146790587896185931e-01,3.300345654248684063e-02,-6.211215092545133132e+01,-7.656641218057517051e+01,1.302229033066223280e+02,-8.923348106408789115e-02,2.478963104339680683e+02,2.273715227948161555e+04,2.157162443719552903e+04,2.339524877072119853e+04
1.740499999999863823e+00,2.213043751459650110e+01,1.002168253745545495e-01,1.052384731090434400e+00,4.810174047122180857e-02,-1.046962089051220179e-01,1.834491242061451685e-02,-3.468885495876398295e+01,2.748858720383143606e+00,1.556700687394429394e+02,-9.053291738490039375e-02,2.471158698357452295e+02,2.381655324600025779e+04,2.143688666157891930e+04,2.418575856905246837e+04
1.745499999999863272e+00,2.213069683326680348e+01,9.971537463812976676e-02,1.052448679341694948e+00,5.645302133281136087e-02,-9.769852727296232664e-02,1.040099718669015329e-02,-7.193546751659110328e+01,5.270786169835223234e+01,2.547875774068742487e+02,-9.187434675522333782e-02,2.462888232023617547e+02,2.528486470867191747e+04,2.156763209856524554e+04,2.506624044988103196e+04
1.750499999999862721e+00,2.213100204634751123e+01,9.925086214490433378e-02,1.052534151338638146e+00,6.418251457760312806e-02,-8.828503918155723718e-02,2.671324087509700448e-02,2.511717959886183849e+00,4.148028629613204288e+01,2.991591438920671635e+02,-9.326430883047481801e-02,2.455102158689325620e+02,2.575575831553813623e+04,2.186291795648161860e+04,2.523025129893565463e+04
1.755499999999862171e+00,2.213137657569465944e+01,9.884338133575745755e-02,1.052772121233032321e+00,8.109994930653162404e-02,-6.747818956842271954e-02,7.242252885287067676e-02,1.711455431464495973e+02,-1.894540806060397813e+02,2.793537501243797010e+02,-9.372956933373068067e-02,2.437831844621525192e+02,2.606485348277979574e+04,2.226216765014088742e+04,2.549733720237909438e+04
1.760499999999861620e+00,2.213187251477899053e+01,9.852020781171640096e-02,1.053257621948124001e+00,1.159924980649444520e-01,-6.630460603591606383e-02,1.179401701428940408e-01,2.331294452534338575e+02,-1.392822464336057351e+02,3.088353620966732933e+02,-9.349358773436744485e-02,2.416676761098751740e+02,2.557303145601063807e+04,2.281886230790372429e+04,2.551323638712830871e+04
1.765499999999861069e+00,2.213255479392982394e+01,9.817948118187022621e-02,1.053997966401265307e+00,1.539711863172092132e-01,-6.457446276262425455e-02,1.747849580535506264e-01,2.148969215299681537e+02,-2.408058411655720761e+02,3.360740025293308122e+02,-9.400300876316916576e-02,2.402427457115212519e+02,2.610678690655695391e+04,2.289824142923531326e+04,2.592971081745464835e+04
1.770499999999860519e+00,2.213341451041763719e+01,9.784130731010677595e-02,1.055037450682334121e+00,1.866699513342462147e-01,-5.793213540158487218e-02,2.351717405653931670e-01,1.890725918463296580e+02,-3.485894800481164424e+01,3.352781420158785863e+02,-9.410180262472134238e-02,2.386663588156198159e+02,2.443045997894747779e+04,2.249814449280530971e+04,2.649032158170230468e+04
1.775499999999859968e+00,2.213442108766205152e+01,9.763889584078797035e-02,1.056370558909489610e+00,2.119983046574990537e-01,-2.930099522834834699e-02,2.901630165715413101e-01,1.673524021970625881e+02,-1.091441991752382421e+02,3.003374155484546009e+02,-9.427848835070030964e-02,2.361026147228625121e+02,2.446550022199703380e+04,2.288146027088660048e+04,2.686058137314064879e+04
1.780499999999859417e+00,2.213559785616337905e+01,9.748633995826963550e-02,1.057906444092478138e+00,2.547883679280983915e-01,-3.787522982856404014e-02,3.189288352947095562e-01,4.923821014899317561e+01,4.590483052530935879e+02,3.916585391128742231e+02,-9.444748069630454212e-02,2.334707289836404982e+02,2.474740221706741067e+04,2.385210614825047014e+04,2.636502370079694811e+04
1.785499999999858867e+00,2.213696093985566193e+01,9.724453465733581825e-02,1.059556168716016211e+00,2.819744717050528537e-01,-5.065699621854687779e-02,3.407216281768892241e-01,-4.120066349770354464e+00,4.860269887878080226e+02,3.688885791712282298e+02,-9.463083432399906070e-02,2.315304121594448929e+02,2.478528329747904718e+04,2.443833868360195265e+04,2.625573270036637041e+04
1.790499999999858316e+00,2.213839936565015520e+01,9.697449366240193380e-02,1.061310296797093766e+00,2.898989944485346193e-01,-5.796214786745917252e-02,3.579598795541433787e-01,1.447775856927927691e+02,-5.923791838064372541e+02,1.383821093704849545e+02,-9.480075854578072503e-02,2.299541567563552462e+02,2.557590624019085590e+04,2.566320047390563195e+04,2.672472101098422718e+04
1.795499999999857765e+00,2.213979476068960039e+01,9.674758248665171756e-02,1.063162026263084092e+00,2.763032310449081708e-01,-5.146424439951301222e-02,3.731802696237229711e-01,1.547718116437523861e+02,-7.515048245771437223e+02,6.606508861968939073e+01,-9.488532067440995366e-02,2.289895338583540649e+02,2.612002443723364559e+04,2.610784546195750227e+04,2.692222368557750451e+04
1.800499999999857215e+00,2.214114553378353278e+01,9.651173825211160906e-02,1.065029494495831175e+00,2.695012594871133982e-01,-6.165568186896923375e-02,3.672830298781264990e-01,1.421018944121338166e+02,-8.817174133617783127e+02,1.226031026994928652e+01,-9.488346924576154806e-02,2.286164426572610182e+02,2.676142219420851325e+04,2.687086268323668628e+04,2.729999309819071277e+04
1.805499999999856664e+00,2.214248698751065803e+01,9.602492586007942144e-02,1.066820176053336455e+00,2.645923486854495632e-01,-1.242188931048230499e-01,3.529557647047684710e-01,-3.279757551729413478e+01,-1.515672088340666903e+02,1.710716891243658893e+02,-9.483273473606687598e-02,2.290589534275318613e+02,2.976358171817728362e+04,2.429030004117335557e+04,2.838456758045270180e+04
1.810499999999856113e+00,2.214386311626925874e+01,9.518346024663205951e-02,1.068495890040461971e+00,2.861758682381507213e-01,-2.060993308731367823e-01,3.209028184941594142e-01,8.446605257478421436e+01,-3.341843906076525172e+02,9.580475199578495449e+01,-9.480726304170881968e-02,2.310304863541284419e+02,3.006670032353093484e+04,2.491937918481171801e+04,2.883839995110037125e+04
1.815499999999855563e+00,2.214534102379574421e+01,9.413760960582059911e-02,1.070067202294480380e+00,2.956143888321164925e-01,-1.879617025075442371e-01,3.179173967968973447e-01,-2.001658966870947722e+02,1.139729136700106551e+02,3.928379882770570930e+02,-9.603272608000402999e-02,2.348537353400503491e+02,3.383038646401197184e+04,2.521661576159079777e+04,2.750839083767100237e+04
1.820499999999855012e+00,2.214665350874485128e+01,9.353558991005569978e-02,1.071857227325132778e+00,2.317366568959496886e-01,-1.001141831617327754e-01,3.979867868938202768e-01,-2.276949982611628229e+02,-5.340650605918247038e+02,5.493969838620068913e+02,-9.810422036548159530e-02,2.409982523126365948e+02,3.322333596159332956e+04,3.018144063576716871e+04,3.065364804475726851e+04
1.825499999999854461e+00,2.214772670440104463e+01,9.304700079556393888e-02,1.074069678472388878e+00,2.069797917815038024e-01,-1.462390117315933054e-02,4.827647548436741487e-01,-8.078364932218494232e+01,1.313787984986594893e+03,5.943607219919458657e+02,-9.905253261055554925e-02,2.497801721425962285e+02,3.622250148755687405e+04,2.957615971825127053e+04,2.934568862221235759e+04
1.830499999999853911e+00,2.214885932221283937e+01,9.368504742275365893e-02,1.076694765815618515e+00,2.525373410730931134e-01,2.382773031319230239e-01,5.599399896178892666e-01,1.825650976679648352e+02,1.138686196102314170e+03,5.265638259455147363e+02,-9.731316373784196228e-02,2.617897290680572269e+02,3.631426857921888586e+04,2.959596880213375334e+04,3.052564419461816578e+04
1.835499999999853360e+00,2.215033712110150432e+01,9.549293353478417734e-02,1.079732838923738392e+00,3.325933566384227102e-01,4.590020146055084904e-01,6.507552109864013223e-01,3.513790904042034526e+02,8.351865653338463744e+02,5.151888140164783181e+02,-9.604716108262979779e-02,2.763311990129158744e+02,3.731708269632602605e+04,3.125692767176093184e+04,2.990503055789724749e+04
1.840499999999852809e+00,2.215200347179366602e+01,9.798693723777789077e-02,1.083454597458051394e+00,3.288369115064898041e-01,5.027027897381425303e-01,8.202474056798949587e-01,3.203057452600211263e+02,-2.902184293756445186e+02,5.164305972757265408e+02,-9.443167617125199087e-02,2.889256920285088768e+02,3.416567587794185238e+04,3.561440017443192482e+04,3.329348297813333920e+04
1.845499999999852259e+00,2.215364233327245103e+01,1.005835984196071370e-01,1.087938062549948404e+00,3.196341186671033952e-01,5.518281385159419239e-01,9.576071730530199000e-01,1.913343829828010598e+02,4.617315084490624031e+02,4.511790919450519368e+02,-9.249976236867354928e-02,2.989855349468656414e+02,3.510165506895702856e+04,3.748232540028887888e+04,3.680434513389188214e+04
1.850499999999851708e+00,2.215517177856218467e+01,1.034780201689857321e-01,1.093046608010721732e+00,3.106079815335862082e-01,5.969399295271805572e-01,1.048431380462027107e+00,1.484631075129594819e+02,3.780363198777604339e+01,2.133505876799042653e+02,-9.031868639839882307e-02,3.076250160468045465e+02,3.779955906999849685e+04,3.728850016516988399e+04,3.532587254057345126e+04
1.855499999999851157e+00,2.215683781680121811e+01,1.064652172055918361e-01,1.098252178498628551e+00,3.500604300626896648e-01,6.012842038549743862e-01,1.023606761872402959e+00,1.563894332197411359e+02,1.920133443190661637e+01,-6.094879514694457612e+01,-8.759184127872651771e-02,3.156861441657991350e+02,3.838098277845615667e+04,3.679925492171300721e+04,3.581961573325553036e+04
1.860499999999850607e+00,2.215861471226360635e+01,1.091649442240590351e-01,1.103167460635616992e+00,3.602420725873745622e-01,4.961708657761372820e-01,9.357172887481240986e-01,5.279742125037967071e+01,-3.871214648462437253e+02,-2.563792997499378998e+02,-8.493678707683570417e-02,3.205155297230843416e+02,3.537108122819037817e+04,3.904071115292446484e+04,3.851710488315376278e+04
1.865499999999850056e+00,2.216030207489828641e+01,1.115367809633496105e-01,1.107619577411501410e+00,2.942755876291770489e-01,4.813908091053755722e-01,8.743441082610337034e-01,-3.400316821960138896e+02,2.397052139772654300e+02,2.190053329978923102e+01,-8.290831865442298276e-02,3.229962966960838457e+02,3.390411971640038973e+04,3.970701331833934819e+04,3.946627762288502709e+04
1.870499999999849505e+00,2.216155227601502631e+01,1.140909453662957013e-01,1.111701313757339715e+00,2.178737303853051643e-01,5.477490106380283885e-01,7.549802430644577678e-01,-3.056350646057842368e+02,4.464376872148691291e+02,-2.865216183595701409e+02,-8.183969731752013810e-02,3.211961760975389097e+02,3.388389094918124465e+04,3.967866719499544706e+04,3.912435967442239053e+04
1.875499999999848955e+00,2.216242840281910986e+01,1.169904207547227265e-01,1.115040345801111110e+00,1.390640673684596929e-01,6.002676978956270615e-01,5.945354717486459606e-01,-3.784402865488336829e+02,1.757640657663564525e+02,-3.140199894131310430e+02,-8.138967137456513956e-02,3.168606920606304698e+02,3.409846066719634837e+04,3.975131210077500145e+04,3.905352987135552394e+04
1.880499999999848404e+00,2.216290753199102426e+01,1.200995046371781672e-01,1.117526702027058505e+00,5.692956674074749895e-02,6.310963939338595230e-01,4.238908694728094062e-01,-4.227125294839065646e+02,7.581225152604883988e+01,-2.466313259535075417e+02,-8.129595878781600837e-02,3.119285054689044614e+02,3.452838334872974519e+04,3.962192382568444737e+04,3.890322647722875263e+04
1.885499999999847853e+00,2.216293339906004789e+01,1.233017684847565881e-01,1.119265465102094126e+00,-2.937120288208217717e-02,6.254485492852224215e-01,2.784508023337063376e-01,-3.339783247258590109e+02,-7.005828993248048846e+02,-3.841518373371444568e+02,-8.124541896088592619e-02,3.066124515105514661e+02,3.620573070183894015e+04,3.932607596937273047e+04,3.483547214013321354e+04
1.890499999999847303e+00,2.216266190306864559e+01,1.261089198412484180e-01,1.120221013750309247e+00,-7.331947966440292841e-02,5.102716369324643564e-01,1.312049191488311450e-01,-3.197307200459218848e+02,2.582144419394227839e+02,-4.638462153746922922e+01,-8.060693801540212700e-02,3.013760861158539797e+02,3.424765842258150951e+04,3.797577558818098623e+04,4.002556665532356419e+04
1.895499999999846752e+00,2.216214722498432721e+01,1.286181290148756817e-01,1.120694948609658903e+00,-1.201282094602616618e-01,5.088273787602152209e-01,6.422340084755188971e-02,-1.950531668145225694e+02,4.302947982485312650e+02,-1.308405615290471360e+02,-8.018579991577376442e-02,2.998676130068166117e+02,3.870099567843735713e+04,3.089880072239060974e+04,3.377802239088896022e+04
1.900499999999846201e+00,2.216153074227762687e+01,1.315025803833956286e-01,1.120863477159610433e+00,-1.336539518197937537e-01,6.139952287411211129e-01,2.198776141693903341e-02,-1.686622194524854024e+02,1.087170873205309363e+02,4.297560451686092620e+01,-7.960890979811115209e-02,3.012835269300589403e+02,3.444263643286159640e+04,3.979237917517761525e+04,3.947963506195413356e+04
1.905499999999845651e+00,2.216078595723366718e+01,1.346181450545037295e-01,1.120906706879784887e+00,-1.477529550287525473e-01,6.222013577007363683e-01,-2.289296696246559404e-02,-1.732257141620482912e+02,-6.641306074431051911e+02,-2.649756695721301014e+01,-7.914409143589448692e-02,3.016567997956061049e+02,3.917187632189116994e+04,2.725042017872135330e+04,2.647500029079809610e+04
1.910499999999845100e+00,2.216002172819668559e+01,1.373263857345354833e-01,1.120646562839731297e+00,-1.637893740844424961e-01,4.640690609708408298e-01,-7.224483418186498918e-02,-2.585128516994578263e+02,-1.924259639940666375e+03,-1.923551155968016246e+01,-7.863454443359431389e-02,3.007960288046473352e+02,3.631072172154128930e+04,3.869185364465409657e+04,3.302000727695599926e+04
1.915499999999844549e+00,2.215908593636723012e+01,1.391380298959469242e-01,1.120150863888262904e+00,-2.087346605512542530e-01,2.742820639591517229e-01,-1.250773839900648776e-01,-2.900795884283070905e+02,1.497742800731607531e+02,-6.508556947964075334e+01,-7.813090301652338143e-02,2.992026011442491154e+02,3.507119750266811752e+04,3.881344425039715861e+04,4.023796294397675956e+04
1.920499999999843999e+00,2.215783616263091815e+01,1.402712019301455837e-01,1.119352470429809454e+00,-2.851860607671588554e-01,1.545098515328359734e-01,-1.946338491405786852e-01,-4.137516970736699591e+02,2.282385178235945205e+02,-1.089182499872958942e+02,-7.769249977060301016e-02,2.985412876661071664e+02,3.524394651039964810e+04,3.903121455799377873e+04,4.034503798328101402e+04
1.925499999999843448e+00,2.215611169980711281e+01,1.407764317391332620e-01,1.118153021029233418e+00,-3.970297270399533729e-01,6.395739051027583832e-02,-2.823752461227939659e-01,-5.920410239503687535e+02,-6.942961570833281257e+02,-1.142943645562568236e+02,-7.728666116145221920e-02,2.979610266411604584e+02,3.638174339704647718e+04,3.863825537030393753e+04,3.688487194310290943e+04
1.930499999999842897e+00,2.215379306598890707e+01,1.409793737383361334e-01,1.116414887472381379e+00,-5.156450273237925819e-01,8.826325109923455203e-02,-4.043051770391198341e-01,-7.026115549678729622e+02,1.218466091785951875e+02,5.634033466248018840e+01,-7.692851779104772914e-02,2.974566294083368234e+02,3.902307894244396448e+04,2.849261976438716374e+04,2.825058739061628876e+04
1.935499999999842347e+00,2.215082962166267677e+01,1.414156658376773679e-01,1.114058117071129450e+00,-6.572221913754721090e-01,4.581953598491658036e-02,-5.300767629430256367e-01,-6.539924806763139031e+02,-7.096002910133729529e+02,-2.101032472909744229e+02,-7.665081673915390137e-02,2.976687269583336501e+02,3.681734993903942814e+04,3.887885235384163389e+04,3.714344208044053812e+04
1.940499999999841796e+00,2.214713633980947094e+01,1.415214143065083030e-01,1.111063349780946563e+00,-7.979601831413009050e-01,1.559009144264709816e-02,-6.625904673319714666e-01,-5.291375170130934293e+02,1.116422577155919953e+03,-2.603282468228911739e+02,-7.630682510877564995e-02,2.974618394248346362e+02,3.718456286317636841e+04,3.641820677251704910e+04,4.026566833633466740e+04
1.945499999999841245e+00,2.214285919762841814e+01,1.419608551699346466e-01,1.107341817707360176e+00,-8.994192781111697288e-01,8.574274265103294657e-02,-8.113316507119916476e-01,-4.750969379399656418e+02,-7.721605808930326020e+02,-2.962518226478734960e+02,-7.599397820302156159e-02,2.972089028920682381e+02,3.740461992187141732e+04,3.907932114725530118e+04,3.739472839194617700e+04
1.950499999999840695e+00,2.213810889162777684e+01,1.422565734445109809e-01,1.102921743768762175e+00,-9.820724740333255376e-01,5.359969475011147622e-02,-9.471448287217907325e-01,-2.700179223402619755e+02,1.755002021444129241e+02,-3.387752524665127112e+02,-7.564965552186450615e-02,2.964763893620381623e+02,3.952655622557475726e+04,3.332268705146230786e+04,3.435287179596938950e+04
1.955499999999840144e+00,2.213307794984935839e+01,1.425241840655283310e-01,1.097845674586022113e+00,-1.018372212614989225e+00,6.784084175563241670e-02,-1.072285275885444866e+00,-5.463642664946110017e+01,8.674573903899681682e+01,-3.794720783680822933e+02,-7.526744333060465808e-02,2.953011284110143038e+02,3.990319111176743900e+04,3.335316425655430794e+04,3.446474043207514478e+04
1.960499999999839593e+00,2.212797313498979079e+01,1.428086094556020036e-01,1.092187703083086880e+00,-1.020943546468314311e+00,3.166387981091298154e-02,-1.174763593745117518e+00,-2.463731831752191681e+01,4.682313257591886213e+00,-1.572980119997420161e+02,-7.489481025216628007e-02,2.936657773561122440e+02,3.788488899548386689e+04,4.006648758036890649e+04,4.122100538947201858e+04
1.965499999999839043e+00,2.212294653242550879e+01,1.431375073485606220e-01,1.086081878217125540e+00,-9.903785898905868024e-01,6.221996892757579445e-02,-1.253246779486741236e+00,4.095352199675781435e+01,-5.005912162277862762e+02,-4.648771078614527141e+01,-7.456144782319490405e-02,2.914569113048004283e+02,3.843870633225885831e+04,4.087481648990303074e+04,3.996785738893739472e+04
1.970499999999838492e+00,2.211808021391556167e+01,1.433105183026536777e-01,1.079681562640804504e+00,-9.552088087370531611e-01,1.162872033744513298e-02,-1.300514275144483367e+00,1.391469424540711088e+02,1.972664890425221529e+00,8.629634034143691679e+00,-7.422226590732552975e-02,2.886624906239039774e+02,3.898261628383087373e+04,4.040894072591745498e+04,4.147304737962103536e+04
1.975499999999837941e+00,2.211349616202827661e+01,1.436390687979088865e-01,1.073053281959266192e+00,-8.962768579606555930e-01,6.110076538095330495e-02,-1.336343304566741885e+00,1.526494112999392314e+02,-1.383555744883542502e+02,8.443196086717762228e+01,-7.392138036925102740e-02,2.855042543453719759e+02,3.954382570581099571e+04,4.057960167991496564e+04,4.173001313380838110e+04
1.980499999999837391e+00,2.210912308890313227e+01,1.438346395087034546e-01,1.066323270206816609e+00,-8.437702626390670702e-01,4.232171186170651661e-02,-1.362063965306433255e+00,6.274108139477907571e+02,5.641650838281216238e+02,-2.673835820482004237e+02,-7.361917014823969596e-02,2.814085195602525573e+02,4.267017440162955609e+04,3.124358570055261953e+04,3.539428862825176475e+04
1.985499999999836840e+00,2.210515519746968494e+01,1.441053620164410853e-01,1.059344799138662419e+00,-7.840660953098934627e-01,5.384400991059387631e-02,-1.404191361241873492e+00,2.240482783315700885e+02,-1.345302132380265903e+01,1.885208613178440373e+01,-7.345660569356236846e-02,2.775269997494760332e+02,4.045028668516260950e+04,4.061981160387161071e+04,4.176913347571741178e+04
1.990499999999836289e+00,2.210149260490207723e+01,1.444303728150883315e-01,1.052134043164216104e+00,-7.264066860951599036e-01,6.274941035266189127e-02,-1.452879994510342998e+00,1.152701531864609450e+02,-2.423775070114970731e-01,6.920025546623242008e+01,-7.341211185689097696e-02,2.735548733348091446e+02,4.097797325286389241e+04,4.082843454339011078e+04,4.204434843063632434e+04
1.995499999999835739e+00,2.209803275951604462e+01,1.448815476495994015e-01,1.044699935789287215e+00,-6.693107229896770871e-01,7.692254906088663580e-02,-1.512484878429653845e+00,2.030436743378947426e+02,-4.427921306553398608e+02,-3.581301474042766131e+01,-7.346338227053861303e-02,2.696580789964509677e+02,4.194919403018480079e+04,4.061994220426331594e+04,3.747320137668220559e+04
