time,x,y,z,vx,vy,vz,Fx,Fy,Fz,min_contact_distance,mechanical_energy,base_load,left_edge_load,right_edge_load
5.000000000000000104e-04,1.800288914556003306e+01,-8.167411911399420974e-07,9.397983404194081292e-01,5.778291120064209530e+00,-1.633482382279884083e-03,-1.549547761143865054e+00,-6.113581270582271827e+02,8.999657968493077753e-01,2.959758033333090452e+02,-5.818037569708664654e-03,5.285817044853623656e+02,2.458618739988311972e+03,1.191490251420342929e+03,1.264434393790954800e+03
5.500000000000001416e-03,1.803077877812754082e+01,-2.474255381299872704e-05,9.322376013832369690e-01,5.389817037834404800e+00,-3.928578978792490912e-03,-1.471425419303244109e+00,9.068836111135627931e+00,1.114013512052164784e-01,6.337433890605632314e+01,-2.976465749995976535e-03,4.848882263538046118e+02,3.327130314644037412e+01,3.068229205888377820e+01,0.000000000000000000e+00
1.050000000000000586e-02,1.805775595856184168e+01,-3.552941647960990526e-05,9.247650237566017450e-01,5.398793124786914532e+00,-1.607521855713553612e-03,-1.514790662553808120e+00,1.030512389891388603e+00,1.501733363968614163e-02,7.443894734775266642e+00,-5.627262219498954665e-05,4.847349542265131959e+02,2.923844973443231687e+00,4.581656972102440939e+00,0.000000000000000000e+00
1.550000000000001030e-02,1.808476738915107518e+01,-3.982517460097696575e-05,9.170578380092593296e-01,5.405707889089518936e+00,3.740364635497900732e-05,-1.562886880838070924e+00,4.904248476958692926e+00,6.235376049061400194e-02,3.542589459837530086e+01,-4.269885302346102321e-04,4.846572756795925443e+02,1.634028386580142111e+01,1.937880046501448916e+01,0.000000000000000000e+00
2.050000000000001474e-02,1.811182641116143444e+01,-3.242489904609702287e-05,9.091235203504151041e-01,5.417652162988901843e+00,2.261963330454402205e-03,-1.605586141802142208e+00,2.548723537631787384e+00,2.981028384243666896e-02,1.841066323832044560e+01,-2.099500916053279043e-05,4.846001724761194964e+02,8.343683309565239625e+00,1.021935071096738668e+01,0.000000000000000000e+00
2.550000000000001918e-02,1.813894303227896643e+01,-1.242276498076524038e-05,9.009843731097424424e-01,5.428384195873528384e+00,5.792933939968466887e-03,-1.645875881881559977e+00,7.300156371990105697e+00,8.570425292684830110e-02,5.957435990209940258e+01,-1.796809571100426838e-04,4.844632387648732674e+02,2.904211930941566422e+01,3.090289406668109606e+01,0.000000000000000000e+00
3.050000000000002362e-02,1.816612313931001310e+01,2.285051795891609338e-05,8.926504787824612874e-01,5.441566534617762407e+00,8.087581357353944983e-03,-1.683808438808297669e+00,5.397294422138350534e+00,6.170312857056879652e-02,4.404569097125449417e+01,-4.435582289431599327e-04,4.843926469060252202e+02,2.112013662591527918e+01,2.319959284845628034e+01,0.000000000000000000e+00
3.550000000000002459e-02,1.819336187438416985e+01,7.346777598503254417e-05,8.841287856234212317e-01,5.453168939709140517e+00,1.190244025802997090e-02,-1.720636275161711692e+00,7.724565859367325871e+00,8.291892105347233033e-02,6.303766148664978886e+01,-4.166812930908889243e-04,4.843007298303491552e+02,3.114037114212285928e+01,3.228949466945812929e+01,0.000000000000000000e+00
4.050000000000002903e-02,1.822066572084032288e+01,1.417801572578150475e-04,8.754318273351778812e-01,5.466549609879407967e+00,1.463067798100292985e-02,-1.754570321925206455e+00,4.009245936151243583e+00,7.363507081711717639e-02,3.765435452747209411e+01,-3.333929410673439064e-04,4.842414028324452033e+02,8.952685934625668196e+00,2.886719967078577298e+01,0.000000000000000000e+00
4.550000000000003347e-02,1.824802538276178865e+01,2.205818470850706475e-04,8.665636263534481909e-01,5.476569768750382039e+00,1.657603273288245707e-02,-1.788995746281024202e+00,7.124080270229407930e+00,2.192279745197954766e-01,6.690010996090478557e+01,-7.844549130264549721e-04,4.841275945885608394e+02,3.666895930984212981e+01,3.052597782496548007e+01,0.000000000000000000e+00
5.050000000000003791e-02,1.827544658783224207e+01,3.143454409378684659e-04,8.575393710043798245e-01,5.499094698857099672e+00,2.454270371730245259e-02,-1.800748653227249862e+00,1.396007497790677121e+02,-1.587872047978812207e+00,8.227375857243698647e+02,-1.325086746019957240e-04,4.840780502313283478e+02,4.940994543449215826e+02,3.393570883663165887e+02,0.000000000000000000e+00
5.550000000000004236e-02,1.830319956680638427e+01,4.315623241818454026e-04,8.490244818622740830e-01,5.572586852878829156e+00,4.889619281180905379e-03,-1.552006629406978755e+00,-1.369239722503495614e+03,1.423031705022539199e+02,4.432023551140755444e+03,-6.588647828674014384e-04,4.820415756333422905e+02,0.000000000000000000e+00,8.791853744776387813e+00,4.626941989256431953e+03
6.050000000000004680e-02,1.832812262075588450e+01,4.696753542304600874e-04,8.430538768299506991e-01,4.851427517605978679e+00,8.293761841681021943e-03,-1.033118542868634027e+00,-6.159312334582548374e+02,-9.304741615761376750e+01,1.228291573374533073e+03,-5.907394883731625045e-03,3.984478493169709168e+02,3.098022288412767011e+03,1.719921779537203747e+03,1.235588338721209993e+03
6.550000000000004430e-02,1.835142489354270623e+01,5.598660662825271110e-04,8.384598721844566116e-01,4.484473272586186887e+00,3.240184978699936491e-02,-8.574286208979232660e-01,-1.341137787594190058e+03,1.977967286574900641e+01,6.311587114216247301e+02,-7.942579648676506565e-03,3.678957448257617671e+02,6.487539628236668250e+03,3.619723693370302499e+03,2.708308823603661040e+03
7.050000000000004874e-02,1.837271179826138834e+01,7.749488233145232410e-04,8.345612262118300428e-01,4.071070923022771737e+00,4.822998472698838968e-02,-7.116193476191556844e-01,-1.364786858682728962e+03,7.678592515636208482e+00,7.373145498984526967e+02,-9.150112618387655494e-03,3.372546142512205734e+02,7.469852962606442816e+03,3.972577556731735513e+03,3.443725890179643102e+03
7.550000000000005318e-02,1.839142799556610441e+01,1.001049632285050438e-03,8.315876028268837095e-01,3.186188216417023877e+00,3.390289238926259829e-02,-4.178002416580770539e-01,-5.600009982391524318e+03,-6.812464978276550198e+01,1.788761797377896755e+03,-1.024233513961264261e-02,2.855719387048565068e+02,8.538869892544691538e+03,3.380392672174180007e+03,1.900783468483155048e+03
8.050000000000005762e-02,1.840405822373213596e+01,1.237564435763258402e-03,8.312578856509869052e-01,1.972067367313538044e+00,5.436763082641237615e-02,2.156038027016921044e-01,-6.038020160835776551e+03,-7.242498244559970999e+01,2.361455477805041028e+03,-1.205308974764537043e-02,2.162009593050836145e+02,8.462240348677043585e+03,1.695727366309578883e+03,2.522514545379277934e+03
8.550000000000006206e-02,1.841081623395438882e+01,1.465759497983728545e-03,8.332904134648975170e-01,9.888907649969851388e-01,4.045538045871599486e-02,4.957437957393737715e-01,-2.491782236170218766e+03,-7.079482128162634069e+01,6.247560348933604928e+02,-1.243389045404104040e-02,1.847996467397575771e+02,5.830853833282320011e+03,1.907962659254349774e+03,2.279532176286706090e+03
9.050000000000006650e-02,1.841456479715196082e+01,1.646043762236485981e-03,8.359331691291539412e-01,5.864961335676343035e-01,3.800500775874966070e-02,5.479200735920521925e-01,-1.423422788298526029e+03,7.095364389843786057e+01,3.728276687887459957e+02,-1.245216037525128175e-02,1.787259748941579574e+02,4.691381940150601622e+03,1.836350189345577746e+03,2.128642575816717908e+03
9.550000000000007094e-02,1.841713013498321772e+01,1.859261764395412925e-03,8.386472724461832007e-01,4.898225144773869499e-01,4.439530595944533170e-02,5.298599738917041391e-01,-4.585706052838401661e+02,-1.802485418747290957e+00,1.612029590848489988e+02,-1.278776523794806358e-02,1.776820659942602276e+02,3.861935664924073535e+03,2.087648965072228293e+03,2.146735270385800504e+03
1.005000000000000754e-01,1.841946633326190863e+01,2.083207082092839151e-03,8.412059732450158922e-01,4.458906139335036545e-01,4.466030171778802293e-02,4.973896542344612981e-01,-4.694101996949494833e+02,-3.956511435036595969e+00,1.561082876044354180e+02,-1.347237786612365089e-02,1.775483384330195236e+02,4.105780673086887873e+03,2.247763038954459262e+03,2.381647009816603259e+03
1.055000000000000798e-01,1.842150198572195308e+01,2.310646370662225273e-03,8.436258410824571952e-01,3.708885406425848075e-01,4.626706719616326818e-02,4.762557601673002572e-01,-5.235657008345389158e+02,-1.463195920409853557e+01,2.154775822249083603e+02,-1.428905883407736825e-02,1.773011408704320786e+02,4.225581263557010971e+03,2.379812164768989078e+03,2.543553452663184089e+03
1.105000000000000843e-01,1.842309276765852388e+01,2.523780642286750035e-03,8.460066500322640515e-01,2.762256909603298949e-01,3.890677485655368723e-02,4.788309125902728836e-01,-4.348895477846283484e+02,-3.010186570311277166e+01,2.332654565112396767e+02,-1.508644751962460138e-02,1.768889648157177135e+02,4.579551863193508325e+03,2.507892622935993131e+03,2.915744000963993130e+03
1.155000000000000887e-01,1.842427172717773587e+01,2.690114011989540397e-03,8.484384199490383471e-01,2.058502235648483059e-01,2.851676886387986137e-02,4.943099253919902014e-01,-2.583957892719477059e+02,-3.456645121344143234e+01,2.394417648380371020e+02,-1.571829352681091904e-02,1.763763745054208698e+02,4.832446369327101820e+03,2.613559017385210609e+03,3.288718671206996078e+03
1.205000000000000931e-01,1.842515107740028668e+01,2.802603952396124937e-03,8.509746816991873297e-01,1.538281400417976508e-01,1.846367909266191654e-02,5.187793248668662871e-01,-8.956467709883429507e+01,-2.845898602485852535e+01,2.605499298475666592e+02,-1.614970142079809323e-02,1.759319382449967861e+02,5.067085470217309194e+03,2.732247011920875138e+03,3.497358125791638940e+03
1.255000000000000837e-01,1.842582082818353229e+01,2.873390398058122460e-03,8.536447036429369861e-01,1.204221987311964032e-01,1.097197213514861450e-02,5.465691670898807919e-01,5.255397888143954788e+01,-1.286115198367212287e+01,2.766544438139711701e+02,-1.646733886637898048e-02,1.758025919624361677e+02,5.256104045473945007e+03,2.790549168781725712e+03,3.674336423547674713e+03
1.305000000000000882e-01,1.842637140255950001e+01,2.911195809397016093e-03,8.564507602431378208e-01,1.037808086361814985e-01,5.008140827191752929e-03,5.726212013288175529e-01,1.357736970922199475e+02,-1.017448455078906022e+01,2.769760627894571599e+02,-1.676445908704647658e-02,1.760462019992264402e+02,5.381823378623283133e+03,2.867889625537719439e+03,3.762663999527914257e+03
1.355000000000000926e-01,1.842687100792630517e+01,2.924580304079791269e-03,8.593740256597619531e-01,9.773903744339321187e-02,1.005061004035595227e-03,5.936064123419886318e-01,1.525582043019360299e+02,-2.308801064287519367e+01,2.616175292629536671e+02,-1.709091959476633643e-02,1.765606754538286509e+02,5.427390672266632464e+03,2.955298885793666614e+03,3.816395723394531615e+03
1.405000000000000970e-01,1.842734805417899580e+01,2.918263713538423159e-03,8.623853527609933733e-01,9.300476710018987236e-02,-3.039834556815742758e-03,6.083577477318925508e-01,1.023087023567726987e+02,-2.346049560557402813e+01,2.351107653901889307e+02,-1.746937573483666253e-02,1.771749833036172959e+02,5.527622556114240069e+03,2.995181893705839229e+03,3.849305139912927643e+03
1.455000000000001015e-01,1.842778839400016011e+01,2.891849527153707560e-03,8.654505454050226421e-01,8.301726451853570776e-02,-7.053316925548556646e-03,6.155936952399513329e-01,2.012525299122717115e+01,-9.289614740937850002e+00,1.965210090906937239e+02,-1.787294693309876212e-02,1.777759877009157492e+02,5.636809582267734186e+03,3.004390812199570519e+03,3.883297347697300665e+03
1.505000000000001059e-01,1.842815979533214943e+01,2.846930055371327869e-03,8.685266858008947599e-01,6.649173430467961166e-02,-1.062586916365143748e-02,6.133205726872932306e-01,-7.133932385508546759e+01,-2.419520662720310256e+01,1.520104785221451493e+02,-1.828485825160345787e-02,1.783465760200166415e+02,5.680011637538145806e+03,3.067347839334230684e+03,3.857381017274669830e+03
1.555000000000001104e-01,1.842844107353527505e+01,2.784816428039245395e-03,8.715609809795882290e-01,4.809158503028744536e-02,-1.383537778128818979e-02,5.998530400625663450e-01,-1.267979915614108108e+02,-2.437135053950652619e+01,1.069530475638099460e+02,-1.869244679313913221e-02,1.789426883440155223e+02,5.735115361471538563e+03,3.125536419956125428e+03,3.849886488201720113e+03
1.605000000000001148e-01,1.842863848336481780e+01,2.708461783775332945e-03,8.744980765978225268e-01,3.332064165215520984e-02,-1.638931919275691748e-02,5.758612211700449013e-01,-1.387700403364190436e+02,-2.321873149146155413e+01,7.196419284313310527e+01,-1.909553018452968959e-02,1.796276280677166710e+02,5.808338923361347952e+03,3.184806242786956318e+03,3.878537960710139032e+03
1.655000000000001192e-01,1.842878208454994038e+01,2.613901974707919049e-03,8.772934926958435575e-01,2.609206689252688630e-02,-2.184067180005861211e-02,5.445788437446781316e-01,-1.227630255917509317e+02,-2.940887122943285803e+00,5.367880385977287006e+01,-1.950584558610219885e-02,1.804012411986229552e+02,5.851157939264126071e+03,3.103157597301979422e+03,4.044446479338437712e+03
1.705000000000001237e-01,1.842890860132255071e+01,2.491049067156892415e-03,8.799225027773336372e-01,2.533821075697455585e-02,-2.621138384382659670e-02,5.103431119927874793e-01,-8.719790824990980127e+01,1.460403060174128242e+01,5.265276704225993853e+01,-1.990802166476205587e-02,1.811905397264784483e+02,6.007761012269553248e+03,3.157763382081885084e+03,4.206652884311477465e+03
1.755000000000001281e-01,1.842909424909002780e+01,2.357001173734433585e-03,8.823745977287347220e-01,4.901190774683743950e-02,-2.710130705977855173e-02,4.739235200376279988e-01,6.829439269116505784e+00,-1.491627688374351735e+01,5.026363862689868256e+01,-2.030048644688512219e-02,1.818280352920995711e+02,6.817658628607867286e+03,3.767076853737813508e+03,4.777875457034318970e+03
1.805000000000001326e-01,1.842937531546002106e+01,2.219019942961460243e-03,8.846486806375339906e-01,5.973726136791261687e-02,-2.801113682357560600e-02,4.395693071633949844e-01,-1.559963987153344078e+01,5.868975739292390692e+00,6.754051816830224197e+01,-2.064546815008060782e-02,1.821318445236396144e+02,6.985432992217418359e+03,3.842608476519493706e+03,4.908619446798178615e+03
1.855000000000001370e-01,1.842967217035010208e+01,2.076755424953273966e-03,8.867574292099545952e-01,5.754666910444473232e-02,-2.875894211130512051e-02,4.074638009606715294e-01,-1.826527387966450533e+01,-1.306636940741388209e+01,8.309310474450660422e+01,-2.090460749977330820e-02,1.822145151221992876e+02,7.064699850362627330e+03,3.975526371091504643e+03,4.944627351153196287e+03
1.905000000000001414e-01,1.842993710798760176e+01,1.931761902641527650e-03,8.887102476254876704e-01,4.859029495392354348e-02,-2.929115417979216707e-02,3.769292618286985697e-01,-1.491423798441076087e+00,-1.310380187666383733e+01,9.481223229820557208e+01,-2.108357650840390549e-02,1.822127936446576086e+02,7.150330225910064655e+03,4.037375939123478020e+03,4.985048929553658127e+03
1.955000000000001459e-01,1.843015071249895698e+01,1.782831125049821972e-03,8.905133034187507901e-01,3.788494521732081038e-02,-3.015485684696068286e-02,3.473734844967817925e-01,1.574258192013826374e+01,-1.342532304568863211e+01,1.019002354840256430e+02,-2.121369041236269987e-02,1.822229676476622160e+02,7.209597592598700430e+03,4.079695664683459199e+03,5.013045885266225923e+03
2.005000000000001503e-01,1.843031231187524099e+01,1.630498914949515647e-03,8.921703116480003137e-01,2.797179660046929250e-02,-3.074061768970053760e-02,3.184049682380251101e-01,2.519213086686255565e+01,6.130129567716675609e+00,1.037748295515649488e+02,-2.131341770733959778e-02,1.822771364256502125e+02,7.259964713889739869e+03,4.100589049217211141e+03,5.048569156532235866e+03
2.055000000000001548e-01,1.843042911500450387e+01,1.475954401146076667e-03,8.936836258710308956e-01,1.980960363080308539e-02,-3.107904261995283329e-02,2.898440874596339145e-01,2.005708654213839282e+01,5.945648623071003058e+00,1.008727736558762444e+02,-2.140070084216336849e-02,1.823654833412642517e+02,7.293139958129859224e+03,4.126432214267693780e+03,5.056567345897723499e+03
2.105000000000001592e-01,1.843050960483990153e+01,1.318438021759543288e-03,8.950554050824335306e-01,1.336788907458122053e-02,-3.179627986941734735e-02,2.617688912261940115e-01,5.676999662703167360e+00,6.096564314675334550e+00,9.509811984237524030e+01,-2.148983341485111859e-02,1.824688008620063044e+02,7.322535079522220258e+03,4.144528742384605721e+03,5.064476289962920418e+03
2.155000000000001636e-01,1.843056237798278829e+01,1.156963792591068300e-03,8.962887538978676627e-01,8.495048350935683126e-03,-3.277358583762676053e-02,2.344628762550669543e-01,-1.325916750334255312e+01,-1.408573295262256408e+01,8.882774523501052499e+01,-2.158060001459241942e-02,1.825743374382029742e+02,7.344153124609567385e+03,4.169989644686457723e+03,5.055721159431837805e+03
2.205000000000001681e-01,1.843059488952874858e+01,9.890169814082106717e-04,8.973888564188546857e-01,5.065319126392828913e-03,-3.440787697739841611e-02,2.084509871408406489e-01,-2.719172921789572683e+01,-1.307244794810971200e+01,8.512866206569594851e+01,-2.167726997215072005e-02,1.826833985779268232e+02,7.375001757020266268e+03,4.183555907993565597e+03,5.073602209346838208e+03
2.255000000000001725e-01,1.843061207639497923e+01,8.118949223765106358e-04,8.983644910602436306e-01,2.232917685367908755e-03,-3.606467234250548132e-02,1.846387402503208430e-01,-3.674631725252589831e+01,-1.357336517570924173e+01,8.725476054115154056e+01,-2.177057184824005356e-02,1.828016997414295872e+02,7.468175189796445920e+03,4.176024121790484969e+03,5.064301479506210853e+03
2.305000000000001770e-01,1.843062093011927516e+01,6.303574450265908916e-04,8.992291156511547090e-01,1.489489297164706778e-03,-3.640077092421799970e-02,1.638432385552700543e-01,-3.117756653410873469e+01,-1.354769091099794487e+01,9.332927617866755554e+01,-2.184418814436298387e-02,1.829281633793640367e+02,7.461203898734308495e+03,4.218995010681178428e+03,5.122637640719820411e+03
2.355000000000001814e-01,1.843068668873500471e+01,4.578425785223172082e-04,8.999931223822824622e-01,1.423728946766948666e-02,-3.304336667660134202e-02,1.446381441428346293e-01,-7.062777281451366207e+01,4.836178352308845518e+00,1.034458576412262119e+02,-2.188860419063272736e-02,1.829053357465304259e+02,7.497975030525009061e+03,4.243607425028536454e+03,5.152383594512641139e+03
2.405000000000001859e-01,1.843072836425777439e+01,2.960812051352652873e-04,9.006739744048883889e-01,4.355213947713112987e-03,-3.214282660949204645e-02,1.296495512584135423e-01,-3.553955063809792136e+01,-1.759474073404354044e+01,1.130269329917608729e+02,-2.189568690345639057e-02,1.828410243479775659e+02,7.515092716604642192e+03,4.282718326818581772e+03,5.141390935476480081e+03
2.455000000000001903e-01,1.843073356253761474e+01,1.330804912144929568e-04,9.012876008351667911e-01,-1.169629603649884140e-03,-3.298183485481557403e-02,1.174777519419621941e-01,-3.723131886438693527e+00,4.529870659100762254e+00,1.265344029004817230e+02,-2.191389897968150716e-02,1.828353912345426124e+02,7.551091410860793985e+03,4.297156424581693500e+03,5.181801931807646724e+03
2.505000000000001670e-01,1.843072300535058972e+01,-3.368957456079384877e-05,9.018470058906156162e-01,1.666857558075513857e-03,-3.302431128212241634e-02,1.072605313594948567e-01,1.218972632323432208e+02,3.024267410618208629e+01,1.272101516366795977e+02,-2.194804664849610287e-02,1.828724513838599535e+02,8.007967651505327922e+03,4.699039961614066669e+03,5.618410003543047424e+03
2.555000000000001714e-01,1.843074545962442912e+01,-1.937990190018747322e-04,9.023558094521972883e-01,8.763675445486284864e-04,-3.205343457766077903e-02,9.762689158628783115e-02,1.083378377864039521e+01,-1.967752146760441434e+01,1.435786631575659840e+02,-2.197731661246541193e-02,1.828178117345271119e+02,7.594094259411767780e+03,4.352064178574764810e+03,5.200355548617560089e+03
2.605000000000001759e-01,1.843075099198246392e+01,-3.541512766449718278e-04,9.028155181888867231e-01,1.348775818462302246e-03,-3.177452027606780111e-02,8.697763341097571044e-02,1.069017411049532029e+01,-1.265193121601999593e-01,1.425290869354105325e+02,-2.200700216501032605e-02,1.827989239492668219e+02,7.622732908319729177e+03,4.357214419251235995e+03,5.215972877799636990e+03
2.655000000000001803e-01,1.843075987657931947e+01,-5.108988563476896724e-04,9.032150031986277972e-01,-9.681217242544544336e-04,-3.140481897313811971e-02,7.378867450504239534e-02,6.145464224122463293e+00,-4.464597894484898077e+00,1.334590191497970864e+02,-2.202265525552319497e-02,1.827616912959902038e+02,7.642857048688663781e+03,4.366223185660797753e+03,5.198092580951178206e+03
2.705000000000001847e-01,1.843076679003360496e+01,-6.672959941251929055e-04,9.035376824934950868e-01,5.624102244597415420e-04,-3.170440064828562721e-02,5.639234003482177654e-02,-1.915522727636090394e+01,-4.084291535109880300e+01,1.183700064899325071e+02,-2.203554285205482077e-02,1.827108579592545539e+02,7.724949038283292793e+03,4.392245278407183832e+03,5.137097989035958562e+03
2.755000000000001892e-01,1.843077035710697587e+01,-8.302057781269791756e-04,9.037611648245077456e-01,6.976416941912911424e-03,-3.175238845403567656e-02,3.396535464940227123e-02,7.638821533145733156e+01,3.381589480937743986e+01,9.027746284733370885e+01,-2.205872491134986541e-02,1.826211205644880522e+02,8.297270490807963142e+03,4.765943055922198255e+03,5.457627641587393555e+03
2.805000000000001936e-01,1.843078410402734946e+01,-9.888307062574279785e-04,9.038596517650708817e-01,3.489909054808112716e-03,-3.098801816261205141e-02,7.038682401743515289e-03,-6.068332204832034904e+01,-9.214157417734536892e+00,8.282074452751987792e+01,-2.206653694527487344e-02,1.824525750694066630e+02,7.879100173491590795e+03,4.358009533057849694e+03,5.050725018238517805e+03
2.855000000000001981e-01,1.843078970104269843e+01,-1.140520191371716553e-03,9.038098844183248826e-01,9.668228849431970574e-04,-2.988679779063507444e-02,-2.460413087179756306e-02,3.922580173842004569e+01,9.764908998166314191e+00,5.644619477776586791e+01,-2.204723829420187145e-02,1.822710171907190499e+02,8.325188909133561538e+03,4.725062172488102078e+03,5.405232102982148717e+03
2.905000000000002025e-01,1.843078385361618743e+01,-1.286714265157260948e-03,9.035909966501776136e-01,-3.394499553012377251e-03,-2.880587857939483770e-02,-5.989782979660609324e-02,-9.213285830831756584e+01,-1.387563897249204992e+01,5.562410291788137329e+01,-2.200884080225138165e-02,1.820869315654897491e+02,7.870968481978162345e+03,4.301887187577271106e+03,5.065324370825393089e+03
2.955000000000002069e-01,1.843075751572339271e+01,-1.428845305616712261e-03,9.031886349781683698e-01,-5.257317275553499356e-03,-2.785193796975887412e-02,-9.761052616520203562e-02,1.158054738739957656e+01,1.285951508896802764e+01,4.125201702348726940e+01,-2.196165313816279135e-02,1.819405528861141761e+02,8.250389793866319451e+03,4.624671589769950515e+03,5.507471457143243242e+03
3.005000000000002114e-01,1.843071799162354907e+01,-1.567306696584748948e-03,9.025951209232714323e-01,-7.421600835006514872e-03,-2.737761261611487001e-02,-1.360486525217461107e-01,1.270063201442360423e+01,1.413669746333248689e+01,4.237299988483005109e+01,-2.192241152606420190e-02,1.818191888017969404e+02,8.244188860194082736e+03,4.600080785256999661e+03,5.536539584071634636e+03
3.055000000000002158e-01,1.843066391875796128e+01,-1.706615310440765627e-03,9.018117264699204716e-01,-8.749946271276447252e-03,-2.717293995349151156e-02,-1.735571209918934654e-01,2.171524951451328889e+01,3.962129464246517330e+01,4.928381116822026797e+01,-2.189843344036765047e-02,1.817259646545032297e+02,8.248906759538127517e+03,4.570665488551344424e+03,5.615640515670855166e+03
3.105000000000002203e-01,1.843059180286629228e+01,-1.844485385595189550e-03,9.008474266585425605e-01,-1.541799457945716191e-02,-2.740941803437127108e-02,-2.084218318954368931e-01,4.483296137832860495e+01,4.186669362893447044e+01,5.969659083231545083e+01,-2.188335399300958550e-02,1.816549808580161027e+02,8.254264273066117312e+03,4.563182685886806212e+03,5.665795012636427600e+03
3.155000000000002247e-01,1.843050423450887365e+01,-1.982072379801106884e-03,8.997165712592551934e-01,-1.831864681242609955e-02,-2.734935916415970683e-02,-2.402073639488121470e-01,-6.651031935962953412e+01,-1.342168942836312162e+01,8.380181493377472179e+01,-2.188877834346875453e-02,1.816030372913556050e+02,7.820215773218882532e+03,4.232638530638043449e+03,5.238202785890218365e+03
3.205000000000002292e-01,1.843039348726065541e+01,-2.120530799991705937e-03,8.984378935345566086e-01,-2.605189990933402464e-02,-2.820653725642002438e-02,-2.677853855890941492e-01,-4.225142690294563863e+01,-9.938934628540447846e+00,9.739610729415448986e+01,-2.191280234829189738e-02,1.815764974986691129e+02,7.844875936067072871e+03,4.238898027162987091e+03,5.297304449720613775e+03
3.255000000000002336e-01,1.843026270079643325e+01,-2.259315816422558919e-03,8.970309135175014159e-01,-2.913718169227043353e-02,-2.822873660007804361e-02,-2.917024107854460646e-01,8.691110090041973990e+01,2.789003138952663363e+01,9.846889527287385135e+01,-2.195589129193195599e-02,1.815701662672657335e+02,8.305763957094841317e+03,4.586921616237765193e+03,5.801159273232113264e+03
3.305000000000002380e-01,1.843011669522987361e+01,-2.397304928495067131e-03,8.955147951444476506e-01,-3.500045948379355842e-02,-2.865234427065580305e-02,-3.116362413206049120e-01,-2.932127764157092997e+01,-3.721329540563793614e+01,1.216134479787635883e+02,-2.201438370960905055e-02,1.815631778852254854e+02,7.869184155869776077e+03,4.277706018606191719e+03,5.370011258110777817e+03
3.355000000000002425e-01,1.842995394733256731e+01,-2.536367661415751470e-03,8.939077039816347714e-01,-3.595235577448758352e-02,-2.795421615523194583e-02,-3.285366327001278397e-01,-2.768853500517087696e+01,-3.193990667531916294e+00,1.307012950313738884e+02,-2.208440735762903437e-02,1.815628872978230959e+02,7.928421614854558356e+03,4.281395428838755834e+03,5.465396871453276617e+03
3.405000000000002469e-01,1.842976356367129043e+01,-2.677628829916896096e-03,8.922264825408824374e-01,-3.733997344966481086e-02,-2.767539950190826825e-02,-3.423830731939785377e-01,-3.324652273488595711e+01,-1.383218509268544949e+00,1.384582531599839967e+02,-2.216244592819008319e-02,1.815811252310336101e+02,7.959056202434618172e+03,4.296448047057209806e+03,5.518733415653179691e+03
3.455000000000002514e-01,1.842955329115974905e+01,-2.822967467330692384e-03,8.904840579078182605e-01,-4.171266728650956795e-02,-2.943749783570337453e-02,-3.535217394986125417e-01,-3.839367617797807952e+01,-2.999298288747030483e+01,1.442362398975956239e+02,-2.224882402059258357e-02,1.816044642582657218e+02,7.960172030901650942e+03,4.315580613462876499e+03,5.529770038306185597e+03
3.505000000000002558e-01,1.842932677893125870e+01,-2.973546514438248599e-03,8.886913196626489153e-01,-4.474581802142908737e-02,-3.007556024388684593e-02,-3.627443531321652981e-01,9.955341359188224715e+01,3.503892807161942358e+01,1.319986874089059938e+02,-2.234020786967403152e-02,1.816264776686038545e+02,8.444147922100573851e+03,4.649657136962027835e+03,6.058177729801869646e+03
3.555000000000002602e-01,1.842907889774947705e+01,-3.127038077289405731e-03,8.868576667557560578e-01,-4.985323763888944298e-02,-3.105593093409629579e-02,-3.701573585602839778e-01,1.142161267415073098e+02,5.522626722631639495e+01,1.340617034558543992e+02,-2.243116211579894090e-02,1.816514185418371881e+02,8.474375743898721339e+03,4.652417490806659771e+03,6.145290375115979259e+03
3.605000000000002647e-01,1.842881944952146256e+01,-3.284139979984992182e-03,8.849887029231809921e-01,-5.598379804081978633e-02,-3.238601076507643256e-02,-3.763203182834924942e-01,-2.755243370505939993e+01,-1.880373364261767932e+01,1.556445649857130320e+02,-2.252279141909733010e-02,1.816601698623556729e+02,8.048082937196976673e+03,4.339012456157094675e+03,5.673561206253220917e+03
3.655000000000002691e-01,1.842853843329034902e+01,-3.448047735495246829e-03,8.830909290526739452e-01,-5.544954880423539484e-02,-3.218766865046884806e-02,-3.822227650734219551e-01,-2.988119951415706055e+01,1.483290328370516420e+01,1.602918521630180066e+02,-2.261975072382356802e-02,1.816805299961986861e+02,8.103005006317715925e+03,4.335968616577159992e+03,5.769231295463048809e+03
3.705000000000002736e-01,1.842825547815123244e+01,-3.598743144807969602e-03,8.811652643856892064e-01,-5.576598671473489283e-02,-2.934921898110950250e-02,-3.878556451241547687e-01,4.868142844092574251e+00,-6.315211016016888834e+00,1.540943690556408683e+02,-2.271920934953711169e-02,1.816576033405864905e+02,8.533966378833043564e+03,4.454422549523255839e+03,5.718300693720451818e+03
3.755000000000002780e-01,1.842797533896953865e+01,-3.745675879011512843e-03,8.792075028758824518e-01,-5.705058199723086337e-02,-2.947737988008784435e-02,-3.947232932357096491e-01,-2.042012446394613789e+01,-2.814385831855536146e+00,1.557972670501576431e+02,-2.287519440741099877e-02,1.815655820012393633e+02,8.660672536424213831e+03,4.444299289513366602e+03,5.792231812019834251e+03
3.805000000000002824e-01,1.842767459260339891e+01,-3.893046563345972134e-03,8.772129191455064756e-01,-6.272777726965099443e-02,-2.939990336716260047e-02,-4.025411248538975917e-01,-2.135790671652614492e+01,-3.060178129301398542e-01,1.541512474447486056e+02,-2.302894634773383978e-02,1.814426932322139407e+02,8.718512447302880901e+03,4.450785301632050505e+03,5.862649494748402503e+03
3.855000000000002869e-01,1.842735833766606390e+01,-4.040843222986123182e-03,8.751736674851093856e-01,-6.216260288038239629e-02,-3.009686886517062496e-02,-4.127261987459681092e-01,5.040971933465186794e+00,-1.576127240711086230e+01,1.447726987901110078e+02,-2.318758333648055989e-02,1.813082863257967574e+02,9.261159072252456099e+03,4.587187993159093821e+03,5.573952366742231789e+03
3.905000000000002913e-01,1.842704618907886527e+01,-4.196137793769308053e-03,8.730766674326264631e-01,-6.280827900332899838e-02,-3.187900633199334394e-02,-4.252336167841868630e-01,-1.672526245787196331e+00,-1.592301892992167822e+01,1.388718194018023269e+02,-2.339106325633046046e-02,1.810966588585756369e+02,9.246903229579727849e+03,4.642602199791908788e+03,5.605488471065116755e+03
3.955000000000002958e-01,1.842672659857104023e+01,-4.360310237724692416e-03,8.709101477541022485e-01,-6.562363816560048968e-02,-3.358065395512742357e-02,-4.402049807531494552e-01,-2.378221406896528833e+01,-1.340567042657366770e+01,1.353762568514466693e+02,-2.361800139096946471e-02,1.808170038358856857e+02,9.358614171214312591e+03,4.644970469612075249e+03,5.727845324152889589e+03
4.005000000000003002e-01,1.842638196686005614e+01,-4.531815460748974365e-03,8.686635980899803933e-01,-7.191980043135337564e-02,-3.480302453503007765e-02,-4.569884379374258843e-01,-3.358912997300012648e+01,-1.030272341064137542e+01,1.322075953003211453e+02,-2.384607576196365666e-02,1.805030140500736024e+02,9.473161034804590599e+03,4.629070271671777846e+03,5.853841875664226791e+03
4.055000000000003046e-01,1.842600240952947743e+01,-4.707854646704364571e-03,8.663298988162621006e-01,-7.921405139452236677e-02,-3.545898755488894466e-02,-4.747838832677634957e-01,-3.571457916110051656e+01,-5.903899800031882528e+00,1.317880640526573188e+02,-2.406574108471998263e-02,1.801888832165874987e+02,9.586163115776895211e+03,4.596246074889144438e+03,5.985510548387082963e+03
4.105000000000003091e-01,1.842555944063355966e+01,-4.884980826600730276e-03,8.639120180072102917e-01,-1.035733576070762413e-01,-3.510204470318865205e-02,-4.892616726109648151e-01,-1.295668402543838624e+02,1.978172634129844454e+01,1.748324502743182620e+02,-2.427885473599711644e-02,1.799173636916062549e+02,9.179500746747293306e+03,4.108504779150444847e+03,5.934622341187992788e+03
4.155000000000003135e-01,1.842496554569358480e+01,-5.042492437925169199e-03,8.614390711580153237e-01,-1.282378330838927216e-01,-2.303114960211029641e-02,-4.974767582053407633e-01,-4.542717418118138539e+01,1.255356111444538527e+02,2.302626124574409232e+02,-2.451201967238958099e-02,1.797518695565021574e+02,9.881722588290122076e+03,4.127476112379783444e+03,7.027233804338704431e+03
4.205000000000003180e-01,1.842430818790163727e+01,-5.088174417817173216e-03,8.589527751500539710e-01,-1.335164679669614274e-01,-5.379694180943410614e-04,-4.950723441193365382e-01,-3.587502203344467944e+01,5.916205279286192109e+01,2.216886702846410344e+02,-2.480798132688344718e-02,1.798701183868721785e+02,1.048828579935336347e+04,4.168799533990356394e+03,7.778062583617178461e+03
4.255000000000003224e-01,1.842366156665692500e+01,-5.065828391978848336e-03,8.564965826598021081e-01,-1.192307457959008860e-01,6.236150013740240916e-03,-4.886643074172033474e-01,8.587422074891054535e+01,-7.578049363435042984e+00,2.115426038457570712e+02,-2.516742995499487989e-02,1.801015448801466903e+02,1.167691288601809174e+04,4.658640545580497019e+03,7.945934278803551933e+03
4.305000000000003268e-01,1.842312318844856378e+01,-5.029421562738585830e-03,8.540780365569872190e-01,-9.964386005281100633e-02,7.910497013565345736e-03,-4.782346272448824154e-01,4.283227415021002571e+01,-8.421551831869507510e+00,2.482669814496236995e+02,-2.555619197205399179e-02,1.801157041944576918e+02,1.176018656021535935e+04,4.735870492967808786e+03,7.977504936248882586e+03
4.355000000000003313e-01,1.842260041582467522e+01,-4.976590686226280147e-03,8.517466842019389972e-01,-1.058038946352241189e-01,1.173710589619781156e-02,-4.554841361224994389e-01,-5.836062883623867492e+00,-1.702669952242039031e+01,2.898261559724835479e+02,-2.592867770161692148e-02,1.800166540832127851e+02,1.108120663375268123e+04,4.526928065806490849e+03,7.902249521989542700e+03
4.405000000000003357e-01,1.842208325864110208e+01,-4.917412005187682227e-03,8.495477864709102267e-01,-1.008755221749152581e-01,1.203903940492413553e-02,-4.260204801499445915e-01,7.184593167591856400e+00,-4.569008334326900567e+00,3.088278374730376754e+02,-2.634614256545935243e-02,1.799506930820291473e+02,1.151059148253056082e+04,4.551714618452382638e+03,8.350393037938400084e+03
4.455000000000003402e-01,1.842159819805338117e+01,-4.857581454010080971e-03,8.475119421981383017e-01,-9.231544487465098703e-02,1.127531089852756331e-02,-3.910218857699646611e-01,3.588828348023355375e+01,-2.715602182807116449e+01,3.237023727843984489e+02,-2.680684617675101536e-02,1.798879084658246654e+02,1.127223390892643147e+04,4.697972423418890685e+03,8.437056658997880731e+03
4.505000000000003446e-01,1.842116337994389141e+01,-4.804650974194205927e-03,8.456664126621241673e-01,-8.344546726700927120e-02,1.021483964773801933e-02,-3.499864352310587678e-01,1.553383628158212559e+01,-8.793793618058719730e+00,3.628044700504250386e+02,-2.733761992980018873e-02,1.797922144226387218e+02,1.145639016935542895e+04,4.637871407732022817e+03,8.770074887031241815e+03
4.555000000000003491e-01,1.842076227825268475e+01,-4.767558871066841786e-03,8.440513850920027261e-01,-7.573805286314611029e-02,5.265886008613435490e-03,-2.995421172650946096e-01,3.204426535723121106e+01,-5.398567527016350454e+01,3.908764254186999096e+02,-2.793206297717680878e-02,1.798036624409416504e+02,1.123054848648259576e+04,4.694955598273595569e+03,8.735260577252558505e+03
4.605000000000003535e-01,1.842041813711843901e+01,-4.751515055520744678e-03,8.427165112654472212e-01,-6.313915665077346473e-02,1.665967352190089994e-03,-2.388215773323766333e-01,3.098850350819100186e+01,-2.863303760508290807e+01,4.299730784087656730e+02,-2.862637658910130098e-02,1.798595078731030981e+02,1.159953564871440904e+04,4.647732586310939041e+03,9.181888425854287561e+03
4.655000000000003579e-01,1.842012763048727209e+01,-4.754109989895910320e-03,8.417095443471268590e-01,-5.650063394421953045e-02,-2.507303813971376635e-03,-1.701389232402032714e-01,7.547813264618991980e+01,5.749682214995284824e+01,4.341943404088102625e+02,-2.936106063191325569e-02,1.799798694909099765e+02,1.275880871814249804e+04,4.534187508510798580e+03,9.620986260832120024e+03
4.705000000000003624e-01,1.841995010461092264e+01,-4.772529712570205279e-03,8.410315077374730386e-01,-5.615060197161816230e-03,-4.334584989243608737e-03,-1.118744341527339869e-01,2.397152267504312704e+02,1.102308659337843153e+02,3.772662942930296595e+02,-2.993520129918776293e-02,1.798962292103588254e+02,1.221364498660659774e+04,5.171507765160025883e+03,1.099651775331286444e+04
4.755000000000003668e-01,1.842009219993221336e+01,-4.794498637660575720e-03,8.406208675787721907e-01,5.171455291305449703e-02,-4.520716745378819575e-03,-5.684765032255232470e-02,1.643886682452246077e+02,5.393764556353607986e+01,4.082850203883583617e+02,-3.014089451746381973e-02,1.790330076683127913e+02,1.232471277064358583e+04,5.234274141203126419e+03,1.167907268821751677e+04
4.805000000000003713e-01,1.842039436711176847e+01,-4.830865420164168374e-03,8.404844507589556146e-01,6.717405552022116810e-02,-9.696149801067298693e-03,-4.146580103035349754e-03,4.332927818422405153e+01,-1.010658658587630043e+01,3.752625032096837003e+02,-3.002021625848253286e-02,1.776235579181655453e+02,1.248649577461866284e+04,5.170077917725367115e+03,1.142555633201307319e+04
4.855000000000003757e-01,1.842074947661967244e+01,-4.892706941811467494e-03,8.405953115891563465e-01,7.246267880373946646e-02,-1.439018426600505336e-02,4.280689655462852766e-02,-5.024261935939989598e+00,-2.141736429197231928e+01,3.551284752537185341e+02,-2.977413238625107456e-02,1.760161496961665648e+02,1.261999157123371697e+04,5.096793986514880999e+03,1.159700148384369459e+04
4.905000000000003801e-01,1.842097029972360644e+01,-4.990971460342520476e-03,8.409709017381902241e-01,2.620312390135290728e-02,-2.379861215258334550e-02,9.936523192583046615e-02,-1.356380246921065122e+02,-9.986853382772483201e+01,3.769725325488756198e+02,-2.963263984900538564e-02,1.748176020377458713e+02,1.359334814376346003e+04,4.453326567420841457e+03,1.020973988468718926e+04
4.955000000000003846e-01,1.842109941275022322e+01,-5.126981911555898545e-03,8.415769794793220848e-01,3.931085602693331488e-02,-2.866643288335068290e-02,1.341797601312016419e-01,1.145850418231163985e+02,2.078410120002925154e+01,2.881287652854174439e+02,-2.965884028663186636e-02,1.742059685684390331e+02,1.259828824608864670e+04,4.956507303171884814e+03,1.168928710436942129e+04
5.005000000000002780e-01,1.842136504737233693e+01,-5.279130143251511281e-03,8.423154896415914195e-01,6.185383167711413360e-02,-3.191031815354958973e-02,1.581871307969571483e-01,4.822988484259298048e+01,-9.924234604187915920e-01,2.727794178674364503e+02,-2.965017855097117419e-02,1.734596561038406719e+02,1.262411942894151071e+04,4.926761870134297169e+03,1.180050840120663634e+04
5.054999999999997273e-01,1.842171441836201495e+01,-5.451453072426335963e-03,8.431575678166264298e-01,7.537923610381133677e-02,-3.637316041727595151e-02,1.756255894470212797e-01,2.224507072189726387e+01,-5.492808086002099799e+00,2.444875777396464400e+02,-2.960475755113545215e-02,1.725856425470383329e+02,1.286687822163424426e+04,4.749324707882444272e+03,1.168670512217762189e+04
5.104999999999991767e-01,1.842209377729820829e+01,-5.639645917997850033e-03,8.440698562461511623e-01,7.412125926315005220e-02,-3.830094364737614970e-02,1.872007922906674116e-01,-3.468850197869545582e+01,-3.890306812781609835e+00,2.249980581448103294e+02,-2.955510175849215479e-02,1.716426096471045639e+02,1.312091610786356796e+04,4.675860789910509084e+03,1.202509047706207457e+04
5.154999999999986260e-01,1.842244728479506222e+01,-5.830814917609889250e-03,8.450213397102125379e-01,6.787565586842890519e-02,-3.790123341329185158e-02,1.916319314562262843e-01,-3.687334006253951202e+01,1.460809093425082139e+01,1.959385244577246112e+02,-2.947104460020850275e-02,1.708016803080953139e+02,1.375934320978655524e+04,4.270124407794505714e+03,1.226162616216066999e+04
5.204999999999980753e-01,1.842275812731136142e+01,-6.019983349804414186e-03,8.459745058532547324e-01,5.034696798561703879e-02,-4.007232269566185501e-02,1.892545299963667993e-01,-2.174561448386663187e+02,-1.582592504141519498e+02,1.709233185966153314e+02,-2.940834709337555170e-02,1.701107002364989285e+02,1.469614658400100961e+04,4.013481011160813523e+03,1.066477229066878863e+04
5.254999999999975246e-01,1.842298658130242472e+01,-6.218468775074431285e-03,8.468957954214365591e-01,4.511414356836453837e-02,-3.808492208038918164e-02,1.791469263322439109e-01,-1.667107696510856840e+01,2.132624044282586695e+01,1.416080600545342350e+02,-2.938854328520835307e-02,1.696713250341450419e+02,1.410832475207798780e+04,4.304698091576935440e+03,1.267791258826275407e+04
5.304999999999969740e-01,1.842319621688887921e+01,-6.401039659462984081e-03,8.477484842002032117e-01,3.861334231803736916e-02,-3.522260324898677381e-02,1.618556510517320246e-01,-2.329423502882980301e+01,9.903509133520692842e+00,9.686736247960584478e+01,-2.938370144591502184e-02,1.692624084999370666e+02,1.447818533798223143e+04,4.378295476901681468e+03,1.304430160454690122e+04
5.354999999999964233e-01,1.842336962890117746e+01,-6.549539576001552066e-03,8.484779829504773829e-01,3.135938144450538950e-02,-2.684104950674917958e-02,1.302138752521759257e-01,1.041034228709122544e+00,1.743798444158062466e+01,5.327163572870017560e+01,-2.937038768763170979e-02,1.688896165890748478e+02,1.295641889863613869e+04,4.326904708833975747e+03,1.349182015126766782e+04
5.404999999999958726e-01,1.842350135827049229e+01,-6.666968398503308156e-03,8.490201328766828759e-01,2.189648455285885323e-02,-2.031286045420119951e-02,9.011574789970874799e-02,-6.602240748143628934e+00,1.685426131637626312e+01,3.145057357081532246e+01,-2.935998572683201288e-02,1.686055107600082010e+02,1.287094752796061221e+04,4.293027447515896711e+03,1.364228333731640305e+04
5.454999999999953220e-01,1.842357820402731861e+01,-6.742662214852393650e-03,8.493626628852120053e-01,1.005518140307297414e-02,-1.319567689398540300e-02,5.027487606272137977e-02,-1.415947309252749164e+01,-2.759187179340989360e+01,2.923461849611089747e+01,-2.935074930442956379e-02,1.683994339311217345e+02,1.416054077417148801e+04,4.313333496946279411e+03,1.322711312750173420e+04
5.504999999999947713e-01,1.842359977247207681e+01,-6.805151937309027003e-03,8.495042828773907706e-01,-1.809960550520961010e-04,-1.144428960827646898e-02,1.107839632878029543e-02,-1.424069203846414666e+01,-5.463430096694588123e+00,4.205242530387363331e+01,-2.936808504663415698e-02,1.682814421220319048e+02,1.414611592752578690e+04,4.276614234433293859e+03,1.327074930678915734e+04
5.554999999999942206e-01,1.842357362330399084e+01,-6.850964291004673669e-03,8.494615016882298697e-01,-9.395763184303912094e-03,-4.844227093274572522e-03,-2.349883007685013916e-02,-2.479014444300884179e+01,7.559796687861117448e+01,4.809723184304380084e+01,-2.942137752311605250e-02,1.682378601402197660e+02,1.354150769503816446e+04,4.106258108649415590e+03,1.392248246350127374e+04
5.604999999999936700e-01,1.842350649045471300e+01,-6.850795938004133369e-03,8.492344662403307209e-01,-1.655284126020314592e-02,3.143532374437004069e-03,-6.436577800821763340e-02,-6.886335840942876985e+00,3.096747951226370432e+01,3.294087969554630035e+01,-2.949092501293876928e-02,1.682322774210874741e+02,1.319437326165474769e+04,4.149725447991398141e+03,1.401325996777717592e+04
5.654999999999931193e-01,1.842340426512266305e+01,-6.818405618346856829e-03,8.487985345361315215e-01,-2.390704853101323704e-02,1.039547864946388164e-02,-1.042975119881703466e-01,-1.770383981739183810e+01,5.282426306742111421e+01,5.727042286954747397e+01,-2.958061537931050769e-02,1.682449590526163945e+02,1.344086663951901573e+04,4.077940875475333996e+03,1.418801069651403486e+04
5.704999999999925686e-01,1.842326448201058398e+01,-6.751723762454172120e-03,8.481822363666461362e-01,-3.097483667992818879e-02,1.328925796027577780e-02,-1.384643363637698410e-01,-2.308286630727695865e+01,-1.229576303580283003e+01,6.665343073724136502e+01,-2.968109689300876125e-02,1.682664127527993969e+02,1.427663202934768924e+04,4.184519370013996195e+03,1.351538739967922447e+04
5.754999999999920179e-01,1.842309486214173830e+01,-6.683167328650716291e-03,8.474130332211758931e-01,-3.607358106818509685e-02,1.436328340327041111e-02,-1.650199301861487999e-01,-2.810899580473335391e+01,4.644199764547245479e+00,1.037595137319563037e+02,-2.980927084307266606e-02,1.683193286708484209e+02,1.438644963841503886e+04,4.162787661362612198e+03,1.360670990239634375e+04
5.804999999999914673e-01,1.842290316509353687e+01,-6.588250534751608802e-03,8.465383514268299825e-01,-3.986616358622064454e-02,2.273360642053702876e-02,-1.826754477484564820e-01,-1.962386045758654518e+01,1.555351701641815154e+01,1.241437102086828190e+02,-2.994461882160828065e-02,1.683598249911988489e+02,1.321658852506243238e+04,4.088478102219269658e+03,1.416820995351656711e+04
5.854999999999909166e-01,1.842269769249058697e+01,-6.465734155241363926e-03,8.455764311717025583e-01,-4.215927270487281747e-02,2.586360218406364916e-02,-1.999172082297514530e-01,-1.527300430333917802e+01,1.165936091948902131e+01,1.326434937723315670e+02,-3.007173644065791809e-02,1.683632600673802528e+02,1.330274979641413665e+04,4.101954379990211237e+03,1.425985908946553536e+04
5.904999999999903659e-01,1.842248047232156338e+01,-6.328725249174233652e-03,8.445359175555039455e-01,-4.448505720265036323e-02,2.859468996952126835e-02,-2.142905735928439248e-01,-9.127850932077478774e+00,1.018861470539738079e+01,1.412254045469567245e+02,-3.019727041817383065e-02,1.683564295747928270e+02,1.336204152086645627e+04,4.112438380893611793e+03,1.433273330023647395e+04
5.954999999999898153e-01,1.842225311453352532e+01,-6.179560223426317986e-03,8.434339819040029829e-01,-4.621369346523179766e-02,3.074403141323532596e-02,-2.245546138705233896e-01,-2.244559353157342230e+00,9.389033226101140883e+00,1.598382538448209971e+02,-3.032020014468866237e-02,1.683609990151076090e+02,1.338446978077601489e+04,4.119120857833962873e+03,1.445525355769311500e+04
6.004999999999892646e-01,1.842201833745820849e+01,-6.009045318752379711e-03,8.422989324770906450e-01,-4.740967974168814464e-02,3.619683511761445649e-02,-2.283033902269240856e-01,2.733442634404354976e+00,2.211934680514021778e+01,1.843224251512124283e+02,-3.043297313676970178e-02,1.683710297048547488e+02,1.387087150386539906e+04,4.079452370600082759e+03,1.468815430371982984e+04
6.054999999999887139e-01,1.842178054495867556e+01,-5.841881987707103763e-03,8.411565056692342779e-01,-4.745298267445703655e-02,3.085995205886581452e-02,-2.274403551064397011e-01,3.977789935833925483e+00,-2.563761087167719666e+01,2.041797889916757640e+02,-3.054340304218816637e-02,1.683962902099889618e+02,1.478342598312235714e+04,4.225260114296401298e+03,1.402264074561456073e+04
6.104999999999881632e-01,1.842154728626567817e+01,-5.698662713895573037e-03,8.400432681038967342e-01,-4.571824029816005247e-02,2.698995869726380711e-02,-2.172738997582541465e-01,5.406055592065172277e+00,-1.566825830879807846e+01,2.407237810717462025e+02,-3.066768208711704788e-02,1.684624377304948837e+02,1.486469977190686950e+04,4.236853455836909234e+03,1.414682867967581660e+04
6.154999999999876126e-01,1.842132702319471349e+01,-5.556271450889643977e-03,8.390079321743452168e-01,-4.253297104167696324e-02,3.035744868934732790e-02,-1.976916770485761810e-01,9.509271430541900827e+00,2.514876969303786325e+01,2.744875267681914011e+02,-3.078595546791180332e-02,1.685302492781839305e+02,1.411684353087439376e+04,4.112015165528060606e+03,1.496293316154490094e+04
6.204999999999870619e-01,1.842112575174589750e+01,-5.402564373038274206e-03,8.380835749315127536e-01,-3.817685646833009205e-02,3.048716987933243819e-02,-1.739664352680281856e-01,1.690236496930509702e+01,2.484975806842889767e+00,2.854568757698418722e+02,-3.087642908915384440e-02,1.685334666064154590e+02,1.414714276375875488e+04,4.139230738331218163e+03,1.505347351049443751e+04
6.254999999999865112e-01,1.842094972286847465e+01,-5.263767977316371853e-03,8.372842762711660836e-01,-3.259531765101916084e-02,2.334685885332719521e-02,-1.480092716599546721e-01,2.103258231361780872e+01,-5.427893982065010192e+01,2.879841623896627425e+02,-3.095126145228742354e-02,1.684998467771796697e+02,1.505673728898538320e+04,4.303620450445798269e+03,1.438119788360789244e+04
6.304999999999859606e-01,1.842080438013093513e+01,-5.172670236437006998e-03,8.366250637207776064e-01,-2.605044813925942726e-02,1.447356767083769064e-02,-1.178510218845963409e-01,2.297975019826748166e+01,-3.386384242972113867e+01,3.065229402917345851e+02,-3.103868953200402195e-02,1.685196185230693970e+02,1.511233168602783917e+04,4.332250119905572319e+03,1.444608845283892879e+04
6.354999999999854099e-01,1.842069363670204751e+01,-5.107672617207593795e-03,8.361301608676677821e-01,-1.892044997568090650e-02,1.314750856924904940e-02,-8.310316043461919711e-02,2.459081335588621187e+01,1.219581710317115153e+01,3.248759176077917346e+02,-3.112765646646470721e-02,1.685810987737261826e+02,1.431686411096762822e+04,4.227245869039601530e+03,1.520764222432920724e+04
6.404999999999848592e-01,1.842061929346378335e+01,-5.047279620229406030e-03,8.358127964656588693e-01,-1.152580797744530428e-02,1.077120486492614063e-02,-4.746698512437147466e-02,2.628906193633616795e+01,-6.541360260248586300e+00,3.238394080140479900e+02,-3.119429487314472754e-02,1.686046091805197022e+02,1.437436276879398065e+04,4.260773802325729775e+03,1.521532781065036033e+04
6.454999999999843086e-01,1.842058239663959895e+01,-5.019756643775630245e-03,8.356716816219752486e-01,-3.969303308584248846e-03,4.179182423689690030e-04,-1.243832231082229144e-02,2.555687261490135143e+01,-4.977057372261491253e+01,3.169262433995761512e+02,-3.125648121907416421e-02,1.686133442325358942e+02,1.525545325752451754e+04,4.427965227000731829e+03,1.453369100074861672e+04
6.504999999999837579e-01,1.842058331701359464e+01,-5.042378857331693623e-03,8.357072788877774050e-01,3.571842662816465761e-03,-8.189242146265745398e-03,2.321005479259171528e-02,2.424575115473567166e+01,-3.307996274903857881e+01,3.198305603890031534e+02,-3.133681811480785312e-02,1.686816762117426265e+02,1.533820226532938614e+04,4.452893457163856510e+03,1.458574683359217670e+04
6.554999999999832072e-01,1.842062115998844973e+01,-5.080597988628190662e-03,8.359207496230181000e-01,1.074403083635194420e-02,-7.890941990345736248e-03,5.818161225350536314e-02,2.368151645947318684e+01,3.412733403293669809e+00,3.168394812240642295e+02,-3.141293501690387013e-02,1.687546779867302575e+02,1.451610134879163525e+04,4.358088153771230282e+03,1.528707976251404762e+04
6.604999999999826565e-01,1.842069292708276151e+01,-5.126341699093765053e-03,8.362991625913251958e-01,1.719326700828115520e-02,-1.039148897059699074e-02,8.929491313121344642e-02,2.311044100691378844e+01,-6.411633293404628731e+00,2.983996670346675728e+02,-3.147160623260399775e-02,1.687785940553403634e+02,1.451446241243226541e+04,4.384550287591418964e+03,1.527135560977647219e+04
6.654999999999821059e-01,1.842079441394420414e+01,-5.209053929450155676e-03,8.368199809375892473e-01,2.270952979675414096e-02,-2.074477612657972883e-02,1.159078016776537434e-01,1.851149640400933549e+01,-3.982266937299794307e+01,2.794965476891817389e+02,-3.153734335708729269e-02,1.688066210721398761e+02,1.542901830485331448e+04,4.541367995424271612e+03,1.455392151126047793e+04
6.704999999999815552e-01,1.842092115723577805e+01,-5.331153513214384985e-03,8.374663407895106548e-01,2.739982331715726596e-02,-2.618664494185847513e-02,1.398739610125266375e-01,1.636218295332139405e+01,3.988183602449841203e+01,2.775077420103998520e+02,-3.162303869709517934e-02,1.688919499620243414e+02,1.459729792898243068e+04,4.450092069079303656e+03,1.528303408837548886e+04
6.754999999999810045e-01,1.842106908739806670e+01,-5.454056245769468673e-03,8.382241142207574880e-01,3.116699690621859559e-02,-2.384898469142114966e-02,1.602099051981402955e-01,1.132764717368968377e+01,1.165339037385240317e+01,2.576825192183902118e+02,-3.170157302624104778e-02,1.689648291008259093e+02,1.466374901401081297e+04,4.472565680128813256e+03,1.530152944117400148e+04
6.804999999999804539e-01,1.842123197268796631e+01,-5.572690547466078483e-03,8.390657945841119014e-01,3.351458924809071899e-02,-2.375104033365054226e-02,1.739033390126596967e-01,7.610663862773833443e+00,2.065444797852510561e+00,2.291782659257539763e+02,-3.176384553502817343e-02,1.689972178876042790e+02,1.465456337002049258e+04,4.511220542965565983e+03,1.526420824889832511e+04
6.854999999999799032e-01,1.842140236648986473e+01,-5.715649053542431503e-03,8.399547107001129609e-01,3.438511283566397791e-02,-3.163887216678016451e-02,1.803362996598492918e-01,7.643824974797439609e-01,-3.106730845268624464e+01,2.027388804305129497e+02,-3.183310234665216037e-02,1.690451775773139218e+02,1.556657463360206020e+04,4.661244027307245233e+03,1.448272275411642295e+04
6.904999999999793525e-01,1.842157449025558336e+01,-5.884569381704935105e-03,8.408655856777089710e-01,3.437147369654200424e-02,-3.419702032133565411e-02,1.833607321397284218e-01,-3.492542246041011822e+00,5.287736274568746353e+01,2.014971884514735621e+02,-3.192269302292333882e-02,1.691501143674642549e+02,1.470310052408784395e+04,4.564629171347150987e+03,1.525134211853249690e+04
6.954999999999788018e-01,1.842174486098069153e+01,-6.037527180407281993e-03,8.417844314171349929e-01,3.365610960263043516e-02,-2.827259495304779505e-02,1.831195041206099550e-01,-7.515084856685689374e+00,2.457335845292646326e+01,1.809522083915821895e+02,-3.200507111081775380e-02,1.692425693164275060e+02,1.478006589568697200e+04,4.575376523819887552e+03,1.526781129692660215e+04
7.004999999999782512e-01,1.842190843808524647e+01,-6.168885721874211268e-03,8.426831911424390587e-01,3.177328156992416386e-02,-2.479906871658475731e-02,1.759037535338980884e-01,-9.059358634806642385e+00,1.492820096222179060e+01,1.526735097096568552e+02,-3.207060966086898446e-02,1.692998959727490274e+02,1.478338710474892287e+04,4.604079210594696633e+03,1.523222116142486448e+04
7.054999999999777005e-01,1.842205932357705578e+01,-6.292513922824980940e-03,8.435251175080309416e-01,2.868329900653567369e-02,-2.682914972106816009e-02,1.611073729365031515e-01,-1.351149132492690796e+01,-3.801100196537532128e+01,1.254563390786413493e+02,-3.213014846518952999e-02,1.693504806071071869e+02,1.557302985206350058e+04,4.750347500708010557e+03,1.444607823467604067e+04
7.104999999999771498e-01,1.842219338641132609e+01,-6.435882719168020683e-03,8.442852767042361428e-01,2.533970703845019740e-02,-2.955247825687220067e-02,1.448645715720874305e-01,-2.005194350006689774e+01,-1.058487318208965178e+01,1.278475462748255040e+02,-3.220990121182720073e-02,1.694560049710053136e+02,1.559069823642551273e+04,4.758961405809857752e+03,1.443685184843036222e+04
7.154999999999765992e-01,1.842231181281487196e+01,-6.576053065333128771e-03,8.449710596427969511e-01,2.224294051573837486e-02,-2.429048164968842377e-02,1.315506297130004110e-01,-2.269706544442328777e+01,5.311469805044779235e+01,1.455679981008850064e+02,-3.229961380455617648e-02,1.695937064876518718e+02,1.485971071514462346e+04,4.640915639334052685e+03,1.527649066239303465e+04
7.204999999999760485e-01,1.842241292478726322e+01,-6.675932487594083038e-03,8.455903881336462868e-01,1.853887634641036841e-02,-1.703018909164809996e-02,1.167800250706654136e-01,-1.577425650258481937e+01,2.662654943071556701e+01,1.289507421354828693e+02,-3.237139324145488217e-02,1.696813545032392199e+02,1.491627302752800642e+04,4.664583939647551233e+03,1.529862267538829474e+04
7.254999999999754978e-01,1.842249458244547000e+01,-6.746782440072147773e-03,8.461201630262912277e-01,1.444672107546566935e-02,-1.194674574067683230e-02,9.621488209898311494e-02,-7.901096592836324817e+00,2.015008832978753617e+01,1.035578529920111350e+02,-3.243151142941087806e-02,1.697318823731519046e+02,1.493203630739772962e+04,4.693294093220259128e+03,1.526329791791410389e+04
7.304999999999749472e-01,1.842255406990417299e+01,-6.793801322350611835e-03,8.465323298587154044e-01,9.781593777002472664e-03,-7.399772692776710771e-03,7.046843414497561131e-02,-5.757453973900510391e-01,1.437055431766507319e+01,8.265817760581148832e+01,-3.248631317409651775e-02,1.697829553428158817e+02,1.482186878462169261e+04,4.732671408423019784e+03,1.522209922970858861e+04
7.354999999999743965e-01,1.842258966220018479e+01,-6.837889720754993655e-03,8.468045734439593186e-01,4.880823619673962596e-03,-1.067395823212002708e-02,4.195148079418963699e-02,-1.304327706027976319e+01,-1.836128631407211032e+01,8.839104494373430043e+01,-3.254914180707484811e-02,1.698498096017085004e+02,1.566773164646143414e+04,4.850014967433073252e+03,1.446301391860673357e+04
7.404999999999738458e-01,1.842260146353209294e+01,-6.893042308389902423e-03,8.469523635093477720e-01,5.271796506328038341e-04,-1.091989994331535319e-02,2.031269285468075003e-02,-1.603436241913345839e+01,-4.938522977105108680e-02,1.134923089345755898e+02,-3.263420035110468215e-02,1.699557277832736872e+02,1.575370684163710212e+04,4.852849062241835782e+03,1.451059981423524550e+04
7.454999999999732951e-01,1.842259404556078906e+01,-6.933441170591464822e-03,8.470096851635493529e-01,-3.128308117524517679e-03,-3.715173548103464958e-03,5.081687963663058735e-03,-1.437899031283683371e+01,4.940141468516978307e+01,1.373123282186801362e+02,-3.272532575212006023e-02,1.700705169926151541e+02,1.509514546125765082e+04,4.760062894264213355e+03,1.525061777364711270e+04
7.504999999999727445e-01,1.842256918649235686e+01,-6.930815560024641137e-03,8.469912121052323162e-01,-6.462207437417990044e-03,3.449924113303319464e-03,-1.152363399912715788e-02,-6.026552061213578781e+00,2.611081040025352706e+01,1.234985065166218874e+02,-3.279980668877900685e-02,1.701273704895502590e+02,1.514593782257396015e+04,4.791172408137671482e+03,1.531690559334736463e+04
7.554999999999721938e-01,1.842252733653187136e+01,-6.899621953989917324e-03,8.468782400111350972e-01,-9.969926353985173254e-03,8.356279632822708608e-03,-3.216292491631973782e-02,-1.756943574376805373e+00,1.812176641842531311e+01,1.065806307068380647e+02,-3.286361407210061647e-02,1.701629609683305659e+02,1.512645233946494955e+04,4.829531200345176330e+03,1.531827669252268242e+04
7.604999999999716431e-01,1.842246695977704718e+01,-6.846786285304056960e-03,8.466552742358047778e-01,-1.388844559400535979e-02,1.131776995198427276e-02,-5.508499942798023713e-02,-2.839190919231498356e+00,-5.258432045671609956e+01,9.343070766357880075e+01,-3.292094199962868062e-02,1.702036117011145961e+02,1.590596754969920585e+04,4.964353870102731889e+03,1.460990271404065970e+04
7.654999999999710925e-01,1.842238843876257093e+01,-6.805166194743285379e-03,8.463159521546618214e-01,-1.708919131982645015e-02,6.850969793312550356e-03,-7.686064571613090979e-02,-1.413022426734897863e+01,-1.188470349410527227e+01,1.198905859443433428e+02,-3.299096785523165931e-02,1.702577422743721343e+02,1.593025971543159358e+04,4.983954664177806990e+03,1.457205719935267734e+04
7.704999999999705418e-01,1.842229538180110282e+01,-6.772742534384850605e-03,8.458941053004891408e-01,-1.966445442181604525e-02,6.362584281383205052e-03,-8.946018732433368148e-02,-1.773977850910279130e+01,-2.179003857672246802e+00,1.511503247128035810e+02,-3.307496019379212865e-02,1.703376159771297864e+02,1.606736485653997624e+04,4.994576168868417881e+03,1.466567984922172036e+04
7.754999999999699911e-01,1.842219138700671976e+01,-6.722485858017507136e-03,8.454293610985390561e-01,-2.165335445636217687e-02,1.394129701793197541e-02,-9.548420682601961584e-02,-1.276661696562331372e+01,3.800806375143345406e+01,1.702052305306849576e+02,-3.315522683073116733e-02,1.703883955822462326e+02,1.541593440229609223e+04,4.914691129524703683e+03,1.539729017631494207e+04
7.804999999999694404e-01,1.842207866375074232e+01,-6.637494187983599900e-03,8.449309578981971658e-01,-2.314246770408677489e-02,1.902504140818860393e-02,-1.037076907782997770e-01,-1.942508546649207801e+00,1.792892567177125684e+01,1.581406361024105536e+02,-3.321544379641449413e-02,1.703714415483325695e+02,1.540845031187184941e+04,4.956345009715050764e+03,1.551557638381972902e+04
7.854999999999688898e-01,1.842196091532241198e+01,-6.534732401044652042e-03,8.443827091907570859e-01,-2.401202501995503696e-02,2.168070208861611753e-02,-1.144864403208805809e-01,1.522316181642167976e+00,1.117137502124811732e+01,1.495522159314358532e+02,-3.326371675060846300e-02,1.703532809149997149e+02,1.538055227840803673e+04,4.999021499645948097e+03,1.547093990851912531e+04
7.904999999999683391e-01,1.842183710031354238e+01,-6.438136962838558568e-03,8.437810138807603222e-01,-2.530342770381829171e-02,1.657338473536806855e-02,-1.244239115687964109e-01,-2.955393827059651812e+00,-2.839241833418132543e+01,1.593723660162996794e+02,-3.331318268166533203e-02,1.703589575939841438e+02,1.618821484876432260e+04,5.130906985089015507e+03,1.472732762204787832e+04
7.954999999999677884e-01,1.842170931866535710e+01,-6.364965234719472363e-03,8.431495087760660923e-01,-2.557629460316634615e-02,1.337938098009763127e-02,-1.265717073910308521e-01,-6.828639495633069600e+00,-1.282606949329856860e+01,1.920011357249791217e+02,-3.337969541559157594e-02,1.704125110302140058e+02,1.626896501110978170e+04,5.147445938880834547e+03,1.480685457337564912e+04
8.004999999999672378e-01,1.842158352838097812e+01,-6.296248264704543823e-03,8.425303837216738811e-01,-2.469661074961102334e-02,1.615582464038708976e-02,-1.202985003880283899e-01,-4.192738349470516823e+00,3.901815656141603483e+01,2.269321124548987427e+02,-3.345080424558369292e-02,1.704808623060425248e+02,1.555251278377304698e+04,5.057571929558755983e+03,1.565208371201726186e+04
8.054999999999666871e-01,1.842146435966703066e+01,-6.204664143985776786e-03,8.419551692620997896e-01,-2.303766191271380825e-02,1.942565897957148832e-02,-1.106079666973363573e-01,2.716420139735646444e+00,1.300627980414338580e+01,2.312376656744614820e+02,-3.350199386753793113e-02,1.704903798078999841e+02,1.564924277204306418e+04,5.087233745023383563e+03,1.568254340108269025e+04
8.104999999999661364e-01,1.842135452889442959e+01,-6.105747350223162014e-03,8.414300512347683281e-01,-2.105527242061607657e-02,1.981827881821535825e-02,-1.004396654904932684e-01,9.614961291322629222e+00,2.806618692124040138e+00,2.273141740592201359e+02,-3.353811352140074337e-02,1.704586898670135895e+02,1.565956465207056681e+04,5.124115948304888661e+03,1.568215900715423231e+04
8.154999999999655858e-01,1.842125495464014406e+01,-6.021704293065421008e-03,8.409545566880408662e-01,-1.894553991761050576e-02,1.294760008935781810e-02,-9.064570133908833593e-02,1.258277731217367545e+01,-4.112534379520271699e+01,2.244975954680350014e+02,-3.357223024682091939e-02,1.704303270945412123e+02,1.651350574560648238e+04,5.265612556699370543e+03,1.497593680954192314e+04
8.204999999999650351e-01,1.842116728563692973e+01,-5.974421864960355669e-03,8.405357061621020476e-01,-1.627042190509428443e-02,7.002689754678375657e-03,-7.748114753359647278e-02,1.349974775988823694e+01,-2.462132028314610466e+01,2.418036411327730093e+02,-3.362644209510565196e-02,1.704641563524785113e+02,1.657075925610514241e+04,5.294015214644934531e+03,1.503520354786515600e+04
8.254999999999644844e-01,1.842109478000145018e+01,-5.931557770753774668e-03,8.401959986137312875e-01,-1.301687326645919150e-02,9.919516888335592336e-03,-5.993581690086159652e-02,1.604116799283394812e+01,1.560471916027457340e+01,2.571107486278804117e+02,-3.368199933852653732e-02,1.705127617814653149e+02,1.578983712044764252e+04,5.209067589979555123e+03,1.578322099344506569e+04
8.304999999999639337e-01,1.842103909861166500e+01,-5.880686956889986938e-03,8.399441997237091506e-01,-9.572720461258666519e-03,1.002344523183443595e-02,-4.270896577467771932e-02,1.818720261562566520e+01,8.610450342844284677e-01,2.523911555321299147e+02,-3.372142138796955374e-02,1.705215173227706487e+02,1.579522950238812700e+04,5.241099408240832418e+03,1.580281474915213039e+04
8.354999999999633831e-01,1.842100057142946312e+01,-5.849827867994638990e-03,8.397735508088259859e-01,-6.195230080791498846e-03,2.223514029645055727e-03,-2.713544727811671720e-02,1.499697390446988265e+01,-3.994742552531220525e+01,2.440121686863334389e+02,-3.376084811231494509e-02,1.705257804132238846e+02,1.666618139280233663e+04,5.379762548706138659e+03,1.508320612942198750e+04
8.404999999999628324e-01,1.842097933159482537e+01,-5.856061978463827401e-03,8.396839658047564603e-01,-2.611099944967460156e-03,-3.706221513503515311e-03,-1.005944900048146538e-02,1.151586469481833319e+01,-2.308519054902960121e+01,2.531742719684119720e+02,-3.381911171509634911e-02,1.705811322875622409e+02,1.673763945496832457e+04,5.399736181366775781e+03,1.514079567376677733e+04
8.454999999999622817e-01,1.842097680502489609e+01,-5.870850421931132768e-03,8.396865428935780251e-01,1.212889777962175781e-03,-1.524154491850001486e-03,9.227835418721921923e-03,9.746451137444296364e+00,1.892116041909300606e+01,2.634011769445514801e+02,-3.387829700362826602e-02,1.706500997085841504e+02,1.594234760223800549e+04,5.312938838479422884e+03,1.588717209410398573e+04
8.504999999999617311e-01,1.842099264894806154e+01,-5.876319743751786361e-03,8.397821374276798201e-01,4.703122473754984580e-03,-1.093041080991687640e-03,2.679124178589165767e-02,8.332727271981525519e+00,3.257562588378664969e+00,2.531687189697989879e+02,-3.391788746284378486e-02,1.706740203983687252e+02,1.596690246342560386e+04,5.342750052834850067e+03,1.588873550264349979e+04
8.554999999999611804e-01,1.842102441532303558e+01,-5.891290620263921370e-03,8.399562766602208796e-01,7.570486863622188922e-03,-6.536177592671266884e-03,4.076558587833375991e-02,4.655614107707037874e+00,-4.824635864161270860e+01,2.335529300944825764e+02,-3.394884682709448792e-02,1.706726268024768842e+02,1.682698472080527426e+04,5.485219269265133335e+03,1.514854813538312192e+04
8.604999999999606297e-01,1.842106916473572653e+01,-5.942878954198952887e-03,8.401946564841903387e-01,1.006607139729377882e-02,-1.285844698021205643e-02,5.333597247409465475e-02,3.018539606106514839e+00,-2.448152576716395501e+01,2.335584751821872942e+02,-3.399743762774723455e-02,1.707145888146912114e+02,1.687109871559305975e+04,5.506655115572455543e+03,1.516417254535271422e+04
8.654999999999600790e-01,1.842112632785969595e+01,-6.005625851797266948e-03,8.404976137843014339e-01,1.251825135606922726e-02,-1.081555196782821304e-02,6.650465714194676858e-02,3.323902204365822399e+00,2.294331575855099103e+01,2.385695685055542299e+02,-3.405205488003342634e-02,1.707819664099598640e+02,1.605170705622191599e+04,5.419939053673393573e+03,1.590443485556862652e+04
8.704999999999595284e-01,1.842113038465561559e+01,-6.054300855388569311e-03,8.408736785545992687e-01,-6.272077099098977322e-03,-9.152516549084523806e-03,8.120790289254881111e-02,-4.741420838510782687e+01,1.443204621045543767e+01,2.359078714802246850e+02,-3.414818055985465589e-02,1.709016324221409775e+02,1.655811779298302281e+04,4.956224670416384470e+03,1.547192800096585961e+04
8.754999999999589777e-01,1.842107551701263546e+01,-6.098585368618325217e-03,8.413039718057350180e-01,-1.376782136531836884e-02,-8.681492112207712594e-03,8.910514540871281031e-02,-1.474197260722309011e+01,5.899488879565479849e+00,2.087933400354460218e+02,-3.433364976867003121e-02,1.711400888330999237e+02,1.660207741682771302e+04,5.061689386411235319e+03,1.542056373487663768e+04
8.804999999999584270e-01,1.842099457275319807e+01,-6.159600976377872968e-03,8.417572488240956385e-01,-1.781803761877018277e-02,-1.588269860891704938e-02,9.153950355605962319e-02,-5.143410049888302638e+00,-3.593604826217578108e+01,1.922054214371321450e+02,-3.458892499717747954e-02,1.714834488843870304e+02,1.755224835725097364e+04,5.293369110616297803e+03,1.467381806496608988e+04
8.854999999999578764e-01,1.842090359801890642e+01,-6.244247554649239376e-03,8.422223255355640870e-01,-1.773638284607883392e-02,-1.506841447279512990e-02,9.453241880728677216e-02,8.535958834983830457e+00,3.555795605163827844e+01,1.994190301454825658e+02,-3.490676229536773117e-02,1.719421511519678916e+02,1.687429984463622532e+04,5.323291635689016402e+03,1.540454636304539417e+04
8.904999999999573257e-01,1.842081947254687080e+01,-6.308264605711671850e-03,8.427009236835824035e-01,-1.607193046480838092e-02,-1.140710787365822008e-02,9.622445322440806303e-02,9.795528393917834364e+00,1.526203155970897996e+01,1.918779626239680738e+02,-3.523801845781390080e-02,1.724169348962354320e+02,1.704307026860394035e+04,5.474628850960953969e+03,1.541927416817051198e+04
8.954999999999567750e-01,1.842074269743732629e+01,-6.359749230495030659e-03,8.431788442762392366e-01,-1.489646774138377733e-02,-9.513067187831481322e-03,9.451458640734257399e-02,9.347894871615494594e+00,9.687592262053138725e+00,1.768824098810822534e+02,-3.557223770929283241e-02,1.728835617756233489e+02,1.720736805071321214e+04,5.639644388517459447e+03,1.540967815555505877e+04
9.004999999999562244e-01,1.842066924202257283e+01,-6.402930909710453054e-03,8.436384352464243452e-01,-1.466828390169152077e-02,-7.925681624259392835e-03,8.929814876415496927e-02,6.912474719099350295e+00,7.413720311893976955e+00,1.624694700740850521e+02,-3.590641300468767894e-02,1.733441478271356573e+02,1.735942198112284677e+04,5.817549692044218318e+03,1.539938875449288935e+04
9.054999999999556737e-01,1.842059418172973650e+01,-6.443409139879431591e-03,8.440631582734674510e-01,-1.567597197571214337e-02,-1.027837498537084206e-02,8.099828652585831790e-02,-2.836481838841223180e+00,-4.248963989476840197e+01,1.562939323806367611e+02,-3.624077375845112525e-02,1.738008219994378578e+02,1.823532749928340127e+04,6.086122614520740171e+03,1.473192992647666506e+04
9.104999999999551230e-01,1.842051452912911458e+01,-6.507932318794188223e-03,8.444487920582568474e-01,-1.541565137033535163e-02,-1.440873906449823515e-02,7.455864564693229224e-02,3.219591330136267970e+00,-1.180252077940533617e+01,1.676450438419617512e+02,-3.659324204119484419e-02,1.742838638152317685e+02,1.848748704384024313e+04,6.239440220384214626e+03,1.479999972507120765e+04
9.154999999999545723e-01,1.842044493459009047e+01,-6.559973040154647161e-03,8.448137238394224369e-01,-1.358254731441012678e-02,-6.967254184075387727e-03,7.154306339317760555e-02,-9.049513070724515273e+00,4.534621310233842451e+01,1.760211792082654938e+02,-3.694066416909600609e-02,1.747456621079177808e+02,1.844078426309495262e+04,5.805303531280169409e+03,1.556910603699884996e+04
9.204999999999540217e-01,1.842037766334031446e+01,-6.580576363077798169e-03,8.451535093189795900e-01,-1.346982207747611168e-02,-2.118775829639389999e-03,6.420192373848063183e-02,-6.979516441364467028e+00,2.532820648500445770e+01,1.592249736796160278e+02,-3.725938567945128593e-02,1.751085429818538728e+02,1.869988755755472084e+04,6.006065495550627929e+03,1.567134123034353252e+04
9.254999999999534710e-01,1.842030779399811635e+01,-6.581022863720877546e-03,8.454428554109433280e-01,-1.457877365545146367e-02,1.484152451285200916e-03,5.209023634333583008e-02,-7.652699056738583749e+00,1.871281473947862040e+01,1.395561342569710632e+02,-3.755407131950392469e-02,1.754169093772941324e+02,1.892580241367727285e+04,6.228014204620139935e+03,1.570928408672528167e+04
9.304999999999529203e-01,1.842023086755641259e+01,-6.564916391561008945e-03,8.456626257824022552e-01,-1.385674704676963416e-02,3.848738219632255510e-03,3.685716427023808667e-02,9.559960778309891793e+01,-9.096042121396071423e+01,1.169796742264263685e+02,-3.783044638222529676e-02,1.757005141966617714e+02,1.819568357967701377e+04,7.670385941539730084e+03,1.611776650254802371e+04
9.354999999999523697e-01,1.842021009273681287e+01,-6.569910012750168962e-03,8.458014358733267901e-01,1.507091898454871164e-03,-4.904438141232076061e-03,2.120633060537275433e-02,2.888696372741503637e+01,-6.453087342686185934e+01,1.381906378480268813e+02,-3.803195097698362781e-02,1.757827376375778670e+02,1.905723271068962276e+04,7.946989253980862486e+03,1.547788345114293588e+04
9.404999999999518190e-01,1.842023503167688148e+01,-6.607300933678564130e-03,8.458805069610703109e-01,6.892975922249649015e-03,-8.983992644252088849e-03,1.233652147214011306e-02,-3.750807272856945929e+00,-2.539288515931801271e+01,1.630855340465260497e+02,-3.814888976732641601e-02,1.757275817819167116e+02,1.921714017670620524e+04,8.030562558280803387e+03,1.562285476225172351e+04
9.454999999999512683e-01,1.842027302592504512e+01,-6.648984768249568272e-03,8.459309377679156139e-01,7.655176693287089711e-03,-6.218976819782608308e-03,8.739185029416951522e-03,-1.290934803805430420e+01,2.362122108969492729e+01,1.782540281401015818e+02,-3.820307697155986976e-02,1.755782512615859901e+02,1.868976505309694039e+04,7.973554698560923498e+03,1.639618776729120873e+04
9.504999999999507176e-01,1.842030726485721459e+01,-6.669657718566210716e-03,8.459607418474064389e-01,5.943263052000669240e-03,-2.732491114466444222e-03,2.944980152079557535e-03,-7.943361178328586902e+00,1.087377637084873072e+01,1.630235828249574297e+02,-3.820215861807389063e-02,1.753341470065119836e+02,1.871870639468612353e+04,8.001629462063254323e+03,1.652042111812953954e+04
9.554999999999501670e-01,1.842032947179950497e+01,-6.676449898007065509e-03,8.459479274146005645e-01,3.077808577827239635e-03,-2.966968614108448287e-04,-7.676443230333158604e-03,-1.174364612811473307e+00,8.933500912814338335e+00,1.433361532062767765e+02,-3.817266669087011205e-02,1.750847217677609251e+02,1.866448154303357296e+04,8.003399338692869605e+03,1.657325283732536263e+04
9.604999999999496163e-01,1.842033535435622937e+01,-6.671717917090940267e-03,8.458735410385780362e-01,-4.356040272253874435e-04,1.951874020091910484e-03,-2.094792248064282839e-02,2.099893277177557138e+00,9.374219657626980506e+00,1.348958379835838741e+02,-3.813172288117752662e-02,1.748790431511824295e+02,1.858301093266981115e+04,7.987828456253280820e+03,1.657495509612882597e+04
9.654999999999490656e-01,1.842032362062377615e+01,-6.671677521639949107e-03,8.457303006372304255e-01,-3.763450076827815158e-03,-1.575176213651682897e-03,-3.421879379544254945e-02,-1.602326810051181383e+00,-1.631954415879999942e+01,1.442065361982333798e+02,-3.809855633944882886e-02,1.747339653589479553e+02,1.922467425508884480e+04,8.061651660561470635e+03,1.590390024507265844e+04
9.704999999999485150e-01,1.842029763450079116e+01,-6.683816875754611600e-03,8.455376215035154130e-01,-6.205194646147499035e-03,-2.920417614065339614e-03,-4.117368288103632340e-02,-6.157060328524153192e+00,-6.814324283705360585e+00,1.678887470131463715e+02,-3.808799013138820105e-02,1.746603533867496765e+02,1.931661976791517372e+04,8.041594471767969480e+03,1.599851807818499401e+04
9.754999999999479643e-01,1.842026142874716754e+01,-6.686837745801779004e-03,8.453263734788967199e-01,-8.012353362523561354e-03,1.926135411281502605e-03,-4.293860878060785924e-02,-1.568650639590714491e+00,2.645433639840112505e+01,1.821394755049733476e+02,-3.808698809076090097e-02,1.746074826485529172e+02,1.866191372146531285e+04,7.903356921220060030e+03,1.665855879107689907e+04
9.804999999999474136e-01,1.842020058159838669e+01,-6.662499782813307778e-03,8.451032966670692925e-01,-1.507765591062278782e-02,6.912121676894599637e-03,-4.675345159470328804e-02,2.417927739136234777e+01,-4.890936278633631673e+00,1.645682869028897812e+02,-3.809588855093622162e-02,1.745601824495013261e+02,1.865751281864535849e+04,7.886984387221238649e+03,1.671636460416044429e+04
9.854999999999468629e-01,1.842013184842954132e+01,-6.624695638005691570e-03,8.448479167471526496e-01,-1.312543550664630257e-02,8.070786563796304713e-03,-5.484680805740037995e-02,1.525399506526446203e+01,3.157955355909791706e-01,1.551347852345276124e+02,-3.811640901861167857e-02,1.745496956341123678e+02,1.860970154126975467e+04,7.893905965957088483e+03,1.670622174431778694e+04
9.904999999999463123e-01,1.842006589130261673e+01,-6.581554946853975310e-03,8.445494084245455113e-01,-1.343460456827612337e-02,8.402049118814187631e-03,-6.385061014706443216e-02,7.544204440970929681e+00,-4.848078151716919137e+01,1.496300422413801243e+02,-3.812611180940421451e-02,1.745412269394495866e+02,1.926885440389528958e+04,7.992819004970829155e+03,1.604940130705979936e+04
9.954999999999457616e-01,1.841999655485948395e+01,-6.553527222719136500e-03,8.442073941345359378e-01,-1.411988477211220325e-02,3.973662129752068665e-03,-7.119987193501439715e-02,-3.720840491463377475e+00,-1.749382373400982260e+01,1.683092676594992554e+02,-3.814429612347325360e-02,1.745502191518184816e+02,1.924874952446810858e+04,7.969191826798210968e+03,1.602191788445433849e+04
1.000499999999945322e+00,1.841990577021425679e+01,-6.535609554446557626e-03,8.438479374738463434e-01,-1.939487764666588537e-02,3.171502912132374927e-03,-7.196317191581688699e-02,7.592708398621880406e+00,-2.175309707494301392e+01,1.878343256135748334e+02,-3.819410237810124537e-02,1.746128210467659301e+02,1.934766275817739006e+04,7.949363005288851127e+03,1.611273829926782128e+04
1.005499999999944771e+00,1.841981931030412056e+01,-6.510936169689567239e-03,8.434953894125692964e-01,-1.596292042397644273e-02,6.917111236313580776e-03,-6.910582402805247326e-02,-5.188271909661352765e-01,1.678858960326053307e+01,2.026338087457216943e+02,-3.824812279452804303e-02,1.746643695739738860e+02,1.875311133937354680e+04,7.855300117468731514e+03,1.676135767183759162e+04
1.010499999999944221e+00,1.841973920852835178e+01,-6.473175083702012618e-03,8.431569580128918107e-01,-1.766087690405364688e-02,6.734066584343316279e-03,-6.606024162754903228e-02,-1.520876394168112711e+01,-1.799006463583509685e+01,2.073122143846634344e+02,-3.827704976028366290e-02,1.746398785956088204e+02,1.897734175973475794e+04,7.908400461328305028e+03,1.662315448280583223e+04
1.015499999999943670e+00,1.841965263798328323e+01,-6.438335155531358517e-03,8.428317427229348180e-01,-1.568256252442240192e-02,8.005474422087009712e-03,-6.506624906866143032e-02,1.094276892452649008e+01,1.086892745330669641e+01,1.876506968930174253e+02,-3.830322180365583473e-02,1.746241043092834104e+02,1.867908197863664464e+04,7.839213321637818808e+03,1.683968813331621277e+04
1.020499999999943119e+00,1.841958107692129687e+01,-6.394100967615724308e-03,8.425045684105519905e-01,-1.347922059824235505e-02,9.368769147403404468e-03,-6.573014702214019511e-02,6.237555324885192931e+00,6.061784062446008647e+00,1.871257191758583076e+02,-3.831437817490689068e-02,1.745954152481837127e+02,1.864819924436477959e+04,7.816160770559152297e+03,1.682217750866892675e+04
1.025499999999942569e+00,1.841950861946823537e+01,-6.344035030071008656e-03,8.421757224863649638e-01,-1.400182656627774365e-02,9.482759366990474795e-03,-6.606959188317806930e-02,7.745710580733430106e+00,-5.101528656516944693e+01,1.846049124234323244e+02,-3.832282306871684363e-02,1.745779816793291559e+02,1.930082250469469363e+04,7.902805689842823995e+03,1.614977255110416081e+04
1.030499999999942018e+00,1.841943241664382214e+01,-6.311840756603428332e-03,8.418485864370602867e-01,-1.640455429062914056e-02,4.612193533761440971e-03,-6.399889544079272186e-02,1.446192416056283037e+01,-3.110193434687738545e+01,1.982538882871820078e+02,-3.834638262009212178e-02,1.745977107309524570e+02,1.930003290809628015e+04,7.886338324990452747e+03,1.614017996458512425e+04
1.035499999999941467e+00,1.841936307490809455e+01,-6.298097634386608246e-03,8.415451606989293731e-01,-1.202754106281253912e-02,1.382236904823976606e-03,-5.708838301199292697e-02,4.057196681624873236e+00,-1.780125347984863993e+01,2.225104069651985128e+02,-3.838692948357339679e-02,1.746592264115319324e+02,1.936737421184937921e+04,7.887911101092520767e+03,1.622954378775195983e+04
1.040499999999940917e+00,1.841930691270097853e+01,-6.279053845970634408e-03,8.412929712184605835e-01,-1.054847549161089769e-02,5.101576933762020857e-03,-4.493690658884239714e-02,1.088856254372717558e+01,5.028832268567953179e+00,2.351813023997914343e+02,-3.841667101466105655e-02,1.746913700508582394e+02,1.869619701533039188e+04,7.782515439596705619e+03,1.694538500466511323e+04
1.045499999999940366e+00,1.841926502436408342e+01,-6.252130856046056798e-03,8.410993985064730838e-01,-6.826202899299110838e-03,5.372949274531734279e-03,-3.379436747997457968e-02,1.169860792682959527e+01,-2.062423848987890551e+00,2.301268560965163488e+02,-3.843021365020121011e-02,1.746766101236255508e+02,1.870820180884561341e+04,7.782465866663591441e+03,1.695090111683880241e+04
1.050499999999939815e+00,1.841923600804742733e+01,-6.226769857997416224e-03,8.409581496346775209e-01,-6.590367098178209239e-03,5.009293531794883902e-03,-2.365153945017536841e-02,2.269423306551072983e+01,-9.823236127509545668e+00,2.188145539207617958e+02,-3.843055566896640823e-02,1.746386635492900439e+02,1.867694119998557289e+04,7.771035812469485791e+03,1.691778551624848842e+04
1.055499999999939265e+00,1.841921307053944545e+01,-6.207136528961953482e-03,8.408618551561144461e-01,-3.225485138402553031e-03,1.654135598122841990e-03,-1.595745751032477677e-02,1.743433105640804115e+01,-4.705903363996213784e+01,2.123247139899141303e+02,-3.843331289895944580e-02,1.746220326821789968e+02,1.934814430393618022e+04,7.867558147240472863e+03,1.622006740002892184e+04
1.060499999999938714e+00,1.841919312988397550e+01,-6.215022037919317593e-03,8.408071107968928537e-01,-4.785671045903116400e-03,-3.656345875233020255e-03,-6.314780866004194443e-03,2.513117310245445424e+01,-3.242361716235123481e+01,2.195265591329405197e+02,-3.845361382438348269e-02,1.746559757947582057e+02,1.935943769325843095e+04,7.856872182370088922e+03,1.622821347772416266e+04
1.065499999999938163e+00,1.841918383925142066e+01,-6.237735550451234401e-03,8.408069156422908197e-01,2.565118917375570169e-04,-3.938202417309440498e-03,5.639948617417345211e-03,1.459383044467233503e+01,1.487790473948774661e+01,2.379700093373033951e+02,-3.848987259600542693e-02,1.747293939168046109e+02,1.869139754677679593e+04,7.766665985879255459e+03,1.693990205232873996e+04
1.070499999999937613e+00,1.841919522823835464e+01,-6.253510856789244038e-03,8.408703993849068192e-01,3.748659109401334451e-03,-2.871711858499173542e-03,1.825271045235077327e-02,9.607528703346247312e+00,1.897257487207269833e+00,2.356317365483438380e+02,-3.850517855402168371e-02,1.747542797449497414e+02,1.870677714094596377e+04,7.758983785194732263e+03,1.695867056071177285e+04
1.075499999999937062e+00,1.841921270355079798e+01,-6.267158161368467303e-03,8.409930782345081957e-01,4.957469222986577058e-03,-3.000793625247958740e-03,2.888631928455102568e-02,1.234955917507602408e+01,-5.582045153889396261e+00,2.220938833082244628e+02,-3.851528273842656780e-02,1.747567206714153940e+02,1.868168284400214179e+04,7.756895715872725305e+03,1.694048152849110193e+04
1.080499999999936511e+00,1.841924483554734238e+01,-6.284784081481513233e-03,8.411585007757552690e-01,7.408820719123488177e-03,-4.602715191720074123e-03,3.597422670257450356e-02,7.727117369151187631e+00,-5.098018891631204497e+01,2.065048110389191152e+02,-3.851369036191117090e-02,1.747361281962786563e+02,1.934161880824943364e+04,7.844827273168268221e+03,1.624291403328874003e+04
1.085499999999935961e+00,1.841927359181877932e+01,-6.324945246604132300e-03,8.413545589606159503e-01,5.220081595648699314e-03,-1.022168730984334556e-02,4.189322274561618764e-02,1.428030907208687950e+01,-3.186743684214755490e+01,2.055826157202321838e+02,-3.852878842448656527e-02,1.747555098810350103e+02,1.933610711890260063e+04,7.840778427559932425e+03,1.623458671080196655e+04
1.090499999999935410e+00,1.841931075354654013e+01,-6.379740080740567074e-03,8.415819144191214463e-01,8.934539460395305235e-03,-1.014830792174780186e-02,4.877759302493325788e-02,3.576558096282951738e+00,1.688671943321091362e+01,2.172631329306359476e+02,-3.855760043254845282e-02,1.748110187148009516e+02,1.865476993710410534e+04,7.754729600473610844e+03,1.695013553128553031e+04
1.095499999999934859e+00,1.841935607249572726e+01,-6.423579795218677807e-03,8.418450041019946983e-01,9.149809835153068296e-03,-7.967162986902618510e-03,5.528392141091540563e-02,7.292593985018811509e+00,1.190979726561636198e-02,2.089585601658158112e+02,-3.857248823740559718e-02,1.748291702721869569e+02,1.869015407911087459e+04,7.747453274484161739e+03,1.696096560418896115e+04
1.100499999999934309e+00,1.841940812751695233e+01,-6.462220096097881679e-03,8.421299995729981669e-01,1.115516942074058250e-02,-7.595018145767440908e-03,5.787640356626837235e-02,4.204054017673229282e+00,-4.054798393277962987e-01,1.940046369399474315e+02,-3.857770045022384381e-02,1.748215705349014115e+02,1.866525170336172596e+04,7.749784105314868611e+03,1.693034076204294252e+04
1.105499999999933758e+00,1.841946197130346974e+01,-6.498858157811441584e-03,8.424189281906155902e-01,9.380123264811208311e-03,-6.888315096084048593e-03,5.733807382208855330e-02,1.048171995222810438e+01,-5.679445408433338116e+00,1.769995340043890337e+02,-3.857447552714361738e-02,1.748024514352234462e+02,1.860279592365579083e+04,7.743885213753449534e+03,1.688966761215167207e+04
1.110499999999933207e+00,1.841951037351615028e+01,-6.545205630356936907e-03,8.426951171154819509e-01,7.460829950839698195e-03,-1.144360753089553560e-02,5.400841926036852036e-02,-9.997879765498976212e+01,5.558243717844361242e+01,1.980469522072598920e+02,-3.857981626602589864e-02,1.748114461436088050e+02,2.017491059589868019e+04,6.586819082534793779e+03,1.576005181196493140e+04
1.115499999999932657e+00,1.841954836474670998e+01,-6.610518224614997732e-03,8.429618045742164334e-01,7.684032612600739595e-03,-1.334027690502236248e-02,5.349435676090032177e-02,4.560237199368089023e+00,2.857583460134890174e+01,1.908879534628744068e+02,-3.861280105966272830e-02,1.748859123800900477e+02,1.864968052612658721e+04,7.741703572709620857e+03,1.686285570741352058e+04
1.120499999999932106e+00,1.841959257466509925e+01,-6.665343021660229822e-03,8.432336560436488604e-01,8.826162366308919205e-03,-1.002881683086893211e-02,5.497146403093381567e-02,-2.227729402145348558e+01,-2.164502381642776641e+01,2.044530781607041945e+02,-3.863799961411346073e-02,1.749353346921731713e+02,1.885531992556367913e+04,7.786436823378337067e+03,1.673384956230601892e+04
1.125499999999931555e+00,1.841961560498588568e+01,-6.720973799940998736e-03,8.435168031530185795e-01,1.988140454906290374e-03,-1.178502920249018850e-02,5.768068089428127904e-02,1.808609178109009008e+00,-1.575598104544587841e+01,1.943751049105654829e+02,-3.866423854150385225e-02,1.749825812116632449e+02,1.885723599796987764e+04,7.781011696075572218e+03,1.675451308159700420e+04
1.130499999999931005e+00,1.841963833959746921e+01,-6.777166937319153116e-03,8.438086462710386870e-01,6.374705894827289998e-03,-1.077115467214710860e-02,5.893853830412219830e-02,-1.306431197072515715e+01,-2.827699243649726668e+01,1.884551731849752514e+02,-3.865829405882569014e-02,1.750239350612817475e+02,1.883329965847777203e+04,7.759855895240016253e+03,1.673845618365424889e+04
1.135499999999930454e+00,1.841966172367574117e+01,-6.836818496888269828e-03,8.441057653357499913e-01,3.622763340879367900e-03,-1.269292113877014752e-02,5.973918765617056842e-02,-6.718262257794549441e+00,-1.460135502759573001e+01,1.883409598611003730e+02,-3.862623254874592016e-02,1.750385685252835231e+02,1.881209323335508816e+04,7.756948987511414998e+03,1.670513496632630631e+04
1.140499999999929903e+00,1.841967711510173444e+01,-6.893084432477923108e-03,8.444072356969368753e-01,3.369902064509411408e-03,-1.018207419204050258e-02,6.051703689515268436e-02,-7.304814425833683345e+00,-4.055300052580102488e+01,1.824895500279100133e+02,-3.859926202689990121e-02,1.750617904618241312e+02,1.881230769240846712e+04,7.737010426533861391e+03,1.670559727909499998e+04
1.145499999999929353e+00,1.841969464653944755e+01,-6.948838002372286111e-03,8.447067446966640691e-01,3.973427941997799938e-03,-1.154509840733515709e-02,5.933946994453061924e-02,-1.134400515699996959e+01,-2.742227995562359411e+01,1.810730755782939241e+02,-3.855747110976678882e-02,1.750631405754221248e+02,1.879951076192833716e+04,7.744307298271098261e+03,1.667585570521655973e+04
1.150499999999928802e+00,1.841971538437138634e+01,-7.007871327148614340e-03,8.449984586163309386e-01,3.521396029895570816e-03,-1.218083618671258854e-02,5.740748810943742397e-02,-1.310872908069677578e+01,-1.431443503291268371e+01,1.771251273860814308e+02,-3.851885467388017209e-02,1.750481728378497905e+02,1.880935633907505326e+04,7.723429361596154195e+03,1.667356429556888543e+04
1.155499999999928251e+00,1.841973443629591856e+01,-7.060414589342980766e-03,8.452788978090708394e-01,3.406695768713231039e-03,-9.941297823896799724e-03,5.441091120671191078e-02,-1.345211760956283342e+01,-3.140871249085628847e+01,1.664021412857758833e+02,-3.846257322910198034e-02,1.750052912848410642e+02,1.877653291970734426e+04,7.707284273143382961e+03,1.666894047133842832e+04
1.160499999999927701e+00,1.841973817766097099e+01,-7.108202195194523836e-03,8.455354471421360207e-01,2.470511541531259393e-03,-8.975906637267926438e-03,4.824508236437794612e-02,-1.388667130035287300e+01,-3.415592393705652796e+01,1.569104093704385150e+02,-3.841656172826014154e-02,1.749704521658268561e+02,1.874302901351516266e+04,7.709856497542143188e+03,1.664946003895766626e+04
1.165499999999927150e+00,1.841973925091232545e+01,-7.154489233091912946e-03,8.457540673856638325e-01,3.940203654752539816e-04,-7.387290187705741924e-03,4.028350134226429957e-02,7.817697790855970652e+01,9.274135071063341229e+01,1.698311688074337553e+02,-3.837653327975035916e-02,1.749320449894435114e+02,1.791984654465817948e+04,7.712996435153769198e+03,1.726358239632281402e+04
1.170499999999926599e+00,1.841973045411010546e+01,-7.189721774817755574e-03,8.459303516825361635e-01,-3.775342410840403038e-03,-7.666708504441784727e-03,3.066690226287181395e-02,-6.349981147543985571e+00,-2.545790609003992699e+01,1.470074789807429170e+02,-3.831473403819030815e-02,1.748876115276221128e+02,1.866093006617915671e+04,7.696597319166644411e+03,1.658957158934631298e+04
1.175499999999926048e+00,1.841971547565397671e+01,-7.221449390089479392e-03,8.460579420422289498e-01,-6.126376270878293104e-03,-6.237865428676523522e-03,2.112518827081935266e-02,-6.010738985684042746e+00,-2.666645967230508063e+01,1.461046695183738393e+02,-3.826672217521392277e-02,1.748470491608505597e+02,1.862876182741785306e+04,7.682531589852138495e+03,1.656271538442802557e+04
1.180499999999925498e+00,1.841969167947044639e+01,-7.243217188612220171e-03,8.461382836690216624e-01,-3.711991941265799233e-03,-2.759129187119432284e-03,1.194339610233180644e-02,6.927993150761415109e+01,8.695058149860854257e+01,1.669378939027424167e+02,-3.821565828581144353e-02,1.748051903469180957e+02,1.783262215209523492e+04,7.685294763262438209e+03,1.717190647085693854e+04
1.185499999999924947e+00,1.841965867406603863e+01,-7.261043442556174878e-03,8.461697947968246369e-01,-8.085165276062521861e-03,-2.671574238854596602e-03,2.047860134592000610e-03,7.783767998874577643e+01,9.747755050118261977e+01,1.685330076967522928e+02,-3.816461375869072137e-02,1.747540223865522933e+02,1.781388235358058591e+04,7.679610456808316485e+03,1.715289137052747174e+04
1.190499999999924396e+00,1.841961875632908274e+01,-7.268069354911881400e-03,8.461550839995626294e-01,-1.023424074856903523e-02,-2.000709104044832900e-03,-7.502955764111494952e-03,-9.718487712122623634e+00,-2.871838263368610455e+01,1.484372797270608544e+02,-3.810003723968311690e-02,1.746918302412659614e+02,1.856956976319049500e+04,7.656313155003315842e+03,1.649150404478674682e+04
1.195499999999923846e+00,1.841956940140025978e+01,-7.271128520644033061e-03,8.460935186380722506e-01,-1.338775306436310562e-02,9.327188705610801704e-04,-1.597224203044850938e-02,8.519997510147516095e+01,8.624686608020584799e+01,1.679080917774645059e+02,-3.805215559553763727e-02,1.746352970559388211e+02,1.778278347021700029e+04,7.659111466644735629e+03,1.711452251048423204e+04
1.200499999999923295e+00,1.841951504409136930e+01,-7.263905891424626143e-03,8.459892477424949542e-01,-1.208591075481642296e-02,4.183293193766036673e-04,-2.507691944995847633e-02,-1.169127378947257512e+01,-2.917722586716257638e+01,1.525335005398001158e+02,-3.798370180621205017e-02,1.745648744383460098e+02,1.853524112222638360e+04,7.644977058955077155e+03,1.644413746610907037e+04
1.205499999999922744e+00,1.841945518559370498e+01,-7.257339858698315382e-03,8.458424847613037478e-01,-1.822517511080021246e-02,2.146246693356096153e-03,-3.243066606195877527e-02,-1.238686125495008810e+02,6.175299298264827286e+01,1.721168244970151591e+02,-3.793353798038670566e-02,1.744929393235385646e+02,1.944419317986452006e+04,6.390576461984741400e+03,1.594584862249556318e+04
1.210499999999922194e+00,1.841938648659166233e+01,-7.239535633022473049e-03,8.456606071455949891e-01,-1.460206571988818813e-02,2.621990621186616726e-03,-3.986975576401434462e-02,-1.029414704344651454e+01,-3.227518526039693825e+01,1.570669131567419754e+02,-3.787152382679144502e-02,1.744239947556314405e+02,1.849042707195287221e+04,7.626020834816201386e+03,1.639928670884456369e+04
1.215499999999921643e+00,1.841931195571503110e+01,-7.219081256455543022e-03,8.454442054850512811e-01,-1.675155040036719126e-02,4.842685834964128438e-03,-4.599859526280493383e-02,-5.869178843841723392e+00,-4.482786123777179910e+01,1.574828559300082134e+02,-3.781962367943172976e-02,1.743570838159919276e+02,1.847442677584770354e+04,7.608455274070302949e+03,1.638773465816724274e+04
1.220499999999921092e+00,1.841923381599219667e+01,-7.195436584887614402e-03,8.451971956109275430e-01,-1.590189534931858023e-02,4.275882167351733980e-03,-5.205737298007161173e-02,-1.149033462169779796e+01,-3.241154793392738043e+01,1.632111198747935532e+02,-3.776911097829957487e-02,1.742893755654591530e+02,1.845373086119120489e+04,7.607355857037597161e+03,1.636400556699221670e+04
1.225499999999920542e+00,1.841914844458187162e+01,-7.166208518987175584e-03,8.449243665904199174e-01,-1.792208436516547210e-02,6.062165608865919923e-03,-5.672703348402752949e-02,-7.760956401721387010e+00,-4.289784075936202612e+01,1.642522945619292614e+02,-3.771923260686237123e-02,1.742251058343600789e+02,1.843937645166443690e+04,7.592105099301970768e+03,1.634929676838042178e+04
1.230499999999919991e+00,1.841906320099653982e+01,-7.136740092229652659e-03,8.446285573357104060e-01,-1.731455654833786995e-02,5.464337857704804416e-03,-6.102084903965289409e-02,-1.216006457432933985e+01,-3.093090394454853254e+01,1.707276883449811749e+02,-3.767036124247786361e-02,1.741546413112665448e+02,1.841986618176118282e+04,7.582696744445485820e+03,1.633325702824940527e+04
1.235499999999919440e+00,1.841896952056139725e+01,-7.099697811923480137e-03,8.443162247843899459e-01,-1.907018745892040054e-02,6.553701064067820811e-03,-6.413862857320828947e-02,-9.369852308884333070e+00,-3.826933418902211770e+01,1.715527286578761732e+02,-3.761383536015208001e-02,1.740853678810901499e+02,1.840295343622746441e+04,7.578096632931639760e+03,1.630604575191682306e+04
1.240499999999918890e+00,1.841887283138205333e+01,-7.065575801440613680e-03,8.439885993960142274e-01,-2.183399651542877046e-02,7.988869531007731714e-03,-6.604357443455299848e-02,8.461585210711700711e+01,7.327364280440764333e+01,1.866000868678485176e+02,-3.757482372856836561e-02,1.740200932874107593e+02,1.761987004744949809e+04,7.580683435264419131e+03,1.695396843835023174e+04
1.245499999999918339e+00,1.841877718973490374e+01,-7.026736782594546898e-03,8.436525959582461542e-01,-1.993137020751845068e-02,6.328504689621350897e-03,-6.797585766253448625e-02,-9.602508540783446733e+00,-3.388115698391015940e+01,1.833445950871152945e+02,-3.751037220456228394e-02,1.739401232671674506e+02,1.834595571436441242e+04,7.563575729545647846e+03,1.625616131332051918e+04
1.250499999999917788e+00,1.841867848701654609e+01,-6.989283778042656992e-03,8.433156524870417670e-01,-1.941552001747066936e-02,8.043573854617451502e-03,-6.668988490906220534e-02,-1.245512685909625361e+01,-5.245524996822234698e+01,1.885506310848733165e+02,-3.746348155834211546e-02,1.738761737760868584e+02,1.832076019363077648e+04,7.542322490201299843e+03,1.625197230164363827e+04
1.255499999999917238e+00,1.841858681531556741e+01,-6.954454590403574658e-03,8.429875650713810620e-01,-1.714163286437101960e-02,6.517875049990232671e-03,-6.434685528157373102e-02,-1.849197315458059165e+01,-3.657767580718717682e+01,1.988851876169341040e+02,-3.740928507439583023e-02,1.737984686342553857e+02,1.830523392883129054e+04,7.531728487562926603e+03,1.627467783167511152e+04
1.260499999999916687e+00,1.841849144227407464e+01,-6.919170131069974847e-03,8.426786934581307342e-01,-1.789200174509255475e-02,6.457267953536203163e-03,-6.011729824145024825e-02,-1.103203932584574432e+01,-4.669551010157189808e+01,2.010405545747565839e+02,-3.735475401049626748e-02,1.737186123568466769e+02,1.829543723660437172e+04,7.533137246144625351e+03,1.622942944134479694e+04
1.265499999999916136e+00,1.841840664185960108e+01,-6.890880360514973178e-03,8.423905888376196360e-01,-1.838558747693981588e-02,5.255526892089051015e-03,-5.502824744154306835e-02,-4.213324122392009485e+00,-4.239232597099898214e+01,2.045204131874983204e+02,-3.730581601125905478e-02,1.736323857664988850e+02,1.827261388886113491e+04,7.522462560967363061e+03,1.622090090480230901e+04
1.270499999999915586e+00,1.841832390579636680e+01,-6.863918716067686152e-03,8.421312265178216849e-01,-1.593912384826584594e-02,4.552976553547744346e-03,-4.924335514819712378e-02,-5.478042876318568233e+00,-4.214655424120729776e+01,2.084024834729261784e+02,-3.725443088054352508e-02,1.735537548073641858e+02,1.826769005311168075e+04,7.512540223529249488e+03,1.620205346530745555e+04
1.275499999999915035e+00,1.841824801639538478e+01,-6.840909104131675557e-03,8.419040792862086953e-01,-1.687379823524123509e-02,4.086517394767347731e-03,-4.196020988645027955e-02,4.137711351536268012e+00,-4.887877816424297350e+01,2.091591911735712301e+02,-3.719832012062305321e-02,1.734767223535266680e+02,1.824544413234877356e+04,7.499910676918454556e+03,1.618713932287185344e+04
1.280499999999914484e+00,1.841818004820668619e+01,-6.824341565378596632e-03,8.417126803509218380e-01,-1.117144871107379409e-02,2.791218836989168336e-03,-3.508255654010677266e-02,7.673063759998206024e+01,7.347968757809896090e+01,2.192241371705914617e+02,-3.715403889059481352e-02,1.734136255498726484e+02,1.743206547476175547e+04,7.522529340083849092e+03,1.681996027937280815e+04
1.285499999999913934e+00,1.841811723212017071e+01,-6.812289631378928324e-03,8.415616360289869258e-01,-1.172136716044704617e-02,2.111057883746325203e-03,-2.648448177201517123e-02,4.549048837873215234e-02,-5.090941052881439077e+01,2.140468724174204453e+02,-3.710502793423674228e-02,1.733533837405959730e+02,1.819736374267308929e+04,7.481398707742148872e+03,1.615159691181095150e+04
1.290499999999913383e+00,1.841806695660694970e+01,-6.806635205822434732e-03,8.414513998501841341e-01,-8.443121315871998309e-03,1.085690487418933172e-03,-1.830238496082611105e-02,-5.055514809960186540e+00,-5.231166951358065376e+01,2.154958763445083605e+02,-3.705750418542119035e-02,1.732961479386077599e+02,1.816934802298142313e+04,7.470489267648348687e+03,1.613194816075502786e+04
1.295499999999912832e+00,1.841802415441068774e+01,-6.806083621009072389e-03,8.413839499190629567e-01,-6.300474785342231702e-03,-1.835788559305454851e-04,-9.869589446496174895e-03,-7.163237756900912245e+00,-5.112368775686636013e+01,2.157301095783515166e+02,-3.701004248482450687e-02,1.732449331019033423e+02,1.814346787883065190e+04,7.465303136020364036e+03,1.610771300045068710e+04
1.300499999999912282e+00,1.841798876040180133e+01,-6.812715922830662151e-03,8.413585428638421515e-01,-4.071649380821643419e-03,-1.247292523140753912e-03,-1.631477222937406050e-03,-1.045777826949222344e+01,-5.211047464368814985e+01,2.149764093747882043e+02,-3.696906095823614125e-02,1.731980266934039889e+02,1.811546744708330516e+04,7.455350672901342477e+03,1.608812261013954776e+04
1.305499999999911731e+00,1.841795973193520553e+01,-6.825276110585650792e-03,8.413737852028830844e-01,-3.827388770512577063e-03,-3.131445564491491373e-03,6.305852005055479284e-03,-8.272424990119361610e+00,-4.481238511274241887e+01,2.136243804453674784e+02,-3.692767234343819621e-02,1.731518748664085194e+02,1.807460858802939038e+04,7.455464207738043115e+03,1.606159525626190771e+04
1.310499999999911180e+00,1.841793654967234062e+01,-6.842644870003676029e-03,8.414270123528425627e-01,-4.565380817283999984e-03,-3.713933552285547581e-03,1.395598261736212022e-02,8.149273880355826805e+01,6.634991987518434087e+01,2.126363157898190366e+02,-3.688879497023918319e-02,1.731095331616234034e+02,1.727293873922302737e+04,7.467711515296889047e+03,1.669695877975853364e+04
1.315499999999910630e+00,1.841792483173878736e+01,-6.864136947376815734e-03,8.415131482543899422e-01,-1.755033627386568939e-03,-4.613713181097574625e-03,1.996568634468825001e-02,-9.857313407557057872e+00,-4.928301923130047157e+01,2.067034085998742512e+02,-3.684217441936729620e-02,1.730596393130452100e+02,1.802753029331809375e+04,7.434483077020627206e+03,1.601750369977128685e+04
1.320499999999910079e+00,1.841791541672020927e+01,-6.888431934223595600e-03,8.416286785753023247e-01,3.686120685831296680e-04,-4.239255296795937586e-03,2.529552393873221727e-02,6.962545145218405196e+01,5.538273066177724502e+01,2.058809350359105110e+02,-3.680560354767094949e-02,1.730228916773290280e+02,1.722851587135326918e+04,7.453376080291258404e+03,1.665333533432253898e+04
1.325499999999909528e+00,1.841791487326522869e+01,-6.918831151973827039e-03,8.417663944111629659e-01,2.539958551494205918e-03,-6.084241088677242414e-03,2.909177384026560495e-02,6.413092013327809582e+01,7.051591754527011346e+01,2.055809721258531226e+02,-3.676948483556700259e-02,1.729792185793293129e+02,1.720017437235062971e+04,7.457444708667229861e+03,1.662606356428371146e+04
1.330499999999908978e+00,1.841791612369765119e+01,-6.949622555833066123e-03,8.419232467629421679e-01,2.489967694217631346e-03,-5.407779236298176917e-03,3.256819591935940922e-02,6.517114997189673886e+01,5.838548984539136200e+01,1.982980965701617606e+02,-3.672413192278842914e-02,1.729296999068877483e+02,1.722332799116476235e+04,7.437890518836853516e+03,1.661936038501960138e+04
1.335499999999908427e+00,1.841792029928565100e+01,-6.985057793286428979e-03,8.420905999095571470e-01,-9.840982232135276134e-05,-7.074892349741616036e-03,3.413138071905699039e-02,-9.992556503616469854e-01,1.658309345814449500e+02,2.115994739825656552e+02,-3.668374473334395924e-02,1.728758375748825529e+02,1.808752689118435592e+04,6.382465001284936079e+03,1.629222164874312693e+04
1.340499999999907876e+00,1.841792872331834374e+01,-7.016484417827372443e-03,8.422610862810021581e-01,6.787575023009679567e-04,-7.515394288980787978e-03,3.379401953299108335e-02,-1.202384141564573383e+01,-3.710180409854555705e+01,1.824873353219124965e+02,-3.663205449901805327e-02,1.728209086464568998e+02,1.787699939670854292e+04,7.416275231839727894e+03,1.591511992699487746e+04
1.345499999999907326e+00,1.841793183522540645e+01,-7.050027474924065729e-03,8.424275914047779645e-01,-3.994272237034248666e-04,-6.229791670632723981e-03,3.277455083944301462e-02,-9.665349950610902852e+00,-5.156103134710286895e+01,1.741967922388840861e+02,-3.659722045880371699e-02,1.727813979841763512e+02,1.783279973905847510e+04,7.401141399091718085e+03,1.589819931803037616e+04
1.350499999999906775e+00,1.841793008801289488e+01,-7.082990755588877002e-03,8.425836899475187547e-01,-1.462503169628224479e-04,-5.996396251434951176e-03,3.000819789265051982e-02,7.145037641238070591e+01,6.849767924531070662e+01,1.797799760669601028e+02,-3.656576873903297914e-02,1.727492936409088600e+02,1.709527160499847378e+04,7.415629941054770825e+03,1.651593970371927207e+04
1.355499999999906224e+00,1.841792870614662547e+01,-7.111533264104901754e-03,8.427242284688361007e-01,1.476282928690927964e-03,-5.122585430134680290e-03,2.630285612030692013e-02,-2.113263900181129884e+01,-5.338852147578114682e+01,1.678893303138411284e+02,-3.651780261936429101e-02,1.727105204972459944e+02,1.776478352286565860e+04,7.385703244783400805e+03,1.584276204611709181e+04
1.360499999999905674e+00,1.841792076818036605e+01,-7.140146415202587582e-03,8.428444104930741254e-01,1.772741783717462442e-03,-4.256368513775834334e-03,2.173081736995003191e-02,7.568161053125140825e+01,9.257128652916249223e+01,1.712575594543786792e+02,-3.648611081304788117e-02,1.726799752826387930e+02,1.707128841671495684e+04,7.345235596735845320e+03,1.662403790040453532e+04
1.365499999999905123e+00,1.841791570371472275e+01,-7.155702166844897169e-03,8.429373243166583540e-01,-1.147179674433509381e-03,-1.360490911863504199e-03,1.582986697177971025e-02,-1.165594329285950721e+02,5.261760066472506026e+01,1.815959688129743199e+02,-3.644594412494778918e-02,1.726386292392236896e+02,1.876733118549851497e+04,6.105167220842766255e+03,1.547397755351440173e+04
1.370499999999904572e+00,1.841790979036275644e+01,-7.164376009187040963e-03,8.429975143345133093e-01,4.705069350902627468e-04,-1.597469168439694283e-03,9.207742274883927783e-03,-2.997792035635347929e+01,-5.344741398867159887e+01,1.610538811406819377e+02,-3.641465799243000234e-02,1.725993584194908692e+02,1.763153593033268044e+04,7.358017950718467546e+03,1.574700564593527088e+04
1.375499999999904022e+00,1.841788546143301986e+01,-7.173164030228084895e-03,8.430292558096185163e-01,-3.405523859495471900e-03,-1.717105860863442617e-03,3.396434335654344421e-03,-2.142454834095838123e+01,-5.017531183312496523e+01,1.592913648835179856e+02,-3.637707835034891674e-02,1.725678007314959075e+02,1.759412643945934542e+04,7.354426726133235206e+03,1.571312276854680567e+04
1.380499999999903471e+00,1.841786562741772570e+01,-7.178549822062831216e-03,8.430252767866615038e-01,-1.314414789059651463e-03,6.908399220880289283e-04,-4.277680518748557849e-03,6.816222298609000063e+01,9.349563532975282953e+01,1.670038875875706026e+02,-3.635258476878466816e-02,1.725306344707875326e+02,1.689008675734271310e+04,7.315579443167210229e+03,1.649053170893697825e+04
1.385499999999902920e+00,1.841783896592058767e+01,-7.175437103076332847e-03,8.429875979982829337e-01,-7.275969367237259885e-03,6.223610136822182136e-04,-1.015449326144560009e-02,-1.767024205551331306e+01,-4.832083713950355275e+01,1.616536227848399676e+02,-3.631928881994517938e-02,1.724910787536444730e+02,1.751000608934478441e+04,7.330298133538233742e+03,1.566332031398351683e+04
1.390499999999902370e+00,1.841780492758162779e+01,-7.172814746720365675e-03,8.429202564926386865e-01,-1.010085819680296704e-02,6.819219840341485912e-04,-1.579197504438624097e-02,-1.078753972361989781e+02,7.148094034401800911e+01,1.832649010825031155e+02,-3.628859122328264436e-02,1.724536785815081430e+02,1.854460765516613901e+04,6.063553645046968995e+03,1.531842387381880690e+04
1.395499999999901819e+00,1.841776712012235251e+01,-7.163793209165883295e-03,8.428232677672603534e-01,-9.424707977334188455e-03,6.585656869117202748e-04,-2.189483853220563700e-02,-1.610537122269477095e+01,-3.196902333388749184e+01,1.674145017478417685e+02,-3.626293088574726597e-02,1.724183613514088620e+02,1.745741725922216210e+04,7.319157157398740310e+03,1.561223543911015804e+04
1.400499999999901268e+00,1.841772127847791296e+01,-7.154698589744997762e-03,8.427014007457225286e-01,-1.290061946577561458e-02,1.459282921080520563e-03,-2.626065233728680157e-02,3.767218039047634193e+00,-1.481609563735906931e+01,1.646006783461608620e+02,-3.623181825976407033e-02,1.723814555143328278e+02,1.758942376756269732e+04,7.268699307416552074e+03,1.573596368096082369e+04
1.405499999999900718e+00,1.841767720719158774e+01,-7.139069606798282251e-03,8.425544818426270455e-01,-1.058993156132944854e-02,2.010306147476849641e-03,-3.139119052190974396e-02,-1.681691427394798666e+01,-3.496438504715021622e+01,1.707939824008269625e+02,-3.618886206733980260e-02,1.723350746650968119e+02,1.740845275720053905e+04,7.304457225046112399e+03,1.557394815871127867e+04
1.410499999999900167e+00,1.841762433362862694e+01,-7.125791477544113003e-03,8.423874527335318829e-01,-1.173820033905467915e-02,3.894852437686786850e-03,-3.461407180120323196e-02,-1.310913330543808115e+02,3.054581586682117234e+01,1.950493501423982252e+02,-3.616337709132292494e-02,1.723005381480309381e+02,1.826719524302194623e+04,6.068152627549534373e+03,1.510553623338932084e+04
1.415499999999899616e+00,1.841756539795555980e+01,-7.107559464987200058e-03,8.422039934609582001e-01,-9.197470099008285202e-03,4.977926986778432109e-03,-3.853959589658542684e-02,-1.463172016798944242e+01,-2.730968308976309800e+01,1.743148893334365539e+02,-3.613866672863089852e-02,1.722717238211421602e+02,1.751836517418635412e+04,7.248421939673860834e+03,1.569452951518958616e+04
1.420499999999899066e+00,1.841750970432441292e+01,-7.089460625548818160e-03,8.420051620846171758e-01,-1.022733222650531494e-02,4.700745976723721964e-03,-4.058278881544043898e-02,-1.330275613268929646e+01,1.560250272325719152e+02,2.005743486562300859e+02,-3.611756461959756553e-02,1.722324030169397702e+02,1.751346363817603924e+04,6.218142683752398625e+03,1.588482966116602802e+04
1.425499999999898515e+00,1.841744325746253352e+01,-7.069633244928505075e-03,8.417996136989480682e-01,-1.270974306944643029e-02,3.480791473879300390e-03,-4.181830336622496119e-02,-1.530525433129321300e+01,-4.002780138655096209e+01,1.815971979493539266e+02,-3.608100512653091702e-02,1.721988482594232721e+02,1.733412827796595593e+04,7.273099621431949345e+03,1.553147600231265824e+04
1.430499999999897964e+00,1.841738611535926395e+01,-7.049661055553656762e-03,8.415867962887386700e-01,-1.200222048804912636e-02,3.446957457100359792e-03,-4.284983818447116177e-02,-1.827769849786909617e+01,-3.390974503636556392e+01,1.865940486858706890e+02,-3.604464840492530020e-02,1.721505112501425288e+02,1.731376595464649654e+04,7.269407418099130155e+03,1.551746065955734593e+04
1.435499999999897414e+00,1.841732204968655040e+01,-7.031934101478148902e-03,8.413736913006397700e-01,-1.435544202690324997e-02,4.140033309777377789e-03,-4.212804159507892166e-02,2.138807366463879589e-02,-2.384833018831193385e+01,1.857836141847692488e+02,-3.602317978606815740e-02,1.721140358492040150e+02,1.745018055758436094e+04,7.216207208925990017e+03,1.565574976570464059e+04
1.440499999999896863e+00,1.841726203165021403e+01,-7.009686780862678553e-03,8.411626459927005195e-01,-1.265076088556253697e-02,3.284500379711255587e-03,-4.178564921997358211e-02,-1.519188646399368281e+01,-3.817791654244629740e+01,1.924627264656375019e+02,-3.598852077533443855e-02,1.720714555086755695e+02,1.728090133819246694e+04,7.265892985026476708e+03,1.546267731931004892e+04
1.445499999999896312e+00,1.841720707900098830e+01,-6.990126983456131787e-03,8.409579053453363207e-01,-1.216898587498965560e-02,3.797947893515787269e-03,-3.975788228884650360e-02,-1.529961748628375062e+01,-4.602098677124256199e+01,1.952876829104887975e+02,-3.595833476835253589e-02,1.720274659767839012e+02,1.725799249334544947e+04,7.249723533346885233e+03,1.545825345085554545e+04
1.450499999999895762e+00,1.841714938570724769e+01,-6.971699452314105913e-03,8.407665610301916503e-01,-1.170536031889624073e-02,4.574298460126768363e-03,-3.672060408169935952e-02,-3.904806428884171510e+00,-2.635778911668580804e+01,1.983517274938515129e+02,-3.594135514255700908e-02,1.719963213193232434e+02,1.739699202523743952e+04,7.197868289612778426e+03,1.562220713238951794e+04
1.455499999999895211e+00,1.841709867346120433e+01,-6.951772870414643299e-03,8.405910283838083918e-01,-1.044884778560845051e-02,2.626432924965323677e-03,-3.346080176665156003e-02,-1.432301955066498067e+01,-3.801515058630928934e+01,2.025277905191787795e+02,-3.591829711568564343e-02,1.719584174688712324e+02,1.722990780972151333e+04,7.240670111812232790e+03,1.543206020278840151e+04
1.460499999999894660e+00,1.841704938835184180e+01,-6.940346428152921118e-03,8.404358718161001329e-01,-8.093768249546870464e-03,2.663120531303580715e-03,-2.907225464193261347e-02,8.177686661761151754e+01,8.885414012787320814e+01,2.027878476289756691e+02,-3.589352007477594753e-02,1.719245100620397011e+02,1.654250380317728923e+04,7.189733606552572382e+03,1.625414948195366378e+04
1.465499999999894110e+00,1.841700758421814399e+01,-6.927559927117524913e-03,8.403046522767658733e-01,-6.598288842053131112e-03,2.957600752730790358e-03,-2.417499447976228372e-02,8.111267415064037323e+01,9.098923577523653705e+01,2.053047689543185470e+02,-3.586886436449431698e-02,1.718869049705316741e+02,1.651713169299773290e+04,7.191847481190741746e+03,1.623781907948974367e+04
1.470499999999893559e+00,1.841696894274243945e+01,-6.916444436341456781e-03,8.401987889577882118e-01,-8.048698690394255617e-03,6.823708617782094088e-04,-1.890542336026248757e-02,-1.011017929855233888e+01,-3.876197352263650941e+01,2.063526502278341468e+02,-3.584480505140123091e-02,1.718523623935125499e+02,1.715490088358115463e+04,7.224262129526225181e+03,1.539205456319151199e+04
1.475499999999893008e+00,1.841693294678832515e+01,-6.915541364417882898e-03,8.401187774515461726e-01,-7.454269271371370166e-03,-1.385086322777576531e-04,-1.335819347624602089e-02,9.168856646475342131e+01,9.483839475779927852e+01,2.048432846711409638e+02,-3.582162255546702395e-02,1.718258378123709633e+02,1.646465964945209271e+04,7.174791184524801793e+03,1.619811053053397154e+04
1.480499999999892458e+00,1.841691251906736326e+01,-6.911464083478766410e-03,8.400652145057131426e-01,-4.571571384569405802e-03,4.914797981590316670e-04,-8.128106086989122028e-03,-3.918810161056285324e+00,-1.881466487503016083e+01,2.089074369182172859e+02,-3.577694661525237380e-02,1.717797910947576270e+02,1.727332050693303245e+04,7.167197152996654040e+03,1.551867271218684982e+04
1.485499999999891907e+00,1.841688782653850254e+01,-6.913227257691842778e-03,8.400397088454112371e-01,-6.793306145833761774e-04,6.422866440999016116e-04,-3.317516077144463948e-03,5.856118859041089308e+01,5.222700606593251393e+01,2.040059545674447463e+02,-3.577909271299940103e-02,1.717692459924566037e+02,1.632644234773746030e+04,7.198813515258642838e+03,1.601441580957642509e+04
1.490499999999891356e+00,1.841687163980550679e+01,-6.921445218694487027e-03,8.400382918678741540e-01,-4.452832831817511022e-03,-2.844340083931876095e-03,2.147279334224494202e-03,9.391120078521453252e-01,-6.495501122608089872e+00,2.069580448979097582e+02,-3.574378380232883651e-02,1.717339399143463936e+02,1.722400019212669213e+04,7.159032760089869953e+03,1.548449603730261515e+04
1.495499999999890806e+00,1.841686093435318838e+01,-6.928742576138350456e-03,8.400615360836288792e-01,-1.380512139341455013e-03,-1.007196028981764170e-03,6.647120934451716812e-03,-6.687092699354934666e+00,-2.533092223432029755e+01,2.038925353724126808e+02,-3.572810112599106303e-02,1.717140565815824402e+02,1.720853753939118542e+04,7.145367321589739731e+03,1.547648214135988383e+04
1.500499999999890255e+00,1.841685699070441373e+01,-6.936547787581925396e-03,8.401047834626901301e-01,-5.243497687098151120e-04,-2.549075651837593489e-03,1.013662803910872663e-02,-1.829144646971815291e+01,-4.070927102856742863e+01,2.008946995933202970e+02,-3.571052180301841766e-02,1.716871518261060885e+02,1.701992883330610493e+04,7.186558546681040752e+03,1.528763578449443230e+04
1.505499999999889704e+00,1.841684877031560674e+01,-6.954524461523836631e-03,8.401653505253341425e-01,-2.810617885470135212e-03,-3.961918610246830535e-03,1.378768035069237452e-02,-3.810493323778700869e-01,-1.445699865028191766e+01,1.977456064824953046e+02,-3.569579160944522100e-02,1.716701260500886406e+02,1.715410229011890260e+04,7.141582021961317878e+03,1.544378344864609062e+04
1.510499999999889154e+00,1.841685112423074600e+01,-6.968645539803133490e-03,8.402395354230031144e-01,-1.491690116398367125e-04,-2.980667227363016213e-03,1.602593854158697664e-02,-8.553900645558996985e+00,-1.690660819587974117e+01,1.969772539778870168e+02,-3.566421397972883295e-02,1.716398222899633765e+02,1.713471610820556089e+04,7.141759216320260748e+03,1.542044132092202017e+04
1.515499999999888603e+00,1.841685488274833205e+01,-6.981352948932100996e-03,8.403240521074003544e-01,-5.454394419288318471e-04,-2.190088824335109478e-03,1.779236016604833145e-02,-6.083623073536955417e+00,-2.591495658642807598e+01,1.912460537294384721e+02,-3.565563856976342733e-02,1.716181703523046451e+02,1.709759964889107141e+04,7.128011773337855630e+03,1.539845772729542841e+04
1.520499999999888052e+00,1.841685537626301894e+01,-6.998866275205375270e-03,8.404143786246131009e-01,-9.130725149726755209e-04,-4.793544125527803706e-03,1.849540559270295564e-02,-1.502902951663008935e+01,-3.160712106365305374e+01,1.906847189324653300e+02,-3.564016953184058478e-02,1.716025140352290066e+02,1.690600731961141719e+04,7.170336002428848587e+03,1.521180940171120710e+04
1.525499999999887502e+00,1.841686419412522113e+01,-7.016224663654075863e-03,8.405065077832414300e-01,7.335989536479250788e-04,-3.493120692243985390e-03,1.866187865676773028e-02,-1.081626189664336835e+01,-1.326094796207269155e+01,1.889939488070158404e+02,-3.561312318888649325e-02,1.715740200326152376e+02,1.706150904137078032e+04,7.126381876813530653e+03,1.535826514259289252e+04
1.530499999999886951e+00,1.841686947463712798e+01,-7.029783763315870966e-03,8.405987948557720468e-01,5.663248863836578724e-04,-2.521776092746572887e-03,1.815854077109727710e-02,-9.971059004094286138e+00,-2.131549836879698034e+01,1.843923757048308971e+02,-3.560472016334550321e-02,1.715576958620693233e+02,1.704386143423723843e+04,7.119631065984442102e+03,1.534134090664101677e+04
1.535499999999886400e+00,1.841687672340675164e+01,-7.043287442770273209e-03,8.406845021725175560e-01,-1.864678543183430131e-04,-3.972643223338010940e-03,1.647889925850781756e-02,-1.853750930488706672e+01,-3.273558098568446439e+01,1.805644803983061593e+02,-3.558548620262624168e-02,1.715338231283489847e+02,1.682752947323127228e+04,7.152207800340214817e+03,1.517952630352980668e+04
1.540499999999885850e+00,1.841687898583816363e+01,-7.064476053930035873e-03,8.407608844164746742e-01,-5.943211843919866757e-06,-4.616614893865940254e-03,1.434275169781741403e-02,-2.099549892411096153e+01,-3.189281390079241874e+01,1.787722145156134275e+02,-3.556115841635783953e-02,1.715100848692537738e+02,1.680493866722482926e+04,7.142081532653804970e+03,1.516710180393299197e+04
1.545499999999885299e+00,1.841687223092102954e+01,-7.080416537712251428e-03,8.408268024392545614e-01,2.128290910600333982e-03,-1.597933215837466121e-03,1.146556155453684091e-02,-2.005122234691202721e+01,-3.029016785609415763e+01,1.767883602172062183e+02,-3.554977195128859041e-02,1.715056073233213851e+02,1.697788387476056596e+04,7.104031385788211992e+03,1.529561242219545966e+04
1.550499999999884748e+00,1.841687144418272837e+01,-7.089826413900209706e-03,8.408761378411938603e-01,-1.651092982648174690e-03,-2.031576710438558458e-03,8.456343925276102111e-03,-1.052077268291282053e+01,-1.343126194622610114e+01,1.760174647036836859e+02,-3.552445881248385978e-02,1.714792646721041933e+02,1.694913693989245439e+04,7.113376070437134331e+03,1.526240393501407925e+04
1.555499999999884198e+00,1.841687079863576315e+01,-7.095483500770166305e-03,8.409075965024507271e-01,9.115383959467264008e-04,-4.259580408701594601e-04,4.491097478848798605e-03,-2.118824975267693844e+01,-2.349313228819586641e+01,1.746673653674023399e+02,-3.551464514457190746e-02,1.714640820101803911e+02,1.691778066988630962e+04,7.095995619833690398e+03,1.525119749337874600e+04
1.560499999999883647e+00,1.841685370445689074e+01,-7.103672193742499585e-03,8.409231392073734934e-01,-1.583399421277627457e-03,-6.553922592250335582e-04,1.294569211793286439e-03,7.333486616585526008e+01,9.180384669998609581e+01,1.734758723641219831e+02,-3.551547931262298563e-02,1.714635267777090633e+02,1.605620990203662586e+04,7.089922696841519610e+03,1.588752395299909949e+04
1.565499999999883096e+00,1.841684471752119379e+01,-7.104865211784315050e-03,8.409191482720395072e-01,-3.465162370350072588e-03,-4.294016023704122216e-04,-2.359173076901570180e-03,-1.215061144484593569e+01,-1.477286453338649608e+01,1.752910100501524084e+02,-3.548328696201068916e-02,1.714368072488978783e+02,1.688439541123964955e+04,7.098122741189298722e+03,1.521343084569352141e+04
1.570499999999882546e+00,1.841683168954997640e+01,-7.104025327813120322e-03,8.408964183081907295e-01,-1.226135265154418112e-03,5.570570907684829157e-04,-6.381917437502778769e-03,-3.192291691644561524e+01,-4.252560831928308005e+01,1.759983133906468993e+02,-3.547743270273227140e-02,1.714251600454352626e+02,1.668863542694363059e+04,7.108361077070119791e+03,1.506982051002656954e+04
1.575499999999881995e+00,1.841680758045673727e+01,-7.109743740405741891e-03,8.408571633024080061e-01,-6.834316452256118841e-03,-1.867824590374330719e-03,-9.059756121120874153e-03,-5.945896318145628356e+00,-9.504703265637886034e-01,1.764782169244557508e+02,-3.546864803406433314e-02,1.714115768922197560e+02,1.684182434212348380e+04,7.092247493730503265e+03,1.518979918014599025e+04
1.580499999999881444e+00,1.841678812014894717e+01,-7.107903368315188729e-03,8.408019900906117394e-01,-6.989628745356955310e-03,4.608127176294796634e-04,-1.194240550802621627e-02,-1.636154471967984136e+01,-3.676539050062947922e+01,1.769741046076430848e+02,-3.543943257695694737e-02,1.713838265010933242e+02,1.665050252039080078e+04,7.098442072345522320e+03,1.505087907805350733e+04
1.585499999999880893e+00,1.841675666990148130e+01,-7.108483166826330170e-03,8.407344433397057060e-01,-5.706086390703183318e-03,-3.431902941556639643e-04,-1.468696499840890790e-02,-2.198521413696130367e+01,-3.559862605724592299e+01,1.791749418475895936e+02,-3.542726169688645982e-02,1.713755301750782962e+02,1.663882160876310445e+04,7.100318919377989914e+03,1.505094853019077709e+04
1.590499999999880343e+00,1.841672438470625650e+01,-7.111659289055776052e-03,8.406557694565585104e-01,-5.102701495055361573e-03,3.338662767283846105e-04,-1.673123260526627326e-02,-1.566942160342307488e+01,-1.639955259242867669e+01,1.820724122929732403e+02,-3.541027109347704566e-02,1.713597085048277506e+02,1.683145697723243939e+04,7.072893617482273839e+03,1.518640947722564488e+04
1.595499999999879792e+00,1.841669631519059536e+01,-7.107052822522121581e-03,8.405678217649659167e-01,-3.792410448350024606e-03,1.985755348099855003e-03,-1.854592068361837764e-02,-2.001954641610541330e+01,-2.239953310781879736e+01,1.839091607304828813e+02,-3.539768611658115210e-02,1.713399434063992430e+02,1.683679310724335301e+04,7.062879562860403894e+03,1.518247578498270195e+04
1.600499999999879241e+00,1.841666655190176272e+01,-7.101641151508754878e-03,8.404722526828830587e-01,-4.859899005249275830e-03,9.223270329286149339e-04,-1.982697685528462747e-02,5.707493429891462711e+01,7.743887988664954491e+01,1.847463344675019243e+02,-3.538796905380715146e-02,1.713192108691935687e+02,1.584066090179703860e+04,7.078340958862716434e+03,1.570171519433290086e+04
1.605499999999878691e+00,1.841662835951923327e+01,-7.099811458099495980e-03,8.403730681335179753e-01,-8.332544226971980161e-03,-1.223623425375836840e-04,-2.004612010673733832e-02,-1.443899166902838260e+01,-3.220416362788517972e+01,1.852226156879806922e+02,-3.535894568379546743e-02,1.712975335289373220e+02,1.662156046952897304e+04,7.081014135122811240e+03,1.503775813707839916e+04
1.610499999999878140e+00,1.841658985423265804e+01,-7.100747748401941249e-03,8.402722132514502951e-01,-7.654758866037641128e-03,1.220789543956109821e-04,-2.006803935339334863e-02,-7.602544502612886390e+00,-1.107286995290135678e+01,1.903355762586720630e+02,-3.533790001235106309e-02,1.712813899270980755e+02,1.682395300356792723e+04,7.056784458057029951e+03,1.517315620043016861e+04
1.615499999999877589e+00,1.841656079020830461e+01,-7.094273128046267064e-03,8.401720479981984457e-01,-6.216777143040357057e-03,1.526747779741469049e-03,-1.973487474639382469e-02,-1.193963451474428439e+01,-1.675203780450324587e+01,1.919231015137058876e+02,-3.531274117218670405e-02,1.712525740919903683e+02,1.680599707917213163e+04,7.054433131359990512e+03,1.516934974134178083e+04
1.620499999999877039e+00,1.841652998199194258e+01,-7.087283067844337564e-03,8.400749583009240462e-01,-6.199843958526074505e-03,7.528076258659218908e-04,-1.915665488010274975e-02,-1.970153739847353336e+01,-3.303527849182125919e+01,1.913140499470669056e+02,-3.530738566967128733e-02,1.712335835139027154e+02,1.660283600347532774e+04,7.070123223174317900e+03,1.502856574921007086e+04
1.625499999999876488e+00,1.841649313119718556e+01,-7.085697868629768983e-03,8.399828226259369313e-01,-7.129989955302734259e-03,3.343166193850245679e-05,-1.798304990239536771e-02,-1.569884606347829958e+01,-3.715345596275022899e+01,1.909811979528576558e+02,-3.528978882886581181e-02,1.712174142541542210e+02,1.659615027622860725e+04,7.062617545776074621e+03,1.502805954520205523e+04
1.630499999999875937e+00,1.841645938595951293e+01,-7.088102494181547017e-03,8.398965598053301784e-01,-7.296628545963761495e-03,-1.086713767675256265e-03,-1.642447429004324777e-02,-1.460577143314094428e+01,-2.905907802170413845e+01,1.954033987505854384e+02,-3.525989754411219118e-02,1.711939192257455034e+02,1.660045195650381356e+04,7.068247045111950683e+03,1.502489302146658883e+04
1.635499999999875387e+00,1.841643391664445417e+01,-7.087831793819529373e-03,8.398189690422912523e-01,-3.340118191684946988e-03,1.021101048667847483e-03,-1.477307531889542926e-02,-1.755859007816138728e+01,-2.329261650755933033e+01,1.983116117704778389e+02,-3.523525914931831954e-02,1.711678893069350522e+02,1.679901311915379119e+04,7.031062594491576419e+03,1.515848493064958529e+04
1.640499999999874836e+00,1.841640452624960744e+01,-7.084854880796710545e-03,8.397530462088932390e-01,-8.957609618271401147e-03,-2.493161059422719598e-04,-1.172584461006564299e-02,-6.091003557548674507e+00,-3.174359669124433481e+01,1.951714961140274909e+02,-3.522892694275533976e-02,1.711484276320347817e+02,1.658588741982134525e+04,7.061325869718200920e+03,1.501391048319610491e+04
1.645499999999874285e+00,1.841638372464434781e+01,-7.084651222174788085e-03,8.396960906760506660e-01,-3.860437419288619866e-03,-5.904117510374563968e-04,-1.056690665395078506e-02,-2.142062512659595086e+01,-4.084196833330517507e+01,1.951692131505536736e+02,-3.519106147789372030e-02,1.711175940001289746e+02,1.657295789075288485e+04,7.054139592513165553e+03,1.500081996054818592e+04
1.650499999999873735e+00,1.841635349780409214e+01,-7.094476186128658227e-03,8.396512125381189184e-01,-7.310909619183479646e-03,-2.869228514105448893e-03,-7.628191937197139651e-03,-8.795187389880425144e+00,-1.983447068539834390e+01,1.990666600712293075e+02,-3.518279812568800985e-02,1.711039535678702634e+02,1.657477233798541783e+04,7.063149359741119952e+03,1.499893943577965365e+04
1.655499999999873184e+00,1.841633325325753034e+01,-7.103860120408123612e-03,8.396189392672668284e-01,-3.975199346257737333e-03,-1.417738719955996497e-03,-5.018148097372501608e-03,-9.598078929273128779e+00,-1.332568461132046878e+01,2.016602550285708730e+02,-3.517011586301690279e-02,1.710878421433234848e+02,1.677060140664853316e+04,7.023856607540552432e+03,1.514317952181378132e+04
1.660499999999872633e+00,1.841631878832765778e+01,-7.105260582080657507e-03,8.396016845396295780e-01,-2.917850635466275565e-03,-7.094672949387678283e-04,-2.278607842288645716e-03,-1.906492254188947300e+01,-4.234327449441671831e+01,1.979205525970422741e+02,-3.514450307002133650e-02,1.710637438347217483e+02,1.656883854773977509e+04,7.047309307626423106e+03,1.499793386716958958e+04
1.665499999999872083e+00,1.841630252949422086e+01,-7.115089133268250390e-03,8.395971137096387427e-01,-1.047967030905351104e-03,-2.051561037221711313e-03,-1.758448835212371344e-04,-2.334853934122463670e+01,-4.143769976587230985e+01,1.968985133326885943e+02,-3.514090422473548775e-02,1.710538762525253276e+02,1.654708066604464329e+04,7.043019596178483880e+03,1.499461900793568930e+04
1.670499999999871532e+00,1.841628977329893502e+01,-7.130752855031294649e-03,8.396043032254061345e-01,-1.461439624990029272e-03,-3.258071418403962055e-03,2.441577443901770707e-03,-2.056125441171934654e+01,-3.502192253924559395e+01,1.981706703863161465e+02,-3.512394739462862403e-02,1.710358359721090835e+02,1.654162921054248000e+04,7.039684977426390105e+03,1.499368270436829334e+04
1.675499999999870981e+00,1.841627831235371815e+01,-7.143048297275523574e-03,8.396253299695257688e-01,-2.134917521373983981e-03,-2.157903205813724214e-03,5.377795519995521786e-03,-8.030805097885604482e+00,-1.930346629771079847e+01,1.986648585327837964e+02,-3.509536056063446152e-02,1.710167950432361010e+02,1.675863992794182195e+04,7.010507671146142457e+03,1.511754589706094703e+04
1.680499999999870431e+00,1.841627280967730229e+01,-7.153300876790898155e-03,8.396576885656799050e-01,-1.171276156279671020e-03,-2.751801182995147147e-03,7.345028297824866305e-03,-1.827780550096952084e+01,-3.639212188707702467e+01,1.958429167449770603e+02,-3.508984611212481036e-02,1.710054161816179601e+02,1.652786403478274224e+04,7.041371689590830101e+03,1.497345514375032872e+04
1.685499999999869880e+00,1.841626838196670590e+01,-7.170409241108315589e-03,8.396989435903612353e-01,-1.829677539670987842e-03,-3.574274440243407815e-03,9.253905785218802943e-03,-3.526810438985762630e+00,1.506268723751827849e+02,2.114225587654011633e+02,-3.507979767998757603e-02,1.709922166675038113e+02,1.661748431093277759e+04,5.971269364646546819e+03,1.531891661037479571e+04
1.690499999999869329e+00,1.841626320790871318e+01,-7.190478231361776239e-03,8.397489354609878331e-01,-1.298676460136381815e-04,-4.192649250595452924e-03,1.059702668384682710e-02,6.094653188115569264e+01,7.319776349202901145e+01,1.922434753960161515e+02,-3.506134410886974778e-02,1.709833661931867255e+02,1.576656093660836814e+04,7.030065417305925621e+03,1.563520357931200306e+04
1.695499999999868779e+00,1.841626116364639998e+01,-7.210071551697230623e-03,8.398071517172959188e-01,-1.504066034518634345e-03,-3.046610563865103857e-03,1.269812234541544196e-02,-7.087947562327258311e+00,-2.524605691223715098e+01,1.936092335973009995e+02,-3.504273090413167341e-02,1.709706458164282310e+02,1.672541867996650035e+04,6.992916729504347131e+03,1.510263649113658175e+04
1.700499999999868228e+00,1.841626355087231914e+01,-7.222665243482990355e-03,8.398720923360961654e-01,-7.963366423024112635e-04,-3.442817974942147339e-03,1.349379980105171531e-02,-1.713351113075100329e+01,-3.769700110739562149e+01,1.909682174679848004e+02,-3.502122502643613411e-02,1.709533017637194803e+02,1.649961164887125051e+04,7.033789976748830668e+03,1.494491363827074929e+04
1.705499999999867677e+00,1.841626457840198583e+01,-7.242642661262166208e-03,8.399400208034822901e-01,2.246099935387807240e-03,-3.868512994313333658e-03,1.345299505535175501e-02,5.416225974271515042e+01,6.913510722210556025e+01,1.877761036750135872e+02,-3.501755652266084345e-02,1.709457597253162646e+02,1.573868781679362655e+04,7.021153664274374023e+03,1.561196124208592846e+04
1.710499999999867127e+00,1.841626365870292403e+01,-7.265357107816371347e-03,8.400100266125767323e-01,6.113054546079410567e-04,-4.178374075295861884e-03,1.404458047013888017e-02,-2.189694000031875021e+01,-4.515939051473004895e+01,1.874727925105822806e+02,-3.499418493773112648e-02,1.709298892617474337e+02,1.648913883115696444e+04,7.010456025686692556e+03,1.494286681455703911e+04
1.715499999999866576e+00,1.841626180781968714e+01,-7.288408075129333002e-03,8.400812349217628983e-01,1.571966999441477440e-03,-3.575694380839271064e-03,1.403561356146376671e-02,-1.782935730194628832e+01,-2.336881819847710062e+01,1.894792533341877743e+02,-3.497809588978541273e-02,1.709186991452303346e+02,1.669794088682712027e+04,6.983868649989936785e+03,1.507247977917595381e+04
1.720499999999866025e+00,1.841626338689925291e+01,-7.302992999855063665e-03,8.401519027175328169e-01,-3.077015348577497381e-04,-3.110844528963454831e-03,1.392645937652549348e-02,-1.960041481123846552e+01,-4.399574260033296014e+01,1.849959893861203000e+02,-3.495919896441372632e-02,1.709024873088935124e+02,1.646929550939973342e+04,7.018084792865415693e+03,1.492313391612987289e+04
1.725499999999865475e+00,1.841626254717325750e+01,-7.322464522274657432e-03,8.402184448420874086e-01,-1.488027456447023463e-03,-4.818658447632620176e-03,1.296344672297345020e-02,-1.621453741759137301e+01,-3.007604353681044529e+01,1.836689939265584144e+02,-3.494995990769977912e-02,1.708918844583796783e+02,1.644950058086512945e+04,7.019929367215749153e+03,1.490788302800775818e+04
1.730499999999864924e+00,1.841625959305599380e+01,-7.343987709177215821e-03,8.402798459177083235e-01,-3.294356996409273687e-03,-5.008663160454670388e-03,1.214400697006214232e-02,-1.106857155908994628e+01,-3.106142248748351165e+01,1.826576833088814737e+02,-3.492928787728055706e-02,1.708765998796086478e+02,1.645358540119541794e+04,7.010979944456568774e+03,1.490611165826748947e+04
1.735499999999864373e+00,1.841625678808240352e+01,-7.365391016123143397e-03,8.403355909373354526e-01,-1.688655120348203035e-03,-4.285338331769372039e-03,1.077955449140999278e-02,-9.899461659329404029e+00,-1.192413829867365394e+01,1.851990361229596829e+02,-3.490720744236935902e-02,1.708621786093251558e+02,1.667724682297534309e+04,6.976905174113886460e+03,1.503560730562418394e+04
1.740499999999863823e+00,1.841625621744805841e+01,-7.377865060877496564e-03,8.403850604234458510e-01,-9.700958638729738348e-04,-2.586731838457380014e-03,9.241518178947662893e-03,-2.071680496055660115e+01,-4.303726552984713294e+01,1.818416222478956570e+02,-3.488771620362062648e-02,1.708464666351417520e+02,1.643863723056943491e+04,7.009558504925978013e+03,1.489460432414221214e+04
1.745499999999863272e+00,1.841625411576657001e+01,-7.393460721861511674e-03,8.404257676133086719e-01,-8.961680132148659716e-04,-3.664913655124483853e-03,7.340805145683183992e-03,-2.189939280320015769e+01,-3.626140655111478850e+01,1.807033916091257879e+02,-3.487601620103099320e-02,1.708321037700395095e+02,1.641694430587023453e+04,7.004036959010541977e+03,1.488343129418542048e+04
1.750499999999862721e+00,1.841624574029101424e+01,-7.409976270564804478e-03,8.404586443690584829e-01,-7.681919469516104325e-04,-3.305082641807243187e-03,5.603505057658825575e-03,-2.326677640018783677e+01,-4.234094496545415609e+01,1.802013457251439377e+02,-3.485398657592476274e-02,1.708193677129954153e+02,1.642337048457008495e+04,6.994470005105803466e+03,1.488113979007931630e+04
1.755499999999862171e+00,1.841622811097410306e+01,-7.429431638682100492e-03,8.404840479312160051e-01,-1.333313544467806810e-03,-3.048097956005176544e-03,4.158961801642459960e-03,5.719328005898989886e+01,6.483052676792871694e+01,1.818575427529962099e+02,-3.485745428195857060e-02,1.708247616333428596e+02,1.569325382254829492e+04,6.999692725631070061e+03,1.556837114836539149e+04
1.760499999999861620e+00,1.841622760735418041e+01,-7.438206973211004998e-03,8.404992719233171927e-01,-1.917976614643108167e-03,-1.765283261896632939e-03,2.426032275991512471e-03,-1.482318459963289570e+01,-2.100215972862932290e+01,1.825418816334228040e+02,-3.480473315079405522e-02,1.707831154559587503e+02,1.664513524114390020e+04,6.962759735963114508e+03,1.499656296924382696e+04
1.765499999999861069e+00,1.841620802670097135e+01,-7.448420316857989366e-03,8.405077323421896729e-01,-1.086680776173673101e-04,-1.358667411410679647e-03,3.472801989027896876e-04,5.126984574749383228e+01,5.907554957978543086e+01,1.801966956302932203e+02,-3.482682475970137748e-02,1.707955593036000153e+02,1.566754030537684775e+04,6.991763176356795157e+03,1.554918545960042684e+04
1.770499999999860519e+00,1.841619849944526521e+01,-7.460341878602822115e-03,8.405049905637924645e-01,-4.326207582860977681e-03,-3.475332417179288324e-03,-1.118612781447225887e-03,-1.588806507489118758e+01,-2.787627622952874162e+01,1.813570103121835473e+02,-3.479274443138888340e-02,1.707664008715717330e+02,1.638758696861160934e+04,6.990850207739165853e+03,1.485069918667173079e+04
1.775499999999859968e+00,1.841618091281589997e+01,-7.472782284174279456e-03,8.404953015533269678e-01,-3.938969224122550010e-03,-2.919574813728675021e-03,-2.614303747333387128e-03,-1.825049243374940033e+01,-3.589917653170000733e+01,1.824261345025227001e+02,-3.477515835983535641e-02,1.707549065900346363e+02,1.639274085785539864e+04,6.983436011773576865e+03,1.485615289490692703e+04
1.780499999999859417e+00,1.841616489649284460e+01,-7.483861854913472986e-03,8.404786594785080833e-01,-2.312874677450393445e-03,-1.345530926185903959e-03,-3.947463045448787976e-03,-1.780698950169210093e+01,-2.842705507282968824e+01,1.838655317471826720e+02,-3.475556602129756256e-02,1.707421665616388395e+02,1.662054718378655161e+04,6.943011251081608862e+03,1.499353092720967834e+04
1.785499999999858867e+00,1.841614314249196127e+01,-7.489992049877771188e-03,8.404569862444618566e-01,-4.272420976425219188e-03,-7.178449904315248060e-04,-4.811193985117426936e-03,6.118560555217936781e+01,6.198726782129622848e+01,1.825463867800444859e+02,-3.476311873283401133e-02,1.707410318091538102e+02,1.566786901838618178e+04,6.980746152978492319e+03,1.553859833166437238e+04
1.790499999999858316e+00,1.841613068855117774e+01,-7.494595805560393294e-03,8.404277948969708367e-01,-4.553477302819142376e-03,-2.115568085784959827e-03,-6.230932170821506036e-03,-1.781187946952252332e+01,-3.565626447249690045e+01,1.828377535430377065e+02,-3.472140780824418266e-02,1.707068448183326836e+02,1.636894093440400684e+04,6.977724763018903104e+03,1.483465131758863754e+04
1.795499999999857765e+00,1.841610764707785819e+01,-7.503955688299989574e-03,8.403943478824833502e-01,-1.790247041291184900e-03,-1.002399455161305519e-03,-7.430177993090879979e-03,-2.721811223485042319e+01,-5.256920415464507812e+01,1.833561128303539363e+02,-3.471950503355428208e-02,1.707043524096891076e+02,1.637170636352016299e+04,6.959905649820084363e+03,1.484926285197258767e+04
1.800499999999857215e+00,1.841608323822346094e+01,-7.513184053151174442e-03,8.403574786250025408e-01,-2.918739936926496078e-03,-1.207692136664627758e-03,-7.833390598467344229e-03,5.491929503521475908e+01,5.891778849013569186e+01,1.851865196197347814e+02,-3.470335894681400579e-02,1.706919857997394558e+02,1.565182095052400109e+04,6.974126147545897766e+03,1.552689062601578917e+04
1.805499999999856664e+00,1.841606456161405703e+01,-7.520653645957516183e-03,8.403179297804536096e-01,-3.484506091845473996e-03,-4.342651166409254511e-05,-7.886069206708935450e-03,-1.132616434945516630e+02,4.094519520398776535e+01,2.113922299547137982e+02,-3.468051917424460479e-02,1.706712400142193076e+02,1.749081365661518794e+04,5.712268848633505513e+03,1.452626909119315860e+04
1.810499999999856113e+00,1.841604284950269133e+01,-7.524991410712007778e-03,8.402778107764611315e-01,-3.951739994926784308e-03,-1.391924904864633638e-03,-8.252275845453670503e-03,-2.013113982264951574e+01,-4.139546999358570645e+01,1.869850276482841309e+02,-3.467060057842200754e-02,1.706580175660712371e+02,1.636022606123544756e+04,6.962448137279551702e+03,1.483352208759988571e+04
1.815499999999855563e+00,1.841602173271158094e+01,-7.531752181319545381e-03,8.402367304986975149e-01,-3.578615799172886990e-03,-1.368700003908577710e-03,-8.325453544335991232e-03,-2.129585443007886170e+01,-4.710158340410370670e+01,1.865601368475394111e+02,-3.465514217185647339e-02,1.706427829997170420e+02,1.634209290291556317e+04,6.956670158645609263e+03,1.483158832428580172e+04
1.820499999999855012e+00,1.841599950251246653e+01,-7.540286658256578796e-03,8.401962224284326153e-01,-3.949142124611770659e-03,-1.692823675189230465e-03,-8.040438871314049135e-03,5.909355751402301848e+01,6.576537765136680491e+01,1.881478204574275424e+02,-3.464322278665608879e-02,1.706322766469550913e+02,1.564397015829349220e+04,6.965383995203735140e+03,1.551134586104902519e+04
1.825499999999854461e+00,1.841598058447819497e+01,-7.547309849110291936e-03,8.401576100597731855e-01,-3.018242315445776244e-03,-6.857247797035053967e-04,-7.516174955078837663e-03,-1.616139386931831723e+01,-3.189111377490485211e+01,1.905501030948450989e+02,-3.461946543038463969e-02,1.706151588561230881e+02,1.659808333572162519e+04,6.912094955019622830e+03,1.496248728103057147e+04
1.830499999999853911e+00,1.841596341040519746e+01,-7.552530456487595127e-03,8.401217900404478467e-01,-1.682958604826798044e-03,-1.061074478148027423e-03,-7.172599204885396831e-03,-2.623832614592652135e+01,-4.878559567166510647e+01,1.902460774448861685e+02,-3.461021519399450075e-02,1.705996950283075932e+02,1.633243319235169474e+04,6.949473673091135424e+03,1.482409276666542428e+04
1.835499999999853360e+00,1.841593781366988480e+01,-7.558765271394481816e-03,8.400910402186962944e-01,-4.787882146407003957e-03,-1.827139183978137606e-03,-5.971951716697474453e-03,-1.493114435049551503e+01,-4.456065548505820573e+01,1.889793366113941602e+02,-3.459155506968295685e-02,1.705898163492802837e+02,1.633815852836634986e+04,6.952908124135040453e+03,1.481108342570277273e+04
1.840499999999852809e+00,1.841592206430209799e+01,-7.568509527561761811e-03,8.400620923057727785e-01,-1.817246232889284689e-03,-1.942644088369380271e-03,-5.593028110758598362e-03,-2.452641190614804145e+01,-4.572543569324089674e+01,1.913500453585174910e+02,-3.457661978289067878e-02,1.705738007981329361e+02,1.632355879463214660e+04,6.950407671213899448e+03,1.481026413591729579e+04
1.845499999999852259e+00,1.841590713122562661e+01,-7.579472186787484210e-03,8.400382403030387524e-01,-2.397122771169951476e-03,-1.386140702141032063e-03,-4.228676159871072766e-03,-2.171599138392275563e+01,-5.756732321037388544e+01,1.903460558570535568e+02,-3.456222944928229179e-02,1.705578870623317016e+02,1.633212596592597583e+04,6.931314852325580432e+03,1.482212226096447375e+04
1.850499999999851708e+00,1.841589332035949766e+01,-7.589415620037466212e-03,8.400204553603594082e-01,-2.245734208533409118e-04,-1.018650433322019393e-03,-3.337751506786508938e-03,-2.252696302543472484e+01,-3.398080680339388948e+01,1.937746038060307683e+02,-3.454965057086895747e-02,1.705456915572814296e+02,1.657195145901896831e+04,6.901661087758805479e+03,1.494583625336444311e+04
1.855499999999851157e+00,1.841588042970728267e+01,-7.597147975293951777e-03,8.400088737276236728e-01,3.923514422819812599e-04,-1.059325960218459282e-03,-2.274357631999908858e-03,4.920438058576030471e+01,5.029385713197400776e+01,1.897166854210986457e+02,-3.454301533596303153e-02,1.705338573573401675e+02,1.562301624536237068e+04,6.943609304035901005e+03,1.549037538392500755e+04
1.860499999999850607e+00,1.841586631096805249e+01,-7.608414576579863690e-03,8.400026526728366916e-01,-9.558970086090353997e-04,-1.901951460153354471e-03,-1.037438937208014873e-03,5.435825454240261934e+01,5.559070638807864384e+01,1.892059281950347440e+02,-3.452935735613520823e-02,1.705195740640741633e+02,1.561089359092301129e+04,6.942647086708533607e+03,1.548273717900583870e+04
1.865499999999850056e+00,1.841585395458450591e+01,-7.620731866583399169e-03,8.400016311936017166e-01,-3.183219637850572426e-03,-2.260240768054444863e-03,4.722258857844329979e-04,-1.560404046203711914e+01,-5.397382840346608646e+01,1.895164363309231703e+02,-3.451085325302272883e-02,1.705064878018987997e+02,1.630484725328204513e+04,6.926440873018459570e+03,1.479970483908095048e+04
1.870499999999849505e+00,1.841584202659165825e+01,-7.634602642053873491e-03,8.400061513115006928e-01,-1.643056689005808731e-03,-3.059436656092655478e-03,1.286476692547051980e-03,5.785610981272748177e+01,6.535868741334058996e+01,1.912568702107469107e+02,-3.450499224976294466e-02,1.705047618385590624e+02,1.561422045372405773e+04,6.951789650526767218e+03,1.547455326840646740e+04
1.875499999999848955e+00,1.841583373195389228e+01,-7.650711729232297954e-03,8.400159975717161887e-01,-3.368207063357434548e-03,-3.538224976268569428e-03,2.859870352745623109e-03,6.400668613929508410e+01,6.731202487316178917e+01,1.907615259007435498e+02,-3.449585683828623045e-02,1.704934983557046166e+02,1.560773012682833541e+04,6.945177486839304038e+03,1.547735780847273600e+04
1.880499999999848404e+00,1.841582219154966893e+01,-7.664667540497770680e-03,8.400332840376676380e-01,-4.937875153259991060e-03,-3.543470051792587099e-03,4.379045764969656009e-03,-7.953685706589794790e+00,-4.644547219517394865e+01,1.895758463452436899e+02,-3.446977108153247843e-02,1.704794039602448379e+02,1.628869927967397598e+04,6.934936171463053142e+03,1.478805185626843013e+04
1.885499999999847853e+00,1.841581605022435753e+01,-7.679560516868608883e-03,8.400552189935956982e-01,-1.305512052954364193e-03,-2.935255618576856733e-03,4.849585340568155281e-03,-1.415929987155675462e+01,-2.549364935509780139e+01,1.925341647585651117e+02,-3.445045437592974408e-02,1.704662972175033246e+02,1.654573518882807548e+04,6.898247942069956480e+03,1.490743191713080523e+04
1.890499999999847303e+00,1.841581444924501199e+01,-7.694208068676042407e-03,8.400809237566798648e-01,-6.334964462843845501e-04,-3.560875106699957701e-03,5.457535402895367579e-03,-2.101763814657579132e+01,-3.934432395981001207e+01,1.909545842701378433e+02,-3.444246188106917655e-02,1.704483462128188478e+02,1.627651706611089685e+04,6.927340152735807351e+03,1.476939312342934136e+04
1.895499999999846752e+00,1.841580851897585092e+01,-7.707984796204367384e-03,8.401111735590737206e-01,1.170732404363264293e-03,-2.553477561410395780e-03,5.828265069350979828e-03,-2.652572980663353519e+01,-5.819159193587607604e+01,1.873237827418753341e+02,-3.441886735431767819e-02,1.704334621179215503e+02,1.626932335887990484e+04,6.914428656067090742e+03,1.476536684612946192e+04
1.900499999999846201e+00,1.841579694754937435e+01,-7.727489483928712787e-03,8.401433958263906376e-01,-3.400221864490520548e-03,-4.221951739938167858e-03,6.777338853039375187e-03,6.606163379822430670e+01,6.960361110652429772e+01,1.873602627216766905e+02,-3.442040604967217671e-02,1.704288936590255048e+02,1.557087722133962779e+04,6.936228642534144456e+03,1.544625279864948425e+04
1.905499999999845651e+00,1.841578881640940324e+01,-7.744249486449958364e-03,8.401771096485475265e-01,-3.138714442737238711e-03,-3.441854375589105224e-03,7.106082766878274101e-03,6.525688434509231683e+01,5.616723625407773568e+01,1.850603508611418420e+02,-3.440576825747358042e-02,1.704207165194519860e+02,1.557439049234312006e+04,6.927835235827118595e+03,1.544529859884995130e+04
1.910499999999845100e+00,1.841578413642903200e+01,-7.761553751241985315e-03,8.402107682343333828e-01,9.042505937179355914e-06,-3.621449187976697251e-03,6.553900121266020319e-03,-2.266228100704222470e+01,-4.756570004403411644e+01,1.874115051117491930e+02,-3.438893397133239299e-02,1.704107561937638593e+02,1.625722592732199337e+04,6.916811834209100198e+03,1.474978424218891087e+04
1.915499999999844549e+00,1.841578032184927949e+01,-7.780558318776678584e-03,8.402441397394171396e-01,-1.596796437976616715e-03,-3.120560822956837746e-03,6.916372618684044592e-03,5.968892328447373075e+01,5.078293560926650230e+01,1.841276323726120836e+02,-3.438074374664123328e-02,1.703996319559438746e+02,1.555451871351452064e+04,6.919045277312225153e+03,1.544316719109819314e+04
1.920499999999843999e+00,1.841577726719481589e+01,-7.797876986129363523e-03,8.402769865939898608e-01,-8.378936933278883017e-04,-3.971580708205738573e-03,6.429006441701344901e-03,-2.037178390257940919e+01,-4.429798553187845300e+01,1.863637643732002971e+02,-3.436111570978838542e-02,1.703865548454990630e+02,1.623074265567094517e+04,6.914729259541171814e+03,1.474274299806408635e+04
1.925499999999843448e+00,1.841577268128749978e+01,-7.814955326850031581e-03,8.403087878813565448e-01,5.972575686161205695e-04,-2.874597763759127126e-03,6.002187744312488353e-03,5.213012951627524671e+01,5.025116186884322644e+01,1.844208858031124691e+02,-3.435627789289729533e-02,1.703835890554929620e+02,1.555395938111595569e+04,6.920191967569178814e+03,1.543597239983235522e+04
1.930499999999842897e+00,1.841576805931734029e+01,-7.832752950948035711e-03,8.403388396708945107e-01,-2.254692179888350724e-03,-3.462957898853858546e-03,6.290397099124514675e-03,3.330522058545932396e+01,6.219358347852153202e+01,1.917554036446831560e+02,-3.434518952776867418e-02,1.703738068865361868e+02,1.608031943150402731e+04,6.922524799003367661e+03,1.543237623374341092e+04
1.935499999999842347e+00,1.841575484205739954e+01,-7.848017844751351002e-03,8.403696245180009017e-01,-1.287340535336253290e-03,-2.641240637739662722e-03,5.621421754784030125e-03,5.710927175120889387e+01,4.964570922106948103e+01,1.821284625568670208e+02,-3.432226529880755272e-02,1.703586372675179632e+02,1.554233379329501986e+04,6.906168012278353672e+03,1.542396769180267984e+04
1.940499999999841796e+00,1.841574540612620936e+01,-7.863569938743980928e-03,8.403954267996336380e-01,-4.492346983976823666e-04,-2.734346884058489521e-03,4.545911522196998886e-03,5.354646798928968110e+01,5.170090307144013764e+01,1.824802930120534938e+02,-3.430468519135543293e-02,1.703467614713759417e+02,1.553554146031140772e+04,6.906474754583452523e+03,1.541524591813689040e+04
1.945499999999841245e+00,1.841573656993860197e+01,-7.879174135260560638e-03,8.404163090949954285e-01,-1.669446790784982846e-03,-2.463957537286017452e-03,3.800061984981960555e-03,5.672625396728358282e+01,4.657451643641825001e+01,1.810024479778005571e+02,-3.429020359987642458e-02,1.703353075017807328e+02,1.552239716611274343e+04,6.903715578095072487e+03,1.541344407016364494e+04
1.950499999999840695e+00,1.841572879222998083e+01,-7.894721970626315810e-03,8.404317157674694450e-01,-7.573522875404934589e-04,-3.261495568414347380e-03,2.443894259630846610e-03,5.324276517361931838e+01,6.205879878934233318e+01,1.840589370234822582e+02,-3.427951512884514634e-02,1.703266483766598753e+02,1.552618121401915050e+04,6.911555695253736303e+03,1.540392347961151972e+04
1.955499999999840144e+00,1.841572201471579362e+01,-7.906571843012868972e-03,8.404419102579424594e-01,-2.507971552763503705e-03,-2.581114619313772812e-03,1.574809249381503226e-03,-1.825616923794996183e+01,-4.800991634318214096e+01,1.816343922118912815e+02,-3.426440903246665698e-02,1.703068195349146663e+02,1.618835591909002142e+04,6.890505879635626115e+03,1.469923763388805310e+04
1.960499999999839593e+00,1.841571329440586169e+01,-7.917805608711454488e-03,8.404450951191420049e-01,-2.721491723221610565e-03,-2.955391589667588550e-03,-4.717020697651561539e-05,-1.840893867841100473e+01,-4.532277572947788258e+01,1.801803732200847890e+02,-3.424904270360833863e-02,1.702881285691655933e+02,1.615503667142145787e+04,6.889729253961621907e+03,1.468248026753829254e+04
1.965499999999839043e+00,1.841570139514460536e+01,-7.929012799795765246e-03,8.404405395993694849e-01,-4.405104193628861173e-03,-2.797174313256490553e-03,-1.389309598383069687e-03,-1.362840399784397505e+01,-4.795498959078045687e+01,1.791911290094615197e+02,-3.423522841851675547e-02,1.702760056154610027e+02,1.614503908350501661e+04,6.885686876744335677e+03,1.467510081091756183e+04
1.970499999999838492e+00,1.841569064841636205e+01,-7.941297355915989328e-03,8.404278119398523872e-01,-1.833057618476148900e-03,-1.894373356762268576e-03,-3.154296150519942873e-03,-1.167538988224339391e+01,1.311840611903480180e+02,1.994216958541413760e+02,-3.423111774307147775e-02,1.702693417848143156e+02,1.631813789850103967e+04,5.877373124509125773e+03,1.507666335837316728e+04
1.975499999999837941e+00,1.841567505700736618e+01,-7.951401628186329645e-03,8.404095269144378211e-01,-3.502091048023072209e-03,-2.654401143057836220e-03,-4.247997129879096945e-03,-1.835152679314956004e+01,-4.559287433201618001e+01,1.826282365752065289e+02,-3.421610588393624031e-02,1.702627286380458429e+02,1.614045769578673753e+04,6.884968983464263147e+03,1.466835712254630744e+04
1.980499999999837391e+00,1.841565951000700352e+01,-7.962428594556729064e-03,8.403855665387837126e-01,-4.032146687789862731e-03,-1.676756687718532896e-03,-4.954258310768866816e-03,5.962608804473529744e+01,5.052734625053172124e+01,1.816961441437312033e+02,-3.421279250231099023e-02,1.702577380622356884e+02,1.546877274195865539e+04,6.882465117230117357e+03,1.537116907288607945e+04
1.985499999999836840e+00,1.841564301688024941e+01,-7.970333059299335859e-03,8.403576929636445980e-01,-5.134377338890660190e-03,-2.191038521001752778e-03,-5.744889238667270394e-03,-1.408748951441702957e+01,-4.205139700865160535e+01,1.838406116383374638e+02,-3.419620302857853678e-02,1.702448363080376339e+02,1.612710623138783194e+04,6.883085274951305109e+03,1.465765699230756036e+04
1.990499999999836289e+00,1.841562635654063840e+01,-7.977207076843578423e-03,8.403256877268280300e-01,-3.692827758781402382e-03,-1.100991352597385916e-03,-6.676203822332415182e-03,5.760697979440885774e+01,4.913386559898880535e+01,1.816496887270099023e+02,-3.418882066087339938e-02,1.702330865771766923e+02,1.544556035777169564e+04,6.875821998554623860e+03,1.535497395595507805e+04
1.995499999999835739e+00,1.841561208059260224e+01,-7.984892473211827740e-03,8.402890206845982091e-01,-1.360109380369844533e-03,-1.473748743224320614e-03,-7.897533637255539987e-03,-2.733578158506986711e+01,-5.245303460886819380e+01,1.848006816817646722e+02,-3.417035252366574377e-02,1.702159368548217344e+02,1.611236246689831023e+04,6.861206761883752733e+03,1.465082066716398003e+04
