time,x,y,z,vx,vy,vz,Fx,Fy,Fz,min_contact_distance,mechanical_energy,base_load,left_edge_load,right_edge_load
7.999999999999672928e-01,-1.942017279195613850e-05,7.976415421576328905e-04,2.340501515857206991e-02,4.000000000000000000e+00,-1.128769717562131557e-06,1.688359148477441389e-06,-4.517877085792685676e+01,1.499554660191719080e+01,8.232314750838302189e+02,-2.546978724202401262e-04,1.623035017464354155e+02,0.000000000000000000e+00,0.000000000000000000e+00,8.232314750838302189e+02
8.049999999999667422e-01,1.997019636066865722e-02,8.080078519419419238e-04,2.365968158263397764e-02,3.997752570679725448e+00,2.114118905213645695e-03,4.875900921318439274e-02,0.000000000000000000e+00,0.000000000000000000e+00,0.000000000000000000e+00,0.000000000000000000e+00,1.619441083825997509e+02,0.000000000000000000e+00,0.000000000000000000e+00,0.000000000000000000e+00
8.099999999999661915e-01,3.995914117026195395e-02,8.124998809772455283e-04,2.378415041038466071e-02,3.998201623885104805e+00,2.266469311947027793e-03,6.378113940108284981e-03,-4.027360947908253053e+00,1.564479581794087615e+01,3.421651865533206660e+01,-7.400609397825003676e-05,1.618869968561328960e+02,0.000000000000000000e+00,0.000000000000000000e+00,3.421651865533206660e+01
8.149999999999656408e-01,5.995614638815620345e-02,8.398309104189601243e-04,2.371319584686320397e-02,3.999524959310236660e+00,6.587951525540690703e-03,-3.171932329742193496e-02,-5.905694888472277526e+00,3.165361793014321989e+01,7.530357178208478786e+01,-8.451178047824345341e-05,1.618146228740791344e+02,0.000000000000000000e+00,0.000000000000000000e+00,7.530357178208478786e+01
8.199999999999650901e-01,7.995493240882181607e-02,8.944380923178890143e-04,2.345570442157694779e-02,4.000548041215782114e+00,1.195217436106739764e-02,-6.895646076628160481e-02,-5.045337606203454328e+01,4.577053295785383114e+01,9.735152242785138696e+02,-4.365220939758253371e-05,1.617360601825785693e+02,0.000000000000000000e+00,0.000000000000000000e+00,9.735152242785138696e+02
8.249999999999645395e-01,9.992707541247738967e-02,9.327217053830723359e-04,2.356712485724070036e-02,3.991993075345290798e+00,4.716520120819856811e-03,5.559255855184092043e-02,-1.956406243518892030e+00,7.056461474216622065e+00,1.813600312022595062e+01,-5.251291404873557368e-05,1.610536647528772392e+02,0.000000000000000000e+00,0.000000000000000000e+00,1.813600312022595062e+01
8.299999999999639888e-01,1.198894440979812737e-01,9.672699373932859166e-04,2.373521529712934938e-02,3.992034078409295361e+00,9.578159023807009467e-03,1.637060416024102225e-02,-6.406212987826740424e+00,2.761398038382699482e+01,8.351059637283537995e+01,-5.022116662519587882e-05,1.609895208833447668e+02,0.000000000000000000e+00,0.000000000000000000e+00,8.351059637283537995e+01
8.349999999999634381e-01,1.398521909477036529e-01,1.018391456836126004e-03,2.370751386411328737e-02,3.992412248185725598e+00,1.106247939161996569e-02,-2.335742804818815438e-02,-4.683345490121649135e+00,3.131740062820924919e+01,7.363608840968879576e+01,-1.401759229281394903e-04,1.609389231605588861e+02,0.000000000000000000e+00,0.000000000000000000e+00,7.363608840968879576e+01
8.399999999999628875e-01,1.598112852077203661e-01,1.102458294979104031e-03,2.349562477286097628e-02,3.991905568613378197e+00,1.795000976808000873e-02,-5.967425449254577102e-02,-1.311448838996178257e+00,3.419003831064324928e+00,1.471478085457912854e+01,-2.399367688584418123e-05,1.608682958809731076e+02,0.000000000000000000e+00,0.000000000000000000e+00,1.471478085457912854e+01
8.449999999999623368e-01,1.797443975072628153e-01,1.134334284381919352e-03,2.354737872797142348e-02,3.982756996260772731e+00,-1.120913871063987290e-03,4.646169168759637508e-02,-9.512401204524773002e-01,2.969331304398327820e+00,1.020859862755451175e+01,-1.484934676115965552e-05,1.602232284341867512e+02,0.000000000000000000e+00,0.000000000000000000e+00,1.020859862755451175e+01
8.499999999999617861e-01,1.996609272216658681e-01,1.133432416880486050e-03,2.366738239431638927e-02,3.982907972038098876e+00,1.921193443668944541e-03,6.564729353835473125e-03,0.000000000000000000e+00,0.000000000000000000e+00,0.000000000000000000e+00,0.000000000000000000e+00,1.601715434395449620e+02,0.000000000000000000e+00,0.000000000000000000e+00,0.000000000000000000e+00
8.549999999999612355e-01,2.195752819751243812e-01,1.149585364908056306e-03,2.359223640589093451e-02,3.982738119787462505e+00,4.953372501371180840e-03,-3.236387512402270905e-02,-1.008954938566540394e+00,-6.266153025936922916e+00,2.134194493784440283e+01,-1.206638516882546641e-05,1.601151922293294376e+02,0.000000000000000000e+00,0.000000000000000000e+00,2.134194493784440283e+01
8.599999999999606848e-01,2.394805377214770936e-01,1.166202327758601590e-03,2.348374929563487937e-02,3.977941313399246503e+00,-1.926750906503116789e-03,3.138946115218550076e-02,-3.492152696179502414e+01,-3.893387230829827672e+01,6.526876772616533344e+02,-1.609277783446924626e-05,1.596577881764377480e+02,0.000000000000000000e+00,0.000000000000000000e+00,6.526876772616533344e+02
8.649999999999601341e-01,2.593642895537840443e-01,1.150055884373819490e-03,2.360831480348390965e-02,3.976352080394690347e+00,-3.700466355611870158e-03,5.608658921419059848e-03,-2.408095027906512975e+00,-5.414537138099240643e+00,1.773148408825834110e+01,-4.658193552850055374e-05,1.595583691884405368e+02,0.000000000000000000e+00,0.000000000000000000e+00,1.773148408825834110e+01
8.699999999999595834e-01,2.792440510937994613e-01,1.132159786130581408e-03,2.352258889435824771e-02,3.975890251111105833e+00,-3.423748664661311995e-03,-3.557504115449229565e-02,-2.393946498163093572e+00,-4.846076039469766172e+00,1.854094362665536977e+01,-9.208036407879166378e-05,1.594978013970625170e+02,0.000000000000000000e+00,0.000000000000000000e+00,1.854094362665536977e+01
8.749999999999590328e-01,2.991057652687080237e-01,1.075609465319993848e-03,2.354011688931291479e-02,3.970607048385928817e+00,-1.648111231467155532e-02,2.363321776953255030e-02,0.000000000000000000e+00,0.000000000000000000e+00,0.000000000000000000e+00,0.000000000000000000e+00,1.590471369887204673e+02,0.000000000000000000e+00,0.000000000000000000e+00,0.000000000000000000e+00
8.799999999999584821e-01,3.189567796400740174e-01,9.871857817846099378e-04,2.353969533656652402e-02,3.969293753931380841e+00,-1.796077685563274989e-02,-1.941004283405550757e-02,-4.840959731671470756e+00,-1.360807961868831839e+01,4.554287527258362189e+01,-8.087034475744506179e-05,1.589937471595195859e+02,0.000000000000000000e+00,0.000000000000000000e+00,4.554287527258362189e+01
8.849999999999579314e-01,3.387951839962142220e-01,8.708382502999639958e-04,2.351334857142655874e-02,3.965711109146881075e+00,-2.947166060152315789e-02,1.972210472162022957e-02,-3.101108806722995048e+00,-8.965572760119467688e+00,2.877422100763661916e+01,-1.064190623935130572e-04,1.586291423684433539e+02,0.000000000000000000e+00,0.000000000000000000e+00,2.877422100763661916e+01
8.899999999999573808e-01,3.586194833140094462e-01,7.216920266307887350e-04,2.349353292012469271e-02,3.964614010508622499e+00,-3.083118022865085836e-02,-2.313109632300696869e-02,0.000000000000000000e+00,0.000000000000000000e+00,0.000000000000000000e+00,0.000000000000000000e+00,1.585635650442747533e+02,0.000000000000000000e+00,0.000000000000000000e+00,0.000000000000000000e+00
8.949999999999568301e-01,3.784289708506354266e-01,5.262765522374785116e-04,2.350854713187882847e-02,3.960458886664905531e+00,-4.108384638457129173e-02,-4.268818043755765249e-03,0.000000000000000000e+00,0.000000000000000000e+00,0.000000000000000000e+00,0.000000000000000000e+00,1.582534630857473132e+02,0.000000000000000000e+00,0.000000000000000000e+00,0.000000000000000000e+00
8.999999999999562794e-01,3.982249789281591679e-01,2.884431730165508911e-04,2.352270871109665012e-02,3.957188522428131794e+00,-5.285277586893909196e-02,1.361568644692955077e-02,-4.467978078360229865e+00,-1.075315524135799627e+01,2.598180158504332482e+01,-1.079866576843366982e-04,1.579620155723471555e+02,0.000000000000000000e+00,0.000000000000000000e+00,2.598180158504332482e+01
9.049999999999557287e-01,4.180084329183877956e-01,1.509571952568007062e-05,2.348347940157428579e-02,3.956157570566650961e+00,-5.919697066908317235e-02,-7.492703366653954457e-03,-4.933252078872358481e+01,-1.372819588023085657e+02,8.179597354716214568e+02,-7.043982120012422590e-05,1.578132269862015278e+02,0.000000000000000000e+00,0.000000000000000000e+00,8.179597354716214568e+02
9.099999999999551781e-01,4.377741966832654485e-01,-3.185937085983276827e-04,2.351851205859159868e-02,3.952544132740438254e+00,-6.790470596727095354e-02,-1.051851867985048941e-02,-1.144319972853325540e+00,-1.000808514848493047e+01,1.955739170376588731e+01,-1.140983478014742300e-04,1.575984749733639489e+02,0.000000000000000000e+00,0.000000000000000000e+00,1.955739170376588731e+01
9.149999999999546274e-01,4.575278237139944193e-01,-6.995022043981933158e-04,2.353542479503819423e-02,3.947683452035156915e+00,-8.538556713009437527e-02,2.847756964982594424e-02,-4.780414253125346846e+00,-1.068626645985058232e+01,2.743870152184885569e+01,-6.807321827629470024e-05,1.572071763482327071e+02,0.000000000000000000e+00,0.000000000000000000e+00,2.743870152184885569e+01
9.199999999999540767e-01,4.772643538450512257e-01,-1.132832495175976244e-03,2.355878589856620978e-02,3.946854601101141835e+00,-8.714638784287118134e-02,-1.471301802934211513e-02,-5.368181534914841180e+00,-2.030490569341012375e+01,5.475023003354763773e+01,-8.181246612940992757e-05,1.571474227620864212e+02,0.000000000000000000e+00,0.000000000000000000e+00,5.475023003354763773e+01
9.249999999999535261e-01,4.969895074392540191e-01,-1.598083879677123821e-03,2.347984979458161980e-02,3.941252980781878357e+00,-1.078116738192902296e-01,2.916741195743693602e-02,-5.115670111051250757e+01,-1.549340107621503080e+02,7.331391832037643326e+02,-5.037021811006158097e-05,1.567173717163981053e+02,0.000000000000000000e+00,0.000000000000000000e+00,7.331391832037643326e+02
9.299999999999529754e-01,5.166892848125520521e-01,-2.160988404052691016e-03,2.359790220363149754e-02,3.939171717183241217e+00,-1.133095294522581398e-01,4.184167051309539871e-03,-1.205811665459342263e+00,-8.999918059230228806e+00,1.709624940424052397e+01,-2.634522991059283503e-05,1.565874348266655431e+02,0.000000000000000000e+00,0.000000000000000000e+00,1.709624940424052397e+01
9.349999999999524247e-01,5.363830913536260514e-01,-2.733803969106017150e-03,2.350063947648248913e-02,3.938288118356207956e+00,-1.153809381725491301e-01,-3.870304201330385802e-02,-2.035656532886118253e+00,-1.455735730497714897e+01,2.760151161340346704e+01,-2.111203743927585197e-05,1.565141773682772453e+02,0.000000000000000000e+00,0.000000000000000000e+00,2.760151161340346704e+01
9.399999999999518741e-01,5.560520726280326897e-01,-3.404479126396914822e-03,2.356954485233121038e-02,3.931828906821803304e+00,-1.421500083011487392e-01,2.493086125163488168e-02,0.000000000000000000e+00,0.000000000000000000e+00,0.000000000000000000e+00,0.000000000000000000e+00,1.559945483226659348e+02,0.000000000000000000e+00,0.000000000000000000e+00,0.000000000000000000e+00
9.449999999999513234e-01,5.757068740869103474e-01,-4.119849254789902798e-03,2.357571322648643886e-02,3.930290588326143197e+00,-1.438617764673015276e-01,-1.812200752891185082e-02,-1.495818969733578419e+00,-9.897581153863340475e+00,1.853178707849171758e+01,-1.421511374298176089e-05,1.559271199685052807e+02,0.000000000000000000e+00,0.000000000000000000e+00,1.853178707849171758e+01
9.499999999999507727e-01,5.953493867648154136e-01,-4.873599395564112008e-03,2.348290131401160191e-02,3.924545161967895268e+00,-1.679901022731469795e-01,2.830092994346731020e-02,-5.909422439817613082e+01,-1.847774450648684876e+02,7.541317961928901923e+02,-3.352789318708006283e-05,1.554486957069338473e+02,0.000000000000000000e+00,0.000000000000000000e+00,7.541317961928901923e+02
9.549999999999502220e-01,6.149625825025466508e-01,-5.741453021108255429e-03,2.360109419991580568e-02,3.921859087677856959e+00,-1.741774957761426101e-01,4.214703052907678438e-03,-5.458161286395452727e+00,-1.622385242467672128e+01,4.367943030886206657e+01,-2.196348918464575972e-05,1.553091322604941240e+02,0.000000000000000000e+00,0.000000000000000000e+00,4.367943030886206657e+01
9.599999999999496714e-01,6.345687815840755919e-01,-6.618205049127017826e-03,2.350423730197751665e-02,3.920425818129267714e+00,-1.761553607345984762e-01,-3.863795179226972576e-02,-6.394340547542936903e+00,-1.833671232612266522e+01,4.379766479073840912e+01,-9.128847477682562606e-05,1.552337928570663053e+02,0.000000000000000000e+00,0.000000000000000000e+00,4.379766479073840912e+01
9.649999999999491207e-01,6.541474765009328562e-01,-7.597802793195615814e-03,2.353745997002249304e-02,3.913914662533682698e+00,-2.024498102432795710e-01,9.001861306799713996e-03,-4.982674205065617201e+00,-1.427338447363387886e+01,4.190156973886628577e+01,-5.760848990480835208e-05,1.547316487921073360e+02,0.000000000000000000e+00,0.000000000000000000e+00,4.190156973886628577e+01
9.699999999999485700e-01,6.737125721991071847e-01,-8.618529248128795062e-03,2.347610907591839505e-02,3.911179068946289750e+00,-2.113213892890848100e-01,-9.944196104204182374e-03,-7.830297135165453426e+01,-2.363837003245550932e+02,8.754772025653477385e+02,-6.783358854421293015e-05,1.545373574229961662e+02,0.000000000000000000e+00,0.000000000000000000e+00,8.754772025653477385e+02
9.749999999999480194e-01,6.932502330006513613e-01,-9.739518321654871968e-03,2.351852471071749773e-02,3.906844585270947690e+00,-2.258789395110213372e-01,-8.704677850091468647e-03,-3.972524060047132544e+00,-1.147885608755940012e+01,3.521524666281173666e+01,-5.310582732740635852e-05,1.542633672409216956e+02,0.000000000000000000e+00,0.000000000000000000e+00,3.521524666281173666e+01
9.799999999999474687e-01,7.127683899537293755e-01,-1.092254762933812622e-02,2.352851256305513172e-02,3.900767874535927771e+00,-2.470728883821887989e-01,1.606311764578590914e-02,-5.197760894667672105e+00,-1.269808029008117245e+01,4.087887784311371320e+01,-4.858797171624273589e-05,1.538564841052037195e+02,0.000000000000000000e+00,0.000000000000000000e+00,4.087887784311371320e+01
9.849999999999469180e-01,7.322687123114809404e-01,-1.216236776334015703e-02,2.349053903367772506e-02,3.898972946840275178e+00,-2.485540797695155735e-01,-2.680922552773271073e-02,-7.202143579484977742e+00,-1.794878115583804146e+01,4.496195456782843536e+01,-1.149805460753244857e-05,1.537711264221213412e+02,0.000000000000000000e+00,0.000000000000000000e+00,4.496195456782843536e+01
9.899999999999463673e-01,7.517420801747367598e-01,-1.350810239666314430e-02,2.356963832997385419e-02,3.892165048568860364e+00,-2.755454630577008901e-01,1.806236964979480303e-02,-3.051596446636733351e+00,-1.446045055474180074e+01,2.594590714794942699e+01,-3.025541407232360328e-05,1.532638679586970909e+02,0.000000000000000000e+00,0.000000000000000000e+00,2.594590714794942699e+01
9.949999999999458167e-01,7.711992979038956308e-01,-1.489161617720898174e-02,2.354225023950952053e-02,3.890921172425061414e+00,-2.776427581571691561e-01,-2.473161716427104556e-02,-4.328818785711069594e+00,-1.498466831611819750e+01,4.648132253176567730e+01,-4.463178130346447114e-05,1.531864813370216041e+02,0.000000000000000000e+00,0.000000000000000000e+00,4.648132253176567730e+01
9.999999999999452660e-01,7.906306208691428195e-01,-1.635429037916982797e-02,2.352064377815188401e-02,3.881701243130341261e+00,-3.096480379548435802e-01,2.760516337059211109e-02,-2.790249559558626746e+00,-1.901572492233473355e+00,2.453256719478823555e+01,-8.025446404857569660e-06,1.525897686845018200e+02,0.000000000000000000e+00,0.000000000000000000e+00,2.453256719478823555e+01
1.004999999999944826e+00,8.100337284109152547e-01,-1.790564694295269238e-02,2.354078708208708764e-02,3.879944960882947491e+00,-3.110958730868632616e-01,-1.522004403857639236e-02,-4.750358687429470095e+00,-1.360141594173922286e+01,4.211886465923593903e+01,-3.957649318905333280e-05,1.525170432074449707e+02,0.000000000000000000e+00,0.000000000000000000e+00,4.211886465923593903e+01
1.009999999999944276e+00,8.294143511203490027e-01,-1.952169789503485978e-02,2.351698110789312429e-02,3.870329539110636041e+00,-3.444015509566987765e-01,3.707217239480802701e-02,0.000000000000000000e+00,0.000000000000000000e+00,0.000000000000000000e+00,0.000000000000000000e+00,1.519012176959404314e+02,0.000000000000000000e+00,0.000000000000000000e+00,0.000000000000000000e+00
1.014999999999943725e+00,8.487611179946119577e-01,-2.124660506537486698e-02,2.358453289378221671e-02,3.868530941397217315e+00,-3.455481944367915226e-01,-5.674601042192889411e-03,-5.657643412393646543e+00,-1.498889668890196347e+01,4.591193460335462362e+01,-3.310526735112243046e-05,1.518201978252436959e+02,0.000000000000000000e+00,0.000000000000000000e+00,4.591193460335462362e+01
1.019999999999943174e+00,8.680945897448152371e-01,-2.299276906027376485e-02,2.347819410067403592e-02,3.862237761546635895e+00,-3.660548177091105804e-01,3.642737777216225464e-03,-1.218330716741466659e+02,-3.241642050049760542e+02,9.615945815623238104e+02,-7.322654480355038353e-05,1.514018826819015828e+02,0.000000000000000000e+00,0.000000000000000000e+00,9.615945815623238104e+02
1.024999999999942624e+00,8.873879405378573004e-01,-2.486828979659400085e-02,2.349985352148099838e-02,3.858155320657120413e+00,-3.762364987529309701e-01,-1.499144065097894780e-02,-3.716101016516502931e+00,-9.683865960072882473e+00,3.723671542805792711e+01,-4.562462409400148966e-05,1.511883271461339859e+02,0.000000000000000000e+00,0.000000000000000000e+00,3.723671542805792711e+01
1.029999999999942073e+00,9.066456525203110406e-01,-2.684724547680391801e-02,2.357319475108984874e-02,3.848461829575488213e+00,-4.044846437258061700e-01,1.780762379242220236e-02,-3.877997676788607961e+00,-9.384391209058504657e+00,3.978565677874830442e+01,-2.960565661148288966e-05,1.506494604471690764e+02,0.000000000000000000e+00,0.000000000000000000e+00,3.978565677874830442e+01
1.034999999999941522e+00,9.258819328803333804e-01,-2.887268284061919252e-02,2.354547242192291112e-02,3.846292167592173961e+00,-4.057481362553655990e-01,-2.471140013840453231e-02,-4.746643077329515847e+00,-6.017521668864171502e+00,2.257298069079323710e+01,-6.396464921248554147e-05,1.505434038471750284e+02,0.000000000000000000e+00,0.000000000000000000e+00,2.257298069079323710e+01
1.039999999999940972e+00,9.450878718418386226e-01,-3.099119012740342294e-02,2.352902166722374219e-02,3.834896915447838950e+00,-4.443520600943960397e-01,3.176482385350747062e-02,-3.112130293194698361e+00,-4.752659117733797345e-01,3.311057921820727756e+01,-1.094516043627664220e-04,1.498347363578482714e+02,0.000000000000000000e+00,0.000000000000000000e+00,3.311057921820727756e+01
1.044999999999940421e+00,9.642564430940855358e-01,-3.321339489082683616e-02,2.357085424965808459e-02,3.832938311199563408e+00,-4.452192668051867530e-01,-1.079343398047433351e-02,-1.168481319575966682e+00,8.099224202217665258e-01,1.782858475079176941e+01,-7.302138342062049377e-05,1.497363216423563586e+02,0.000000000000000000e+00,0.000000000000000000e+00,1.782858475079176941e+01
1.049999999999939870e+00,9.834050051208661491e-01,-3.547256954579645211e-02,2.348111091016437044e-02,3.821617481111991843e+00,-4.774111139516740709e-01,2.725519556269461255e-02,-1.346414767120217562e+02,-2.971689261190786624e+02,8.015200006972363553e+02,-7.082698523553938169e-06,1.490619593868435402e+02,0.000000000000000000e+00,0.000000000000000000e+00,8.015200006972363553e+02
1.054999999999939320e+00,1.002494764576554953e+00,-3.790221287065407424e-02,2.360926745630359536e-02,3.816857909174912855e+00,-4.857686304495141272e-01,6.501082445982033463e-03,-5.769507208270565179e+00,-1.664099403104223640e+01,3.006066395357652965e+01,-5.592380960132352190e-05,1.488740752385598398e+02,0.000000000000000000e+00,0.000000000000000000e+00,3.006066395357652965e+01
1.059999999999938769e+00,1.021573330198935814e+00,-4.033448816361315942e-02,2.352450720792831351e-02,3.814212527192986979e+00,-4.866569339098275604e-01,-3.587257517462948131e-02,-5.072239546143092248e+00,-1.404848868659783712e+01,2.553698349169769699e+01,-3.686565803813143805e-05,1.487488211353249028e+02,0.000000000000000000e+00,0.000000000000000000e+00,2.553698349169769699e+01
1.064999999999938218e+00,1.040596345596393357e+00,-4.291650530920809031e-02,2.358376003514454575e-02,3.797920416878596939e+00,-5.310264058305986801e-01,3.092641052518483105e-02,0.000000000000000000e+00,0.000000000000000000e+00,0.000000000000000000e+00,0.000000000000000000e+00,1.478601696444329150e+02,0.000000000000000000e+00,0.000000000000000000e+00,0.000000000000000000e+00
1.069999999999937668e+00,1.059583327736108194e+00,-4.557799180069230932e-02,2.361967511898929034e-02,3.796421824562750569e+00,-5.318505874079669793e-01,-1.198710624245745600e-02,-3.815634843286731748e+00,-2.641684704778223480e+00,2.546353622937577654e+01,-7.536641914889473381e-05,1.477369858470637212e+02,0.000000000000000000e+00,0.000000000000000000e+00,2.546353622937577654e+01
1.074999999999937117e+00,1.078554924640972246e+00,-4.824923611928991912e-02,2.345996835876144188e-02,3.789016843265669010e+00,-5.471924755175919808e-01,-2.180346871864747085e-02,-2.252213006267861033e+02,-4.564393677627377315e+02,1.200478926321373820e+03,-7.451324409507055491e-05,1.473545958647035263e+02,0.000000000000000000e+00,0.000000000000000000e+00,1.200478926321373820e+03
1.079999999999936566e+00,1.097433464350302534e+00,-5.115087239758801807e-02,2.363526793791528163e-02,3.773314018093604005e+00,-5.839622868751910278e-01,2.442626864965864383e-02,-6.138287239803458917e+00,-1.078537039679564202e+01,4.791199724560767947e+01,-1.109319508472185467e-04,1.466022382184417552e+02,0.000000000000000000e+00,0.000000000000000000e+00,4.791199724560767947e+01
1.084999999999936016e+00,1.116292853369962312e+00,-5.407050352977198909e-02,2.364025729095178829e-02,3.770729859638084935e+00,-5.847677102671581251e-01,-1.806583205041062401e-02,-3.416076762510582565e+00,-2.867459145521213504e+00,1.753679449882513097e+01,-1.361472367862083532e-05,1.464813986773681904e+02,0.000000000000000000e+00,0.000000000000000000e+00,1.753679449882513097e+01
1.089999999999935465e+00,1.135138104432197981e+00,-5.700726313457870481e-02,2.344970513499142553e-02,3.762896606168392832e+00,-6.013649389130593104e-01,-2.612334775095542100e-02,-4.481920541238700366e+02,-8.822296076018628810e+02,1.774996956019173012e+03,-7.062653838712379395e-05,1.460133903589666318e+02,0.000000000000000000e+00,0.000000000000000000e+00,1.774996956019173012e+03
1.094999999999934914e+00,1.153840151163646022e+00,-6.023258773283129974e-02,2.366654072104547660e-02,3.738189879890174705e+00,-6.489092355669707768e-01,3.176486111063619305e-02,-5.260667801709461244e+00,-4.651927812566277964e+00,2.315026470735686104e+01,-4.544056335763907439e-05,1.448752862761518543e+02,0.000000000000000000e+00,0.000000000000000000e+00,2.315026470735686104e+01
1.099999999999934364e+00,1.172525676609314171e+00,-6.348243271600186033e-02,2.370654196776209033e-02,3.736030474953968561e+00,-6.506653449960888569e-01,-1.137589007785819520e-02,-7.943208856274184271e+00,-8.336370131557302443e+00,2.391224144196192825e+01,-1.006478271294887483e-05,1.447569238137645300e+02,0.000000000000000000e+00,0.000000000000000000e+00,2.391224144196192825e+01
1.104999999999933813e+00,1.191200156584472536e+00,-6.674342058791762899e-02,2.353162180899344078e-02,3.733712670134769152e+00,-6.531294037876905767e-01,-5.433274307192333119e-02,-6.048378018516836541e+00,-1.217286301788712244e+01,2.303102535025956499e+01,-1.833729012440041273e-05,1.446391554758780842e+02,0.000000000000000000e+00,0.000000000000000000e+00,2.303102535025956499e+01
1.109999999999933262e+00,1.209759651609519704e+00,-7.022560042594276630e-02,2.360793610857577635e-02,3.699089621058514687e+00,-7.190887174132527537e-01,4.557985815249326889e-02,0.000000000000000000e+00,0.000000000000000000e+00,0.000000000000000000e+00,0.000000000000000000e+00,1.429600963069978548e+02,0.000000000000000000e+00,0.000000000000000000e+00,0.000000000000000000e+00
1.114999999999932712e+00,1.228250908156029775e+00,-7.382865195232464484e-02,2.371561449930544019e-02,3.697020492061875441e+00,-7.211432370128219027e-01,2.041579883325775769e-03,-7.648824573449767961e+00,-7.260318421288847190e+00,2.299010415189140133e+01,-9.590378764188188521e-05,1.428595237344549673e+02,0.000000000000000000e+00,0.000000000000000000e+00,2.299010415189140133e+01
1.119999999999932161e+00,1.246730058756737147e+00,-7.744116980139699458e-02,2.360773336181916024e-02,3.694684525042984724e+00,-7.239095601656405643e-01,-4.078944813726959051e-02,-6.370200522448935310e+00,-6.003775204559643086e+00,1.792375513663601794e+01,-7.870445386275702615e-05,1.427384012100497159e+02,0.000000000000000000e+00,0.000000000000000000e+00,1.792375513663601794e+01
1.124999999999931610e+00,1.265148502861799473e+00,-8.117143260884561451e-02,2.352784885170522075e-02,3.664602789829796148e+00,-7.841634287004627391e-01,5.259213937293007873e-02,-4.379440858859650731e+00,-2.119082171014099458e-01,4.214252824912993844e+01,-1.011198943981495013e-05,1.412385493638306286e+02,0.000000000000000000e+00,0.000000000000000000e+00,4.214252824912993844e+01
1.129999999999931060e+00,1.283464779548804113e+00,-8.509468433760175587e-02,2.367322104024185622e-02,3.661855406973645533e+00,-7.844068058682751587e-01,9.935620683450633803e-03,-7.891437512671309662e+00,-9.684872337902175943e+00,4.662965716255453685e+01,-1.075583120828012273e-04,1.412118924747050528e+02,0.000000000000000000e+00,0.000000000000000000e+00,4.662965716255453685e+01
1.134999999999930509e+00,1.301767730243063248e+00,-8.901695967955466915e-02,2.360587275447974601e-02,3.659490341737235752e+00,-7.856261371438615360e-01,-3.249924192644669529e-02,-1.274946322158258205e+01,-1.881410626078292481e+01,5.496756024577727828e+01,-6.490751870159676418e-05,1.410221855916656182e+02,0.000000000000000000e+00,0.000000000000000000e+00,5.496756024577727828e+01
1.139999999999929958e+00,1.320000799881033249e+00,-9.303359561138140055e-02,2.351892900214347382e-02,3.620636883643852499e+00,-8.435664309535173544e-01,4.941279252846375591e-02,0.000000000000000000e+00,0.000000000000000000e+00,0.000000000000000000e+00,0.000000000000000000e+00,1.391755882244995917e+02,0.000000000000000000e+00,0.000000000000000000e+00,0.000000000000000000e+00
1.144999999999929408e+00,1.338096332197723504e+00,-9.725442929305365414e-02,2.364632816330127646e-02,3.617960955238732179e+00,-8.443836114113052460e-01,5.882838579917619611e-03,-1.814621213841181557e+01,-2.145409822790310983e+01,5.969857346162294220e+01,-7.686376656896795612e-05,1.390816736832104255e+02,0.000000000000000000e+00,0.000000000000000000e+00,5.969857346162294220e+01
1.149999999999928857e+00,1.356180052818714676e+00,-1.014838810079514292e-01,2.355773920712452008e-02,3.615535889314965612e+00,-8.474236859974417779e-01,-3.701828917013273712e-02,-5.741592468011507577e+00,-4.456321254131379028e+00,1.492793214110346334e+01,-1.194903431312676310e-04,1.389550671204932542e+02,0.000000000000000000e+00,0.000000000000000000e+00,1.492793214110346334e+01
1.154999999999928306e+00,1.374173676393150689e+00,-1.058497976659915490e-01,2.355835742687658121e-02,3.582536376837692771e+00,-8.985545714575874365e-01,4.099407798623125321e-02,0.000000000000000000e+00,0.000000000000000000e+00,0.000000000000000000e+00,0.000000000000000000e+00,1.374311405399752175e+02,0.000000000000000000e+00,0.000000000000000000e+00,0.000000000000000000e+00
1.159999999999927756e+00,1.392079241659844424e+00,-1.103463167642065035e-01,2.364573343932572722e-02,3.579815669770724185e+00,-8.990503329203917149e-01,-1.852156771900271984e-03,-1.603434876284668320e+01,-1.731717090109029300e+01,5.552819459263037061e+01,-8.951408565762916658e-05,1.373229680246484747e+02,0.000000000000000000e+00,0.000000000000000000e+00,5.552819459263037061e+01
1.164999999999927205e+00,1.409970937912562228e+00,-1.148467310136362662e-01,2.351922142053528009e-02,3.577139136125717211e+00,-9.010412646058313380e-01,-4.447242767861617901e-02,-7.254620612453727801e+00,-4.895081840899413450e+00,1.962737274976405288e+01,-8.317840728148950813e-05,1.371285514195618873e+02,0.000000000000000000e+00,0.000000000000000000e+00,1.962737274976405288e+01
1.169999999999926654e+00,1.427733638528234206e+00,-1.195324691644592957e-01,2.359883219134531473e-02,3.541825523510858886e+00,-9.512487004623080278e-01,3.132090245165717463e-02,-8.275423743535199606e+00,-7.482951173207416318e+00,5.376066863983790967e+01,-4.497912397313091892e-05,1.356213820496435574e+02,0.000000000000000000e+00,0.000000000000000000e+00,5.376066863983790967e+01
1.174999999999926104e+00,1.445436467017987558e+00,-1.242906211577200354e-01,2.363825847147122891e-02,3.539277191939734557e+00,-9.517700890941552805e-01,-1.117166582119841038e-02,-3.504435573178660057e+00,-8.067859477431067461e-01,2.218424228718173907e+01,-8.972519442889022312e-05,1.354466088842529814e+02,0.000000000000000000e+00,0.000000000000000000e+00,2.218424228718173907e+01
1.179999999999925553e+00,1.463123759329888918e+00,-1.290517236372570320e-01,2.346554853846361324e-02,3.536152455638510439e+00,-9.533286691995725981e-01,-5.361606749945106720e-02,-5.883399301152779799e+02,-6.288267532726725904e+02,1.716864233619278139e+03,-5.815429429219427793e-05,1.352733322763563422e+02,0.000000000000000000e+00,0.000000000000000000e+00,1.716864233619278139e+03
1.184999999999925002e+00,1.480621620920048898e+00,-1.340568420194847288e-01,2.367012818991238998e-02,3.494560186107462219e+00,-1.005360457797079832e+00,3.465819595799615738e-02,-1.213640845240851363e+01,-1.199782351770934952e+01,6.253395699908796246e+01,-1.117273722946315884e-04,1.334919714781803179e+02,0.000000000000000000e+00,0.000000000000000000e+00,6.253395699908796246e+01
1.189999999999924452e+00,1.498086779904487242e+00,-1.390818170840529555e-01,2.372672555597157493e-02,3.491601659904842059e+00,-1.006001529939689831e+00,-7.852181767130112650e-03,4.472093017200104992e-01,1.385385332046544349e+00,1.016362250039714787e+01,-3.124236850796623111e-05,1.333115449556324279e+02,0.000000000000000000e+00,0.000000000000000000e+00,1.016362250039714787e+01
1.194999999999923901e+00,1.515535254765179696e+00,-1.441134296728154851e-01,2.357015594955450336e-02,3.488353491120414596e+00,-1.006580641011298738e+00,-5.062470627266947576e-02,-1.076557913785378595e+01,-5.686709352411487117e+00,2.633130364167370630e+01,-2.464480540938923658e-05,1.331030206291903255e+02,0.000000000000000000e+00,0.000000000000000000e+00,2.633130364167370630e+01
1.199999999999923350e+00,1.532840798018036965e+00,-1.493149352254213302e-01,2.359215770640189086e-02,3.442360343330641115e+00,-1.060358833307399218e+00,3.837065786456143185e-02,-1.414765313954950976e+00,2.802109382962585826e+00,3.948188205851360522e+01,-1.401753994418816762e-05,1.310941149975838300e+02,0.000000000000000000e+00,0.000000000000000000e+00,3.948188205851360522e+01
1.204999999999922800e+00,1.550044295588730803e+00,-1.546236453429431779e-01,2.366655452319931310e-02,3.439202449010374529e+00,-1.062142062634537698e+00,-4.413964533297110721e-03,2.478454610534168268e+00,3.732912751271435070e+00,2.061392616248395981e+01,-1.225401812294337790e-04,1.310771694735859683e+02,0.000000000000000000e+00,0.000000000000000000e+00,2.061392616248395981e+01
1.209999999999922249e+00,1.567233389602703086e+00,-1.599289988555904207e-01,2.352725535991817551e-02,3.436378471146650515e+00,-1.060678513116486421e+00,-4.672011577973368690e-02,0.000000000000000000e+00,0.000000000000000000e+00,0.000000000000000000e+00,0.000000000000000000e+00,1.307303862180451119e+02,0.000000000000000000e+00,0.000000000000000000e+00,0.000000000000000000e+00
1.214999999999921698e+00,1.584235213576225876e+00,-1.654260422652120421e-01,2.365510576137058035e-02,3.384372289938033962e+00,-1.113189571326996141e+00,4.815100207012192046e-02,0.000000000000000000e+00,0.000000000000000000e+00,0.000000000000000000e+00,0.000000000000000000e+00,1.286121036793601888e+02,0.000000000000000000e+00,0.000000000000000000e+00,0.000000000000000000e+00
1.219999999999921148e+00,1.601149545666019192e+00,-1.709997126849698568e-01,2.377665399606269242e-02,3.381665051492331653e+00,-1.114013541812779229e+00,5.154935986662473324e-03,-1.575236985835428172e+01,-1.196321945254855734e+01,6.714977728792445077e+01,-7.869908828289141380e-05,1.284933189330729419e+02,0.000000000000000000e+00,0.000000000000000000e+00,6.714977728792445077e+01
1.224999999999920597e+00,1.618048656857253409e+00,-1.765673329945162962e-01,2.368718463362559992e-02,3.378157612968893719e+00,-1.113914211146419309e+00,-3.685627330698152543e-02,-2.144639440778995709e+00,1.782224522793671717e-01,1.554425284559986054e+01,-6.425290279330050577e-05,1.281940727609473640e+02,0.000000000000000000e+00,0.000000000000000000e+00,1.554425284559986054e+01
1.229999999999920046e+00,1.634897996241764018e+00,-1.821673035003899543e-01,2.346490481047608379e-02,3.335520613733460316e+00,-1.153944193916647265e+00,2.099800382053212261e-02,-7.159907232842156191e+02,-5.005174208545231522e+02,1.514635881960862662e+03,-2.328879821185056431e-05,1.262314775918275984e+02,0.000000000000000000e+00,0.000000000000000000e+00,1.514635881960862662e+03
1.234999999999919496e+00,1.651484261340789406e+00,-1.880106440497855136e-01,2.366215721691494744e-02,3.315805910254396860e+00,-1.165781349398752553e+00,2.125407338130303955e-02,4.521296221052439002e+00,4.968056273291988845e+00,2.978683630340204758e+01,-5.778708846682772959e-04,1.255324482771979859e+02,0.000000000000000000e+00,0.000000000000000000e+00,2.978683630340204758e+01
1.239999999999918945e+00,1.668054367503672530e+00,-1.938316553721264324e-01,2.365410467002701175e-02,3.312497334262392457e+00,-1.163531130787137879e+00,-2.047896621409493051e-02,-2.005657685417794767e+01,-1.101807664420919863e+01,6.075399497227179069e+01,-2.347845821865247179e-04,1.255072538824502715e+02,0.000000000000000000e+00,0.000000000000000000e+00,6.075399497227179069e+01
1.244999999999918394e+00,1.684598852899621635e+00,-1.996618056761206850e-01,2.346109195283649015e-02,3.287300914602475199e+00,-1.185352368934558198e+00,-1.296589924673996648e-02,-8.454171203655063209e+02,-5.065479017096428720e+02,1.693542341801036173e+03,-2.710165585142945005e-05,1.241313606912622163e+02,0.000000000000000000e+00,0.000000000000000000e+00,1.693542341801036173e+03
1.249999999999917843e+00,1.700835501119306592e+00,-2.057381092709866799e-01,2.373465743018767296e-02,3.244320688682063913e+00,-1.213304588212523294e+00,4.144551952071389572e-02,7.643102925916792856e+00,5.975649691184933054e+00,3.208723653095495365e+01,-2.668131941118024458e-04,1.224344326223121726e+02,0.000000000000000000e+00,0.000000000000000000e+00,3.208723653095495365e+01
1.254999999999917293e+00,1.717049847549182218e+00,-2.117988730989591173e-01,2.382806083592374849e-02,3.241763065173803415e+00,-1.213145803920094856e+00,-6.669731515234930382e-04,0.000000000000000000e+00,0.000000000000000000e+00,0.000000000000000000e+00,0.000000000000000000e+00,1.221964848846878340e+02,0.000000000000000000e+00,0.000000000000000000e+00,0.000000000000000000e+00
1.259999999999916742e+00,1.733245466989102646e+00,-2.178622464463955688e-01,2.370854077051669923e-02,3.237446376171732698e+00,-1.212052234525153649e+00,-4.280955626826184190e-02,-5.938922905128999119e+00,-2.126318551578516569e-01,2.327499967636925859e+01,-1.393959056748810682e-04,1.219274059431936479e+02,0.000000000000000000e+00,0.000000000000000000e+00,2.327499967636925859e+01
1.264999999999916191e+00,1.749367292236366334e+00,-2.239515594168864643e-01,2.348516847071928718e-02,3.153953689808843386e+00,-1.250521354131461482e+00,6.714230427145483071e-02,-9.030335230818532182e+02,-4.263385057900344464e+02,1.696255228850574667e+03,-3.025137968647607228e-06,1.179395139894466098e+02,0.000000000000000000e+00,0.000000000000000000e+00,1.696255228850574667e+03
1.269999999999915641e+00,1.765021850827027894e+00,-2.302846888289585559e-01,2.392772509868278108e-02,3.129947837606949168e+00,-1.265722497972386229e+00,6.885012514538367545e-02,-3.861615842602036164e+00,4.972661120552650527e-01,2.049027047919241440e+01,-1.736075731610144113e-05,1.169786734363309222e+02,0.000000000000000000e+00,0.000000000000000000e+00,2.049027047919241440e+01
1.274999999999915090e+00,1.780659772501942184e+00,-2.366152779755815450e-01,2.415358671699320559e-02,3.125691281370584385e+00,-1.266073983499631739e+00,2.576194406824372160e-02,-8.776949811100482890e+00,-8.769411414035861441e-01,1.947969294168106913e+01,-2.072052399674367829e-05,1.168378508767704318e+02,0.000000000000000000e+00,0.000000000000000000e+00,1.947969294168106913e+01
1.279999999999914539e+00,1.796276825069275551e+00,-2.429492278571364627e-01,2.416308043051746193e-02,3.121482365254713454e+00,-1.267072914572960673e+00,-1.769105368427797628e-02,-9.681579001027909470e+00,-8.952688206560004414e-01,1.934849085947243807e+01,-1.018912184027036955e-04,1.165841255603180002e+02,0.000000000000000000e+00,0.000000000000000000e+00,1.934849085947243807e+01
1.284999999999913989e+00,1.811872336256950211e+00,-2.492868938609570650e-01,2.395529763415978064e-02,3.116915039618009864e+00,-1.268251012883542250e+00,-6.097116661422335993e-02,-2.487652047665660859e+01,-7.869399467999366848e+00,4.640832485773194094e+01,-3.912333522162678157e-05,1.164407976037127241e+02,0.000000000000000000e+00,0.000000000000000000e+00,4.640832485773194094e+01
1.289999999999913438e+00,1.827446145025310109e+00,-2.556307757874681785e-01,2.353030642883462142e-02,3.112756025774202850e+00,-1.269232617108059458e+00,-1.044911068442225116e-01,0.000000000000000000e+00,0.000000000000000000e+00,0.000000000000000000e+00,0.000000000000000000e+00,1.161728974857504966e+02,0.000000000000000000e+00,0.000000000000000000e+00,0.000000000000000000e+00
1.294999999999912887e+00,1.842633830691203123e+00,-2.621572057992066496e-01,2.364019842201660684e-02,3.019359743415721109e+00,-1.311551136081351210e+00,3.891669923363451356e-02,1.123851490850238477e+01,4.177194319889090401e+00,2.848239721080129883e+01,-2.617590608358921767e-04,1.121530333173573126e+02,0.000000000000000000e+00,0.000000000000000000e+00,2.848239721080129883e+01
1.299999999999912337e+00,1.857723870180829184e+00,-2.687035144843621381e-01,2.372203656604972982e-02,3.016826568953641985e+00,-1.308045674743028242e+00,-2.336119707451437492e-03,-2.937495895755841602e+01,-7.815432674520271128e+00,8.185079182062362690e+01,-9.972922136251664849e-05,1.120647372530303159e+02,0.000000000000000000e+00,0.000000000000000000e+00,8.185079182062362690e+01
1.304999999999911786e+00,1.872797381212748968e+00,-2.752420546057328665e-01,2.359467189240837745e-02,3.012190584679085958e+00,-1.307540260994042969e+00,-4.436523313623733783e-02,-2.295916329764831687e+01,-5.096180448350818182e+00,5.341191562376695856e+01,-8.652063800575898744e-05,1.116883930959097313e+02,0.000000000000000000e+00,0.000000000000000000e+00,5.341191562376695856e+01
1.309999999999911235e+00,1.887664126345903082e+00,-2.818441961254005701e-01,2.362487995232871382e-02,2.941458971705654513e+00,-1.331411781097957325e+00,4.697070788003509384e-02,0.000000000000000000e+00,0.000000000000000000e+00,0.000000000000000000e+00,0.000000000000000000e+00,1.085532648965940723e+02,0.000000000000000000e+00,0.000000000000000000e+00,0.000000000000000000e+00
1.314999999999910685e+00,1.902361745921845149e+00,-2.884949276180764910e-01,2.374448678672140545e-02,2.938429263101200561e+00,-1.328476313359081118e+00,5.034248938469715849e-03,3.029957831291132386e+00,1.918971236429366733e+00,2.224028040377544002e+01,-1.944309199962742513e-04,1.085295489440908909e+02,0.000000000000000000e+00,0.000000000000000000e+00,2.224028040377544002e+01
1.319999999999910134e+00,1.917047386113900354e+00,-2.951303968419557999e-01,2.365396067893033027e-02,2.935461696671601839e+00,-1.326309243616730527e+00,-3.674446936257764335e-02,-5.188343453211954781e+00,1.514486539918985741e+00,2.102003933342473729e+01,-5.253243508328286904e-06,1.080741603227581180e+02,0.000000000000000000e+00,0.000000000000000000e+00,2.102003933342473729e+01
1.324999999999909583e+00,1.931619798483499961e+00,-3.017856063485496732e-01,2.352675353752110496e-02,2.859606814345073911e+00,-1.344156780200340240e+00,5.856740743715618119e-02,0.000000000000000000e+00,0.000000000000000000e+00,0.000000000000000000e+00,0.000000000000000000e+00,1.048005756157856752e+02,0.000000000000000000e+00,0.000000000000000000e+00,0.000000000000000000e+00
1.329999999999909033e+00,1.945909523560967802e+00,-3.085016102413438710e-01,2.370309309865822195e-02,2.857218714519107472e+00,-1.341537317550538289e+00,1.661472392058715303e-02,-2.442139827277193831e+01,-3.008114004794145480e+00,8.151977710025769852e+01,-1.259649413576056920e-04,1.047060891575294619e+02,0.000000000000000000e+00,0.000000000000000000e+00,8.151977710025769852e+01
1.334999999999908482e+00,1.960188850028252938e+00,-3.151998677345436151e-01,2.367161038239122897e-02,2.854038241148813437e+00,-1.338335641777782747e+00,-2.493721096250008790e-02,-2.512310803385900115e+01,-5.813332142795388791e-01,6.023646946973371996e+01,-2.042687183392150052e-05,1.044235460074505539e+02,0.000000000000000000e+00,0.000000000000000000e+00,6.023646946973371996e+01
1.339999999999907931e+00,1.974427009982247405e+00,-3.218937937535656379e-01,2.346662679384991720e-02,2.811214541685777224e+00,-1.344210875633973012e+00,4.550509741898660886e-03,-1.378427803149021656e+03,-5.316655498190024787e+01,2.676446102088802945e+03,-7.713114945751518847e-05,1.023643909733380042e+02,0.000000000000000000e+00,0.000000000000000000e+00,2.676446102088802945e+03
1.344999999999907381e+00,1.988291906025023259e+00,-3.286390154585828172e-01,2.371997385760979751e-02,2.771333837482429896e+00,-1.348063113698663829e+00,3.165675263554274671e-02,1.118041200894039022e+01,1.926216653493914577e-01,2.047946269093681337e+01,-1.404974542936320708e-04,1.008018369825449554e+02,0.000000000000000000e+00,0.000000000000000000e+00,2.047946269093681337e+01
1.349999999999906830e+00,2.002145743098358910e+00,-3.353671972626043329e-01,2.376353654362135456e-02,2.770052731289131653e+00,-1.343752148823132098e+00,-1.004335751806124076e-02,-2.712114209416270683e+01,1.001965009689209207e+00,7.281324874975436501e+01,-2.267722018807691309e-04,1.005185317751388823e+02,0.000000000000000000e+00,0.000000000000000000e+00,7.281324874975436501e+01
1.354999999999906279e+00,2.015986420768364873e+00,-3.420779247243382337e-01,2.359990174187754502e-02,2.766203710845389629e+00,-1.341082594617023283e+00,-5.131861472941284807e-02,-3.491535505397568073e+01,2.512788049806259139e+00,7.779734536400314937e+01,-3.897527762539675089e-05,1.001762411899255625e+02,0.000000000000000000e+00,0.000000000000000000e+00,7.779734536400314937e+01
1.359999999999905729e+00,2.029602455540888695e+00,-3.487999675519430354e-01,2.358412312459848628e-02,2.689890752086297354e+00,-1.345098764983392092e+00,3.714285095091122979e-02,1.394411037242979923e+01,-7.224847830719638431e-03,3.781657169516855532e+01,-2.229619082378137690e-04,9.691725834856005406e+01,0.000000000000000000e+00,0.000000000000000000e+00,3.781657169516855532e+01
1.364999999999905178e+00,2.043053183871129441e+00,-3.555101917797179878e-01,2.365912172387072201e-02,2.690014859787193569e+00,-1.340120487354681034e+00,-3.336867353652560667e-03,0.000000000000000000e+00,0.000000000000000000e+00,0.000000000000000000e+00,0.000000000000000000e+00,9.671011868125144417e+01,0.000000000000000000e+00,0.000000000000000000e+00,0.000000000000000000e+00
1.369999999999904627e+00,2.056490625053602361e+00,-3.622052340839994611e-01,2.352673428324560459e-02,2.686279725547340735e+00,-1.337301336565497323e+00,-4.514259981015906337e-02,1.421791813569182938e+00,1.001884997619871598e+00,1.711373831671683376e+01,-1.395364998350381597e-04,9.635039960384770552e+01,0.000000000000000000e+00,0.000000000000000000e+00,1.711373831671683376e+01
1.374999999999904077e+00,2.069625668499821547e+00,-3.688777434002202815e-01,2.372135146086237073e-02,2.605947742342442641e+00,-1.333344301613176963e+00,5.535132722250622056e-02,9.981564892980552273e+00,-1.960724834092124835e+00,1.708116646059721333e+01,-5.826899315276336255e-05,9.291929619224229953e+01,0.000000000000000000e+00,0.000000000000000000e+00,1.708116646059721333e+01
1.379999999999903526e+00,2.082655092191783908e+00,-3.755315773299610083e-01,2.388440746046607832e-02,2.606483865042029002e+00,-1.328562392050878449e+00,1.400794054303376203e-02,8.819565900261018498e+00,-1.369327023429140811e+00,2.083676379304960236e+01,-1.959345584634925030e-04,9.256934925717803253e+01,0.000000000000000000e+00,0.000000000000000000e+00,2.083676379304960236e+01
1.384999999999902975e+00,2.095682106443279569e+00,-3.821609772187299914e-01,2.384275118696859569e-02,2.604857621742612483e+00,-1.324200841696644648e+00,-2.697511351950439631e-02,1.509821203159370739e+00,8.449324407639422496e-01,1.690282516458972140e+01,-1.234011071052521641e-04,9.225384085695374381e+01,0.000000000000000000e+00,0.000000000000000000e+00,1.690282516458972140e+01
1.389999999999902425e+00,2.108696878011306453e+00,-3.887722638919600682e-01,2.359352128131239276e-02,2.601630918770923895e+00,-1.321098020101024284e+00,-6.876845194240351067e-02,-1.387952836351733499e+00,1.989736558489368701e+00,1.670289496826544706e+01,-1.607573920993192462e-05,9.200969342633932513e+01,0.000000000000000000e+00,0.000000000000000000e+00,1.670289496826544706e+01
1.394999999999901874e+00,2.121450687825961356e+00,-3.953427526881807541e-01,2.356929248831614310e-02,2.525210003003316661e+00,-1.308809190195086014e+00,2.263537921173704517e-02,1.567068978886873865e+01,-5.031651124280316800e+00,2.785924182594964904e+01,-3.879711472314691795e-04,8.865953997371272521e+01,0.000000000000000000e+00,0.000000000000000000e+00,2.785924182594964904e+01
1.399999999999901323e+00,2.134080821002459327e+00,-4.018710172948394277e-01,2.357099766915153952e-02,2.526442146891187068e+00,-1.303553472007103364e+00,-1.807096307212367400e-02,-2.376788492683464327e+01,6.867089256754185023e+00,8.613145901433605900e+01,-5.907785010652172319e-04,8.855527820223457525e+01,0.000000000000000000e+00,0.000000000000000000e+00,8.613145901433605900e+01
1.404999999999900773e+00,2.146584713819894130e+00,-4.083488094873966578e-01,2.361409216900788033e-02,2.453611702359714819e+00,-1.282481601692404327e+00,8.158736896992410670e-02,3.777829157560690376e+00,2.836204562769272464e+00,5.521512790913401147e+01,-2.948302072864946582e-04,8.490940009722828563e+01,0.000000000000000000e+00,0.000000000000000000e+00,5.521512790913401147e+01
1.409999999999900222e+00,2.158845575258250271e+00,-4.147515734916992214e-01,2.391079590172534228e-02,2.449408224572594328e+00,-1.280148543057077370e+00,3.997324377437216913e-02,-3.339860856897542618e+01,1.208946642713541486e+01,5.923476406550994966e+01,-1.680282519398801702e-05,8.483379012938787866e+01,0.000000000000000000e+00,0.000000000000000000e+00,5.923476406550994966e+01
1.414999999999899671e+00,2.171078767517954144e+00,-4.211465531661293671e-01,2.398797305224399309e-02,2.444429018664472153e+00,-1.278007672692496044e+00,-4.660427978950864789e-03,0.000000000000000000e+00,0.000000000000000000e+00,0.000000000000000000e+00,0.000000000000000000e+00,8.455002865809922241e+01,0.000000000000000000e+00,0.000000000000000000e+00,0.000000000000000000e+00
1.419999999999899121e+00,2.183297217782269595e+00,-4.275245773131085558e-01,2.384857159720352171e-02,2.444922228705696199e+00,-1.273417346592696786e+00,-4.601773539947084934e-02,-2.183088289189594988e+01,4.759497938996487321e+00,9.436789358618501922e+01,-4.145869832918446397e-04,8.426611797656921965e+01,0.000000000000000000e+00,0.000000000000000000e+00,9.436789358618501922e+01
1.424999999999898570e+00,2.195525068684922143e+00,-4.338794918504668696e-01,2.350915747349967624e-02,2.445527479968792051e+00,-1.269369407151307305e+00,-8.596209149443287401e-02,-2.847431973160360386e+01,9.313410122487681519e+00,8.471915030068080910e+01,-5.567659319475996849e-04,8.391354492925948705e+01,0.000000000000000000e+00,0.000000000000000000e+00,8.471915030068080910e+01
1.429999999999898019e+00,2.207334320870823152e+00,-4.400609299809494779e-01,2.381494277603617496e-02,2.340502539195205678e+00,-1.227414973724694214e+00,8.449283826700283717e-02,0.000000000000000000e+00,0.000000000000000000e+00,0.000000000000000000e+00,0.000000000000000000e+00,7.908334671735174481e+01,0.000000000000000000e+00,0.000000000000000000e+00,0.000000000000000000e+00
1.434999999999897469e+00,2.219019893305642643e+00,-4.461910991779948765e-01,2.411758560976143620e-02,2.334762969468302973e+00,-1.224739094109605908e+00,4.050444584304362799e-02,0.000000000000000000e+00,0.000000000000000000e+00,0.000000000000000000e+00,0.000000000000000000e+00,7.907105664791725985e+01,0.000000000000000000e+00,0.000000000000000000e+00,0.000000000000000000e+00
1.439999999999896918e+00,2.230680778547064147e+00,-4.523072106851265262e-01,2.419633461424299317e-02,2.330076590856533958e+00,-1.222698112235401258e+00,-4.587802825894786787e-03,0.000000000000000000e+00,0.000000000000000000e+00,0.000000000000000000e+00,0.000000000000000000e+00,7.874135655778344756e+01,0.000000000000000000e+00,0.000000000000000000e+00,0.000000000000000000e+00
1.444999999999896367e+00,2.242333176635712633e+00,-4.584053969028064612e-01,2.406054583223052323e-02,2.333037882767483584e+00,-1.217179037432067901e+00,-4.443195304848945870e-02,-1.052265708830048219e+01,-1.993058250000611764e+00,8.652201119928349726e+01,-5.695392530852636664e-04,7.843096588516087309e+01,0.000000000000000000e+00,0.000000000000000000e+00,8.652201119928349726e+01
1.449999999999895817e+00,2.254011259624017161e+00,-4.644810041343426787e-01,2.373307976677489772e-02,2.337094016917707240e+00,-1.213414094996495995e+00,-8.305181836213994251e-02,6.293541433010469532e+00,-8.429950264362556567e+00,2.364664180186168352e+01,-5.904300493794669563e-04,7.798310922331043571e+01,0.000000000000000000e+00,0.000000000000000000e+00,2.364664180186168352e+01
1.454999999999895266e+00,2.265507563173327910e+00,-4.703810115801372871e-01,2.362107343397061923e-02,2.216819593065780580e+00,-1.114205391304485815e+00,1.360277495634386880e-01,-1.055574122402348891e+01,7.977268440744553324e+00,2.416315284531831864e+01,-8.912466465771547164e-05,7.025222366038164523e+01,0.000000000000000000e+00,0.000000000000000000e+00,2.416315284531831864e+01
1.459999999999894715e+00,2.276581551345712828e+00,-4.759455310080486501e-01,2.417821099404122986e-02,2.213022119910441177e+00,-1.111837894382836422e+00,9.137656826727848236e-02,-1.811099278262043555e+01,1.134976671033969353e+01,3.573361977330053207e+01,-2.891428204309341721e-07,7.019771653795022814e+01,0.000000000000000000e+00,0.000000000000000000e+00,3.573361977330053207e+01
1.464999999999894165e+00,2.287636499022730252e+00,-4.814984099097275316e-01,2.451241363188752520e-02,2.209445840243626336e+00,-1.109287781753130142e+00,4.681099383514559370e-02,0.000000000000000000e+00,0.000000000000000000e+00,0.000000000000000000e+00,0.000000000000000000e+00,7.002070605536258086e+01,0.000000000000000000e+00,0.000000000000000000e+00,0.000000000000000000e+00
1.469999999999893614e+00,2.298679762100075408e+00,-4.870371650736299296e-01,2.462568771004692431e-02,2.208652496599022630e+00,-1.106610058767931504e+00,3.102937207179031365e-03,-2.664184065371678400e+01,1.620508264368123719e+01,7.584672598708468172e+01,-5.259565518433532982e-04,6.983244869561752921e+01,0.000000000000000000e+00,0.000000000000000000e+00,7.584672598708468172e+01
1.474999999999893063e+00,2.309722390702333872e+00,-4.925639655075101375e-01,2.452333261914676696e-02,2.208123308373543647e+00,-1.104391368985909061e+00,-3.961150198507521619e-02,-4.022712866623217920e+00,1.995338644006268147e+00,2.310381534790641211e+01,-6.238262159392327089e-04,6.959532260489366706e+01,0.000000000000000000e+00,0.000000000000000000e+00,2.310381534790641211e+01
1.479999999999892513e+00,2.320759928552808660e+00,-4.980793607152895208e-01,2.420814123754046546e-02,2.207007820529104603e+00,-1.102096910449393619e+00,-8.226903055914722152e-02,-1.685798976779789848e+00,2.599368731092419615e-01,1.473426036044114085e+01,-3.397207376329060974e-04,6.937803923572101894e+01,0.000000000000000000e+00,0.000000000000000000e+00,1.473426036044114085e+01
1.484999999999891962e+00,2.331791041198520098e+00,-5.035820516921746259e-01,2.367930415296232508e-02,2.205667234657674225e+00,-1.099407717838361442e+00,-1.249997805229327574e-01,-1.467302764382977909e+00,6.921220427654972696e-02,1.430844601135090954e+01,-2.453430749066584302e-05,6.922122957634658746e+01,0.000000000000000000e+00,0.000000000000000000e+00,1.430844601135090954e+01
1.489999999999891411e+00,2.342474674740091967e+00,-5.087409713149807500e-01,2.372942084100217869e-02,2.083647010959567947e+00,-9.775043447261122509e-01,1.176663158371157175e-01,-1.383089872522671193e+01,1.005154913156616026e+01,2.851676019888622449e+01,-1.861931542703138334e-05,6.211312954299964417e+01,0.000000000000000000e+00,0.000000000000000000e+00,2.851676019888622449e+01
1.494999999999890861e+00,2.352886035303652701e+00,-5.136238906028155471e-01,2.419500397979450212e-02,2.082135040510321833e+00,-9.756623543857029235e-01,7.376657727094300399e-02,1.199496424304141273e+00,-4.223139095035190138e+00,1.807709827366262445e+01,-1.286508140580387618e-04,6.190790070916717980e+01,0.000000000000000000e+00,0.000000000000000000e+00,1.807709827366262445e+01
1.499999999999890310e+00,2.363299004097223044e+00,-5.184947470168077555e-01,2.444744849742511855e-02,2.082752387357163393e+00,-9.731715093097426106e-01,3.151691254797830966e-02,-2.586105712929549494e+00,8.972369081236459820e-01,2.106548254652683738e+01,-1.180332320994646744e-04,6.168784678500570351e+01,0.000000000000000000e+00,0.000000000000000000e+00,2.106548254652683738e+01
1.504999999999889759e+00,2.373710012951566029e+00,-5.233534118129752333e-01,2.448838779699412382e-02,2.081649240722615701e+00,-9.709500504529596787e-01,-1.109585188778714100e-02,9.825509396454140676e-01,-3.474139317923516046e+00,1.321167491924243365e+01,-3.921305584165916958e-05,6.149933485161844260e+01,0.000000000000000000e+00,0.000000000000000000e+00,1.321167491924243365e+01
1.509999999999889209e+00,2.384119340652644414e+00,-5.282012283109442929e-01,2.431393356479130338e-02,2.081793830243732213e+00,-9.689005740164891023e-01,-5.432107960127557922e-02,-1.850150570064110545e+00,1.867799650376995579e-01,1.881992187637504799e+01,-4.225469416678159784e-05,6.132280929416033644e+01,0.000000000000000000e+00,0.000000000000000000e+00,1.881992187637504799e+01
1.514999999999888658e+00,2.394525854276815746e+00,-5.330378804639380741e-01,2.392455989337357106e-02,2.080929541127927607e+00,-9.662522156672967988e-01,-9.704730273866318813e-02,-1.908606901282248813e+01,1.434533807293531993e+01,6.048333520058545787e+01,-1.093475874272976500e-04,6.119553863567231389e+01,0.000000000000000000e+00,0.000000000000000000e+00,6.048333520058545787e+01
1.519999999999888107e+00,2.404893562432710130e+00,-5.378197268141985399e-01,2.342318368221680408e-02,2.030632416630613335e+00,-8.998356774644482581e-01,2.013311932268335280e-03,-1.035045948480187690e+03,1.346664608779639138e+03,2.837296810264540454e+03,-6.500992647113352195e-05,5.787868720411768919e+01,0.000000000000000000e+00,0.000000000000000000e+00,2.837296810264540454e+03
1.524999999999887557e+00,2.414835964695443593e+00,-5.420530279167129484e-01,2.386192335289619507e-02,1.986835320157599449e+00,-8.439431430856680905e-01,7.182979466284111769e-02,1.384946041590670029e+00,-4.997553362506619301e+00,1.446605039031915396e+01,-1.564006509290820184e-04,5.549969655010352909e+01,0.000000000000000000e+00,0.000000000000000000e+00,1.446605039031915396e+01
1.529999999999887006e+00,2.424773303025642868e+00,-5.462687155291359176e-01,2.410262329655170691e-02,1.987763296357554887e+00,-8.423713876145457746e-01,2.902415349672680597e-02,-2.121646755564515630e+01,1.826885921134237378e+01,6.935874280521053947e+01,-2.023015571633018234e-04,5.529668553111378060e+01,0.000000000000000000e+00,0.000000000000000000e+00,6.935874280521053947e+01
1.534999999999886455e+00,2.434711610615124311e+00,-5.504742234987415328e-01,2.413247989219516332e-02,1.987048594208325580e+00,-8.400097645638523458e-01,-1.309462187696584616e-02,0.000000000000000000e+00,0.000000000000000000e+00,0.000000000000000000e+00,0.000000000000000000e+00,5.511732341528610846e+01,0.000000000000000000e+00,0.000000000000000000e+00,0.000000000000000000e+00
1.539999999999885905e+00,2.444646053392548257e+00,-5.546676803392416311e-01,2.394953613496447406e-02,1.987205971125051818e+00,-8.377565526106951488e-01,-5.594123238481818472e-02,-2.190128314640709561e+00,1.216914951836437275e+00,1.846974195166453825e+01,-1.163785438259635260e-04,5.496831828021338140e+01,0.000000000000000000e+00,0.000000000000000000e+00,1.846974195166453825e+01
1.544999999999885354e+00,2.454581202257106298e+00,-5.588511823089742370e-01,2.355276397106569053e-02,1.986325726595683738e+00,-8.357152965457466109e-01,-9.852321157770042859e-02,5.960505508315360190e-01,-3.478191787551480729e+00,1.143142807924115445e+01,-1.501157836468307305e-05,5.479497276457971822e+01,0.000000000000000000e+00,0.000000000000000000e+00,1.143142807924115445e+01
1.549999999999884803e+00,2.464297911216896786e+00,-5.626354904226382736e-01,2.367357852147618583e-02,1.924882391342473742e+00,-7.240538087675261192e-01,6.496320548386032290e-02,0.000000000000000000e+00,0.000000000000000000e+00,0.000000000000000000e+00,0.000000000000000000e+00,5.033715163228438172e+01,0.000000000000000000e+00,0.000000000000000000e+00,0.000000000000000000e+00
1.554999999999884253e+00,2.473918936997307583e+00,-5.662442373055144307e-01,2.387898822794836187e-02,1.923629520974907026e+00,-7.202953816508379514e-01,2.122691450153035148e-02,-5.834953561714147696e+00,9.702394054745306917e+00,2.052888504177215623e+01,-1.582995572537253520e-04,5.031490730070306938e+01,0.000000000000000000e+00,0.000000000000000000e+00,2.052888504177215623e+01
1.559999999999883702e+00,2.483531242403544503e+00,-5.698415304404970128e-01,2.386348476506977914e-02,1.921333656709246052e+00,-7.184781633968361225e-01,-2.254333315054565454e-02,0.000000000000000000e+00,0.000000000000000000e+00,0.000000000000000000e+00,0.000000000000000000e+00,5.015643833643947147e+01,0.000000000000000000e+00,0.000000000000000000e+00,0.000000000000000000e+00
1.564999999999883151e+00,2.493130718648005839e+00,-5.734251966141296064e-01,2.363280646512722766e-02,1.919169231617640969e+00,-7.155275767436899415e-01,-6.576581594841128531e-02,-1.731901404510439946e+01,2.278462384347440661e+01,5.099657151138586642e+01,-1.923753862485746285e-04,5.003471855584975003e+01,0.000000000000000000e+00,0.000000000000000000e+00,5.099657151138586642e+01
1.569999999999882601e+00,2.502597237053486356e+00,-5.768296651150134347e-01,2.358712120091590106e-02,1.863044088692048295e+00,-6.402778916745147653e-01,6.726304870652669021e-02,0.000000000000000000e+00,0.000000000000000000e+00,0.000000000000000000e+00,0.000000000000000000e+00,4.760484756010981044e+01,0.000000000000000000e+00,0.000000000000000000e+00,0.000000000000000000e+00
1.574999999999882050e+00,2.511912421715174037e+00,-5.800245120037120783e-01,2.380481133766574123e-02,1.864488938158785469e+00,-6.383462248330185052e-01,2.453737993292275099e-02,-6.687734215822628947e+00,-5.280971136952157252e-01,4.726035655158928961e+01,-1.449672938002037528e-04,4.758164208745844803e+01,0.000000000000000000e+00,0.000000000000000000e+00,4.726035655158928961e+01
1.579999999999881499e+00,2.521243688511941361e+00,-5.832164197606518607e-01,2.381421113838802853e-02,1.867518546588888162e+00,-6.373068366733053436e-01,-1.633087662860425657e-02,-8.310708369672227036e+00,6.164891700567368460e+00,4.323600733508533267e+01,-1.544740999637021772e-05,4.735806103011083223e+01,0.000000000000000000e+00,0.000000000000000000e+00,4.323600733508533267e+01
1.584999999999880949e+00,2.530579214850025682e+00,-5.863974616816175489e-01,2.361673141453905778e-02,1.867630687035361170e+00,-6.353767291544314411e-01,-5.830768814298806918e-02,-1.393503354487997825e+01,1.321989324577500113e+01,5.983646401378916124e+01,-1.302249230478217355e-04,4.718132551595196844e+01,0.000000000000000000e+00,0.000000000000000000e+00,5.983646401378916124e+01
1.589999999999880398e+00,2.539815751396875765e+00,-5.894197908414885445e-01,2.355695186796981713e-02,1.823546173853402230e+00,-5.689272336232101823e-01,4.944452631999341624e-02,3.028901108020744637e+00,-1.743957262182555112e+01,3.254956016713611433e+01,-3.509731056854439868e-05,4.529809053793836426e+01,0.000000000000000000e+00,0.000000000000000000e+00,3.254956016713611433e+01
1.594999999999879847e+00,2.548943792741551917e+00,-5.922634847206404984e-01,2.369129637453037257e-02,1.826411043509069243e+00,-5.684254049909428508e-01,7.910680865147056220e-03,1.840339938134104125e+00,-1.100220093422521117e+01,1.981040947745672298e+01,-1.755743004016674727e-05,4.518474208895938915e+01,0.000000000000000000e+00,0.000000000000000000e+00,1.981040947745672298e+01
1.599999999999879297e+00,2.558084477193361295e+00,-5.951025627692710929e-01,2.361877479479006572e-02,1.828843080067701798e+00,-5.670697955481168728e-01,-3.302941054240433189e-02,-1.234805494370011836e+01,8.800995161961495228e+00,6.116125523889938620e+01,-4.582710168340650703e-05,4.500811911725834591e+01,0.000000000000000000e+00,0.000000000000000000e+00,6.116125523889938620e+01
1.604999999999878746e+00,2.567185453764212699e+00,-5.978572625044926703e-01,2.351366641788897247e-02,1.791666633921465301e+00,-5.062467432344527341e-01,5.772546796831126703e-02,1.086351225231191542e+00,-1.711450376021544173e+01,4.676576532178373924e+01,-4.639423606956141755e-05,4.347899748968502820e+01,0.000000000000000000e+00,0.000000000000000000e+00,4.676576532178373924e+01
1.609999999999878195e+00,2.576157611792254443e+00,-6.003895013579493289e-01,2.369045318548853793e-02,1.795579169474906589e+00,-5.065572787425534074e-01,1.665872107942757002e-02,1.815728839883001156e+00,-1.418240216819994437e+01,2.554045564434044024e+01,-3.320264470930284206e-05,4.336756514897326298e+01,0.000000000000000000e+00,0.000000000000000000e+00,2.554045564434044024e+01
1.614999999999877645e+00,2.585144801801500414e+00,-6.029200108596527441e-01,2.366129089551766151e-02,1.798358672251999746e+00,-5.056508571073818903e-01,-2.429720724903683057e-02,1.167578767133730766e+00,-1.130368256741547306e+01,2.144844077376647817e+01,-2.178567879231995547e-05,4.320288439294113658e+01,0.000000000000000000e+00,0.000000000000000000e+00,2.144844077376647817e+01
1.619999999999877094e+00,2.594140883066669900e+00,-6.054372301265842360e-01,2.344527144128368684e-02,1.791608610773001597e+00,-4.885888581719248225e-01,-3.056939676967270966e-02,-4.046185150666325967e+02,9.767027813348612426e+02,1.783954206215673594e+03,-4.292216740424447188e-05,4.269948503647645310e+01,0.000000000000000000e+00,0.000000000000000000e+00,1.783954206215673594e+03
1.624999999999876543e+00,2.602989593327498685e+00,-6.075873820040563755e-01,2.369154863412965134e-02,1.768519818567353186e+00,-4.249124958734114554e-01,3.890487536829137505e-02,-7.302594057026902341e+00,4.219681412912558827e+00,4.422995252657970155e+01,-1.780837247175718653e-04,4.126376541968076594e+01,0.000000000000000000e+00,0.000000000000000000e+00,4.422995252657970155e+01
1.629999999999875993e+00,2.611838092201777872e+00,-6.097113967449497851e-01,2.377018897873122566e-02,1.770297541435720268e+00,-4.245351644836649063e-01,-3.051210145062556531e-03,-2.109930268057411240e+00,9.653724316017537888e-01,2.345459415504205580e+01,-8.692062511403073066e-05,4.112067238074357789e+01,0.000000000000000000e+00,0.000000000000000000e+00,2.345459415504205580e+01
1.634999999999875442e+00,2.620689536207151171e+00,-6.118269109270894068e-01,2.363953537491421050e-02,1.770457750440826983e+00,-4.219960598749734615e-01,-4.509339267271722518e-02,-6.041301798237346254e+00,6.618261913327641466e+00,3.337433229742251228e+01,-9.582687010454031193e-05,4.104492823038835070e+01,0.000000000000000000e+00,0.000000000000000000e+00,3.337433229742251228e+01
1.639999999999874891e+00,2.629505927257829168e+00,-6.138341939154536853e-01,2.348456704930953348e-02,1.741953076743621098e+00,-3.381412569765710474e-01,6.329452590246746613e-02,-1.614706167020811165e+02,4.123638686590793441e+02,7.731656423217712018e+02,-4.295045627379645570e-05,3.932125393740388120e+01,0.000000000000000000e+00,0.000000000000000000e+00,7.731656423217712018e+02
1.644999999999874341e+00,2.638178771045628146e+00,-6.154695631029991620e-01,2.377919600554452562e-02,1.734740887136766885e+00,-3.264028214705176345e-01,3.927548028047781609e-02,-9.843840637071925581e-01,-1.605556782646246461e+00,1.624164207515972436e+01,-1.426107020110810395e-04,3.910186229006553305e+01,0.000000000000000000e+00,0.000000000000000000e+00,1.624164207515972436e+01
1.649999999999873790e+00,2.646856235526843903e+00,-6.170979202168046518e-01,2.385743208676458990e-02,1.735726348602161240e+00,-3.251395041001333142e-01,-3.467699930655048120e-03,-1.256477960596906485e+01,2.053171147700721733e+01,5.820187472446177424e+01,-1.312622236363161082e-04,3.901065830298019677e+01,0.000000000000000000e+00,0.000000000000000000e+00,5.820187472446177424e+01
1.654999999999873239e+00,2.655533926392803501e+00,-6.187173694809704472e-01,2.372439048063861022e-02,1.735360800450543861e+00,-3.228335781843128527e-01,-4.559442851206860214e-02,-9.018600673024891989e+00,1.326121703509145711e+01,4.282307632642289974e+01,-4.447054894253163471e-05,3.893032877712462181e+01,0.000000000000000000e+00,0.000000000000000000e+00,4.282307632642289974e+01
1.659999999999872689e+00,2.664200754472674237e+00,-6.203034251764628637e-01,2.342398750234687618e-02,1.721209400741757101e+00,-2.865913630752637831e-01,-2.402259316877970036e-02,-2.582164019669944537e+02,7.341927867665505119e+02,1.329997052299454708e+03,-6.420610634105252887e-05,3.821025648195270463e+01,0.000000000000000000e+00,0.000000000000000000e+00,1.329997052299454708e+03
1.664999999999872138e+00,2.672716309508280208e+00,-6.214456984772471770e-01,2.369951682998003642e-02,1.699669048936423899e+00,-2.193414688703599624e-01,5.065502587931908912e-02,-4.811141389738042839e+00,4.841939044616440313e+00,2.498155488252327316e+01,-3.941033983349741948e-05,3.716684615663329794e+01,0.000000000000000000e+00,0.000000000000000000e+00,2.498155488252327316e+01
1.669999999999871587e+00,2.681216015742664549e+00,-6.225385921140722534e-01,2.383377295641688973e-02,1.700202861204004101e+00,-2.178763166449865785e-01,7.466247213295338497e-03,-2.982544645844070974e+00,6.900364316519272734e+00,2.222368705903071628e+01,-1.632972534202532799e-04,3.708412804397144669e+01,0.000000000000000000e+00,0.000000000000000000e+00,2.222368705903071628e+01
1.674999999999871036e+00,2.689715693323480483e+00,-6.236223281480033354e-01,2.375433797280991632e-02,1.699320006172355235e+00,-2.155945878462289522e-01,-3.502807744933201378e-02,-3.664682598764535948e-01,-1.819375320517584882e+00,8.479389343978910532e+00,-1.225969154919175075e-05,3.701262342216615764e+01,0.000000000000000000e+00,0.000000000000000000e+00,8.479389343978910532e+00
1.679999999999870486e+00,2.698213205950673821e+00,-6.246947039256159906e-01,2.346188248720456823e-02,1.699806049296999300e+00,-2.137305600161119867e-01,-7.784439655034362804e-02,-1.776450298803016778e+02,4.827029217881836303e+02,1.058829578534674511e+03,-1.487837108910209510e-04,3.694399121934689134e+01,0.000000000000000000e+00,0.000000000000000000e+00,1.058829578534674511e+03
1.684999999999869935e+00,2.706586286171702938e+00,-6.254113536469649848e-01,2.360751456107208768e-02,1.665000857006939450e+00,-1.186855758687556661e-01,5.424390037875503889e-02,-2.179141479470731169e-01,-4.480960494457578491e+00,1.178237127417812680e+01,-6.568890506711538152e-05,3.560837615991681560e+01,0.000000000000000000e+00,0.000000000000000000e+00,1.178237127417812680e+01
1.689999999999869384e+00,2.714915723951273563e+00,-6.260004918904436000e-01,2.376063591193817992e-02,1.666302788256401657e+00,-1.175186463666804682e-01,1.121836203934181708e-02,-1.030670670415966583e+01,1.692307643410612172e+01,5.253693516496655036e+01,-1.787405193937816050e-04,3.556164387741660704e+01,0.000000000000000000e+00,0.000000000000000000e+00,5.253693516496655036e+01
1.694999999999868834e+00,2.723248184635647551e+00,-6.265839221120140801e-01,2.370085716307864313e-02,1.665979339371426393e+00,-1.155551857506729452e-01,-3.092970381284771558e-02,-7.231092672069050487e+00,1.364749413060888728e+01,2.600189045575720215e+01,-7.323939559638475982e-05,3.549180860523402714e+01,0.000000000000000000e+00,0.000000000000000000e+00,2.600189045575720215e+01
1.699999999999868283e+00,2.731575338716707435e+00,-6.271498008243118205e-01,2.344100390041343324e-02,1.661063836977522135e+00,-1.027903894239589333e-01,-4.939701739208627457e-02,-1.966624002680504475e+02,5.951833863173221744e+02,1.103491410276362785e+03,-2.019782802498170694e-04,3.527297745691937791e+01,0.000000000000000000e+00,0.000000000000000000e+00,1.103491410276362785e+03
1.704999999999867732e+00,2.739792217584523737e+00,-6.273651983772924323e-01,2.361534629349893930e-02,1.637710067903441091e+00,-2.586663806127647083e-02,4.606548417447643012e-02,-2.063128009037776600e+00,3.907697357190585308e+00,7.466713865326628508e+00,-2.049731389887950866e-06,3.440155145112800028e+01,0.000000000000000000e+00,0.000000000000000000e+00,7.466713865326628508e+00
1.709999999999867182e+00,2.747978391213222071e+00,-6.274884459638153666e-01,2.372517096765633729e-02,1.637535225537139372e+00,-2.377211290368201960e-02,2.397515489116484096e-03,-6.038955958350415543e+00,1.143616189865825561e+01,3.402723835178188949e+01,-2.179512954142465327e-04,3.435700782633068684e+01,0.000000000000000000e+00,0.000000000000000000e+00,3.402723835178188949e+01
1.714999999999866631e+00,2.756166423561267731e+00,-6.276040270151733713e-01,2.361937735117998483e-02,1.637718588483988436e+00,-2.212737678655643178e-02,-4.012492255436660854e-02,-5.470507261122111053e+00,1.241503378779158950e+01,3.264460158087259600e+01,-8.669962394366841074e-05,3.429565162220846730e+01,0.000000000000000000e+00,0.000000000000000000e+00,3.264460158087259600e+01
1.719999999999866080e+00,2.764319681758617087e+00,-6.276376197481989827e-01,2.345064867576472298e-02,1.617457569583299337e+00,3.077166293235085101e-02,1.856559836503591729e-02,-1.213231277507667727e+02,3.708451103473562398e+02,7.108884106881941989e+02,-2.211882571103288876e-04,3.371393851935141583e+01,0.000000000000000000e+00,0.000000000000000000e+00,7.108884106881941989e+02
1.724999999999865530e+00,2.772383526739242487e+00,-6.274054455873008251e-01,2.358046387614048944e-02,1.613235414940344503e+00,4.729571782351431330e-02,7.962016723408085750e-03,-2.174665141522702960e+00,3.281189107876580913e+00,2.148856147947887507e+01,-2.970739258611691108e-04,3.353367393152807097e+01,0.000000000000000000e+00,0.000000000000000000e+00,2.148856147947887507e+01
1.729999999999864979e+00,2.780450144666154255e+00,-6.271649324837834660e-01,2.350480912624493268e-02,1.612954141456636181e+00,4.873227170448597018e-02,-3.401583969576427169e-02,-7.784007133457206962e+00,1.496189802796253865e+01,2.878360740048301025e+01,-1.410235854698918545e-05,3.348191356194453761e+01,0.000000000000000000e+00,0.000000000000000000e+00,2.878360740048301025e+01
1.734999999999864428e+00,2.788452398885708394e+00,-6.267906145894501790e-01,2.352666007340046411e-02,1.595352247790554845e+00,8.807871582177721759e-02,1.726461861626233524e-02,-3.674716589558444380e+00,5.837310451536401601e-01,3.355931502959127499e+01,-2.660976095923434787e-05,3.309826029348263887e+01,0.000000000000000000e+00,0.000000000000000000e+00,3.355931502959127499e+01
1.739999999999863878e+00,2.796428693876001681e+00,-6.263480139455642748e-01,2.349454139155299562e-02,1.596074132270772106e+00,8.875517249101994022e-02,-2.534571647877780290e-02,-1.312837958397895521e+00,-1.869507056834720071e+00,1.968425284062455205e+01,-1.187713692014037616e-04,3.304125519739249484e+01,0.000000000000000000e+00,0.000000000000000000e+00,1.968425284062455205e+01
1.744999999999863327e+00,2.804363230788778250e+00,-6.257951104917485186e-01,2.352379047695511705e-02,1.583001793489720033e+00,1.199050704122660016e-01,8.991638737778988658e-03,-3.894235834012330422e+00,7.564703218777108162e+00,1.452923015806926621e+01,-5.254393652394731551e-05,3.273849672221671625e+01,0.000000000000000000e+00,0.000000000000000000e+00,1.452923015806926621e+01
1.749999999999862776e+00,2.812277205066850527e+00,-6.251840887468709251e-01,2.347650255573444089e-02,1.578863059850159178e+00,1.325443655221378303e-01,-2.187955357223812271e-03,-8.378616803361147447e+01,2.136065141372904748e+02,5.797708688609445744e+02,-1.282167700563732748e-04,3.258537792234140795e+01,0.000000000000000000e+00,0.000000000000000000e+00,5.797708688609445744e+02
1.754999999999862226e+00,2.820150925856194757e+00,-6.244690930918311844e-01,2.348319043731479996e-02,1.574137253105439616e+00,1.445680136491607481e-01,-1.645947332672161728e-02,-7.771539821748517340e+01,1.958000877820782932e+02,5.497360107083138701e+02,-5.059084453338386078e-05,3.246472000551221981e+01,0.000000000000000000e+00,0.000000000000000000e+00,5.497360107083138701e+02
1.759999999999861675e+00,2.827985278730484886e+00,-6.236623986643863304e-01,2.351211767154190793e-02,1.566622761897122240e+00,1.643219861934056558e-01,-5.255578216948329426e-03,-5.694319213780369537e+00,5.007426333298410803e+00,4.022390246444708595e+01,-8.776364055454411936e-05,3.227186512881090152e+01,0.000000000000000000e+00,0.000000000000000000e+00,4.022390246444708595e+01
1.764999999999861124e+00,2.835794650020066143e+00,-6.227907987498016995e-01,2.350373828355788175e-02,1.555930222430211174e+00,1.884560758602260300e-01,1.844385971338375826e-02,-1.882871859229279465e+00,-1.254536201281489127e+00,2.577552544942217949e+01,-6.145721434239539982e-06,3.204792409695863853e+01,0.000000000000000000e+00,0.000000000000000000e+00,2.577552544942217949e+01
1.769999999999860574e+00,2.843576791456710495e+00,-6.218443630965385660e-01,2.347989681607157847e-02,1.557161466959001928e+00,1.893501873160670923e-01,-2.370340891199240393e-02,-8.018646727524485129e+01,1.938987652027797708e+02,5.812200312889308407e+02,-1.953721132556419243e-04,3.201340675267150715e+01,0.000000000000000000e+00,0.000000000000000000e+00,5.812200312889308407e+02
1.774999999999860023e+00,2.851321089061510605e+00,-6.208057041585384184e-01,2.351116746200845181e-02,1.547154547742188857e+00,2.128649099257264310e-01,-7.550419832934604318e-05,-3.940781126597148187e-01,-5.238034601855169115e+00,1.346832260640818824e+01,-2.836435094743204599e-05,3.180607544593667768e+01,0.000000000000000000e+00,0.000000000000000000e+00,1.346832260640818824e+01
1.779999999999859472e+00,2.859044589223271871e+00,-6.197061291431769092e-01,2.349277204924778845e-02,1.538088061003922258e+00,2.343109017888680978e-01,2.071709899970441277e-02,-7.334026466258237953e+00,9.220053412478071309e+00,4.761811049462731660e+01,-1.596017182770703008e-04,3.161905808368146609e+01,0.000000000000000000e+00,0.000000000000000000e+00,4.761811049462731660e+01
1.784999999999858922e+00,2.866736478988868075e+00,-6.185320214753251555e-01,2.348052701228075384e-02,1.538827355925697971e+00,2.357767806085185047e-01,-2.124235514136497277e-02,-6.838053066907299637e+01,1.593453230249918420e+02,5.275072731262516754e+02,-7.025859220723563309e-05,3.159216124475551624e+01,0.000000000000000000e+00,0.000000000000000000e+00,5.275072731262516754e+02
1.789999999999858371e+00,2.874393418568484293e+00,-6.172738722656563315e-01,2.350599270451615708e-02,1.529647357096263427e+00,2.554819227974743368e-01,-2.335896723770621627e-03,-5.040276654317845662e+00,9.458878277266329349e+00,1.957949756544059738e+01,-5.375325082073757754e-05,3.141847122857491925e+01,0.000000000000000000e+00,0.000000000000000000e+00,1.957949756544059738e+01
1.794999999999857820e+00,2.882024389206540249e+00,-6.159559692042790857e-01,2.349957988691894067e-02,1.521358251057668642e+00,2.744352299781954718e-01,1.456989832340630821e-02,-5.235235000802207495e+00,6.225379030871151187e+00,3.791329709461314224e+01,-8.073504652668893333e-05,3.126578705388971713e+01,0.000000000000000000e+00,0.000000000000000000e+00,3.791329709461314224e+01
1.799999999999857270e+00,2.889628854462609642e+00,-6.145771631234815402e-01,2.347461346222738665e-02,1.517489337605270272e+00,2.820806356364008449e-01,-3.460344051115324827e-03,-5.685897320152544410e+01,1.210873495200607692e+02,4.596280234541748655e+02,-8.491282867184048698e-05,3.118730906695355998e+01,0.000000000000000000e+00,0.000000000000000000e+00,4.596280234541748655e+02
1.804999999999856719e+00,2.897198105399312329e+00,-6.131253873345069438e-01,2.349088426547388947e-02,1.513958403295032618e+00,2.905764820781627789e-01,-1.194321931973937358e-02,-3.534382125914165229e+00,-3.543727949684043921e+00,5.006664834166166855e+01,-9.699086038405559107e-05,3.109684077123914392e+01,0.000000000000000000e+00,0.000000000000000000e+00,5.006664834166166855e+01
1.809999999999856168e+00,2.904742913753739053e+00,-6.116261877288335924e-01,2.348848633291890017e-02,1.507654404691241234e+00,3.031860313899847337e-01,-8.346640973024566090e-03,6.356586882890868928e-03,-1.126299446173624830e+01,3.335027083222736621e+01,-9.162154208747826795e-05,3.098729479830658562e+01,0.000000000000000000e+00,0.000000000000000000e+00,3.335027083222736621e+01
1.814999999999855618e+00,2.912259902655659261e+00,-6.100705518205329358e-01,2.350129999352436327e-02,1.502339083905469996e+00,3.123405895776167895e-01,-4.565929903303143911e-03,-2.390198342058496017e+00,-9.924162206836408373e+00,5.731125871838358421e+01,-1.871506030432408541e-04,3.087538492117045053e+01,0.000000000000000000e+00,0.000000000000000000e+00,5.731125871838358421e+01
1.819999999999855067e+00,2.919752873421328498e+00,-6.084846983452490976e-01,2.350387612415677160e-02,1.495359163840773054e+00,3.236408732552559786e-01,8.019803155551237517e-03,-1.521397899905512663e+00,1.570315864988458543e-02,1.909466533745905537e+01,-8.630778791441674758e-05,3.076099266362749773e+01,0.000000000000000000e+00,0.000000000000000000e+00,1.909466533745905537e+01
1.824999999999854516e+00,2.927225142213842002e+00,-6.068586959946831172e-01,2.348988500258455958e-02,1.490233438382527087e+00,3.324149853654976283e-01,1.181189540916028138e-02,-4.264132333341133396e+00,7.508898619835892241e+00,1.740705736364465750e+01,-1.803672552141751678e-04,3.065502258740626118e+01,0.000000000000000000e+00,0.000000000000000000e+00,1.740705736364465750e+01
1.829999999999853966e+00,2.934668710613311582e+00,-6.051885993981108713e-01,2.348584706331092661e-02,1.487769435693008679e+00,3.357313943465728423e-01,-6.679886949137773915e-03,-4.882319441217775591e+01,9.431185388107218159e+01,4.366878986215041891e+02,-1.035704447109805915e-04,3.059289774047002908e+01,0.000000000000000000e+00,0.000000000000000000e+00,4.366878986215041891e+02
1.834999999999853415e+00,2.942090094583088344e+00,-6.034809563539575983e-01,2.348814933905770536e-02,1.482100168038108734e+00,3.442489696613806882e-01,-4.038816762577675246e-03,-3.827943916472413122e+01,6.011883904185278737e+01,4.049274226363467051e+02,-6.483508923995837114e-05,3.049723129254127230e+01,0.000000000000000000e+00,0.000000000000000000e+00,4.049274226363467051e+02
1.839999999999852864e+00,2.949484968076767633e+00,-6.017342442429836069e-01,2.349074542754408038e-02,1.476319330042682898e+00,3.551574654258248254e-01,6.976868315845564765e-03,1.232682775397059949e+00,-1.816396121310357969e+01,4.999605222041993358e+01,-1.905363968930130769e-04,3.038764323674016055e+01,0.000000000000000000e+00,0.000000000000000000e+00,4.999605222041993358e+01
1.844999999999852314e+00,2.956859227907352672e+00,-5.999570718006967951e-01,2.349932065775721390e-02,1.473229783828856831e+00,3.561674073547253516e-01,2.970292314677670776e-04,-4.112502387559721306e+00,6.524626904030542462e+00,1.996571729355263614e+01,-2.070911832307044398e-04,3.030853908355147297e+01,0.000000000000000000e+00,0.000000000000000000e+00,1.996571729355263614e+01
1.849999999999851763e+00,2.964208300151265796e+00,-5.981520148417153182e-01,2.350092401491253244e-02,1.468193164522189731e+00,3.644873509142670942e-01,2.214041950643233871e-04,-1.736967527170954817e+00,1.154903981315411610e+00,1.970719988587700300e+01,-1.472460158528999044e-04,3.022244104506423668e+01,0.000000000000000000e+00,0.000000000000000000e+00,1.970719988587700300e+01
1.854999999999851212e+00,2.971538837685430146e+00,-5.963141922822405849e-01,2.349785919446566174e-02,1.462587297159970712e+00,3.721906249721803062e-01,1.209079177688956661e-02,1.973370688498930381e+00,-2.509014438945236236e+01,6.403642495398729295e+01,-1.223387766520413374e-04,3.011552589926593981e+01,0.000000000000000000e+00,0.000000000000000000e+00,6.403642495398729295e+01
1.859999999999850662e+00,2.978845293905362013e+00,-5.944528822643023735e-01,2.348127998324466351e-02,1.458496646760485627e+00,3.766883196068560591e-01,4.475473600823344847e-03,-3.986654956399890182e+01,6.635304359481355618e+01,3.906975625605911659e+02,-1.367117528448039392e-04,3.004012321701751631e+01,0.000000000000000000e+00,0.000000000000000000e+00,3.906975625605911659e+02
1.864999999999850111e+00,2.986130757587696749e+00,-5.925657775539167060e-01,2.348864286089637210e-02,1.457645797064514248e+00,3.734856526942788579e-01,-1.363902859515212472e-02,3.236243688706645472e+00,-3.153367664722987485e+01,7.106427355855710459e+01,-1.404201760643007668e-04,2.998472647009933212e+01,0.000000000000000000e+00,0.000000000000000000e+00,7.106427355855710459e+01
1.869999999999849560e+00,2.993395944543011833e+00,-5.906721812674559091e-01,2.350995057357506413e-02,1.451256633253091399e+00,3.820435011092463418e-01,6.099412176435326655e-03,2.018809096804539571e+00,-1.968887694657658471e+01,4.604153632652479189e+01,-1.101145703670770512e-04,2.987268166008012571e+01,0.000000000000000000e+00,0.000000000000000000e+00,4.604153632652479189e+01
1.874999999999849010e+00,3.000651967460813196e+00,-5.887756524429474947e-01,2.347247352426350825e-02,1.448247483179025075e+00,3.814721787798913688e-01,1.348946999035047353e-03,-3.362640374850773384e+01,4.329325484646300737e+01,3.855359940391244322e+02,-4.082157173521984428e-05,2.979013221775488773e+01,0.000000000000000000e+00,0.000000000000000000e+00,3.855359940391244322e+02
1.879999999999848459e+00,3.007880871587298888e+00,-5.868529794676292655e-01,2.349613104341011574e-02,1.446232925686491422e+00,3.821658088289749955e-01,-9.384287005046532473e-03,3.788249154457130619e+00,-3.130175055581762678e+01,6.589845461377294100e+01,-1.274060766974730724e-04,2.972748421731755286e+01,0.000000000000000000e+00,0.000000000000000000e+00,6.589845461377294100e+01
1.884999999999847908e+00,3.015095780285983906e+00,-5.849272839042076733e-01,2.349988757187016289e-02,1.440537054652419657e+00,3.882658885777139912e-01,2.507177831675996057e-03,-2.049644309768010320e-01,-4.560945572378050983e+00,1.148075629082848259e+01,-1.496580229287496067e-05,2.962578714862443263e+01,0.000000000000000000e+00,0.000000000000000000e+00,1.148075629082848259e+01
1.889999999999847358e+00,3.022290289072038227e+00,-5.829770165243655100e-01,2.349675777194517104e-02,1.436821510685544645e+00,3.912910277739665155e-01,4.324114721082929040e-03,3.723297427647161317e+00,-3.175758289091903208e+01,6.947702477107003460e+01,-1.754674451331858509e-04,2.953472247735755118e+01,0.000000000000000000e+00,0.000000000000000000e+00,6.947702477107003460e+01
1.894999999999846807e+00,3.029468219786194627e+00,-5.810284497149932337e-01,2.348937704131682028e-02,1.433625178056084692e+00,3.906250186830502735e-01,-2.750843412257992279e-03,-8.386419212193159112e-01,-2.889308443337831100e+00,1.626435804229473803e+01,-6.209156115964502287e-05,2.946439225460861522e+01,0.000000000000000000e+00,0.000000000000000000e+00,1.626435804229473803e+01
1.899999999999846256e+00,3.036625499263696959e+00,-5.790540952363985028e-01,2.349102872472889902e-02,1.428977889468512341e+00,3.976315941362984496e-01,7.501255067633764116e-03,3.635272060822898332e+00,-2.967697865990157879e+01,6.583722775471204613e+01,-1.557525649921824833e-04,2.936374235168442937e+01,0.000000000000000000e+00,0.000000000000000000e+00,6.583722775471204613e+01
1.904999999999845706e+00,3.043763705227301664e+00,-5.770739819296479833e-01,2.349614255909462934e-02,1.424866554248259476e+00,3.984123250403248107e-01,8.860726465758295839e-03,3.110125204993960946e+00,-2.839107771780324896e+01,6.240616356250541230e+01,-9.526516843338418694e-05,2.928086243737362437e+01,0.000000000000000000e+00,0.000000000000000000e+00,6.240616356250541230e+01
1.909999999999845155e+00,3.050886634703416256e+00,-5.750813947679568328e-01,2.348530081657632454e-02,1.421410986182046976e+00,4.028887381597335837e-01,1.004861527400708124e-02,-3.628387476956562097e+01,4.825375374138799600e+01,3.825784713769687642e+02,-1.424070819061548122e-04,2.919487239849548388e+01,0.000000000000000000e+00,0.000000000000000000e+00,3.825784713769687642e+02
1.914999999999844604e+00,3.057986790836590085e+00,-5.730708762816627555e-01,2.347883341594203532e-02,1.419219238752021051e+00,4.009778015364370840e-01,-8.318284717743288856e-03,-4.204453639803358556e+01,5.506201840545958248e+01,4.372984868002286021e+02,-1.045949839594915304e-04,2.913818503560721140e+01,0.000000000000000000e+00,0.000000000000000000e+00,4.372984868002286021e+02
1.919999999999844054e+00,3.065066720428674785e+00,-5.710439404715342837e-01,2.349299536482537393e-02,1.415130112241400839e+00,4.059183116148061821e-01,-9.876286493474700084e-03,2.940620020053574812e+00,-2.051039809083304277e+01,4.105260673389058468e+01,-5.896590931426062311e-05,2.906392336104380192e+01,0.000000000000000000e+00,0.000000000000000000e+00,4.105260673389058468e+01
1.924999999999843503e+00,3.072128411444940976e+00,-5.690047918870073662e-01,2.348959989461124956e-02,1.412118847702176438e+00,4.053156091069141653e-01,-7.026545260950714522e-03,4.725000986361546751e+00,-3.434997039415155484e+01,7.124923241938071783e+01,-9.344026911761206533e-05,2.897400891219508168e+01,0.000000000000000000e+00,0.000000000000000000e+00,7.124923241938071783e+01
1.929999999999842952e+00,3.079173135497464298e+00,-5.669587403473157483e-01,2.349578507534805585e-02,1.407576820613946955e+00,4.097726280711329050e-01,-7.114984036143545167e-03,3.847928371847227247e+00,-2.728969107695240837e+01,5.463249564498647004e+01,-1.547423666890038445e-04,2.889577457156286755e+01,0.000000000000000000e+00,0.000000000000000000e+00,5.463249564498647004e+01
1.934999999999842402e+00,3.086197967433435441e+00,-5.649033075287239747e-01,2.350574049876796162e-02,1.403596066801645392e+00,4.106753131331190576e-01,4.635135723133951453e-03,4.174019553296577811e+00,-3.268414211836498851e+01,7.144179837408657363e+01,-8.324576415381923500e-05,2.879400935526756200e+01,0.000000000000000000e+00,0.000000000000000000e+00,7.144179837408657363e+01
1.939999999999841851e+00,3.093211348489644852e+00,-5.628503146805198254e-01,2.347608860869961067e-02,1.399518570626341774e+00,4.148043582898619519e-01,6.793022747875797004e-03,-3.552699315857358187e+01,4.263707294982004470e+01,3.867317553696647678e+02,-1.269128357138181017e-04,2.870746655349949350e+01,0.000000000000000000e+00,0.000000000000000000e+00,3.867317553696647678e+02
1.944999999999841300e+00,3.100204037462419127e+00,-5.607839364510263103e-01,2.349361398189887123e-02,1.399343187818855361e+00,4.099032386701244590e-01,-1.186045365889358549e-02,3.035135527121595178e+00,-2.288801331004964368e+01,5.454831627299381580e+01,-2.739157306230234623e-05,2.865698531995646903e+01,0.000000000000000000e+00,0.000000000000000000e+00,5.454831627299381580e+01
1.949999999999840750e+00,3.107180966528700239e+00,-5.587165996505072396e-01,2.349922547555299487e-02,1.394259589847437475e+00,4.140036518382012032e-01,-2.455975358061419055e-03,4.358047824000004233e+00,-2.874041694563466720e+01,5.589170798253270078e+01,-1.462832318288292272e-04,2.856493927672441302e+01,0.000000000000000000e+00,0.000000000000000000e+00,5.589170798253270078e+01
1.954999999999840199e+00,3.114144122485444921e+00,-5.566471545395744736e-01,2.349495399473514046e-02,1.391313669317512991e+00,4.144813634108638345e-01,-3.301328332603711466e-04,-2.261973169240938386e+00,2.426985186951188034e+00,2.288381246815681891e+01,-1.125736589523505110e-04,2.847700962600180219e+01,0.000000000000000000e+00,0.000000000000000000e+00,2.288381246815681891e+01
1.959999999999839648e+00,3.121089008725595804e+00,-5.545660174228032036e-01,2.349376737178803659e-02,1.387144567161074260e+00,4.165010534701586442e-01,-1.967238697625405745e-04,4.345436532661814510e+00,-3.004101591404850780e+01,6.185663169147385076e+01,-1.345597380119564757e-04,2.839808870377382277e+01,0.000000000000000000e+00,0.000000000000000000e+00,6.185663169147385076e+01
1.964999999999839098e+00,3.128016592667465900e+00,-5.524838372696370126e-01,2.349871056269644751e-02,1.384209035625089346e+00,4.180821005397180601e-01,5.558000671298042768e-04,2.955106905095029601e-01,-2.063867625282389540e+00,8.426186124789609266e+00,-1.620050867385570970e-05,2.831800741472792993e+01,0.000000000000000000e+00,0.000000000000000000e+00,8.426186124789609266e+00
1.969999999999838547e+00,3.134923652100953362e+00,-5.503818354105352029e-01,2.349960110842384473e-02,1.380119966458804859e+00,4.201119180610394799e-01,6.104240430849557780e-04,5.147618122315265055e+00,-3.373368891647517387e+01,6.887688756125160694e+01,-1.149731213526197782e-04,2.823591638673884319e+01,0.000000000000000000e+00,0.000000000000000000e+00,6.887688756125160694e+01
1.974999999999837996e+00,3.141817863368829400e+00,-5.482867293680365739e-01,2.349285108218761298e-02,1.376168730580746402e+00,4.221005941978919762e-01,2.177555137991375560e-03,2.732599880362196920e+00,-1.699570869130863215e+01,3.245567544038515706e+01,-2.589814781361020335e-05,2.815492364596988395e+01,0.000000000000000000e+00,0.000000000000000000e+00,3.245567544038515706e+01
1.979999999999837446e+00,3.148691850358685596e+00,-5.461761567491979497e-01,2.348764588900304623e-02,1.374326535351259704e+00,4.202253599467184464e-01,-5.754406833987779982e-03,-4.120424450465512933e+01,5.108894440571565809e+01,4.232180068038738909e+02,-1.029037855234862103e-04,2.808249501892838396e+01,0.000000000000000000e+00,0.000000000000000000e+00,4.232180068038738909e+02
1.984999999999836895e+00,3.155550547362446334e+00,-5.440663807879329017e-01,2.349172154926952236e-02,1.369109497077761084e+00,4.244563484655904384e-01,4.000743064608372652e-03,2.604446382187047160e+00,-1.603172261394266229e+01,3.141252376079637543e+01,-7.008882125175436989e-05,2.799429846644853370e+01,0.000000000000000000e+00,0.000000000000000000e+00,3.141252376079637543e+01
1.989999999999836344e+00,3.162389657014117894e+00,-5.419454159715192398e-01,2.349371191352986679e-02,1.367475365697357947e+00,4.220408643651662461e-01,-4.407537019135546012e-03,5.279415630834524364e+00,-3.474968544440422136e+01,7.362727925385676997e+01,-1.779138700238932363e-04,2.792037284053488122e+01,0.000000000000000000e+00,0.000000000000000000e+00,7.362727925385676997e+01
1.994999999999835794e+00,3.169216121628180893e+00,-5.398304494183175928e-01,2.349639272663031977e-02,1.363879579568280542e+00,4.245803780909365721e-01,-4.045907615832962378e-03,-2.266625033805511613e-01,-9.551787430286000635e-01,8.821309386216688253e+00,-2.733555599542490666e-05,2.784444366995615994e+01,0.000000000000000000e+00,0.000000000000000000e+00,8.821309386216688253e+00
1.999999999999835243e+00,3.176021304570101123e+00,-5.376956410764252015e-01,2.349513859444447850e-02,1.360303261586102153e+00,4.256704593585377006e-01,-3.548936751067381830e-03,5.526006345108039675e+00,-3.383343607438747824e+01,6.800234938897561676e+01,-9.606602976719100240e-05,2.776217077633672758e+01,0.000000000000000000e+00,0.000000000000000000e+00,6.800234938897561676e+01
2.004999999999836913e+00,3.182811831489690491e+00,-5.355606623867139593e-01,2.349036526973462616e-02,1.355434383542874155e+00,4.307116798510338129e-01,5.922138384064386599e-03,3.720599850225005056e+00,-2.305264312663248205e+01,4.787013202569634984e+01,-4.771120610462878386e-05,2.767099516837777529e+01,0.000000000000000000e+00,0.000000000000000000e+00,4.787013202569634984e+01
2.009999999999838582e+00,3.189583420487644538e+00,-5.334120602937768574e-01,2.348911556253484995e-02,1.352906854259261715e+00,4.294624910187779809e-01,-2.901380204498189494e-03,5.018794062061731509e+00,-3.130021618905900027e+01,6.467271589257576636e+01,-7.548262622169947533e-05,2.760246597289617654e+01,0.000000000000000000e+00,0.000000000000000000e+00,6.467271589257576636e+01
2.014999999999840252e+00,3.196337713622176224e+00,-5.312576824659658303e-01,2.349119773366281638e-02,1.348317426676006514e+00,4.332116406926734276e-01,6.662082892818398799e-03,-1.866800656717337858e+00,1.745284760127030710e+00,1.382176140639031559e+01,-7.109177062939613968e-05,2.751217944430652551e+01,0.000000000000000000e+00,0.000000000000000000e+00,1.382176140639031559e+01
2.019999999999841922e+00,3.203072065663364665e+00,-5.290932647111095122e-01,2.349106793371914803e-02,1.346084674244875101e+00,4.315765713697507500e-01,-2.066497942248930828e-03,5.614528802491804527e+00,-3.383883510307100551e+01,7.084141725472581186e+01,-1.391942310264935451e-04,2.744276383815755338e+01,0.000000000000000000e+00,0.000000000000000000e+00,7.084141725472581186e+01
2.024999999999843592e+00,3.209791549862581306e+00,-5.269272472431237864e-01,2.349990945361707384e-02,1.342484126328239658e+00,4.331361890752299382e-01,-2.364442048008503008e-03,-2.779283879476581731e+00,3.194804089976743811e+00,1.676295883255244945e+01,-5.998758309193330529e-06,2.736851184352037336e+01,0.000000000000000000e+00,0.000000000000000000e+00,1.676295883255244945e+01
2.029999999999845262e+00,3.216489508604940983e+00,-5.247462799281097379e-01,2.349901249490210162e-02,1.337637488452059875e+00,4.372922711114657912e-01,6.187845052123939690e-03,5.641151924593127198e+00,-3.303973123161066638e+01,6.744000062755432623e+01,-1.714333535278098064e-04,2.727633901824192719e+01,0.000000000000000000e+00,0.000000000000000000e+00,6.744000062755432623e+01
2.034999999999846931e+00,3.223177487140759023e+00,-5.225702187851500868e-01,2.347941912013569790e-02,1.334557759118762288e+00,4.385814152982996927e-01,7.894078479336834667e-03,-3.515340834393512637e+01,3.972124936877092694e+01,3.738397658847890170e+02,-1.293323976988270101e-04,2.719344473861283618e+01,0.000000000000000000e+00,0.000000000000000000e+00,3.738397658847890170e+02
2.039999999999848601e+00,3.229838201240006867e+00,-5.203715917137036184e-01,2.348958591932074486e-02,1.332326380557985912e+00,4.372162111867668455e-01,-1.417842097984515874e-02,5.902072257926078258e+00,-3.414018614267818919e+01,6.926205870809313581e+01,-1.495625415319345314e-04,2.714872151477613471e+01,0.000000000000000000e+00,0.000000000000000000e+00,6.926205870809313581e+01
2.044999999999850271e+00,3.236482603344266185e+00,-5.181688669000759084e-01,2.350271349855422715e-02,1.327346730683212295e+00,4.431744578046216687e-01,3.564336413254018659e-03,1.556434737084067210e+00,-1.322915016987942494e+01,4.051268979323827324e+01,-3.035532561893733439e-05,2.704799387000368682e+01,0.000000000000000000e+00,0.000000000000000000e+00,4.051268979323827324e+01
2.049999999999851941e+00,3.243108831905443967e+00,-5.159475209469019941e-01,2.348425607126083253e-02,1.321600824859776147e+00,4.477632926227114729e-01,1.154259976900458631e-02,-3.197035689871772490e+01,2.956710809628414793e+01,3.634025095664916876e+02,-1.453626417875168025e-04,2.695794877020251334e+01,0.000000000000000000e+00,0.000000000000000000e+00,3.634025095664916876e+02
2.054999999999853610e+00,3.249719139513984612e+00,-5.137280790747535963e-01,2.348595222820044556e-02,1.323153975188738007e+00,4.411780626051222121e-01,-1.616548438288270551e-02,-3.992301875019790458e+01,4.554200510467238416e+01,4.304725142906313522e+02,-1.140827604618963043e-04,2.692005072160576873e+01,0.000000000000000000e+00,0.000000000000000000e+00,4.304725142906313522e+02
2.059999999999855280e+00,3.256311056919154900e+00,-5.114989219522000363e-01,2.348904632907485718e-02,1.316846676429346052e+00,4.461681764501744807e-01,-8.423715186352539325e-03,4.459991551180566560e+00,-2.591762559714409520e+01,5.463952708494786492e+01,-1.375434519337928596e-04,2.683233218783951202e+01,0.000000000000000000e+00,0.000000000000000000e+00,5.463952708494786492e+01
2.064999999999856950e+00,3.262881748639557156e+00,-5.092605731816678416e-01,2.350732670456446433e-02,1.313685310987394939e+00,4.468891112579410074e-01,3.117783302513695140e-04,-2.006315592304689144e+00,1.092952043309042942e+00,2.203419640858526662e+01,-1.296045251574090562e-04,2.674343975575157373e+01,0.000000000000000000e+00,0.000000000000000000e+00,2.203419640858526662e+01
2.069999999999858620e+00,3.269444529114736930e+00,-5.070264966322601818e-01,2.347855176679234518e-02,1.308827526644124273e+00,4.497085095489273265e-01,1.015889112545811761e-02,-3.257500750683698953e+01,3.166143624833724957e+01,3.579437242142404898e+02,-5.487657843654750178e-05,2.665319282349229724e+01,0.000000000000000000e+00,0.000000000000000000e+00,3.579437242142404898e+02
2.074999999999860290e+00,3.275984555264400022e+00,-5.047787356463333541e-01,2.350131992230368450e-02,1.308783732178758097e+00,4.472457246970525935e-01,-1.168530873585500209e-02,5.920166887757902785e+00,-3.097311574248166011e+01,6.464802277444567835e+01,-9.212914109342365890e-05,2.661042682647779145e+01,0.000000000000000000e+00,0.000000000000000000e+00,6.464802277444567835e+01
2.079999999999861959e+00,3.282511811293446158e+00,-5.025359467507891642e-01,2.349958069085283235e-02,1.302909294455263600e+00,4.497806959496284951e-01,7.167506923851573071e-03,5.415961324523509646e+00,-2.997390294241691322e+01,6.248691139999427691e+01,-1.026419251559469639e-04,2.650807667820400582e+01,0.000000000000000000e+00,0.000000000000000000e+00,6.248691139999427691e+01
2.084999999999863629e+00,3.289025497531677722e+00,-5.002893719750318713e-01,2.347876790809524591e-02,1.299788442913941910e+00,4.518228508766622409e-01,7.454424136154215799e-03,-3.491240251582146925e+01,3.628607748279284806e+01,3.740465258468693719e+02,-7.855727396390531359e-05,2.642704180134927583e+01,0.000000000000000000e+00,0.000000000000000000e+00,3.740465258468693719e+02
2.089999999999865299e+00,3.295514919841894041e+00,-4.980288926702154950e-01,2.348907005732091269e-02,1.298158366169470224e+00,4.512895027529653658e-01,-1.494526311489184286e-02,3.547828251362627583e+00,-1.955384686505445302e+01,4.317630989346504577e+01,-9.348400112409952639e-05,2.638802950914440260e+01,0.000000000000000000e+00,0.000000000000000000e+00,4.317630989346504577e+01
2.094999999999866969e+00,3.301985586043788334e+00,-4.957551860808748767e-01,2.350888538865646832e-02,1.291910157486636512e+00,4.553782321435569935e-01,1.180327218047403856e-02,6.060080123732725532e+00,-3.211660150820822679e+01,6.856330513917460223e+01,-1.088887424329706977e-04,2.627472956401566861e+01,0.000000000000000000e+00,0.000000000000000000e+00,6.856330513917460223e+01
2.099999999999868638e+00,3.308443253565252373e+00,-4.934873672000301137e-01,2.347806674041165789e-02,1.290028371843768396e+00,4.548875747176734374e-01,-5.907845900072108969e-03,-3.617004144947362221e+01,3.649553877583748829e+01,4.006232594103760789e+02,-1.015693515438332445e-04,2.621970258538961929e+01,0.000000000000000000e+00,0.000000000000000000e+00,4.006232594103760789e+02
2.104999999999870308e+00,3.314879136207894206e+00,-4.912059341346988184e-01,2.349770843362628328e-02,1.286929575304453177e+00,4.540278906799896652e-01,-7.665374763502450471e-03,4.973056237999316842e+00,-2.714376280299826760e+01,5.794248064336336768e+01,-1.087704749124941001e-04,2.614863512915054145e+01,0.000000000000000000e+00,0.000000000000000000e+00,5.794248064336336768e+01
2.109999999999871978e+00,3.321300776596142423e+00,-4.889280802800669568e-01,2.349715563886788441e-02,1.282776986741547498e+00,4.579263518123918297e-01,-1.784965950475678263e-04,3.049912970579495841e+00,-1.669304952150682197e+01,3.627416690595700999e+01,-4.905703419139269272e-05,2.606551423852961236e+01,0.000000000000000000e+00,0.000000000000000000e+00,3.627416690595700999e+01
2.114999999999873648e+00,3.327706635402021274e+00,-4.866384600065341015e-01,2.349549339368043471e-02,1.280021303044394543e+00,4.567332128255054413e-01,-1.983362686920244063e-04,6.729144935860792209e+00,-3.386530413705817466e+01,7.133202496753318655e+01,-1.511545472278209151e-04,2.598620773496347169e+01,0.000000000000000000e+00,0.000000000000000000e+00,7.133202496753318655e+01
2.119999999999875318e+00,3.334096366590492799e+00,-4.843545075073796835e-01,2.349413570413296654e-02,1.276785047131191897e+00,4.570910976712551088e-01,-8.150052060928809818e-04,-1.935036983367264263e+00,1.219870006202866008e+00,2.047625561313030573e+01,-2.069453634997650560e-05,2.591371963949509549e+01,0.000000000000000000e+00,0.000000000000000000e+00,2.047625561313030573e+01
2.124999999999876987e+00,3.340470558950401347e+00,-4.820605117887433178e-01,2.348394835225177738e-02,1.273472914122205424e+00,4.584444708302367610e-01,-1.951303889413100829e-03,-3.730544876396993459e+01,3.717665489761854047e+01,3.969480771930760739e+02,-1.723299439419588141e-04,2.583807134923772963e+01,0.000000000000000000e+00,0.000000000000000000e+00,3.969480771930760739e+02
2.129999999999878657e+00,3.346827357860150176e+00,-4.797695713042575694e-01,2.348634897067649122e-02,1.268968022783117044e+00,4.593448665013799004e-01,6.707332869302876956e-03,-3.479584373780663498e+01,3.405594632028444124e+01,3.671504111561107493e+02,-4.651757430786628011e-05,2.575203457994307854e+01,0.000000000000000000e+00,0.000000000000000000e+00,3.671504111561107493e+02
2.134999999999880327e+00,3.353167627680024854e+00,-4.774690086709545978e-01,2.348337687229702306e-02,1.265435872849768772e+00,4.621163326234544733e-01,4.274955516496623670e-03,-3.314385863084881123e+01,3.184526185338357607e+01,3.600795219722251659e+02,-1.199879600422692084e-04,2.568345660630186700e+01,0.000000000000000000e+00,0.000000000000000000e+00,3.600795219722251659e+02
2.139999999999881997e+00,3.359490248437927651e+00,-4.751670241111286552e-01,2.348369530578485118e-02,1.265655205783065895e+00,4.558112818155207191e-01,-1.470153171196699436e-02,-4.331128280927822516e+01,4.676039747599523366e+01,4.344529618797445778e+02,-1.528920819797406627e-04,2.563240052432344385e+01,0.000000000000000000e+00,0.000000000000000000e+00,4.344529618797445778e+02
2.144999999999883666e+00,3.365797984482646221e+00,-4.728645685763453455e-01,2.349078534495274706e-02,1.260451827272420333e+00,4.614257783876369312e-01,-7.719124237794691007e-03,-9.178950969921800818e-01,-1.144760278642036333e-01,1.261646398387165213e+01,-8.419111949605319681e-05,2.555230011772373899e+01,0.000000000000000000e+00,0.000000000000000000e+00,1.261646398387165213e+01
2.149999999999885336e+00,3.372081783540044064e+00,-4.705450929393516502e-01,2.350401104543272876e-02,1.256214561406836072e+00,4.621796913643715365e-01,-7.188085493832718732e-04,7.392942231994975799e+00,-3.491087549265226642e+01,7.037170678610023344e+01,-1.675277226119652706e-04,2.546710103074808984e+01,0.000000000000000000e+00,0.000000000000000000e+00,7.037170678610023344e+01
2.154999999999887006e+00,3.378357478901088840e+00,-4.682403643903798041e-01,2.349708311073622422e-02,1.252345775581749976e+00,4.637693766097462089e-01,8.853312462846728292e-03,3.990543198845688089e+00,-2.098368536883542745e+01,5.234757680018901738e+01,-3.833107452172988816e-05,2.538155202654305853e+01,0.000000000000000000e+00,0.000000000000000000e+00,5.234757680018901738e+01
2.159999999999888676e+00,3.384611999588905018e+00,-4.659223804892279053e-01,2.348095173969415306e-02,1.247705033654749718e+00,4.664264869199544195e-01,7.135771732904724711e-03,-3.412096176918302604e+01,3.120435625693620096e+01,3.658670758369525515e+02,-1.420836478481873021e-04,2.530785650457321623e+01,0.000000000000000000e+00,0.000000000000000000e+00,3.658670758369525515e+02
2.164999999999890345e+00,3.390847006680535625e+00,-4.635905339344625897e-01,2.348879455035447761e-02,1.247878351428822308e+00,4.636892140848924981e-01,-1.434255665816127311e-02,7.131732643341379685e+00,-3.259933231407748622e+01,6.817358526871132085e+01,-1.079130925929813051e-04,2.526451012197693302e+01,0.000000000000000000e+00,0.000000000000000000e+00,6.817358526871132085e+01
2.169999999999892015e+00,3.397064746091530640e+00,-4.612582779526090415e-01,2.350790075675123977e-02,1.240888078394583482e+00,4.678150038204338390e-01,1.046777553430504153e-02,5.083778505543079973e+00,-2.575466714274459434e+01,5.634043740247172138e+01,-5.188814579368803727e-05,2.516280333113698120e+01,0.000000000000000000e+00,0.000000000000000000e+00,5.634043740247172138e+01
2.174999999999893685e+00,3.403272481575793762e+00,-4.589239668817964857e-01,2.346742710639396212e-02,1.240088463231448612e+00,4.673121685997211339e-01,-7.791982422971224266e-03,-3.896573518419173610e+01,3.785811874040585678e+01,4.115747771747426782e+02,-1.537384642353407591e-04,2.510644641958267442e+01,0.000000000000000000e+00,0.000000000000000000e+00,4.115747771747426782e+02
2.179999999999895355e+00,3.409451571415143434e+00,-4.565737641909900502e-01,2.351919195116752501e-02,1.235216741520448025e+00,4.683013234679972436e-01,6.128231915641661927e-03,7.078760243528455121e+00,-3.231455963184860991e+01,6.636259066265009210e+01,-5.572608642406828849e-05,2.502281427049950224e+01,0.000000000000000000e+00,0.000000000000000000e+00,6.636259066265009210e+01
2.184999999999897025e+00,3.415629258979043126e+00,-4.542418619786779410e-01,2.346217175148329614e-02,1.233596214456433637e+00,4.681300015119050362e-01,-1.116401160444837649e-02,-3.916343680578958697e+01,3.762944732199451892e+01,4.151079800347326341e+02,-1.225136873717422997e-04,2.496711780602582564e+01,0.000000000000000000e+00,0.000000000000000000e+00,4.151079800347326341e+02
2.189999999999898694e+00,3.421774704157482638e+00,-4.518837917950770944e-01,2.351766748998367421e-02,1.227924100352447923e+00,4.706165784779740013e-01,1.160951187217871411e-02,6.654490368988377647e+00,-3.113160610533775241e+01,6.922242460820271504e+01,-1.270963632207453009e-04,2.486751407871790320e+01,0.000000000000000000e+00,0.000000000000000000e+00,6.922242460820271504e+01
2.194999999999900364e+00,3.427918327885576044e+00,-4.495489518415806129e-01,2.347672064051713886e-02,1.228417988011510253e+00,4.663236033596938612e-01,-2.592923167505777060e-02,-4.220571815121303416e+01,4.179276517839804939e+01,4.415641860538132732e+02,-5.481444964973436473e-05,2.484932341817135892e+01,0.000000000000000000e+00,0.000000000000000000e+00,4.415641860538132732e+02
2.199999999999902034e+00,3.434032702234574685e+00,-4.471900814918965961e-01,2.349914296555314849e-02,1.220000647618756373e+00,4.736855364205812546e-01,1.766154681978614541e-02,6.631865383128152658e+00,-3.078381677706271802e+01,6.731551973643965425e+01,-1.807957501482569673e-04,2.471343145798804386e+01,0.000000000000000000e+00,0.000000000000000000e+00,6.731551973643965425e+01
2.204999999999903704e+00,3.440139440581974739e+00,-4.448420578181928597e-01,2.348864190826545351e-02,1.222139744663518934e+00,4.675174729627131209e-01,-1.884343605445516073e-02,-1.069688070490012466e+00,-1.771653531196344389e-01,1.492327052756838235e+01,-6.086683497768217987e-05,2.469216551763449985e+01,0.000000000000000000e+00,0.000000000000000000e+00,1.492327052756838235e+01
2.209999999999905373e+00,3.446223198060919479e+00,-4.424824201653582700e-01,2.349722610728837563e-02,1.212725694521002540e+00,4.756649804427399153e-01,2.194436981082212648e-02,6.584381378897314896e+00,-3.013922225892594753e+01,6.429334227951919445e+01,-1.792140432377291748e-04,2.456782512998657353e+01,0.000000000000000000e+00,0.000000000000000000e+00,6.429334227951919445e+01
2.214999999999907043e+00,3.452293274418204660e+00,-4.401179862374248741e-01,2.350235527812458841e-02,1.214786173557053317e+00,4.709055203065585227e-01,-1.613050366476680847e-02,7.059536686540258899e+00,-3.019977918749320267e+01,6.521704733181294955e+01,-1.381594931939827270e-04,2.454505238617686302e+01,0.000000000000000000e+00,0.000000000000000000e+00,6.521704733181294955e+01
2.219999999999908713e+00,3.458348120227123346e+00,-4.377554941587611936e-01,2.349063458260624779e-02,1.206538570862296433e+00,4.762328244217453599e-01,1.819305744914866477e-02,5.635462695329856331e+00,-2.662551647774679608e+01,5.883212586383780263e+01,-1.119439604990776077e-04,2.442798475641891187e+01,0.000000000000000000e+00,0.000000000000000000e+00,5.883212586383780263e+01
2.224999999999910383e+00,3.464387592134330784e+00,-4.353916724662608706e-01,2.347963640417764786e-02,1.208702513841308557e+00,4.715005827887533973e-01,-1.973917164752157435e-02,-4.225004179914273550e+01,4.274876086227977368e+01,4.322182374661156814e+02,-6.285153484634304830e-05,2.440671571565804854e+01,0.000000000000000000e+00,0.000000000000000000e+00,4.322182374661156814e+02
2.229999999999912053e+00,3.470403599035984943e+00,-4.330126648642355636e-01,2.350125545866612112e-02,1.201569469505658017e+00,4.755661072156607827e-01,5.046954356346657240e-03,7.366903513024459116e+00,-3.138246054347434111e+01,6.390753239231182903e+01,-1.216605964111140692e-04,2.430200467998109204e+01,0.000000000000000000e+00,0.000000000000000000e+00,6.390753239231182903e+01
2.234999999999913722e+00,3.476410080864622554e+00,-4.306465493966055158e-01,2.349338986429300863e-02,1.198929120992582531e+00,4.758625546168724907e-01,4.702313035167618449e-03,2.170421998749819892e+00,-1.271082806663278930e+01,4.159231681318489393e+01,-6.739461803957971786e-05,2.423050354019312991e+01,0.000000000000000000e+00,0.000000000000000000e+00,4.159231681318489393e+01
2.239999999999915392e+00,3.482394632786800948e+00,-4.282649519011709760e-01,2.349950043334028682e-02,1.194087192730331815e+00,4.779770852708078999e-01,9.763109692780148202e-03,6.930896757012948939e+00,-2.984994478428812670e+01,6.207255559826632663e+01,-1.545873306345781767e-04,2.415415263592361583e+01,0.000000000000000000e+00,0.000000000000000000e+00,6.207255559826632663e+01
2.244999999999917062e+00,3.488369213274479019e+00,-4.258967780703780681e-01,2.348052755872855404e-02,1.192945090533742203e+00,4.740358478499426265e-01,2.463905296051993859e-03,-3.973383117013476351e+01,4.755034134408636248e+01,3.583863645985528592e+02,-5.380609518184503726e-05,2.408868511065274021e+01,0.000000000000000000e+00,0.000000000000000000e+00,3.583863645985528592e+02
2.249999999999918732e+00,3.494319598664158200e+00,-4.235094252123078884e-01,2.349014843982977913e-02,1.187485182347875812e+00,4.795119759527430858e-01,6.492496798200785360e-03,7.259178909182278261e+00,-2.985567178620123840e+01,5.954185224296021772e+01,-1.489862936782256585e-04,2.401569004639397775e+01,0.000000000000000000e+00,0.000000000000000000e+00,5.954185224296021772e+01
2.254999999999920401e+00,3.500255637052642310e+00,-4.211255196636699560e-01,2.349063066056093774e-02,1.186632192129111418e+00,4.749870594069230956e-01,-2.631596727716921380e-03,7.380008989880835202e+00,-3.192238806353912395e+01,7.042216551670450997e+01,-8.306979141278758583e-05,2.395357691500370834e+01,0.000000000000000000e+00,0.000000000000000000e+00,7.042216551670450997e+01
2.259999999999922071e+00,3.506177184018238524e+00,-4.187428135919186167e-01,2.348929012418224729e-02,1.182072136036478982e+00,4.789992917552938212e-01,3.414069988567296644e-03,5.605670684161722761e+00,-2.343317721233849937e+01,5.108370219029981740e+01,-7.984273002830440807e-05,2.387885083579978840e+01,0.000000000000000000e+00,0.000000000000000000e+00,5.108370219029981740e+01
2.264999999999923741e+00,3.512080505675556186e+00,-4.163530457353118996e-01,2.349140643242677781e-02,1.179267254013746768e+00,4.774472165703870230e-01,1.481268640165853481e-03,7.673452354566000722e+00,-3.208627856583549232e+01,6.818927255968222312e+01,-1.224648431053972086e-04,2.380846224267844491e+01,0.000000000000000000e+00,0.000000000000000000e+00,6.818927255968222312e+01
2.269999999999925411e+00,3.517969611377272710e+00,-4.139688458594973364e-01,2.349232215658490774e-02,1.174846942456129195e+00,4.799658778892161304e-01,8.424077474155262230e-03,3.367638416925726297e+00,-1.531645795658774034e+01,3.617955765584966343e+01,-3.734786934975545258e-05,2.373289877679105331e+01,0.000000000000000000e+00,0.000000000000000000e+00,3.617955765584966343e+01
2.274999999999927081e+00,3.523840765476813353e+00,-4.115744772097087445e-01,2.349367448468094727e-02,1.172041884664389855e+00,4.795629362153549513e-01,6.322727872045651176e-03,-3.146001777512137387e+00,3.039769709322017288e+00,1.818298247832296610e+01,-1.031318977038273021e-04,2.366275472655060952e+01,0.000000000000000000e+00,0.000000000000000000e+00,1.818298247832296610e+01
2.279999999999928750e+00,3.529694314484620676e+00,-4.091778792117540808e-01,2.348675037913294447e-02,1.169749870498387745e+00,4.802640745494095587e-01,-5.728922111709478480e-03,-3.683967959899581501e+01,3.463377048797731561e+01,3.818622380976580644e+02,-3.293996559354701870e-05,2.360861594117444184e+01,0.000000000000000000e+00,0.000000000000000000e+00,3.818622380976580644e+02
2.284999999999930420e+00,3.535527697882827169e+00,-4.067692852629730127e-01,2.348394935775056230e-02,1.166274276513249442e+00,4.799350085746406092e-01,-8.753665843393642135e-03,-3.928904253873062657e+01,3.520394061830099730e+01,4.007488888067874768e+02,-1.347288708349507827e-04,2.354144138502796935e+01,0.000000000000000000e+00,0.000000000000000000e+00,4.007488888067874768e+02
2.289999999999932090e+00,3.541345860915711796e+00,-4.043629877112807081e-01,2.348639996069240218e-02,1.163933749582074295e+00,4.804871949688266919e-01,-1.176984035499850645e-02,-4.279771895509844626e+01,4.900039276676113076e+01,3.901501077018806996e+02,-9.226910024900947249e-05,2.347710604249898125e+01,0.000000000000000000e+00,0.000000000000000000e+00,3.901501077018806996e+02
2.294999999999933760e+00,3.547143357071715464e+00,-4.019414827121389200e-01,2.348511799149187798e-02,1.157036356475043215e+00,4.855135370268658934e-01,2.449293630989008395e-03,-3.332670310220574095e+01,2.554484007544204260e+01,3.643875893008085995e+02,-2.261851635663417355e-04,2.338820112431493214e+01,0.000000000000000000e+00,0.000000000000000000e+00,3.643875893008085995e+02
2.299999999999935429e+00,3.552923860836227465e+00,-3.995228991144303965e-01,2.349243072743865957e-02,1.155295145319372496e+00,4.823116648146375529e-01,9.802762552749188021e-04,7.890428810908385771e+00,-3.206481966547548978e+01,6.974366829677558144e+01,-1.192504854309814344e-04,2.331969050796814713e+01,0.000000000000000000e+00,0.000000000000000000e+00,6.974366829677558144e+01
2.304999999999937099e+00,3.558692748048196464e+00,-3.971129046579629507e-01,2.349262508199966362e-02,1.152371280198167369e+00,4.838284224263202926e-01,-2.485092828530856279e-03,4.779385416712607082e+00,-1.922253042465833062e+01,4.123860601139526239e+01,-1.149790230178806497e-04,2.326055260827396509e+01,0.000000000000000000e+00,0.000000000000000000e+00,4.123860601139526239e+01
2.309999999999938769e+00,3.564445090780674619e+00,-3.946933143595091620e-01,2.349143561140812700e-02,1.150001878346645023e+00,4.818729018558495780e-01,-4.371183497803044285e-03,8.389258420364983593e+00,-3.273242433235490267e+01,7.068755735855960154e+01,-1.250049167149415441e-04,2.318933516605520850e+01,0.000000000000000000e+00,0.000000000000000000e+00,7.068755735855960154e+01
2.314999999999940439e+00,3.570181799329648076e+00,-3.922794775671403777e-01,2.348553588619077537e-02,1.144734092845132833e+00,4.851931670195212543e-01,1.831676982918703208e-03,-3.603700612639855905e+01,3.744576020827362584e+01,3.427428424135474074e+02,-7.293361933197314503e-05,2.311583244665301606e+01,0.000000000000000000e+00,0.000000000000000000e+00,3.427428424135474074e+02
2.319999999999942109e+00,3.575898720220030302e+00,-3.898520972821591934e-01,2.348494430647360062e-02,1.142362421737864286e+00,4.845699995742799304e-01,-7.697990420213674445e-04,-3.698634703020024261e+01,3.242367489430496619e+01,3.763050255658711762e+02,-1.268598071622120682e-04,2.304643486975601974e+01,0.000000000000000000e+00,0.000000000000000000e+00,3.763050255658711762e+02
2.324999999999943778e+00,3.581602169977174288e+00,-3.874345805149961297e-01,2.348849065726077087e-02,1.138422472207592406e+00,4.837026901182567284e-01,5.819266663433247597e-03,6.682852345691707718e-01,-5.165981723341724674e+00,1.026816832050491080e+01,-2.881687558281380290e-05,2.297593870100563862e+01,0.000000000000000000e+00,0.000000000000000000e+00,1.026816832050491080e+01
2.329999999999945448e+00,3.587287875929745962e+00,-3.850089345743885616e-01,2.349531781533074556e-02,1.135958884860321039e+00,4.847847947357853404e-01,1.563610212488165301e-03,8.376100462599877616e+00,-3.185196301988656131e+01,6.804212661699546061e+01,-2.427308933899258690e-04,2.290858052299827108e+01,0.000000000000000000e+00,0.000000000000000000e+00,6.804212661699546061e+01
2.334999999999947118e+00,3.592964266850050326e+00,-3.825967050558046756e-01,2.348496356244773875e-02,1.135020184489333506e+00,4.801497921924992585e-01,-7.307425689980569412e-03,-4.140586041710508169e+01,4.002768132366206544e+01,3.919535674147759892e+02,-1.058201324644781477e-04,2.285032488415158625e+01,0.000000000000000000e+00,0.000000000000000000e+00,3.919535674147759892e+02
2.339999999999948788e+00,3.598620371164483966e+00,-3.801768195319812360e-01,2.348717891469979946e-02,1.129542156848305279e+00,4.852520731517365737e-01,-3.866444023763592353e-03,-3.615721655713090854e+01,3.128116792364609822e+01,3.711813406134511979e+02,-8.893108647884187534e-05,2.278313489914332024e+01,0.000000000000000000e+00,0.000000000000000000e+00,3.711813406134511979e+02
2.344999999999950457e+00,3.604258673572416694e+00,-3.777511789212153470e-01,2.348643118361741153e-02,1.127565737040635341e+00,4.827801713624008118e-01,-5.882511018917754506e-03,-4.014751152798881861e+01,3.697117123362544078e+01,3.889042372617610681e+02,-1.204215609847767571e-04,2.271288314756775506e+01,0.000000000000000000e+00,0.000000000000000000e+00,3.889042372617610681e+02
2.349999999999952127e+00,3.609883560176762707e+00,-3.753314279412938159e-01,2.348371328647780309e-02,1.122878063141161453e+00,4.850760617283549903e-01,-2.697718670380690837e-04,-3.388650536002591451e+01,3.011832092457045462e+01,3.450982372593958303e+02,-4.319227087189701775e-05,2.264330252873535088e+01,0.000000000000000000e+00,0.000000000000000000e+00,3.450982372593958303e+02
2.354999999999953797e+00,3.615488984932211824e+00,-3.729044962884922598e-01,2.348745826728274380e-02,1.120699632150840230e+00,4.837460638863684270e-01,-3.548449337833383191e-03,-3.952738161817084261e+01,3.620911184364602065e+01,3.823373002344654878e+02,-2.017550863553044943e-04,2.257508613596541380e+01,0.000000000000000000e+00,0.000000000000000000e+00,3.823373002344654878e+02
2.359999999999955467e+00,3.621082299310282693e+00,-3.704845380361992402e-01,2.349065364194270408e-02,1.116767882922236499e+00,4.857412372307475801e-01,2.692871110167124882e-03,2.659112927506003921e+00,-1.264577773183784437e+01,4.022700118485133203e+01,-4.344252911899111613e-05,2.250341302990330661e+01,0.000000000000000000e+00,0.000000000000000000e+00,4.022700118485133203e+01
2.364999999999957137e+00,3.626654343500271160e+00,-3.680521445481745313e-01,2.349058793733934530e-02,1.112930640302056462e+00,4.864107601178663254e-01,-2.048423562681750756e-03,8.084255131491508095e+00,-3.007958856184514218e+01,6.253406010052757580e+01,-1.761149907390530817e-04,2.244161653395157430e+01,0.000000000000000000e+00,0.000000000000000000e+00,6.253406010052757580e+01
2.369999999999958806e+00,3.632211538272317242e+00,-3.656237497220221622e-01,2.349283208001686635e-02,1.109825716280089081e+00,4.856289844295893499e-01,4.516180945302612076e-03,7.565150298098838988e+00,-2.937239909405311522e+01,6.775442053834328249e+01,-1.107739350249704186e-04,2.236560583219367970e+01,0.000000000000000000e+00,0.000000000000000000e+00,6.775442053834328249e+01
2.374999999999960476e+00,3.637752520931266442e+00,-3.631904750109780644e-01,2.349537271264971056e-02,1.105225119222772223e+00,4.886687093881312838e-01,8.030228422342904071e-03,7.064888256093714958e+00,-2.544436318584646273e+01,5.151842955260293166e+01,-9.607816879570363518e-05,2.229919667947839912e+01,0.000000000000000000e+00,0.000000000000000000e+00,5.151842955260293166e+01
2.379999999999962146e+00,3.643278818793555196e+00,-3.607605260572244177e-01,2.348813874210318314e-02,1.104308683756127785e+00,4.850088626792541935e-01,-2.015875156416685032e-03,-3.891888319171103205e+01,3.542650378838308001e+01,3.726390206221977337e+02,-7.283756184887912877e-05,2.224099140858831092e+01,0.000000000000000000e+00,0.000000000000000000e+00,3.726390206221977337e+02
2.384999999999963816e+00,3.648787534522238030e+00,-3.583238873156305848e-01,2.348895556057625095e-02,1.101160516841226622e+00,4.862500600895882097e-01,-6.700733938238271313e-03,8.658285333144412732e+00,-3.049597267228751463e+01,6.129400270271086981e+01,-1.470554112143656125e-04,2.218223410957450881e+01,0.000000000000000000e+00,0.000000000000000000e+00,6.129400270271086981e+01
2.389999999999965485e+00,3.654278015086113385e+00,-3.558869584560463983e-01,2.350141209927892813e-02,1.097433487664855267e+00,4.860539688904202960e-01,-1.828618640970826499e-03,8.519894329580706582e+00,-3.100576185030649867e+01,6.496323803650246020e+01,-7.641041155850045001e-05,2.211052958817299086e+01,0.000000000000000000e+00,0.000000000000000000e+00,6.496323803650246020e+01
2.394999999999967155e+00,3.659758549773032055e+00,-3.534563406695811483e-01,2.348524356891576806e-02,1.092182204344247509e+00,4.897465651746782389e-01,1.257898678109703634e-02,-2.618044077849685181e+01,1.890907119283378535e+01,3.022304183611455528e+02,-9.260521016186723693e-05,2.202677818381441455e+01,0.000000000000000000e+00,0.000000000000000000e+00,3.022304183611455528e+02
2.399999999999968825e+00,3.665219410334622729e+00,-3.510221929461538881e-01,2.348339505474216632e-02,1.093519118103979393e+00,4.827154536299640974e-01,-1.618709790716831715e-02,-4.407113677766793813e+01,4.093406002591339643e+01,4.122094344529793943e+02,-7.832509693385912575e-05,2.199560367507509895e+01,0.000000000000000000e+00,0.000000000000000000e+00,4.122094344529793943e+02
2.404999999999970495e+00,3.670663674636112539e+00,-3.485874675851070581e-01,2.349411881870231561e-02,1.088088436823341221e+00,4.869507874305891715e-01,-2.635785104587102298e-03,7.656293129459906588e+00,-2.697196951949871391e+01,5.782070873207980810e+01,-8.227489610136348719e-05,2.191311791592734792e+01,0.000000000000000000e+00,0.000000000000000000e+00,5.782070873207980810e+01
2.409999999999972164e+00,3.676093724164851473e+00,-3.461526264221874150e-01,2.349049776254396801e-02,1.084372619697153706e+00,4.870052011300909922e-01,-6.455127889624350489e-03,3.718792352227064946e+00,-1.674230975285574274e+01,4.391175933524802133e+01,-3.658649723227956618e-05,2.185214217010260995e+01,0.000000000000000000e+00,0.000000000000000000e+00,4.391175933524802133e+01
2.414999999999973834e+00,3.681502943401581796e+00,-3.437090215743077160e-01,2.348753988566409587e-02,1.080799788245973225e+00,4.883970287361957818e-01,-1.031339335788412958e-03,-3.739522084621361131e+01,3.222460928610616548e+01,3.665021159057988029e+02,-1.759785482787889349e-04,2.177712464503243694e+01,0.000000000000000000e+00,0.000000000000000000e+00,3.665021159057988029e+02
2.419999999999975504e+00,3.686897527700585542e+00,-3.412640680534712589e-01,2.348824888751367343e-02,1.076962680854365306e+00,4.895160914334035773e-01,3.744775372320020401e-03,8.312922077962809908e+00,-2.935382676966007764e+01,6.506318281719669017e+01,-7.410451269507581373e-05,2.170683972534748207e+01,0.000000000000000000e+00,0.000000000000000000e+00,6.506318281719669017e+01
2.424999999999977174e+00,3.692273269315449635e+00,-3.388174000580868039e-01,2.349154142081200103e-02,1.072508823498490305e+00,4.910593412923561774e-01,7.822962406077072287e-03,5.053468839192211348e+00,-1.738305006727408397e+01,3.387039728937075722e+01,-1.502816746548401791e-05,2.164059540841963525e+01,0.000000000000000000e+00,0.000000000000000000e+00,3.387039728937075722e+01
2.429999999999978844e+00,3.697633166028450269e+00,-3.363675437387416700e-01,2.349067033302746840e-02,1.071487574099778461e+00,4.884094781108438976e-01,-3.977712030563691770e-03,9.137838932088593324e+00,-3.164613768198578470e+01,6.781417818222438143e+01,-1.070435334042055958e-04,2.158545937280672788e+01,0.000000000000000000e+00,0.000000000000000000e+00,6.781417818222438143e+01
2.434999999999980513e+00,3.702979746966196917e+00,-3.339246117239956790e-01,2.348447260089080516e-02,1.067057268479203236e+00,4.902043408053138318e-01,1.578696235615313160e-03,-3.273230339343843553e+01,2.655670529028951066e+01,3.394361545341886881e+02,-2.630932981144765148e-05,2.151534933815886319e+01,0.000000000000000000e+00,0.000000000000000000e+00,3.394361545341886881e+02
2.439999999999982183e+00,3.708308911172279565e+00,-3.314763620556507862e-01,2.347862505557730267e-02,1.064527259498905698e+00,4.888438096646103848e-01,-1.833042379571072928e-03,-3.597825467539432509e+01,2.883170102299271775e+01,3.580879365004594206e+02,-9.473042230079622983e-05,2.145286174144401059e+01,0.000000000000000000e+00,0.000000000000000000e+00,3.580879365004594206e+02
2.444999999999983853e+00,3.713622258065139903e+00,-3.290300774855450250e-01,2.347970967688283242e-02,1.062177307659629477e+00,4.892122415919194500e-01,-6.456928049227289579e-03,-3.697606609860282845e+01,3.198044258308719634e+01,3.696737188107792917e+02,-5.817460880635366705e-05,2.139441332625755621e+01,0.000000000000000000e+00,0.000000000000000000e+00,3.696737188107792917e+02
2.449999999999985523e+00,3.718914963488019865e+00,-3.265730967966146148e-01,2.348535474513722965e-02,1.056990258133239324e+00,4.914479292401775501e-01,-3.754627579965247666e-03,-3.508921129655061577e+01,2.542300207142594815e+01,3.668536433877761169e+02,-1.695772801074066360e-04,2.132613132163990599e+01,0.000000000000000000e+00,0.000000000000000000e+00,3.668536433877761169e+02
2.454999999999987192e+00,3.724190414693433482e+00,-3.241169423934070482e-01,2.349465966603508926e-02,1.054303899446649595e+00,4.900435595525223231e-01,1.239421369491845205e-03,8.731281168331035403e+00,-3.021003427691004006e+01,6.778152666831648787e+01,-1.556732907983405384e-04,2.125535783366731124e+01,0.000000000000000000e+00,0.000000000000000000e+00,6.778152666831648787e+01
2.459999999999988862e+00,3.729451303655012318e+00,-3.216583894164919410e-01,2.349900979626860439e-02,1.049124236717405179e+00,4.938901785765402730e-01,2.990156091457852900e-03,4.526253099586294404e+00,-1.664552942285517290e+01,3.861654856999825824e+01,-1.144265618472004292e-04,2.119358465460382845e+01,0.000000000000000000e+00,0.000000000000000000e+00,3.861654856999825824e+01
2.464999999999990532e+00,3.734690936988219523e+00,-3.191930585430515777e-01,2.349540342684254546e-02,1.045797376674266532e+00,4.936685138329747757e-01,7.158615120317721181e-03,8.833678287273775354e+00,-3.039795532872439310e+01,6.639570762930095782e+01,-9.271706716609991183e-05,2.112225113624004180e+01,0.000000000000000000e+00,0.000000000000000000e+00,6.639570762930095782e+01
2.469999999999992202e+00,3.739918879088451220e+00,-3.167333107845886064e-01,2.349105902053802430e-02,1.043298949150366139e+00,4.933260451159480753e-01,3.647719526153005501e-03,7.571105896787596379e+00,-2.462550984057385861e+01,4.886306408101475540e+01,-7.488419778040153636e-05,2.106481787795000216e+01,0.000000000000000000e+00,0.000000000000000000e+00,4.886306408101475540e+01
2.474999999999993872e+00,3.745131266647066415e+00,-3.142745838581026963e-01,2.348769426987648914e-02,1.041092339456147098e+00,4.908690320934924745e-01,3.516370771644479758e-04,-3.401533190866612699e+01,2.526433628093249695e+01,3.465092026061785191e+02,-8.756695585538862292e-05,2.100324017330213167e+01,0.000000000000000000e+00,0.000000000000000000e+00,3.465092026061785191e+02
2.479999999999995541e+00,3.750328559979630771e+00,-3.118187103952399508e-01,2.349006435873457130e-02,1.038689009346323910e+00,4.911913751834771080e-01,-4.091237257143092582e-03,7.469655247723499869e+00,-2.484199900239876513e+01,5.601190473149405591e+01,-5.298738249383131219e-05,2.094592976409607843e+01,0.000000000000000000e+00,0.000000000000000000e+00,5.601190473149405591e+01
2.484999999999997211e+00,3.755508336523153190e+00,-3.093584331194445536e-01,2.349058758823278567e-02,1.033266276395498728e+00,4.933688069502010776e-01,7.463121653504784653e-03,8.943455868294005739e+00,-2.983466177923655138e+01,6.287972192248854242e+01,-5.544888900619639183e-05,2.086924253392770368e+01,0.000000000000000000e+00,0.000000000000000000e+00,6.287972192248854242e+01
2.489999999999998881e+00,3.760673230730958938e+00,-3.068997755027886298e-01,2.348693460541282849e-02,1.031507813637948967e+00,4.922566241460533676e-01,-4.710080934730955134e-03,-3.368083918471678118e+01,2.381802755356784829e+01,3.574947043484413030e+02,-7.980264477970176393e-05,2.082056773202091549e+01,0.000000000000000000e+00,0.000000000000000000e+00,3.574947043484413030e+02
2.495000000000000551e+00,3.765820147312803012e+00,-3.044383804054945353e-01,2.348967486440374508e-02,1.028508380944319178e+00,4.910857007981502820e-01,-1.647785858910993625e-04,9.136024761897907354e+00,-3.049604349793385083e+01,6.745994162958777451e+01,-9.306462222242149751e-05,2.074972032097369379e+01,0.000000000000000000e+00,0.000000000000000000e+00,6.745994162958777451e+01
2.500000000000002220e+00,3.770953128387268372e+00,-3.019812551149158031e-01,2.348803809739048731e-02,1.024277734593268097e+00,4.933603111597479329e-01,2.680728544811065463e-03,-3.158195648856229099e+01,2.221496019928911991e+01,3.373965703214586256e+02,-1.231095879310210774e-04,2.068631594424563502e+01,0.000000000000000000e+00,0.000000000000000000e+00,3.373965703214586256e+02
2.505000000000003890e+00,3.776069952561025733e+00,-2.995212352527594768e-01,2.348928099904967759e-02,1.022609294865992169e+00,4.905949352735911040e-01,-1.161967504432461157e-03,9.452831691249606649e+00,-3.097321197104217205e+01,6.942977355204024548e+01,-1.806396686275368174e-04,2.062320956717336173e+01,0.000000000000000000e+00,0.000000000000000000e+00,6.942977355204024548e+01
2.510000000000005560e+00,3.781174219833642880e+00,-2.970698099884124255e-01,2.349147328402114918e-02,1.018365940161333194e+00,4.919257996506068431e-01,2.894325132425627865e-03,-8.391963493652692119e-01,1.029070848829698459e-01,9.439842437039743572e+00,-4.698759999561402667e-05,2.056131912129554706e+01,0.000000000000000000e+00,0.000000000000000000e+00,9.439842437039743572e+00
2.515000000000007230e+00,3.786256525874603707e+00,-2.946085026291407338e-01,2.348968534732874189e-02,1.015730234971419899e+00,4.911297183144657241e-01,-2.281772543872464046e-03,9.912370212695087446e+00,-3.171457600316240288e+01,6.593542259627568569e+01,-1.266129620084033985e-04,2.050170738504498757e+01,0.000000000000000000e+00,0.000000000000000000e+00,6.593542259627568569e+01
2.520000000000008900e+00,3.791328868438363475e+00,-2.921582031052291639e-01,2.348135033530750898e-02,1.013907975165169173e+00,4.889674276028779243e-01,-4.869110870095260009e-03,-2.688626404670510794e+01,1.716659459407364352e+01,3.291657217463524034e+02,-6.843273380409756190e-06,2.044389432657233385e+01,0.000000000000000000e+00,0.000000000000000000e+00,3.291657217463524034e+02
2.525000000000010569e+00,3.796383633333846319e+00,-2.897057078768863758e-01,2.348583378593138357e-02,1.011618595086788197e+00,4.879435367188421635e-01,-1.123904263694126653e-02,-4.007053022144022236e+01,3.213804022197092536e+01,3.872308613654489591e+02,-1.572135886181397040e-04,2.038912104572495920e+01,0.000000000000000000e+00,0.000000000000000000e+00,3.872308613654489591e+02
2.530000000000012239e+00,3.801425104786652742e+00,-2.872588879523546024e-01,2.349319937717469706e-02,1.008566844181362887e+00,4.867269830369129191e-01,-6.551586714804606866e-03,9.090018096495432687e+00,-2.979851370137061650e+01,6.767819703024733258e+01,-6.646975672072903685e-05,2.032153236036359090e+01,0.000000000000000000e+00,0.000000000000000000e+00,6.767819703024733258e+01
2.535000000000013909e+00,3.806453545768946789e+00,-2.848194287208746789e-01,2.349609267469109780e-02,1.003459696612184038e+00,4.892447328689573105e-01,4.643452786472349221e-03,8.174383270162621784e+00,-2.546579995370183980e+01,5.123702089333954746e+01,-1.040553345660105624e-04,2.025043617473092894e+01,0.000000000000000000e+00,0.000000000000000000e+00,5.123702089333954746e+01
2.540000000000015579e+00,3.811467990917077220e+00,-2.823812681193988428e-01,2.349280948340665143e-02,1.001506577109788187e+00,4.872801651459512384e-01,8.099080736623002433e-04,8.605559681546276707e+00,-2.835337940848535965e+01,6.596896432151669387e+01,-1.080076168277835369e-04,2.018978391700252928e+01,0.000000000000000000e+00,0.000000000000000000e+00,6.596896432151669387e+01
2.545000000000017248e+00,3.816465627983647302e+00,-2.799422744366729110e-01,2.349602018940634765e-02,9.970898688242164631e-01,4.889341648339687874e-01,3.043982286200097673e-03,6.811480828669736809e+00,-2.229134123256230282e+01,4.869471503659153200e+01,-5.180248594618616642e-05,2.012985613459127165e+01,0.000000000000000000e+00,0.000000000000000000e+00,4.869471503659153200e+01
2.550000000000018918e+00,3.821446060023665048e+00,-2.775012507784621052e-01,2.349277117781184074e-02,9.936328673205830908e-01,4.898003977352129445e-01,6.592145540735519504e-03,7.720399102702022454e+00,-2.468001439643234818e+01,5.713192749665084591e+01,-1.068155854348686734e-04,2.006262245118485765e+01,0.000000000000000000e+00,0.000000000000000000e+00,5.713192749665084591e+01
2.555000000000020588e+00,3.826410901483729088e+00,-2.750602690666519856e-01,2.348579921268496504e-02,9.911893189405260873e-01,4.886306646948261334e-01,-6.815256173093663106e-03,-3.583449501575307039e+01,2.621102276376666396e+01,3.578371632970660130e+02,-4.056771784679939763e-05,2.001710890168529033e+01,0.000000000000000000e+00,0.000000000000000000e+00,3.578371632970660130e+02
2.560000000000022258e+00,3.831352258436247382e+00,-2.726047178041025587e-01,2.349320934604166508e-02,9.867346598206682140e-01,4.913271018446074279e-01,3.693006414892570800e-03,9.579556788246419430e+00,-2.967818223791567789e+01,6.468859757220346296e+01,-1.604344734484827728e-04,1.994229122845825586e+01,0.000000000000000000e+00,0.000000000000000000e+00,6.468859757220346296e+01
2.565000000000023928e+00,3.836282477464795004e+00,-2.701583468252597431e-01,2.349485189084082187e-02,9.837397972736209306e-01,4.898608387839521461e-01,7.475136765445852816e-03,8.394366524068480828e+00,-2.741946576411385195e+01,6.468142285238072020e+01,-5.806577879745138115e-05,1.987889163459377784e+01,0.000000000000000000e+00,0.000000000000000000e+00,6.468142285238072020e+01
2.570000000000025597e+00,3.841193247644882458e+00,-2.677044573414144590e-01,2.348606521325372759e-02,9.789369723824931091e-01,4.935133313669816668e-01,8.920341208854867462e-03,-2.961352460078617455e+01,1.921205824136284690e+01,3.188696607404430097e+02,-1.386179651517640155e-04,1.981695899728922683e+01,0.000000000000000000e+00,0.000000000000000000e+00,3.188696607404430097e+02
2.575000000000027267e+00,3.846089893731821974e+00,-2.652526987803592307e-01,2.347988673007853772e-02,9.785858918250647243e-01,4.888714002596887265e-01,-2.706527113093516995e-03,-3.642356701850168577e+01,2.730313651878417858e+01,3.579795323242875611e+02,-1.097936994154981305e-04,1.976463368397291021e+01,0.000000000000000000e+00,0.000000000000000000e+00,3.579795323242875611e+02
2.580000000000028937e+00,3.850968117918713407e+00,-2.628012567544286138e-01,2.349204537643594798e-02,9.748982237674198581e-01,4.903127353298618041e-01,-1.107657893460956867e-02,6.203046262788998177e+00,-1.806247450404108434e+01,3.527252475139121657e+01,-4.979160639956162551e-05,1.972167300715948457e+01,0.000000000000000000e+00,0.000000000000000000e+00,3.527252475139121657e+01
2.585000000000030607e+00,3.855825337719686274e+00,-2.603397037750325160e-01,2.350395298513514863e-02,9.698512727685991708e-01,4.921388752667420485e-01,7.050369315025395434e-03,9.832350719554321827e+00,-3.013926698696588957e+01,6.635265116689794240e+01,-2.108978645851532913e-04,1.963783362489518680e+01,0.000000000000000000e+00,0.000000000000000000e+00,6.635265116689794240e+01
2.590000000000032276e+00,3.860680272359715115e+00,-2.578995383087328563e-01,2.347061208115908473e-02,9.690158036827303256e-01,4.888796707261927055e-01,-1.793639468735582550e-03,-3.376114013688390258e+01,2.593160536620431245e+01,3.410088504127479041e+02,-7.175591917360675531e-05,1.958452837234629129e+01,0.000000000000000000e+00,0.000000000000000000e+00,3.410088504127479041e+02
2.595000000000033946e+00,3.865507264220272354e+00,-2.554457247488515215e-01,2.350502492844235361e-02,9.652112036315104726e-01,4.891466419434226109e-01,-3.194991830832749277e-03,9.290362156433831231e+00,-2.805236630262344733e+01,5.847980947104284866e+01,-1.389352431016759124e-04,1.953231811410257635e+01,0.000000000000000000e+00,0.000000000000000000e+00,5.847980947104284866e+01
2.600000000000035616e+00,3.870329284934046044e+00,-2.530078770249672981e-01,2.347922689180994768e-02,9.610278463889101452e-01,4.896222578104601486e-01,9.609257033732252623e-03,-3.187435988693174238e+01,2.242945013955172584e+01,3.181430589624649770e+02,-2.732249163753773524e-05,1.945543993998301602e+01,0.000000000000000000e+00,0.000000000000000000e+00,3.181430589624649770e+02
2.605000000000037286e+00,3.875127005643403955e+00,-2.505543630806259525e-01,2.348350413544749229e-02,9.602487398371675198e-01,4.890723847285485260e-01,-1.590303140215333991e-02,-3.748210592911125616e+01,2.555647338386578937e+01,3.894550035591551023e+02,-1.359470144941961854e-04,1.942656608666276341e+01,0.000000000000000000e+00,0.000000000000000000e+00,3.894550035591551023e+02
2.610000000000038956e+00,3.879907258863411368e+00,-2.480984861681873044e-01,2.350117602608686740e-02,9.551952481983160270e-01,4.898239499855711054e-01,3.057777606583518028e-03,9.712803070923563098e+00,-2.966075374912903939e+01,6.793197656015230734e+01,-1.252858213962072809e-04,1.934386737321257854e+01,0.000000000000000000e+00,0.000000000000000000e+00,6.793197656015230734e+01
2.615000000000040625e+00,3.884681923978252183e+00,-2.456618686047597477e-01,2.348260527440810749e-02,9.516411564924764921e-01,4.896596060470315703e-01,7.599039105004268442e-03,-2.807044599070357904e+01,1.856484552635554053e+01,3.007367281172157050e+02,-5.821213722047215849e-05,1.928346041641762554e+01,0.000000000000000000e+00,0.000000000000000000e+00,3.007367281172157050e+02
2.620000000000042295e+00,3.889438021639194165e+00,-2.432198390808490152e-01,2.348345820858417990e-02,9.526953384648731982e-01,4.846292745292838378e-01,-1.545982602834434019e-02,-4.091731724633073952e+01,3.121089345470227983e+01,3.916752096145182236e+02,-1.625404132357555903e-04,1.924651363925820036e+01,0.000000000000000000e+00,0.000000000000000000e+00,3.916752096145182236e+02
2.625000000000043965e+00,3.894178863317467432e+00,-2.407831420911313025e-01,2.350231453658516503e-02,9.470825897857144682e-01,4.865099108711671283e-01,3.168127111350135892e-03,8.871930657336186243e+00,-2.726024546109087510e+01,6.369768993101110510e+01,-1.461568493273633640e-05,1.917078368585950443e+01,0.000000000000000000e+00,0.000000000000000000e+00,6.369768993101110510e+01
2.630000000000045635e+00,3.898906669239970757e+00,-2.383454577259330742e-01,2.347387713761921180e-02,9.422013096357012563e-01,4.900551573321246246e-01,5.726124533446923758e-03,-3.101643668507853135e+01,1.987616831519901694e+01,3.267607543496657740e+02,-1.597214239843402963e-04,1.910517418635576803e+01,0.000000000000000000e+00,0.000000000000000000e+00,3.267607543496657740e+02
2.635000000000047304e+00,3.903612318909424506e+00,-2.359026513623079246e-01,2.349738900032091043e-02,9.424187335528021459e-01,4.846447789019305286e-01,-8.966136630405024607e-03,1.041665821243712209e+01,-3.086432191955609383e+01,6.888984948062605440e+01,-1.694608268825760489e-04,1.906334648209077187e+01,0.000000000000000000e+00,0.000000000000000000e+00,6.888984948062605440e+01
2.640000000000048974e+00,3.908309661212252095e+00,-2.334754619963271827e-01,2.349472562388984359e-02,9.362106890485059063e-01,4.882906810934898867e-01,8.606410533995492024e-03,5.438449204233833711e+00,-1.604461233707047185e+01,3.316979836330325071e+01,-7.870413687879472715e-05,1.899128440994568479e+01,0.000000000000000000e+00,0.000000000000000000e+00,3.316979836330325071e+01
2.645000000000050644e+00,3.912989325658546402e+00,-2.310398797614515165e-01,2.349002641197003513e-02,9.341102679904909056e-01,4.872920688862446559e-01,2.930527722180912339e-03,9.722564154182396834e+00,-2.837171315794170567e+01,6.419482238208111369e+01,-1.672782006321912873e-04,1.893453046286732189e+01,0.000000000000000000e+00,0.000000000000000000e+00,6.419482238208111369e+01
2.650000000000052314e+00,3.917654897846190032e+00,-2.286087367141445559e-01,2.348717787222766654e-02,9.305593875980575636e-01,4.879328577517070276e-01,5.254110777627963962e-03,-2.493999430134293505e+01,1.406741749818407783e+01,2.960922992122175970e+02,-6.217196457307264459e-05,1.887703715008564131e+01,0.000000000000000000e+00,0.000000000000000000e+00,2.960922992122175970e+02
2.655000000000053983e+00,3.922298543718148789e+00,-2.261702767776782863e-01,2.348367588927732091e-02,9.264089665578737476e-01,4.884496320137372005e-01,6.155493400852649413e-03,-3.107078173820276845e+01,1.907226635553798388e+01,3.248294733627909068e+02,-1.786041380659724592e-04,1.881478756819883102e+01,0.000000000000000000e+00,0.000000000000000000e+00,3.248294733627909068e+02
2.660000000000055653e+00,3.926928897637889104e+00,-2.237391288071815254e-01,2.349150668392301425e-02,9.239458854391953135e-01,4.866617948975516805e-01,8.238850097571781203e-03,8.848725988092152051e+00,-2.674338020188938359e+01,6.344971990133887374e+01,-3.796111654683076431e-05,1.875806222610476937e+01,0.000000000000000000e+00,0.000000000000000000e+00,6.344971990133887374e+01
2.665000000000057323e+00,3.931541824965638199e+00,-2.213025712152447422e-01,2.348489650082570199e-02,9.194354166350432456e-01,4.894344501758044474e-01,8.563203928288290120e-03,-2.868052383662319116e+01,1.647313690476502046e+01,3.123878743498294739e+02,-1.351914860275094717e-04,1.870003670307319510e+01,0.000000000000000000e+00,0.000000000000000000e+00,3.123878743498294739e+02
2.670000000000058993e+00,3.936141839263041842e+00,-2.188718152681830564e-01,2.347617272729077276e-02,9.193855793155022438e-01,4.846132343310327606e-01,-3.492299658147807444e-03,-3.568988466102544521e+01,2.486764021016886517e+01,3.514136538988515213e+02,-1.251596653062871795e-04,1.865080958516047360e+01,0.000000000000000000e+00,0.000000000000000000e+00,3.514136538988515213e+02
2.675000000000060663e+00,3.940723843330404375e+00,-2.164401692082116857e-01,2.348484513346535060e-02,9.147662067102391159e-01,4.869563697909518041e-01,-4.325807753912918295e-03,-3.092723888861992521e+01,1.810054120164714675e+01,3.356845918260794974e+02,-2.134721870265463006e-05,1.860067400026375850e+01,0.000000000000000000e+00,0.000000000000000000e+00,3.356845918260794974e+02
2.680000000000062332e+00,3.945287032163016239e+00,-2.140024882114091032e-01,2.348617801929353543e-02,9.107948700229078209e-01,4.882704144570498839e-01,4.239491944691614611e-03,-2.988715149548277239e+01,1.805196172864843263e+01,3.223099572105966786e+02,-1.309772568373421958e-04,1.853330599392399236e+01,0.000000000000000000e+00,0.000000000000000000e+00,3.223099572105966786e+02
2.685000000000064002e+00,3.949837199970837709e+00,-2.115698773343434869e-01,2.349045357652942284e-02,9.093529644034852311e-01,4.850279468733583177e-01,-1.428983786550437184e-03,-3.556512922010248268e+00,2.915052660144682228e+00,1.811123344249080702e+01,-6.447822877547922105e-05,1.848291053209555201e+01,0.000000000000000000e+00,0.000000000000000000e+00,1.811123344249080702e+01
2.690000000000065672e+00,3.954370205135474770e+00,-2.091374986577094475e-01,2.349090612761608673e-02,9.044351283069826941e-01,4.876502535431678775e-01,5.898283563013440381e-03,9.633314491011251590e+00,-2.680751640149978954e+01,5.802369017691425057e+01,-1.688699986199444260e-04,1.841967136154937990e+01,0.000000000000000000e+00,0.000000000000000000e+00,5.802369017691425057e+01
2.695000000000067342e+00,3.958890775264115813e+00,-2.067086900337196942e-01,2.348985832131397083e-02,9.025757917562726718e-01,4.868020162151294739e-01,-9.256772897120360121e-04,4.557540860933189997e+00,-1.429260464736966085e+01,4.250453904584091447e+01,-1.113476374869394603e-04,1.836990138855548338e+01,0.000000000000000000e+00,0.000000000000000000e+00,4.250453904584091447e+01
2.700000000000069011e+00,3.963392333657998812e+00,-2.042740350598326038e-01,2.348906484185023236e-02,8.981937731259881375e-01,4.871254950400373263e-01,-8.952983116388775649e-04,5.921480069955764591e+00,-1.860601712139372310e+01,4.612172339200947135e+01,-1.923516234459288904e-04,1.831504448218190717e+01,0.000000000000000000e+00,0.000000000000000000e+00,4.612172339200947135e+01
2.705000000000070681e+00,3.967877592139501086e+00,-2.018436317404925795e-01,2.348611343740574647e-02,8.961027589908021618e-01,4.851259173816130921e-01,1.046094621621948811e-03,-3.194148780624623640e+01,1.929569183665195808e+01,3.338378038616817207e+02,-2.133908021278909523e-04,1.825341510867669825e+01,0.000000000000000000e+00,0.000000000000000000e+00,3.338378038616817207e+02
2.710000000000072351e+00,3.972350059762573160e+00,-1.994159512286963198e-01,2.349070323685700096e-02,8.926782411530448380e-01,4.867870972743387759e-01,1.033284816406169863e-03,7.324687112038738235e+00,-2.079010998179357728e+01,5.088337525155341723e+01,-9.141930660873376358e-05,1.820160581652012866e+01,0.000000000000000000e+00,0.000000000000000000e+00,5.088337525155341723e+01
2.715000000000074021e+00,3.976804629172664640e+00,-1.969859226153400089e-01,2.348825880075493602e-02,8.891463225479301347e-01,4.858615477032874885e-01,1.598039704076478860e-03,1.001047341096514032e+01,-2.798539246316294538e+01,6.030639715008705792e+01,-1.723486382616736673e-04,1.814460678635813196e+01,0.000000000000000000e+00,0.000000000000000000e+00,6.030639715008705792e+01
2.720000000000075691e+00,3.981246679878387429e+00,-1.945650153992257991e-01,2.348831993759774306e-02,8.869709359045008235e-01,4.837768800040174177e-01,3.532508994537119935e-03,-2.230409404403230766e+00,1.184833796250273075e+00,2.080449412294078115e+01,-6.690067811342473303e-05,1.808808333458645023e+01,0.000000000000000000e+00,0.000000000000000000e+00,2.080449412294078115e+01
2.725000000000077360e+00,3.985672769416599426e+00,-1.921411003390339212e-01,2.349018861715806983e-02,8.845539246187983373e-01,4.836542377504564061e-01,-4.479485559954603582e-03,1.077042566550413838e+01,-2.878169916583377841e+01,5.862188348202645471e+01,-1.078021525852002754e-04,1.804221412231383681e+01,0.000000000000000000e+00,0.000000000000000000e+00,5.862188348202645471e+01
2.730000000000079030e+00,3.990086432001849204e+00,-1.897258980689387475e-01,2.348622112945144766e-02,8.818555566622198194e-01,4.816342007180375862e-01,-2.464853393134311486e-03,-2.641775885682373470e+01,1.261347407132432252e+01,3.167284402685008331e+02,-2.455832025447142464e-05,1.798508149120524990e+01,0.000000000000000000e+00,0.000000000000000000e+00,3.167284402685008331e+02
2.735000000000080700e+00,3.994483581027901575e+00,-1.873088939384461304e-01,2.348654143861914415e-02,8.786532337886872046e-01,4.830130735038386525e-01,-3.317173447980818323e-03,-3.262912671972978984e+01,1.965992375275594739e+01,3.433109972255861067e+02,-2.202376157279793169e-04,1.792901781644644643e+01,0.000000000000000000e+00,0.000000000000000000e+00,3.433109972255861067e+02
2.740000000000082370e+00,3.998868181118610199e+00,-1.848983516560504803e-01,2.348774611100655149e-02,8.762272351675312043e-01,4.805444004069427955e-01,-1.402620441266014652e-03,-3.354639989148604684e+01,2.150875560459319047e+01,3.368444275941453725e+02,-1.539284245574232962e-04,1.787026045088657966e+01,0.000000000000000000e+00,0.000000000000000000e+00,3.368444275941453725e+02
2.745000000000084039e+00,4.003239047796801842e+00,-1.824939691318606394e-01,2.348312761882653810e-02,8.725881726654600712e-01,4.820768864023151079e-01,-1.035814961489281774e-02,-2.938636607182948879e+01,1.595428991637627192e+01,3.357805167284764707e+02,-5.173469663087158950e-05,1.783067966388620107e+01,0.000000000000000000e+00,0.000000000000000000e+00,3.357805167284764707e+02
2.750000000000085709e+00,4.007585226914547327e+00,-1.800761059329292479e-01,2.349756626609939697e-02,8.693631232477039283e-01,4.813573147699744537e-01,-2.938215624914519101e-03,1.186967250692775089e+01,-3.164278457153903190e+01,6.713924776363190006e+01,-2.386177768518291716e-04,1.776421925814426217e+01,0.000000000000000000e+00,0.000000000000000000e+00,6.713924776363190006e+01
2.755000000000087379e+00,4.011925536268724279e+00,-1.776761688253176430e-01,2.349330989039444956e-02,8.647707660550764119e-01,4.815332004816202938e-01,1.301192729968882016e-02,9.157817951920694810e+00,-2.628783776301864705e+01,6.518166176679361001e+01,-1.268921468816162218e-04,1.769483750704985425e+01,0.000000000000000000e+00,0.000000000000000000e+00,6.518166176679361001e+01
2.760000000000089049e+00,4.016254384565092650e+00,-1.752846606953419317e-01,2.347228140728402704e-02,8.641159294379172628e-01,4.789966040346699816e-01,-7.144914340303652051e-03,-3.041455026600427658e+01,1.808344785908531449e+01,3.295373416143750660e+02,-4.711061787658859905e-05,1.766270405576435820e+01,0.000000000000000000e+00,0.000000000000000000e+00,3.295373416143750660e+02
2.765000000000090719e+00,4.020558251036672637e+00,-1.728810334879037625e-01,2.349813104869320421e-02,8.608569385358949555e-01,4.787068770351682323e-01,-1.052840149537813321e-03,1.140280213680195942e+01,-3.038184337336218732e+01,6.592380703891016935e+01,-2.214058335381987892e-04,1.760002378140242740e+01,0.000000000000000000e+00,0.000000000000000000e+00,6.592380703891016935e+01
2.770000000000092388e+00,4.024857414087454011e+00,-1.704954705363700140e-01,2.349117558263212960e-02,8.583945589824559796e-01,4.765817046514160826e-01,1.138074456086191153e-03,9.816265141852952070e+00,-2.754478767310371268e+01,6.651158562730675783e+01,-1.175340487474911544e-04,1.754265531274832668e+01,0.000000000000000000e+00,0.000000000000000000e+00,6.651158562730675783e+01
2.775000000000094058e+00,4.029140570159948531e+00,-1.681112329712317333e-01,2.348442043403077897e-02,8.540263891894369630e-01,4.790823667661099905e-01,6.150521599337543293e-04,-2.826178347910594724e+01,1.526547508530442876e+01,3.125898479895890887e+02,-6.672088015106242276e-05,1.749315104497962636e+01,0.000000000000000000e+00,0.000000000000000000e+00,3.125898479895890887e+02
2.780000000000095728e+00,4.033403117838560981e+00,-1.657181626204687064e-01,2.349029222701928127e-02,8.504371304821127797e-01,4.788616093225657733e-01,7.366420323246816726e-03,1.042551259107482409e+01,-2.831046034740434436e+01,6.538874620668572391e+01,-1.985781260207073601e-04,1.742936029522451946e+01,0.000000000000000000e+00,0.000000000000000000e+00,6.538874620668572391e+01
2.785000000000097398e+00,4.037656181600906891e+00,-1.633383442886213455e-01,2.348631490869856897e-02,8.503480105300293967e-01,4.741317516842833424e-01,-5.511662445180063458e-03,-2.808405490765569112e+01,1.443841378218482063e+01,3.218555983157315836e+02,-5.740839178100358431e-05,1.739017954596821625e+01,0.000000000000000000e+00,0.000000000000000000e+00,3.218555983157315836e+02
2.790000000000099067e+00,4.041891108144763933e+00,-1.609542240808116143e-01,2.348931451875804766e-02,8.441328783483343923e-01,4.790673178351017580e-01,7.377038486383281565e-03,8.140664209486764946e+00,-2.148502959066322759e+01,4.944567442703717575e+01,-1.298914114048830681e-04,1.732685032323944085e+01,0.000000000000000000e+00,0.000000000000000000e+00,4.944567442703717575e+01
2.795000000000100737e+00,4.046109313087741910e+00,-1.585691372042072056e-01,2.349134277672956100e-02,8.424459758580237212e-01,4.761223968505539639e-01,-5.402237155212002946e-05,1.060943567316395786e+01,-2.827231976809818192e+01,6.164007675794321983e+01,-2.127731947405685914e-04,1.727813684188308230e+01,0.000000000000000000e+00,0.000000000000000000e+00,6.164007675794321983e+01
