time,x,y,z,vx,vy,vz,Fx,Fy,Fz,min_contact_distance,mechanical_energy,base_load,left_edge_load,right_edge_load
0.000000000000000000e+00,8.000000000000000000e+00,0.000000000000000000e+00,3.868565916282395101e+00,3.579383314800978155e+00,0.000000000000000000e+00,-1.785501354164807930e+00,0.000000000000000000e+00,0.000000000000000000e+00,0.000000000000000000e+00,0.000000000000000000e+00,8.887029569943473462e+02,0.000000000000000000e+00,0.000000000000000000e+00,0.000000000000000000e+00
1.000000000000000194e-02,8.035793833148005660e+00,-6.284237544249921097e-39,3.850171352740746844e+00,3.579383314800978155e+00,-6.284237544249920847e-36,-1.883601354164808228e+00,0.000000000000000000e+00,0.000000000000000000e+00,0.000000000000000000e+00,0.000000000000000000e+00,8.886936937885419638e+02,0.000000000000000000e+00,0.000000000000000000e+00,0.000000000000000000e+00
2.000000000000001082e-02,8.071587666296011321e+00,-1.301154902613102717e-36,3.830795789199098689e+00,3.579383314800978155e+00,-3.399427341049573486e-34,-1.981701354164808970e+00,0.000000000000000000e+00,0.000000000000000000e+00,0.000000000000000000e+00,0.000000000000000000e+00,8.886844305827361268e+02,0.000000000000000000e+00,0.000000000000000000e+00,0.000000000000000000e+00
3.000000000000001971e-02,8.107381499444016981e+00,-7.082738160317226270e-36,3.810439225657450635e+00,3.579383314800978155e+00,-3.118304833800444936e-34,-2.079801354164807936e+00,0.000000000000000000e+00,0.000000000000000000e+00,0.000000000000000000e+00,0.000000000000000000e+00,8.886751673769308582e+02,0.000000000000000000e+00,0.000000000000000000e+00,0.000000000000000000e+00
4.000000000000002859e-02,8.143175332592022642e+00,-1.198817123246231406e-35,3.789101662115802682e+00,3.579383314800978155e+00,-5.291094866985344860e-34,-2.177901354164806680e+00,0.000000000000000000e+00,0.000000000000000000e+00,0.000000000000000000e+00,0.000000000000000000e+00,8.886659041711252485e+02,0.000000000000000000e+00,0.000000000000000000e+00,0.000000000000000000e+00
5.000000000000003747e-02,8.178969165740028302e+00,-1.873038805582287572e-35,3.766783098574154831e+00,3.579383314800978155e+00,-1.075758467455310236e-33,-2.276001354164805424e+00,0.000000000000000000e+00,0.000000000000000000e+00,0.000000000000000000e+00,0.000000000000000000e+00,8.886566409653197525e+02,0.000000000000000000e+00,0.000000000000000000e+00,0.000000000000000000e+00
6.000000000000004635e-02,8.214864892746751579e+00,2.777330366542696315e-04,3.744419629381106951e+00,3.571299601157999160e+00,2.067664835772599075e-01,-1.859109602431575414e+00,-2.237918117450902628e+03,-1.196474306782413635e+02,3.451830818598398764e+03,-1.611093358895199007e-03,8.671292916768003352e+02,3.978806366337739291e+03,9.272398578021046660e+02,5.232376072982127653e+02
7.000000000000004829e-02,8.249506697822624801e+00,2.576102511847492595e-03,3.728779442697661484e+00,3.418400188791757888e+00,2.837086288024810998e-01,-1.470461111161051049e+00,2.517160300036214715e-01,-5.305029388073694875e-03,5.767417692209515501e-01,-1.363752295428643114e-04,8.432108609900792544e+02,6.284991143741707198e-01,0.000000000000000000e+00,0.000000000000000000e+00
8.000000000000005718e-02,8.283768566183049131e+00,5.407733973619932577e-03,3.713534322082639783e+00,3.433684915460250675e+00,2.831582721523024371e-01,-1.568926104372410535e+00,0.000000000000000000e+00,0.000000000000000000e+00,0.000000000000000000e+00,0.000000000000000000e+00,8.431879460616469260e+02,0.000000000000000000e+00,0.000000000000000000e+00,0.000000000000000000e+00
9.000000000000006606e-02,8.318125498372925364e+00,8.238757173618429727e-03,3.697340820668440386e+00,3.434892844487523966e+00,2.830335330778444014e-01,-1.660286552833843965e+00,0.000000000000000000e+00,0.000000000000000000e+00,0.000000000000000000e+00,0.000000000000000000e+00,8.431733951529718070e+02,0.000000000000000000e+00,0.000000000000000000e+00,0.000000000000000000e+00
1.000000000000000749e-01,8.352464229190635692e+00,1.101291951805630047e-02,3.680213095374771815e+00,3.432313882338908329e+00,2.531082507704894291e-01,-1.756671684628449137e+00,1.418992332690229752e+01,-1.065740768615978995e+00,3.298510547626753464e+01,-8.648824209794179693e-04,8.431345367344306396e+02,3.588245496697700077e+01,0.000000000000000000e+00,0.000000000000000000e+00
1.100000000000000838e-01,8.386773245379165687e+00,1.340108275586242986e-02,3.662122826822368449e+00,3.435821509092972459e+00,2.479461208942038419e-01,-1.853218502407562029e+00,6.583498794896312845e+00,-1.145286284884175776e-01,1.508935494225815077e+01,-1.270006938667784298e-04,8.430263468692721744e+02,1.644282303408761692e+01,0.000000000000000000e+00,0.000000000000000000e+00
1.200000000000000927e-01,8.421160770785274252e+00,1.593614848355716374e-02,3.643065370983484375e+00,3.438963976256041555e+00,3.049446029186962392e-01,-1.943853186616453677e+00,1.056549358595988650e+02,-6.529253817029697871e+00,2.404220010957760678e+02,-2.712871471072498229e-04,8.429732304944981252e+02,2.623080984484948317e+02,0.000000000000000000e+00,0.000000000000000000e+00
1.300000000000000877e-01,8.456556786917706958e+00,1.925234469015593350e-02,3.625843624026209522e+00,3.584137816451903547e+00,2.658514990368749942e-01,-1.602634603118544110e+00,1.170876624536245814e+01,-2.563408364815426554e-01,2.668775018267204757e+01,-3.555297046086073991e-04,8.388941463416930446e+02,5.494171494509539677e+00,0.000000000000000000e+00,2.361343454732604030e+01
1.400000000000000966e-01,8.492505076428463084e+00,2.184310059876952079e-02,3.609262860585027877e+00,3.595034895468499858e+00,3.135105582000931590e-01,-1.701773399008120746e+00,1.636160223566545824e+01,4.006044252093277080e+00,5.302939937593191644e+01,-6.933900760004653614e-04,8.387998376661239490e+02,5.599616051054236721e+01,0.000000000000000000e+00,0.000000000000000000e+00
1.500000000000001055e-01,8.528465737423012172e+00,2.547609881577363525e-02,3.591726359352042319e+00,3.595091251427565915e+00,3.742432326078648508e-01,-1.795090207866943954e+00,0.000000000000000000e+00,0.000000000000000000e+00,0.000000000000000000e+00,0.000000000000000000e+00,8.387493711630909274e+02,0.000000000000000000e+00,0.000000000000000000e+00,0.000000000000000000e+00
1.600000000000001144e-01,8.564427570065184625e+00,2.911242709001742382e-02,3.573250638186270312e+00,3.594322191646587505e+00,3.244738462464763495e-01,-1.889662229161584550e+00,8.996956708459169505e+00,-2.917924412182926752e-01,2.060888779614771238e+01,-2.195067301012305124e-04,8.387269455177778354e+02,1.384488417389169967e+01,0.000000000000000000e+00,8.614805890351647122e+00
1.700000000000001232e-01,8.600379177535097952e+00,3.132930791111160351e-02,3.553919162180184443e+00,3.608633184731124821e+00,3.006101082619967446e-01,-1.949679437091572209e+00,2.038198209609244600e+02,-1.339212907386699491e+01,4.647228900405681884e+02,-4.737249259563994664e-04,8.384797857932061333e+02,5.068481533569615181e+02,0.000000000000000000e+00,0.000000000000000000e+00
1.800000000000001321e-01,8.637408674961752908e+00,3.434756707189752511e-02,3.536215393759126524e+00,3.750867722498216761e+00,1.906969062633691592e-01,-1.678980659957168609e+00,1.288281993500572753e+01,-7.187774917963488663e-01,2.943447380795506163e+01,-4.303551069641891290e-04,8.354797880113026167e+02,1.573811263267644378e+01,1.635301713122371936e+01,0.000000000000000000e+00
1.900000000000001410e-01,8.674883711677690457e+00,3.712852159154316628e-02,3.518921439113238847e+00,3.753569017515259620e+00,3.137767124673165875e-01,-1.775330984426370273e+00,0.000000000000000000e+00,0.000000000000000000e+00,0.000000000000000000e+00,0.000000000000000000e+00,8.354395459337772536e+02,0.000000000000000000e+00,0.000000000000000000e+00,0.000000000000000000e+00
2.000000000000001499e-01,8.712398111544684909e+00,4.034040603162009769e-02,3.500660829615795500e+00,3.751903133922935840e+00,3.472081316685516339e-01,-1.869011804260926946e+00,5.116036340274841443e+00,-9.628313494001880524e-02,1.181535682664853759e+01,-5.730755919257216925e-05,8.354198141003337241e+02,1.211774260852078910e+01,7.415300392010977237e-01,0.000000000000000000e+00
2.100000000000001588e-01,8.749930345634270523e+00,4.405387978764453011e-02,3.481455606916957546e+00,3.721403917248728543e+00,5.149016445005013543e-01,-1.945526108064649540e+00,2.149257110803759829e+01,3.812612891031880724e-01,5.241955802487985494e+01,-7.389607859669832142e-04,8.338306852366438306e+02,5.658266156120363632e+01,0.000000000000000000e+00,0.000000000000000000e+00
2.200000000000001676e-01,8.787500476228228052e+00,4.704931646937119544e-02,3.461394085600306703e+00,3.734574470366514021e+00,1.276279528977678213e-01,-2.025912115455914542e+00,4.346777158107326500e+01,-1.135779331796521685e+00,1.009885934954967581e+02,-4.437692215575742612e-04,8.336591246258776664e+02,7.987589171659861620e+01,2.993334094679924107e+01,0.000000000000000000e+00
2.300000000000001765e-01,8.824653107083859638e+00,5.012423952334682520e-02,3.443091356214444509e+00,3.718684371825929702e+00,4.535004665041713068e-01,-1.752612738089545541e+00,3.283072949271883090e+00,-1.606537786560249814e-01,7.550098005112379163e+00,-2.251384207477686011e-04,8.169986697963274764e+02,0.000000000000000000e+00,0.000000000000000000e+00,8.222989749007712845e+00
2.400000000000001854e-01,8.861850132047475626e+00,5.379974994223157142e-02,3.425130062429165179e+00,3.697476310552484158e+00,2.885739059018855301e-01,-1.821679634581021556e+00,6.525328954532636949e+00,-1.095791815255261897e-01,1.509524363726363028e+01,-4.950176196143879492e-05,8.169108915339022587e+02,1.642440818534440439e+01,0.000000000000000000e+00,0.000000000000000000e+00
2.500000000000001665e-01,8.898930184979883862e+00,5.658790593610640157e-02,3.406359426665484413e+00,3.721681056177719160e+00,3.040442730872479071e-01,-1.925140391441374943e+00,2.656900596918885071e+01,-9.227272458810302780e-01,6.146242644586946824e+01,-5.583125540044460954e-04,8.168122367668927382e+02,3.479796180950611983e+01,1.524461193314646579e+01,1.683417948785920970e+01
2.600000000000001754e-01,8.936528866006893779e+00,6.002684341315667887e-02,3.387760900529409369e+00,3.806943078979279527e+00,2.555207914986721840e-01,-1.743367459711559597e+00,0.000000000000000000e+00,0.000000000000000000e+00,0.000000000000000000e+00,0.000000000000000000e+00,8.140968896251215483e+02,0.000000000000000000e+00,0.000000000000000000e+00,0.000000000000000000e+00
2.700000000000001843e-01,8.974609999967995577e+00,6.339151164208524369e-02,3.369874448477934159e+00,3.812908733873281886e+00,3.914663213920538398e-01,-1.829496099695854916e+00,0.000000000000000000e+00,0.000000000000000000e+00,0.000000000000000000e+00,0.000000000000000000e+00,8.140639638809693679e+02,0.000000000000000000e+00,0.000000000000000000e+00,0.000000000000000000e+00
2.800000000000001932e-01,9.012727066219447636e+00,6.774937594476877767e-02,3.351058783177491396e+00,3.813706819395741743e+00,4.865667715871109800e-01,-1.925101693734012853e+00,0.000000000000000000e+00,0.000000000000000000e+00,0.000000000000000000e+00,0.000000000000000000e+00,8.140374963630985121e+02,0.000000000000000000e+00,0.000000000000000000e+00,0.000000000000000000e+00
2.900000000000002021e-01,9.050872628008182375e+00,7.184419321986676432e-02,3.331296929939068896e+00,3.808405725428486654e+00,3.123320908113280114e-01,-2.014353655684957278e+00,6.873390126235397801e+00,6.198599503587541582e-02,1.586557472211491060e+01,-8.916708489091311474e-05,8.139252443621111297e+02,2.443122315093916974e+00,0.000000000000000000e+00,1.482622369270552554e+01
3.000000000000002109e-01,9.089604092504577793e+00,7.520638346220186177e-02,3.311932305641601015e+00,3.935941830221157733e+00,4.511874014480896089e-01,-1.838063151259390793e+00,5.158050730879685908e+00,-2.427434691542649514e-01,1.190768374900506466e+01,-3.526546014333377995e-04,8.125910618219645585e+02,1.296150594688583979e+01,0.000000000000000000e+00,0.000000000000000000e+00
3.100000000000002198e-01,9.128948738474081281e+00,7.964969238618256619e-02,3.293066963399762237e+00,3.934639791754833471e+00,3.848441939885024476e-01,-1.928649504193702180e+00,1.412964162840819604e+01,4.537840034032504910e+00,3.863043681396523255e+01,-5.136546347540731951e-04,8.125346265251621389e+02,4.159659274598232059e+01,0.000000000000000000e+00,0.000000000000000000e+00
3.200000000000002287e-01,9.168334701944223397e+00,8.285380599885540376e-02,3.273259198097354883e+00,3.940758474003471790e+00,3.587315479232306981e-01,-2.020404601602883154e+00,2.339674879537916397e+01,-9.161446272550833880e-01,5.388410325075563634e+01,-2.092555931192180071e-04,8.124786884449370064e+02,5.707859470593841422e+01,1.598317385897154885e+00,0.000000000000000000e+00
3.300000000000002376e-01,9.208093796739001746e+00,8.693155024441044654e-02,3.253352732976080297e+00,4.027379718863030256e+00,3.775488980205944367e-01,-1.910556219733092975e+00,2.363603923540517471e+01,-4.151377077658139902e-01,5.446897998643379424e+01,-1.093044244102876848e-04,8.114644574377513209e+02,4.770058428216573532e+01,1.160464089092638318e+01,0.000000000000000000e+00
3.400000000000002465e-01,9.248389602531657872e+00,9.078415882440227236e-02,3.233740305077528188e+00,4.031482360721004632e+00,3.844953574451072664e-01,-2.004886776183155028e+00,5.999446531534570859e+00,-1.542946434507803943e-02,1.384760358279670101e+01,-8.985814809455783606e-05,8.114411825792205946e+02,1.237368812643641647e+01,1.303510610258142632e+00,1.396171994101935487e+00
3.500000000000002554e-01,9.288804891380630480e+00,9.460099826815732138e-02,3.213326825875976844e+00,4.085200715434113228e+00,3.813405138389813764e-01,-1.995651514848393981e+00,5.001730915844934344e+01,-7.716850223966881250e-01,1.156299572117068806e+02,-1.853636599499031232e-04,8.108334681891032005e+02,7.592031596281366035e+01,0.000000000000000000e+00,4.991045626079981901e+01
3.600000000000002642e-01,9.329865300448863863e+00,9.814474696364992867e-02,3.193586352410931806e+00,4.117165079649120152e+00,3.439893950449714466e-01,-2.009089055061342943e+00,2.358811618476464034e+00,1.062252269483806577e-01,5.455623996188750269e+00,-2.870590608442793665e-05,8.102888243214117665e+02,5.936544370233042933e+00,0.000000000000000000e+00,0.000000000000000000e+00
3.700000000000002731e-01,9.371026675839411624e+00,1.016144602070224584e-01,3.172983501042323518e+00,4.117202259521301144e+00,3.532580697631784172e-01,-2.102598283243823030e+00,5.649834177687597325e+00,8.474309936302309998e-02,1.305463187823810500e+01,-7.936728598377344734e-05,8.102486086872921760e+02,1.420785727547514199e+01,0.000000000000000000e+00,0.000000000000000000e+00
3.800000000000002820e-01,9.412644953361015254e+00,1.051427819289060261e-01,3.152489034806021717e+00,4.181926947883620294e+00,3.514922149687551012e-01,-2.050218158004603275e+00,5.502381487358721124e+00,2.683511084870040531e-01,1.267760657321210083e+01,-8.256441966666278054e-06,8.094866317020409952e+02,9.210839453978152847e+00,0.000000000000000000e+00,4.592059412967643084e+00
3.900000000000002909e-01,9.454572789574015701e+00,1.086488852121858251e-01,3.131718782529746115e+00,4.221756559027455502e+00,3.496307000778743346e-01,-2.045361241636146854e+00,1.188810513489818455e+01,1.913905104520765010e-01,2.742523385923856694e+01,-4.429976580518253659e-05,8.089748524198687392e+02,2.985368103835265785e+01,0.000000000000000000e+00,0.000000000000000000e+00
4.000000000000002998e-01,9.496850370908470396e+00,1.121373855721384122e-01,3.110793993523151002e+00,4.250109384385766020e+00,3.566464479692135758e-01,-2.088066856781924940e+00,3.519084276503475621e+02,1.339921055464503796e+00,8.153156756296325511e+02,-1.131836074778809226e-04,8.086592172656902449e+02,4.623498184173817549e+02,1.874567591623132046e+02,2.370912397043860551e+02
4.100000000000003086e-01,9.539522415669216215e+00,1.156380569032515460e-01,3.089852927571463237e+00,4.269564745636178493e+00,3.598341396706000173e-01,-2.137117481934483809e+00,1.110253905166146282e+01,-1.290828478137973356e-01,2.563932706196208855e+01,-6.851016097104132598e-05,8.084332408990958356e+02,2.790545745891274976e+01,0.000000000000000000e+00,0.000000000000000000e+00
4.200000000000003175e-01,9.582526489051426566e+00,1.191441123204156766e-01,3.068676476959861787e+00,4.320427075448343146e+00,3.177649185587360092e-01,-2.144247344068718863e+00,1.765080411582437847e+01,1.508031575961094051e-02,4.083271990381329886e+01,-9.181970024023248036e-05,8.079351348817261851e+02,4.442773697988302217e+01,0.000000000000000000e+00,0.000000000000000000e+00
4.300000000000003264e-01,9.625860653395518440e+00,1.226336673760316243e-01,3.047238656651544808e+00,4.366791087322192233e+00,3.307021810883111756e-01,-2.168043553480304642e+00,3.911362949406010898e+02,3.879699183204649682e+00,9.079304683725400764e+02,-1.323613853423711868e-04,8.075019906682745159e+02,4.421263722043269127e+02,2.817241322502024445e+02,2.634730264618435740e+02
4.400000000000003353e-01,9.669702076000346480e+00,1.261027373094017190e-01,3.026002986217807056e+00,4.380750330895408773e+00,3.527765852680155856e-01,-2.157615248517364748e+00,4.977440900163740523e+00,-4.343706571411729556e+00,1.718294748955832318e+01,-6.638526545382165273e-05,8.070615568798913273e+02,1.838577909877471583e+01,0.000000000000000000e+00,0.000000000000000000e+00
4.500000000000003442e-01,9.713681630670107481e+00,1.296407537988486791e-01,3.004083838790298167e+00,4.431660642784514437e+00,3.481229582187272964e-01,-2.151160066608352128e+00,1.015419207923381073e+01,2.415559995954108530e-01,2.370246547606071630e+01,-6.172416500454017650e-05,8.064441725931915244e+02,0.000000000000000000e+00,1.789157927368336587e+01,7.860682247042356963e+00
4.600000000000003531e-01,9.758092393196749370e+00,1.331584767643379519e-01,2.982279880200124467e+00,4.458527655134695955e+00,3.502785889860695612e-01,-2.195270145379302651e+00,2.196542506301530651e+01,3.255583525771775233e-01,5.107894526691093517e+01,-1.070303118376454785e-04,8.061458756806969177e+02,4.072602858782931889e+01,8.138323176507720191e+00,6.666199791824531040e+00
4.700000000000003619e-01,9.802867806271272855e+00,1.366570311473127852e-01,2.960321918678120667e+00,4.494882039759915848e+00,3.618043156478497058e-01,-2.205796021993812417e+00,2.050771143293840382e+01,1.110154548945528619e-01,4.760535919800580729e+01,-1.717128552250770344e-04,8.053526228925201167e+02,3.997425498002903765e+01,1.179444398188212517e+01,0.000000000000000000e+00
4.800000000000003708e-01,9.847951697649079961e+00,1.403264358605006423e-01,2.938207502237880853e+00,4.528733131559690150e+00,3.734482250442289208e-01,-2.209807769116370224e+00,7.204003489913707980e+00,3.897635322737743602e-01,1.675671951899726508e+01,-1.268495662167911774e-04,8.048675857795851698e+02,1.821425732266346387e+01,0.000000000000000000e+00,0.000000000000000000e+00
4.900000000000003797e-01,9.893341366298546546e+00,1.438846779772310069e-01,2.915781225500814422e+00,4.557321805724875219e+00,3.827306228228916640e-01,-2.234939167186843711e+00,3.633816414491181490e+01,1.451480825111097772e+00,8.483884101770389918e+01,-4.960604384431771541e-05,8.044512720344775971e+02,9.216736070842846118e+01,0.000000000000000000e+00,0.000000000000000000e+00
5.000000000000003331e-01,9.939159765180212602e+00,1.473986029676458698e-01,2.893339550922704451e+00,4.597651839998854406e+00,3.633909754044521434e-01,-2.231858757928776971e+00,1.830592827005745349e+01,3.934297093115636801e-01,4.285346062759570174e+01,-1.507441700575970923e-04,8.039141353094076976e+02,4.031327320802144953e+01,1.580936975946006573e+00,4.644276404072586573e+00
5.100000000000003419e-01,9.985249693602142429e+00,1.510427238943299055e-01,2.870639169312068084e+00,4.625903842208123784e+00,4.067331157862123514e-01,-2.245731450570377596e+00,1.644254645595124842e+01,2.286945796021135902e-01,3.844561806252178116e+01,-8.176910821562958197e-05,8.034602924468044876e+02,1.150269128674201546e+01,1.248001223672037696e+01,1.777508940753216393e+01
5.200000000000003508e-01,1.003175164760464710e+01,1.546366370841267823e-01,2.847856255473646403e+00,4.683980777862705835e+00,3.234856176323468446e-01,-2.278211102203114180e+00,7.424230898277828672e+00,1.996043737552971875e-01,1.736424061564542853e+01,-4.194723470212846986e-05,8.030012422327082504e+02,1.316706034091932587e+01,3.223926961871315555e+00,2.468318917643604227e+00
5.300000000000003597e-01,1.007859001806053456e+01,1.582385945326942323e-01,2.824890552066608773e+00,4.699553686181761059e+00,4.013230733384252624e-01,-2.267281103381770357e+00,1.177886821815670615e+01,3.471764038033003930e-01,2.760611988508130921e+01,-5.739557938917293906e-05,8.024660146836299646e+02,2.997345646836765098e+01,0.000000000000000000e+00,0.000000000000000000e+00
5.400000000000003686e-01,1.012571702848504707e+01,1.618661453718070464e-01,2.801640795829599462e+00,4.723820306984115369e+00,3.376862397305533392e-01,-2.371108222457931625e+00,4.667939847059530507e+02,1.732838101389334895e+01,1.096840819665551635e+03,-9.701607791242402440e-05,8.024142061807469872e+02,7.615507306118327051e+02,1.519601152944190972e+02,2.768375712654685685e+02
5.500000000000003775e-01,1.017327852775770403e+01,1.655826037152374197e-01,2.778491131685811855e+00,4.770954573677526511e+00,3.373242969281507464e-01,-2.356866988427781973e+00,0.000000000000000000e+00,0.000000000000000000e+00,0.000000000000000000e+00,0.000000000000000000e+00,8.017571711371691663e+02,0.000000000000000000e+00,0.000000000000000000e+00,0.000000000000000000e+00
5.600000000000003864e-01,1.022116911222061120e+01,1.691906265356788175e-01,2.755041228150164834e+00,4.813099138675599242e+00,3.517834063755393426e-01,-2.341377615008444657e+00,0.000000000000000000e+00,0.000000000000000000e+00,0.000000000000000000e+00,0.000000000000000000e+00,8.011064408196223212e+02,0.000000000000000000e+00,0.000000000000000000e+00,0.000000000000000000e+00
5.700000000000003952e-01,1.026931929802133325e+01,1.728610134342020155e-01,2.731219994922648109e+00,4.847765153879714184e+00,3.562976185969037868e-01,-2.360779267199226705e+00,3.808607080522397723e+02,1.621068992883262538e+01,8.962847055229428861e+02,-7.580440196785468050e-05,8.006031971225221469e+02,4.956966442144599796e+02,2.511105789557524588e+02,2.255982098174830526e+02
5.800000000000004041e-01,1.031794183291933109e+01,1.765542415804319809e-01,2.707603592986234986e+00,4.863466201691222679e+00,3.821220915935047979e-01,-2.404373662727938399e+00,7.771178521823174812e+00,3.295465495858643790e-01,2.713075408020599610e+01,-5.296188320434800506e-05,8.003247902643884117e+02,0.000000000000000000e+00,9.275664260547952011e+00,1.901131368031547453e+01
5.900000000000004130e-01,1.036683030539693817e+01,1.802610496915021954e-01,2.683555271024471001e+00,4.922830215671373466e+00,3.559072438634712787e-01,-2.381743519535830078e+00,3.183958080801907009e+00,1.710213283151318653e-01,7.520589481872605120e+00,-6.618317045444053331e-06,7.995187348653853405e+02,8.154329771341982891e+00,0.000000000000000000e+00,0.000000000000000000e+00
6.000000000000004219e-01,1.041608625947019640e+01,1.839002838055409372e-01,2.659350640910621788e+00,4.978185657524398344e+00,3.396754222575426030e-01,-2.405051125902859521e+00,2.790104431140784769e+01,1.026629841406562438e+00,6.597523183072146935e+01,-1.624744511868456056e-04,7.989913014339854271e+02,7.152521784067398869e+01,0.000000000000000000e+00,0.000000000000000000e+00
6.100000000000004308e-01,1.046564528086196688e+01,1.876860920221921081e-01,2.635050368511164365e+00,4.983419632147962908e+00,3.851989327461191048e-01,-2.414007956453493531e+00,8.324827588936024370e+00,4.282131734637348308e-01,1.971012123448277720e+01,-6.625172728110884438e-05,7.984473254361630552e+02,1.586479525518373990e+01,0.000000000000000000e+00,5.497724563886400517e+00
6.200000000000004396e-01,1.051560536810226942e+01,1.914698087353667866e-01,2.610695220278471229e+00,5.000060199286601836e+00,3.859719262939181328e-01,-2.445550073773138156e+00,2.428163017934644952e+00,4.746935301553188713e-02,5.742713170784224275e+00,-1.304158017481540227e-05,7.980624496595918345e+02,6.225671337159992547e+00,0.000000000000000000e+00,0.000000000000000000e+00
6.300000000000004485e-01,1.056586294807506299e+01,1.952246016172886622e-01,2.586122904431295222e+00,5.056796877225358422e+00,3.908213331436929949e-01,-2.419967834481547175e+00,4.969298253544701005e+00,1.366803948446301820e-01,1.178032861253784169e+01,-3.452897173913905757e-05,7.964525895912323676e+02,7.021210598002026515e+00,4.004677247964124831e+00,1.740044993732151601e+00
6.400000000000004574e-01,1.061643787085570168e+01,1.990181368858045530e-01,2.561398483397323123e+00,5.054298415307042269e+00,3.774864179687111299e-01,-2.513288152833723643e+00,0.000000000000000000e+00,0.000000000000000000e+00,0.000000000000000000e+00,0.000000000000000000e+00,7.964016116368682106e+02,0.000000000000000000e+00,0.000000000000000000e+00,0.000000000000000000e+00
6.500000000000004663e-01,1.066735573289731143e+01,2.028497907516629561e-01,2.536528558530739996e+00,5.111255999617995371e+00,3.843542375109425535e-01,-2.488099955331286584e+00,3.982277376276733172e+00,2.980577080615673391e-01,9.483464213904960971e+00,-4.392219897036888504e-05,7.955927074070525578e+02,0.000000000000000000e+00,4.981004860396896383e+00,5.287792363948442542e+00
6.600000000000004752e-01,1.071852877970431273e+01,2.066878999908353665e-01,2.511304429593329335e+00,5.174240222551975243e+00,3.409890117752719108e-01,-2.495729671609285827e+00,7.087015789182491687e+01,4.663115612883717453e+00,1.688198219297894127e+02,-9.464587195666417964e-05,7.948976731580615933e+02,1.630865794008033731e+02,1.970053132902678783e+01,0.000000000000000000e+00
6.700000000000004841e-01,1.077015211217902824e+01,2.104663808522898305e-01,2.486115274477744830e+00,5.196469220682356394e+00,3.109600848220951397e-01,-2.568744095448741049e+00,2.189771799871127556e+01,9.226265795008016246e-01,5.205481528347726794e+01,-1.045456085828359773e-04,7.945361483574240538e+02,5.291605757893201201e+01,3.464317038546545824e+00,0.000000000000000000e+00
6.800000000000004929e-01,1.082216526991779482e+01,2.142757216295601008e-01,2.460813756764105964e+00,5.208205751017484175e+00,3.683139704610671195e-01,-2.531484979841754690e+00,2.663189627184747366e+01,1.395811678611706741e+00,6.354590346808468837e+01,-3.560332621510037699e-04,7.937820649792977292e+02,6.274205546938827638e+01,6.044059663128695803e+00,0.000000000000000000e+00
6.900000000000005018e-01,1.087431942713562094e+01,2.182266107120862664e-01,2.435041594834939538e+00,5.222906452568223834e+00,3.514141501530903544e-01,-2.610129692537127788e+00,4.590960487595680206e+02,2.634657657144726528e+01,1.099175915731831537e+03,-2.218823481068968925e-04,7.935873165084134371e+02,1.189205014182220339e+03,0.000000000000000000e+00,0.000000000000000000e+00
7.000000000000005107e-01,1.092707228014824317e+01,2.227006957143623511e-01,2.410431546405347181e+00,5.369641427570031489e+00,1.667389196159010101e-01,-2.410505652281524469e+00,1.950273872751406401e+01,1.166672229124711135e+00,4.727721173854929759e+01,-7.222774082428242131e-04,7.792716894764441804e+02,3.875924356125344872e+01,1.229051343883086744e+01,0.000000000000000000e+00
7.100000000000005196e-01,1.097985310449336005e+01,2.265229835274187031e-01,2.386525848937514294e+00,5.282852810326118309e+00,4.643267198442534438e-01,-2.430638724382567339e+00,0.000000000000000000e+00,0.000000000000000000e+00,0.000000000000000000e+00,0.000000000000000000e+00,7.790397259292265062e+02,0.000000000000000000e+00,0.000000000000000000e+00,0.000000000000000000e+00
7.200000000000005285e-01,1.103260925698417694e+01,2.314870408387508238e-01,2.361740786313501150e+00,5.239153569221320694e+00,5.356266785042437251e-01,-2.505034915691237707e+00,0.000000000000000000e+00,0.000000000000000000e+00,0.000000000000000000e+00,0.000000000000000000e+00,7.789896809222758520e+02,0.000000000000000000e+00,0.000000000000000000e+00,0.000000000000000000e+00
7.300000000000005373e-01,1.108491775829855897e+01,2.368050337238547798e-01,2.336224822452880545e+00,5.222665747564980698e+00,5.425686382438836830e-01,-2.590746561319732688e+00,5.326204666655342201e+00,4.022720396739065118e-01,1.274625140800474199e+01,-8.248603354862904004e-05,7.789688873607350388e+02,0.000000000000000000e+00,1.379015378451912355e+01,0.000000000000000000e+00
7.400000000000005462e-01,1.113702274767228317e+01,2.424565949635462958e-01,2.309850249985769377e+00,5.212413886004972241e+00,5.673618940322929793e-01,-2.680730001447657163e+00,0.000000000000000000e+00,0.000000000000000000e+00,0.000000000000000000e+00,0.000000000000000000e+00,7.789507647718622820e+02,0.000000000000000000e+00,0.000000000000000000e+00,0.000000000000000000e+00
7.500000000000005551e-01,1.118920761173539091e+01,2.480885190174127730e-01,2.282487633650215120e+00,5.245427249361664934e+00,5.256738548674645406e-01,-2.791419645408523831e+00,2.041581743188195475e+01,9.183432941876351618e-01,4.906405742347783416e+01,-4.058636266929295522e-04,7.787713793488485408e+02,5.190337793279459788e+01,0.000000000000000000e+00,1.136267146879185175e+00
7.600000000000005640e-01,1.124251255637245706e+01,2.528366321049534959e-01,2.255288930304202744e+00,5.448917097668409149e+00,4.725717197683766413e-01,-2.473683985214457426e+00,5.473881349686747200e+01,3.239946936678919975e+00,1.326014872876463073e+02,-2.295484788490250935e-04,7.743764289253908828e+02,1.431976031166644816e+02,0.000000000000000000e+00,0.000000000000000000e+00
7.700000000000005729e-01,1.129668712626465954e+01,2.582308036410840835e-01,2.230288670186899580e+00,5.417891104980473216e+00,5.420828974391820321e-01,-2.541811930562201560e+00,0.000000000000000000e+00,0.000000000000000000e+00,0.000000000000000000e+00,0.000000000000000000e+00,7.743394395639927552e+02,0.000000000000000000e+00,0.000000000000000000e+00,0.000000000000000000e+00
7.800000000000005818e-01,1.135103585391213521e+01,2.632476185542474423e-01,2.204260853853675872e+00,5.449951325831897009e+00,4.644860230362712339e-01,-2.652819487826730160e+00,0.000000000000000000e+00,0.000000000000000000e+00,0.000000000000000000e+00,0.000000000000000000e+00,7.742658668688741272e+02,0.000000000000000000e+00,0.000000000000000000e+00,0.000000000000000000e+00
7.900000000000005906e-01,1.140544578020331379e+01,2.681938885725305699e-01,2.177245305095181660e+00,5.421213422106314184e+00,5.410994993588276181e-01,-2.735567944382128136e+00,9.147873906054092785e+00,3.316480537329622447e-01,2.233756681523325227e+01,-2.211565698423388106e-04,7.741953778710292227e+02,2.409354571061762940e+01,0.000000000000000000e+00,0.000000000000000000e+00
8.000000000000005995e-01,1.145959489302056689e+01,2.736495025791214619e-01,2.149410660607458556e+00,5.425622398384619238e+00,5.013975476709418011e-01,-2.829034920605030923e+00,2.271903550644654501e+01,1.762125776039078939e+00,5.511721940922115692e+01,-2.025886585171091884e-04,7.741053975409679424e+02,5.949781735022440188e+01,0.000000000000000000e+00,0.000000000000000000e+00
8.100000000000006084e-01,1.151493300492843552e+01,2.786601835409042160e-01,2.122871880724336080e+00,5.525441229249223873e+00,6.473077104195712472e-01,-2.543259778579017638e+00,0.000000000000000000e+00,0.000000000000000000e+00,0.000000000000000000e+00,0.000000000000000000e+00,7.712517653431467579e+02,0.000000000000000000e+00,0.000000000000000000e+00,0.000000000000000000e+00
8.200000000000006173e-01,1.157030219445549157e+01,2.846529333790214777e-01,2.096886588768551274e+00,5.587206889569923618e+00,5.152929331669064972e-01,-2.667301954872266734e+00,1.079980399904880528e+01,6.854840115291644942e-01,2.629362716208273199e+01,-3.715193287108183896e-04,7.711413903504316067e+02,2.542487898631744514e+01,0.000000000000000000e+00,2.943113415792545151e+00
8.300000000000006262e-01,1.162645529438922054e+01,2.894463780869573344e-01,2.069559779793241905e+00,5.619729372614614249e+00,4.795530452537564159e-01,-2.776838220208685648e+00,0.000000000000000000e+00,0.000000000000000000e+00,0.000000000000000000e+00,0.000000000000000000e+00,7.711065093208258077e+02,0.000000000000000000e+00,0.000000000000000000e+00,0.000000000000000000e+00
8.400000000000006350e-01,1.168262849768999700e+01,2.943254543429590919e-01,2.041287791967303367e+00,5.592448306316410545e+00,5.146218282523477017e-01,-2.857483212024906294e+00,1.310566826243120708e+01,1.253263029415986551e+00,3.305110419678305789e+01,-5.514623304364466103e-04,7.710575384546345958e+02,3.416198810693421706e+01,1.325673895243694389e+00,0.000000000000000000e+00
8.500000000000006439e-01,1.173850552753398269e+01,3.000097354950166939e-01,2.013183865897954838e+00,5.729811957806640876e+00,5.134667697063732827e-01,-2.687428877335688693e+00,2.363513771841414837e+02,2.041458203756644707e+01,5.806290807312079778e+02,-5.317392012669818532e-04,7.685991686518142387e+02,6.027000220808437234e+02,0.000000000000000000e+00,2.295982264500293013e+01
8.600000000000006528e-01,1.179601591511321068e+01,3.048487894089221828e-01,1.986104993459255175e+00,5.704443202921686940e+00,5.489435997000907674e-01,-2.726205543286103872e+00,0.000000000000000000e+00,0.000000000000000000e+00,0.000000000000000000e+00,0.000000000000000000e+00,7.683400292001360867e+02,0.000000000000000000e+00,0.000000000000000000e+00,0.000000000000000000e+00
8.700000000000006617e-01,1.185300546935108734e+01,3.104282317660800872e-01,1.958352706842705793e+00,5.687434287311073255e+00,5.710618275947577649e-01,-2.812410248320703410e+00,0.000000000000000000e+00,0.000000000000000000e+00,0.000000000000000000e+00,0.000000000000000000e+00,7.683198720617531308e+02,0.000000000000000000e+00,0.000000000000000000e+00,0.000000000000000000e+00
8.800000000000006706e-01,1.191002104963918917e+01,3.159316460971217655e-01,1.929639804305511852e+00,5.722872975070648849e+00,5.219018653293328036e-01,-2.923693776308323500e+00,1.988719185341120976e+01,1.162306774095505313e+00,4.847989914502245767e+01,-9.110156664299024105e-05,7.682060544813654133e+02,5.228746203139594684e+01,0.000000000000000000e+00,0.000000000000000000e+00
8.900000000000006795e-01,1.196780647319485169e+01,3.213528374370338558e-01,1.901703790991789544e+00,5.812239497713176384e+00,5.185324988038702010e-01,-2.813127507425600804e+00,0.000000000000000000e+00,0.000000000000000000e+00,0.000000000000000000e+00,0.000000000000000000e+00,7.648911447900222811e+02,0.000000000000000000e+00,0.000000000000000000e+00,0.000000000000000000e+00
9.000000000000006883e-01,1.202580168171374986e+01,3.267288669058234785e-01,1.873116999400853633e+00,5.784320593439253422e+00,5.538808188441317615e-01,-2.892969900738995737e+00,0.000000000000000000e+00,0.000000000000000000e+00,0.000000000000000000e+00,0.000000000000000000e+00,7.648270723732448459e+02,0.000000000000000000e+00,0.000000000000000000e+00,0.000000000000000000e+00
9.100000000000006972e-01,1.208424940810349746e+01,3.321839535756971884e-01,1.844842837431750038e+00,5.850470190136593196e+00,5.482251960679918046e-01,-2.849100330032346751e+00,1.235226446227977526e+01,1.992429732630144557e+00,3.303620379873647295e+01,-2.746406757114187164e-05,7.635619930092810819e+02,1.090772393344172286e+01,1.816735402440144753e+01,6.181351312889253435e+00
9.200000000000007061e-01,1.214292004548094894e+01,3.376330149014203919e-01,1.816050881787749427e+00,5.900197606723318167e+00,5.399527594188713309e-01,-2.867813938605417778e+00,1.586239496506878055e+01,1.086626103645886854e+00,3.906520271540744460e+01,-8.332588514932534260e-05,7.627390036222711842e+02,1.221844025644358389e+01,2.984812401554742323e+01,0.000000000000000000e+00
9.300000000000007150e-01,1.220209968686802249e+01,3.430937797764053721e-01,1.787362202635985442e+00,5.974071850625265689e+00,5.232565199152464652e-01,-2.896700132749513656e+00,9.659378253960982263e+00,7.009605383312083049e-01,2.401656475807810409e+01,-1.407355423484924102e-04,7.619479401430680809e+02,2.582625420381328141e+01,0.000000000000000000e+00,0.000000000000000000e+00
9.400000000000007239e-01,1.226215331881688364e+01,3.483499273520332395e-01,1.759310296343319369e+00,5.991488408915271791e+00,5.578564663675863455e-01,-2.813521706044756598e+00,6.105809804965809384e+00,4.761840629937419411e-01,1.538800570726140471e+01,-2.085249658406685899e-05,7.605710575649054590e+02,0.000000000000000000e+00,1.652002992652555946e+01,0.000000000000000000e+00
9.500000000000007327e-01,1.232212018109943585e+01,3.539519618788531941e-01,1.730673395876943799e+00,5.959216419098799733e+00,6.088243789985279264e-01,-2.876991403255733992e+00,1.117331350975495496e+02,1.010493929642844790e+01,2.948111739717397768e+02,-3.151313013029246289e-04,7.603529240353625482e+02,2.529791108557658390e+02,1.319051210223755932e+00,6.035183291057269628e+01
9.600000000000007416e-01,1.238350064081757118e+01,3.593547609745265103e-01,1.703704621705687261e+00,6.201930319916781009e+00,4.865757907341651256e-01,-2.600448975886995306e+00,8.504775210468663360e+00,5.211498787284468692e-01,2.101486386979587451e+01,-3.970230413906322784e-04,7.565473455087333150e+02,1.709179012934308517e+01,5.522597220430045084e+00,0.000000000000000000e+00
9.700000000000007505e-01,1.244534825949907031e+01,3.646458305934280886e-01,1.677248197220937431e+00,6.195255966766810118e+00,5.470377773260655108e-01,-2.693935544323001530e+00,0.000000000000000000e+00,0.000000000000000000e+00,0.000000000000000000e+00,0.000000000000000000e+00,7.565121681222869938e+02,0.000000000000000000e+00,0.000000000000000000e+00,0.000000000000000000e+00
9.800000000000007594e-01,1.250735272450045166e+01,3.706426086537866760e-01,1.650824225755224806e+00,6.354801059366654847e+00,5.427261283121076474e-01,-2.521183263138195851e+00,4.546819859271854511e+02,9.669782156775437443e+01,1.430754463212751489e+03,-6.111121926779404696e-04,7.533437063310552730e+02,3.848854132366757312e+02,7.024265603830051532e+02,4.134835277298006986e+02
9.900000000000007683e-01,1.257081000285272943e+01,3.760082872534985521e-01,1.626662598896324807e+00,6.274544002538152476e+00,5.875029909728142208e-01,-2.418003836479784674e+00,2.970925127671251165e+00,2.894214842939409893e-01,8.493858766036474606e+00,-6.855353998048876844e-05,7.521381302015001893e+02,0.000000000000000000e+00,8.978234015331471696e+00,0.000000000000000000e+00
1.000000000000000666e+00,1.263433927104038901e+01,3.818877980796546168e-01,1.603082259476622751e+00,6.395745792067997648e+00,6.313490212121364298e-01,-2.170160166823739800e+00,0.000000000000000000e+00,0.000000000000000000e+00,0.000000000000000000e+00,0.000000000000000000e+00,7.487092296201732324e+02,0.000000000000000000e+00,0.000000000000000000e+00,0.000000000000000000e+00
1.009999999999999565e+00,1.269839539057726974e+01,3.884155611775452765e-01,1.580712237642816431e+00,6.384699313001340748e+00,6.497821226989347609e-01,-2.278211427652099275e+00,1.295326186310746941e+01,5.866304642828573890e+00,5.501889820767112838e+01,-1.204912246166118996e-04,7.486605492066471470e+02,2.423331796925322834e+01,1.547089128382877377e+01,1.697501562792344387e+01
1.019999999999998463e+00,1.276272915393166585e+01,3.939634834016136344e-01,1.557901238016816903e+00,6.467897181241144544e+00,5.074963811298467409e-01,-2.157025273474148186e+00,3.063802328571628664e+02,1.795163705692228291e+02,1.257136695385918756e+03,-1.749022222236188469e-04,7.464442364435751642e+02,8.179816487657108155e+02,3.375184533648543947e+02,1.472735032105965729e+02
1.029999999999997362e+00,1.282760636618970906e+01,4.006525308488158021e-01,1.536454332200583472e+00,6.517235363278385485e+00,6.092623534919658912e-01,-2.121981409604861479e+00,7.253283588948735883e+01,4.571781696381759730e+01,3.164065716803149257e+02,-3.743338502754847003e-04,7.448943057383539781e+02,3.269380776250502549e+02,0.000000000000000000e+00,0.000000000000000000e+00
1.039999999999996261e+00,1.289228380986408418e+01,4.074444680426138610e-01,1.515312225623852260e+00,6.435844204303672988e+00,7.092719776627174344e-01,-2.131384194681778421e+00,0.000000000000000000e+00,0.000000000000000000e+00,0.000000000000000000e+00,0.000000000000000000e+00,7.441933435568003006e+02,0.000000000000000000e+00,0.000000000000000000e+00,0.000000000000000000e+00
1.049999999999995159e+00,1.295708885582695835e+01,4.141338237867288052e-01,1.493572954454595036e+00,6.469425884815501071e+00,6.631278208796235196e-01,-2.185709573115148796e+00,2.789592136286209367e+01,2.341717373573458616e+01,1.220117701252017639e+02,-7.662359875398633453e-05,7.436573972564222004e+02,1.269684193753413268e+02,0.000000000000000000e+00,0.000000000000000000e+00
1.059999999999994058e+00,1.302202153440043375e+01,4.207404440478229590e-01,1.471386766989449590e+00,6.512638577861549649e+00,6.686181759125872093e-01,-2.234166280899435808e+00,0.000000000000000000e+00,0.000000000000000000e+00,0.000000000000000000e+00,0.000000000000000000e+00,7.431632949852350976e+02,0.000000000000000000e+00,0.000000000000000000e+00,0.000000000000000000e+00
1.069999999999992957e+00,1.308679987641274423e+01,4.278428834290866067e-01,1.448596767448020239e+00,6.430710731494651888e+00,7.387825121266687889e-01,-2.307714729991250824e+00,0.000000000000000000e+00,0.000000000000000000e+00,0.000000000000000000e+00,0.000000000000000000e+00,7.430503321883612671e+02,0.000000000000000000e+00,0.000000000000000000e+00,0.000000000000000000e+00
1.079999999999991855e+00,1.315209984755556505e+01,4.344860010551770957e-01,1.424920957723848858e+00,6.557647724033943248e+00,6.493532937930888149e-01,-2.413758304138124977e+00,0.000000000000000000e+00,0.000000000000000000e+00,0.000000000000000000e+00,0.000000000000000000e+00,7.429205813072217097e+02,0.000000000000000000e+00,0.000000000000000000e+00,0.000000000000000000e+00
1.089999999999990754e+00,1.321711944132031924e+01,4.412592237420320807e-01,1.400399557394896854e+00,6.452948564178440982e+00,7.144642377737334682e-01,-2.486271933164260872e+00,0.000000000000000000e+00,0.000000000000000000e+00,0.000000000000000000e+00,0.000000000000000000e+00,7.428384727885028269e+02,0.000000000000000000e+00,0.000000000000000000e+00,0.000000000000000000e+00
1.099999999999989653e+00,1.328133139930812945e+01,4.485811925960414559e-01,1.375054084622852502e+00,6.333404628015718352e+00,7.838457588461313907e-01,-2.560979951180333725e+00,1.206245884765308851e+01,4.185381632645152727e+00,3.312750421083149632e+01,-7.664607074539578867e-04,7.427302589760911360e+02,0.000000000000000000e+00,3.530211995946357462e+01,0.000000000000000000e+00
1.109999999999988551e+00,1.334404172142136602e+01,4.568390186362762950e-01,1.349199125242829478e+00,6.266705575968052777e+00,8.270096495850178808e-01,-2.611730409058011571e+00,0.000000000000000000e+00,0.000000000000000000e+00,0.000000000000000000e+00,0.000000000000000000e+00,7.426825904058999868e+02,0.000000000000000000e+00,0.000000000000000000e+00,0.000000000000000000e+00
1.119999999999987450e+00,1.340679035680146569e+01,4.651501303551309197e-01,1.322718472982745697e+00,6.282667591514588423e+00,8.343088953356686543e-01,-2.677512176611303474e+00,0.000000000000000000e+00,0.000000000000000000e+00,0.000000000000000000e+00,0.000000000000000000e+00,7.426330874986265371e+02,0.000000000000000000e+00,0.000000000000000000e+00,0.000000000000000000e+00
1.129999999999986349e+00,1.347024046548122378e+01,4.732012685137406693e-01,1.295247709768799549e+00,6.467528311243650130e+00,7.456559769688975159e-01,-2.855512741444682145e+00,1.641450317007358350e+01,1.225161142023754657e+01,4.396257139279470749e+01,-1.328226974886852294e-03,7.423483423617383323e+02,2.465343004182137254e-01,0.000000000000000000e+00,4.797954944483510076e+01
1.139999999999985247e+00,1.353560560307257710e+01,4.803177502893203887e-01,1.265802900461708402e+00,6.543897894186143205e+00,7.043738490516304740e-01,-2.985404045267110895e+00,0.000000000000000000e+00,0.000000000000000000e+00,0.000000000000000000e+00,0.000000000000000000e+00,7.422919199726765100e+02,0.000000000000000000e+00,0.000000000000000000e+00,0.000000000000000000e+00
1.149999999999984146e+00,1.360109950150893177e+01,4.874067627920212753e-01,1.235448630189611485e+00,6.553773991129272503e+00,7.124278978279359187e-01,-3.076331288261276775e+00,0.000000000000000000e+00,0.000000000000000000e+00,0.000000000000000000e+00,0.000000000000000000e+00,7.422810645865587276e+02,0.000000000000000000e+00,0.000000000000000000e+00,0.000000000000000000e+00
1.159999999999983045e+00,1.366666503572654356e+01,4.945385417023814845e-01,1.204184488954649579e+00,6.557917882718422575e+00,7.132187799153121288e-01,-3.168036557224847005e+00,0.000000000000000000e+00,0.000000000000000000e+00,0.000000000000000000e+00,0.000000000000000000e+00,7.422619281491429319e+02,0.000000000000000000e+00,0.000000000000000000e+00,0.000000000000000000e+00
1.169999999999981943e+00,1.373153924732048559e+01,5.020162793276625735e-01,1.172382022385670020e+00,6.493052284197778690e+00,7.606421453478224848e-01,-3.230497027710532709e+00,1.590050466024992737e+01,2.665838019137112713e+00,3.875350320601967269e+01,-1.159252062057792220e-03,7.380314344863886618e+02,3.252987480091846351e+01,0.000000000000000000e+00,9.327023453851348123e+00
1.179999999999980842e+00,1.379700663081169765e+01,5.093947196275760980e-01,1.139234434301615417e+00,6.549390817009428822e+00,7.312617901953228916e-01,-3.358385252888679950e+00,0.000000000000000000e+00,0.000000000000000000e+00,0.000000000000000000e+00,0.000000000000000000e+00,7.379876032087164504e+02,0.000000000000000000e+00,0.000000000000000000e+00,0.000000000000000000e+00
1.189999999999979741e+00,1.386251503316778511e+01,5.167325307583559013e-01,1.105117690570160738e+00,6.552439068236127540e+00,7.367378068467171914e-01,-3.455133717454729414e+00,0.000000000000000000e+00,0.000000000000000000e+00,0.000000000000000000e+00,0.000000000000000000e+00,7.379808795657704650e+02,0.000000000000000000e+00,0.000000000000000000e+00,0.000000000000000000e+00
1.199999999999978639e+00,1.392805407476662793e+01,5.241272508522238915e-01,1.070040524254804559e+00,6.554875148786501349e+00,7.412284282274435032e-01,-3.550579699420912672e+00,0.000000000000000000e+00,0.000000000000000000e+00,0.000000000000000000e+00,0.000000000000000000e+00,7.379749082181285758e+02,0.000000000000000000e+00,0.000000000000000000e+00,0.000000000000000000e+00
1.209999999999977538e+00,1.399361144992384709e+01,5.315596862368975328e-01,1.034009466440817926e+00,6.556325109699350229e+00,7.450540130612234302e-01,-3.646285741426599891e+00,0.000000000000000000e+00,0.000000000000000000e+00,0.000000000000000000e+00,0.000000000000000000e+00,7.379680421574427100e+02,0.000000000000000000e+00,0.000000000000000000e+00,0.000000000000000000e+00
1.219999999999976437e+00,1.405917809608270197e+01,5.390334342074800666e-01,9.970138268521367975e-01,6.556770514991984378e+00,7.491827023262451757e-01,-3.743332664124686016e+00,0.000000000000000000e+00,0.000000000000000000e+00,0.000000000000000000e+00,0.000000000000000000e+00,7.379599887056537000e+02,0.000000000000000000e+00,0.000000000000000000e+00,0.000000000000000000e+00
1.229999999999975335e+00,1.412474371407219031e+01,5.465449203460338579e-01,9.590415274111629973e-01,6.556302096566198223e+00,7.527080005668008722e-01,-3.841479315745712775e+00,0.000000000000000000e+00,0.000000000000000000e+00,0.000000000000000000e+00,0.000000000000000000e+00,7.379508529373370038e+02,0.000000000000000000e+00,0.000000000000000000e+00,0.000000000000000000e+00
1.239999999999974234e+00,1.419030272168086881e+01,5.540908115586478111e-01,9.200833765706167844e-01,6.555579623847932247e+00,7.561247482860700142e-01,-3.940312587114807474e+00,0.000000000000000000e+00,0.000000000000000000e+00,0.000000000000000000e+00,0.000000000000000000e+00,7.379414282250735369e+02,0.000000000000000000e+00,0.000000000000000000e+00,0.000000000000000000e+00
1.249999999999973133e+00,1.425585556869386572e+01,5.616707167959208435e-01,8.801372684045354333e-01,6.555104306007934589e+00,7.595215101107003486e-01,-4.038937505046519050e+00,0.000000000000000000e+00,0.000000000000000000e+00,0.000000000000000000e+00,0.000000000000000000e+00,7.379321807203854178e+02,0.000000000000000000e+00,0.000000000000000000e+00,0.000000000000000000e+00
1.259999999999972031e+00,1.432140605080411611e+01,5.692851486145827922e-01,8.392098161923875477e-01,6.555065118098415411e+00,7.630449614680790971e-01,-4.136585121575445001e+00,0.000000000000000000e+00,0.000000000000000000e+00,0.000000000000000000e+00,0.000000000000000000e+00,7.379235544732885046e+02,0.000000000000000000e+00,0.000000000000000000e+00,0.000000000000000000e+00
1.269999999999970930e+00,1.438695801628808368e+01,5.769358175147271117e-01,7.973129080071323926e-01,6.555329114497611798e+00,7.667396647560268397e-01,-4.232954165132919222e+00,0.000000000000000000e+00,0.000000000000000000e+00,0.000000000000000000e+00,0.000000000000000000e+00,7.379159095513241482e+02,0.000000000000000000e+00,0.000000000000000000e+00,0.000000000000000000e+00
1.279999999999969829e+00,1.445205529066367056e+01,5.846942816502065376e-01,7.546132885895038278e-01,6.408049811741301838e+00,7.957969204104866634e-01,-4.278103886225825825e+00,1.097666105021552241e+01,-5.834724833034936331e-02,2.774751703542553116e+01,-4.809292187375915732e-04,7.378427146599130992e+02,8.139401379692478011e-01,2.891860191457115192e+01,0.000000000000000000e+00
1.289999999999968727e+00,1.451567673259402014e+01,5.927201467997803563e-01,7.115496113385921806e-01,6.361583820788098365e+00,7.966482465157523896e-01,-4.341482833555450505e+00,0.000000000000000000e+00,0.000000000000000000e+00,0.000000000000000000e+00,0.000000000000000000e+00,7.378310432423902512e+02,0.000000000000000000e+00,0.000000000000000000e+00,0.000000000000000000e+00
1.299999999999967626e+00,1.457932246863311398e+01,6.006633011552652279e-01,6.676907095868835906e-01,6.367332019186825676e+00,7.921309025626390721e-01,-4.422136750818055795e+00,0.000000000000000000e+00,0.000000000000000000e+00,0.000000000000000000e+00,0.000000000000000000e+00,7.378034020088811076e+02,0.000000000000000000e+00,0.000000000000000000e+00,0.000000000000000000e+00
1.309999999999966525e+00,1.464356442302404204e+01,6.085557471405039776e-01,6.227090686770296868e-01,6.543903600671677090e+00,7.956058862717168001e-01,-4.604624718315971421e+00,1.704475720668954608e+01,1.080033788769400260e+00,4.505660289757214088e+01,-1.865744647355618673e-03,7.375909091874184469e+02,4.803909803528920719e+01,0.000000000000000000e+00,0.000000000000000000e+00
1.319999999999965423e+00,1.470987316767109832e+01,6.166429174778278455e-01,5.757415952286408789e-01,6.648604069193670973e+00,8.089080470838905246e-01,-4.740650293979265406e+00,0.000000000000000000e+00,0.000000000000000000e+00,0.000000000000000000e+00,0.000000000000000000e+00,7.375635163687411477e+02,0.000000000000000000e+00,0.000000000000000000e+00,0.000000000000000000e+00
1.329999999999964322e+00,1.477638653121648282e+01,6.248058306873126577e-01,5.278947255406943873e-01,6.653437977091477329e+00,8.231807447718724191e-01,-4.820444858542127342e+00,5.082513969073085391e+00,-9.727668707599940179e-02,1.259642864751483771e+01,-1.937409398022104171e-04,7.375774948575191274e+02,0.000000000000000000e+00,1.354024679550908417e+01,0.000000000000000000e+00
1.339999999999963221e+00,1.483817786369376890e+01,6.329706348268534510e-01,4.849389475021236295e-01,5.459206163162820147e+00,9.878538169813191328e-01,-3.086439859987218703e+00,-5.827939166729690442e+03,2.750238459303620402e+03,1.242753417290221842e+04,-1.011627415066945757e-02,5.642501130258605144e+02,2.520787168990923237e+04,0.000000000000000000e+00,1.044528089569174153e+04
1.349999999999962119e+00,1.487379242366165855e+01,6.403619967368834320e-01,4.863231640900384511e-01,3.079214213720379512e+00,4.690852750206737642e-01,1.608807373436943022e+00,-3.765704161500727423e+03,-8.116772003316468727e+02,-1.982696714263859349e+03,-1.762534705419308359e-02,2.546112877764674352e+02,3.035615849602829621e+04,0.000000000000000000e+00,4.276302256234078959e+04
1.359999999999961018e+00,1.489528420593401847e+01,6.428154573384766701e-01,4.952256303152799966e-01,1.139906065355930309e+00,1.358420925315627636e-01,2.458631074130565863e-01,-3.052348674870200739e+03,-2.235901769586147907e+02,1.471793987931267566e+03,-1.409822660702690980e-02,1.121712794440036589e+02,1.690070766858166826e+04,0.000000000000000000e+00,2.465239720580223729e+04
1.369999999999959917e+00,1.490019327413454420e+01,6.438993108448672897e-01,4.961695322474112269e-01,1.805520382009208058e-01,9.177885384540976355e-02,9.479184894224995661e-02,-4.622955955345655070e+02,-9.917385033113573911e+01,7.374114056295200044e+02,-1.799678773214139285e-02,9.997438522271384898e+01,9.468263461358525092e+03,0.000000000000000000e+00,1.504091944500695536e+04
1.379999999999958815e+00,1.490100805172386345e+01,6.449451017128136066e-01,4.973395099136936337e-01,7.288965919039848418e-02,9.662549964069323816e-02,1.119178425780883307e-01,1.024486085231674224e+02,5.583722167702563866e+01,2.109673234281009400e+02,-1.947118409080839455e-02,9.866645399823245555e+01,8.085825224317823995e+03,0.000000000000000000e+00,1.331103852673229085e+04
1.389999999999957714e+00,1.490197582884953498e+01,6.460134036223919018e-01,4.984433052343919535e-01,8.968812999627834293e-02,1.261636948958115290e-01,1.189314058846888816e-01,-1.311831524636857012e+02,-5.748212827546442583e+00,3.116970394216782552e+02,-1.952501896377654977e-02,9.914748640277808533e+01,8.077061729572957120e+03,0.000000000000000000e+00,1.225055650461868936e+04
1.399999999999956612e+00,1.490237174575281109e+01,6.473174134107700928e-01,5.000269104635951534e-01,-1.209367941874410143e-02,1.349660145254943100e-01,1.953139753058072137e-01,-2.201491870162467706e+02,2.425567405107399210e+01,5.201621070916163490e+02,-1.897483655136529210e-02,1.002295858069033017e+02,6.908451230396889514e+03,0.000000000000000000e+00,1.237487000781609458e+04
1.409999999999955511e+00,1.490127755100642482e+01,6.485909876296807042e-01,5.023527583507868544e-01,-1.985402315183071309e-01,1.174008938413325237e-01,2.550722089958712968e-01,-2.966384093456543951e+02,1.806079435347170943e+02,3.107672515598814016e+02,-2.097730961521768189e-02,1.011575920741632473e+02,7.902872563031288337e+03,0.000000000000000000e+00,1.276596268408014839e+04
1.419999999999954410e+00,1.489836164485015146e+01,6.500020237500643283e-01,5.051699939904864545e-01,-3.634330451925216754e-01,1.458155699213423973e-01,3.070280143941127027e-01,-2.751829766690931365e+02,2.182292844998288217e+01,3.055623006174147349e+02,-2.310096794606230838e-02,1.028095970274089694e+02,8.925655335127794388e+03,0.000000000000000000e+00,1.242795037552785652e+04
1.429999999999953308e+00,1.489404555471901936e+01,6.513015564078726838e-01,5.084591809115682759e-01,-4.762962708651793386e-01,1.069640392488460101e-01,3.460097763386130176e-01,-2.234098025808254135e+02,-2.779105017019572301e+02,4.291139299457131528e+02,-2.622726898148758715e-02,1.055139105882638120e+02,9.362221198534558425e+03,0.000000000000000000e+00,1.264401423383539804e+04
1.439999999999952207e+00,1.488895162120275018e+01,6.518632820238857706e-01,5.119480626946085744e-01,-5.259468127441508933e-01,2.138326683489589000e-02,3.426365864453734256e-01,-1.310790955903860890e+02,-1.352622821498988230e+02,2.139322421951875413e+02,-3.029970059261752682e-02,1.079629378716068686e+02,1.305214763473326275e+04,0.000000000000000000e+00,1.352221358931187387e+04
1.449999999999951106e+00,1.488368242637566929e+01,6.517592555734051940e-01,5.153855155183529879e-01,-5.272319073352047525e-01,-5.144563695075141108e-02,3.892719846270039641e-01,-9.887158993559273767e+01,-2.061833022275125131e+02,-4.488985804497644949e+01,-3.492013677281760597e-02,1.103750876847317812e+02,1.219451003131464859e+04,0.000000000000000000e+00,1.625694966088300680e+04
1.459999999999950004e+00,1.487845252928898532e+01,6.509355172328543659e-01,5.187145595478455107e-01,-5.157192877633630657e-01,-8.631038224792708657e-02,2.736331677951893138e-01,5.917376269538749511e+01,3.305444846112572463e+02,-8.754975736648634665e+01,-3.831753279753196545e-02,1.076628748415195957e+02,1.304737910173051932e+04,0.000000000000000000e+00,1.635312824030031879e+04
1.469999999999948903e+00,1.487352754263409160e+01,6.505344873269898187e-01,5.206150379168176245e-01,-4.756118769857834438e-01,6.399938016168957647e-03,1.408249817191286890e-01,1.272066529306341636e+02,3.570142957694454253e+02,-1.843078925899077660e+02,-4.015369650089700704e-02,1.057597446034936866e+02,1.346300380475163911e+04,0.000000000000000000e+00,1.793611990892060567e+04
1.479999999999947802e+00,1.486892499742008056e+01,6.508143220527652373e-01,5.212604411471328802e-01,-4.516085707345106059e-01,1.310499705622400132e-02,-1.040033583021371215e-02,1.339437623986862036e+02,1.575551023101772330e+01,-3.204476488009561308e+02,-4.129621216464510886e-02,1.047879288663953616e+02,1.471833769614020275e+04,0.000000000000000000e+00,1.916684286458119459e+04
1.489999999999946700e+00,1.486459135805726639e+01,6.511064343862585924e-01,5.207700813888090918e-01,-4.165533842526560893e-01,2.673512425342704918e-02,-8.246607383902641863e-02,1.537260916515542704e+02,-1.116439615656374826e+02,-2.121692522049420404e+02,-4.232586026143378422e-02,1.044284165486366476e+02,1.403946800769670335e+04,0.000000000000000000e+00,1.918655647373665124e+04
1.499999999999945599e+00,1.486077243721613428e+01,6.511500633510672875e-01,5.196726496588556232e-01,-3.451102849988713639e-01,1.636213574597413347e-03,-1.184712956612491291e-01,1.834532959405136125e+02,-1.566037525416338099e+02,6.039630168015719391e+01,-4.273614269061936505e-02,1.040533377490753253e+02,1.451764224445552463e+04,0.000000000000000000e+00,1.972225355166801819e+04
1.509999999999944498e+00,1.485787984044210930e+01,6.510161355760105684e-01,5.186899837507032984e-01,-2.412297304049572100e-01,-2.076963410801492896e-02,-4.872916687096537358e-02,3.048946291704465921e+02,-4.565923561727569790e+01,2.538544537455049976e+01,-4.319017280117088547e-02,1.038292546390872531e+02,1.291027487311969708e+04,0.000000000000000000e+00,1.913907602632229464e+04
1.519999999999943396e+00,1.485624979154350278e+01,6.508907005757872399e-01,5.183542731300648798e-01,-1.103192495638013609e-01,-1.439140361467564251e-02,5.905323136954516994e-02,2.350379673080154816e+02,-2.550435634226323600e+02,1.505864665633841923e+02,-4.380215349794222557e-02,1.033128335423814974e+02,1.554473844254699907e+04,0.000000000000000000e+00,1.831440921565682947e+04
1.529999999999942295e+00,1.485571044736628998e+01,6.511923832741929319e-01,5.189609268349327786e-01,-3.987044696144161071e-02,1.321861401929046442e-01,1.145370241657012733e-01,1.955851999256992713e+01,1.605555012749012462e+02,6.509245132767948689e+02,-4.502164785280488718e-02,1.021258640265385935e+02,1.405458312008367102e+04,0.000000000000000000e+00,1.926230301786848941e+04
1.539999999999941194e+00,1.485523236996601781e+01,6.524382461866444771e-01,5.207714260052520583e-01,-5.573875383625030017e-02,1.689010008125077511e-01,1.716319098612610339e-01,-4.134479896255857057e+01,2.214207377730531334e+00,-5.581490489360305673e+01,-4.799452251574036488e-02,1.017311333731910565e+02,1.376363942966814648e+04,0.000000000000000000e+00,2.139528628037837916e+04
1.549999999999940092e+00,1.485449239122082510e+01,6.538900759426801157e-01,5.219123609003594177e-01,-7.989756896622894622e-02,1.245101971971359911e-01,4.390749052862696206e-02,9.289791353973566856e+01,-9.825833496965120162e+01,-5.515012446155267298e+02,-5.001350238545394095e-02,1.010850829168780649e+02,1.447793452628877458e+04,0.000000000000000000e+00,2.515628200459435175e+04
1.559999999999938991e+00,1.485390217152974301e+01,6.547747344977602468e-01,5.218856358798298345e-01,-3.364504574508387497e-02,6.520314828774559368e-02,-2.592276745970415255e-02,1.778131295920932189e+02,3.785588017396025862e+01,1.322352385044778202e+02,-5.037330867730247658e-02,1.005620268838902405e+02,1.250122688031172220e+04,0.000000000000000000e+00,2.613573103363122937e+04
1.569999999999937890e+00,1.485417435463334535e+01,6.554454437863025396e-01,5.217043799317234720e-01,8.528868567726505256e-02,7.172388950822827791e-02,-1.014812409418428853e-02,2.180592695766556517e+02,-8.621924077128414865e+01,2.627411329448991637e+02,-4.999513715777560013e-02,1.003264162223349558e+02,1.405414045911441826e+04,0.000000000000000000e+00,2.464421828996979821e+04
1.579999999999936788e+00,1.485581551412058410e+01,6.560937626723626348e-01,5.216916531034793136e-01,2.247309720430430979e-01,5.754902081436678168e-02,4.277335116831693790e-03,1.792574937929582575e+02,2.729245818585081906e+01,3.643000863591889811e+02,-4.993717151096540435e-02,1.002977282436982591e+02,1.172499953249673126e+04,0.000000000000000000e+00,2.602349322197712536e+04
1.589999999999935687e+00,1.485858060931866653e+01,6.568080931365315456e-01,5.218015543314010740e-01,3.054292443700925008e-01,7.083242438936482310e-02,1.017730591588654476e-02,5.446690641988243442e+01,2.314918865885813659e+01,1.400163337796741416e+02,-4.961351703920317130e-02,1.002266894335349292e+02,1.224765812794424892e+04,0.000000000000000000e+00,2.566750567076348307e+04
1.599999999999934586e+00,1.486165386766964147e+01,6.573989312347957581e-01,5.217515437502263653e-01,2.961004925185901082e-01,5.874771256959504528e-02,-3.308729203633096333e-02,-7.227067317692524284e+01,8.602855230066896297e+01,-2.437400356962868955e+02,-4.922796131482687354e-02,1.001560545926901682e+02,1.575551668130064536e+04,0.000000000000000000e+00,2.417247038682267157e+04
1.609999999999933484e+00,1.486434692895647736e+01,6.582526381702209495e-01,5.212397374074430045e-01,2.498840212095482793e-01,1.202713561074953835e-01,-5.421817838599309047e-02,-1.462390539205587174e+02,-9.905389976531826335e+01,4.326267904065325638e+02,-4.907555242522828459e-02,1.004675482669108675e+02,1.537978912605105143e+04,0.000000000000000000e+00,2.520237841036774989e+04
1.619999999999932383e+00,1.486661912220429116e+01,6.594028361384977055e-01,5.206891979894581191e-01,2.114254516564722519e-01,9.510128690579423838e-02,-2.631047257495931421e-02,-3.481886282054688309e+01,-6.713129106353714803e+01,6.989994778319824036e+02,-5.205435975028320505e-02,9.964901234710667666e+01,1.638251143465801943e+04,0.000000000000000000e+00,2.527584739604275455e+04
1.629999999999931282e+00,1.486867748250024057e+01,6.606043502301403025e-01,5.207006710103222469e-01,2.051356881332897508e-01,1.567879429061260210e-01,1.127311581830997035e-02,6.534962957417974394e+00,2.983144079529088231e+02,2.885875694140804626e+01,-5.916536842083675030e-02,1.010837956324857316e+02,1.515739259546127869e+04,0.000000000000000000e+00,2.126385919147092136e+04
1.639999999999930180e+00,1.487077197689225727e+01,6.624298279505107523e-01,5.208576071945982822e-01,1.949830806163970476e-01,1.844083932881471766e-01,-2.996605127660815701e-02,-6.385094406610301121e+01,-1.853953045944309963e+02,1.971948037780811092e+02,-6.280330559995303541e-02,1.069285293668237529e+02,1.189524498233098529e+04,0.000000000000000000e+00,2.769295916876311458e+04
1.649999999999929079e+00,1.487263407596783971e+01,6.647836060076167675e-01,5.202244851863528918e-01,1.814329431451541796e-01,2.517393887944539554e-01,-8.459468154257969441e-02,-1.287507514729734339e+02,-3.476444925507502717e+02,-1.402546631463596896e+02,-5.775330993664604812e-02,1.125871576096084823e+02,1.646309988009052176e+04,0.000000000000000000e+00,2.618334614376462196e+04
1.659999999999927978e+00,1.487444266082147948e+01,6.660906302065079387e-01,5.193735181022286485e-01,1.896477940803177609e-01,5.159558566711616029e-02,-8.202074407876945583e-02,-5.684360921730331029e+00,-2.086368289633567201e+02,1.712289614046273982e+02,-5.749529090693280414e-02,1.124749953012977386e+02,1.489611503711399928e+04,0.000000000000000000e+00,2.639262195895600962e+04
1.669999999999926876e+00,1.487669068810291328e+01,6.666384017937960760e-01,5.185442141891830614e-01,2.480959271964571777e-01,7.428612630044008347e-02,-1.014398986438543593e-01,4.630932623513535873e+01,-4.790959176909026951e+01,3.299276086239565871e+02,-5.658201944784878312e-02,1.109980593588985016e+02,1.202570452257545003e+04,0.000000000000000000e+00,2.909051314656736577e+04
1.679999999999925775e+00,1.487902060690403871e+01,6.674466944411043823e-01,5.172962768829315605e-01,2.088167773340725286e-01,7.890413901517656647e-02,-1.244769869582869892e-01,-1.232225273594949613e+02,-5.140069665850271008e+01,3.076810599634445680e+02,-5.652315872403778502e-02,1.086537348617120813e+02,1.499665905688970452e+04,0.000000000000000000e+00,3.005613156316202731e+04
1.689999999999924674e+00,1.488053751894294408e+01,6.681510810562444336e-01,5.162897620333962712e-01,8.821502915674174494e-02,5.760545249877423862e-02,-8.056182337730022347e-02,-2.895068265317167970e+02,-3.891661089093428672e+00,2.878307445296873084e+02,-5.683639673142448778e-02,1.077891791795231455e+02,1.546768331343424688e+04,0.000000000000000000e+00,3.044264488217225153e+04
1.699999999999923572e+00,1.488047483897070400e+01,6.685887979277745918e-01,5.157481157494488988e-01,-1.036228636647076040e-01,3.087631085343248150e-02,-5.253632570326963874e-02,-1.927608143424233731e+02,-1.838945026615895983e+02,7.033407607206336252e+02,-5.748788374195696466e-02,1.082282690847926858e+02,1.561988957664034751e+04,0.000000000000000000e+00,3.072347022968806777e+04
1.709999999999922471e+00,1.487871296053444503e+01,6.687068838556362582e-01,5.157446157332502557e-01,-2.198699565306824200e-01,-3.771770556946834382e-03,3.979059658838562941e-02,4.890569609498425052e+01,-1.108513495867623959e+02,4.953156759779107006e+02,-5.780561399140800999e-02,1.090808564361808379e+02,1.630205041031050496e+04,0.000000000000000000e+00,3.199130225722145406e+04
1.719999999999921370e+00,1.487659170223161453e+01,6.685263368754520430e-01,5.163140427131927002e-01,-2.124382704954796419e-01,-2.858718290808395790e-02,4.286989032416102519e-02,2.065342197857125939e+01,5.308147996006270830e+01,-1.376363441737598805e+02,-5.758979383354860537e-02,1.092831340647037592e+02,1.983505773814156419e+04,0.000000000000000000e+00,3.007649771895721642e+04
1.729999999999920268e+00,1.487488582787185543e+01,6.683651418393355970e-01,5.161625159642482252e-01,-1.199841698649493776e-01,-9.397170865750001031e-03,-4.153843857186753641e-02,2.365264931721867470e+02,2.126276143900969373e+01,2.734822338619937909e+01,-5.753285281433487275e-02,1.090518313318543591e+02,2.056835821730400494e+04,0.000000000000000000e+00,3.207655033873582943e+04
1.739999999999919167e+00,1.487411219609098012e+01,6.682932353900827849e-01,5.157392957756526952e-01,-7.055823428026515576e-02,-9.155580226237965830e-03,-3.856929078631071012e-02,1.263695502073519492e+02,5.857334720992300703e+01,-8.967089063366302071e+00,-5.754640337536418015e-02,1.089494830235069571e+02,1.967854879088657253e+04,0.000000000000000000e+00,3.373815072492840409e+04
1.749999999999918066e+00,1.487369644581719186e+01,6.682674549811633558e-01,5.153228578555448802e-01,-4.049842304334166226e-02,-2.494830179816243890e-03,-3.370972899026088154e-02,1.563337421064411501e+02,5.995309667719457281e+01,1.217238724869071120e+01,-5.751315482923741867e-02,1.089859033188175772e+02,2.015220175314898006e+04,0.000000000000000000e+00,3.477360596718261513e+04
1.759999999999916964e+00,1.487348185066625028e+01,6.682958902844436944e-01,5.150199211162245216e-01,-1.813307717967896707e-02,4.868467784163292046e-03,-2.433685446443367359e-02,-8.108699513808869597e+01,-4.603206719745526243e+01,3.615232242323030505e+02,-5.739476583530296605e-02,1.091732312300744070e+02,1.872956708169445483e+04,0.000000000000000000e+00,3.612801254200706899e+04
1.769999999999915863e+00,1.487326376920548121e+01,6.683471172047368292e-01,5.148593829009836531e-01,-2.584673604737923111e-02,4.875625255546910640e-03,-9.539820155648272987e-03,-5.657428754974489493e+01,-3.295566431723908352e+01,3.166958507850812339e+02,-5.722855087055406242e-02,1.095601464688172655e+02,1.908656542147193613e+04,0.000000000000000000e+00,3.652853389911013073e+04
1.779999999999914762e+00,1.487304901013061098e+01,6.683973942292171788e-01,5.147961124215688633e-01,-2.718258810775835838e-02,2.929142765021072563e-03,-1.124056437184098181e-03,1.534669531030344842e+02,6.940279525147043671e+01,-1.986302351794142851e+01,-5.704577311661902794e-02,1.099969939903640892e+02,2.086144049333644216e+04,0.000000000000000000e+00,3.603593141179803933e+04
1.789999999999913660e+00,1.487289372405244592e+01,6.684299324750643256e-01,5.147760946763942913e-01,-2.243339085286341975e-02,-1.361222704846216480e-04,2.204012097959439156e-03,1.816214763089296866e+02,6.610864230571291955e+01,-4.627472613449594974e+01,-5.686805063170526087e-02,1.103476439423874496e+02,2.106614809561790753e+04,0.000000000000000000e+00,3.601545394649118680e+04
1.799999999999912559e+00,1.487283448802330099e+01,6.684308626446472390e-01,5.147601108440956752e-01,-1.215447159065988908e-02,-3.154709307466464947e-03,1.054669814619462213e-03,1.699891721959706956e+02,5.387084899626719903e+01,-3.258044383177036707e+01,-5.673469970572288246e-02,1.105736640745851673e+02,2.109275523075315505e+04,0.000000000000000000e+00,3.603606110874981823e+04
1.809999999999911457e+00,1.487288509386653601e+01,6.684037840386513052e-01,5.147207352853304663e-01,1.279162236586878741e-02,-3.120747149880730327e-03,-6.199764657240473820e-03,-1.257644025664640139e+02,-4.297968742025761912e+01,3.387211835196926586e+02,-5.664988746015224563e-02,1.106905268754090343e+02,1.958748851850612118e+04,0.000000000000000000e+00,3.701946254163558478e+04
1.819999999999910356e+00,1.487296597722480485e+01,6.683507178502968715e-01,5.146762689357171627e-01,1.895666164808630302e-02,-4.349133506071846574e-03,-7.616499207951785665e-03,1.320309229463969132e+02,4.325739679020335871e+01,1.430015632088452548e+01,-5.671041805866066515e-02,1.107593585370102574e+02,2.143472131516769514e+04,0.000000000000000000e+00,3.599737575552611088e+04
1.829999999999909255e+00,1.487309881180648397e+01,6.682994340861982963e-01,5.146200497702518861e-01,1.707177770569352424e-02,-4.197636991651897999e-03,-6.800785623629573493e-03,-1.316081235914098215e+02,-3.979990235129967857e+01,3.426967811090642044e+02,-5.678122514738825205e-02,1.107738654456762362e+02,1.975387648197947419e+04,0.000000000000000000e+00,3.716451059655027348e+04
1.839999999999908153e+00,1.487317600818239249e+01,6.682551254494013548e-01,5.145796900790683415e-01,1.545026764806756853e-02,-2.011084580292810120e-03,-6.305118037806456063e-03,1.246356375071763978e+02,4.322763784905463069e+01,2.859025587352346065e+01,-5.687005221037616520e-02,1.108153051048655726e+02,2.147821647061636031e+04,0.000000000000000000e+00,3.628503958783018606e+04
1.849999999999907052e+00,1.487324922953231088e+01,6.682381062236835145e-01,5.145479786813295098e-01,1.355322903945707300e-02,5.168723272604442559e-04,-4.039375843520973987e-03,-9.789933931045698046e+01,-3.457122015323412967e+01,3.289013876148889040e+02,-5.694686350886574849e-02,1.108981013730522989e+02,1.992513702333858237e+04,0.000000000000000000e+00,3.733311564688097133e+04
1.859999999999905951e+00,1.487324141540581479e+01,6.682319099828167852e-01,5.145566422490736036e-01,5.553538731413245081e-04,5.947719954191145551e-04,8.830044362021657010e-04,-6.159085754642319444e+01,-2.728356723804088091e+01,2.917636543492652663e+02,-5.705780556665877162e-02,1.110851716915125849e+02,1.989270434360445506e+04,0.000000000000000000e+00,3.737575701048399787e+04
1.869999999999904849e+00,1.487319851231818468e+01,6.682326762467031278e-01,5.145850713306653335e-01,-7.007956157467212961e-03,-2.506426654267651525e-04,4.005438408338870583e-03,-4.935752290484606419e+01,-2.377678284322154312e+01,2.751120117720536200e+02,-5.717231600317794482e-02,1.113289241917857311e+02,1.998900464448224739e+04,0.000000000000000000e+00,3.741058094035519025e+04
1.879999999999903748e+00,1.487315769415055833e+01,6.682276740949710803e-01,5.146204945156738209e-01,-9.351397419573489675e-03,-2.294804621324344953e-03,5.481533324774524353e-03,-4.809452434051854652e+01,-2.220788798050741875e+01,2.635307517938671253e+02,-5.728335164945332070e-02,1.115620967713352911e+02,2.002792581305135172e+04,0.000000000000000000e+00,3.741888758069855976e+04
1.889999999999902647e+00,1.487317214199827298e+01,6.682080915035516488e-01,5.146444288290402680e-01,8.033617473493018940e-03,-1.958147048212928801e-03,3.024499758340140078e-04,-9.099276224290588289e+01,-3.616173676137179172e+01,3.045155311788856807e+02,-5.737278172120336556e-02,1.117259644255532152e+02,1.995991898558447792e+04,0.000000000000000000e+00,3.741357525335672108e+04
1.899999999999901545e+00,1.487323577526917973e+01,6.681706104385545242e-01,5.146456002336163849e-01,1.195910560856447121e-03,-5.630623440284123794e-03,1.337951283802636540e-03,-7.844349999361656955e+01,-2.602882492699516348e+01,2.841569904600889913e+02,-5.744210641453844496e-02,1.118246302049918910e+02,2.013031729747581630e+04,0.000000000000000000e+00,3.742135538072723284e+04
1.909999999999900444e+00,1.487332021948409633e+01,6.681157962591536270e-01,5.146349105084030429e-01,-4.218704134896733744e-03,-8.081263697871141072e-03,2.267778850878508952e-03,-6.425662621568835675e+01,-1.959530788924076461e+01,2.616026123317508336e+02,-5.751121963716160357e-02,1.118836491161592477e+02,2.009587161018071492e+04,0.000000000000000000e+00,3.743805600586027867e+04
1.919999999999899343e+00,1.487339475588786364e+01,6.680531664028563910e-01,5.146192774410439652e-01,-8.459480491449041309e-03,-8.808147382728444968e-03,3.027678351581538415e-03,1.908378256024916482e+02,7.114752424139102516e+01,-6.991611230949752098e+01,-5.758540383581936539e-02,1.119259923727495476e+02,2.191142049833520650e+04,0.000000000000000000e+00,3.641196681435670325e+04
1.929999999999898241e+00,1.487348569927424435e+01,6.680020888535140866e-01,5.145969844981199692e-01,4.853360478325479191e-03,-5.134169588239734759e-03,-1.190255919784531831e-03,1.808468152774103146e+02,6.191303231145909081e+01,-4.485411701471377910e+01,-5.765249999152964600e-02,1.119587412607312729e+02,2.195667988591769972e+04,0.000000000000000000e+00,3.640537183736336738e+04
1.939999999999897140e+00,1.487353723763281010e+01,6.679642869692395957e-01,5.145880988086829477e-01,-5.985812692758096923e-05,-3.927064376865139865e-03,5.910010758305682399e-04,1.884137319854062298e+02,6.632610079508654621e+01,-5.293625190864338492e+01,-5.773667023144143234e-02,1.120435389236957207e+02,2.198938533112072037e+04,0.000000000000000000e+00,3.648882509729752928e+04
1.949999999999896039e+00,1.487355422824175299e+01,6.679397289874045018e-01,5.145928698524531164e-01,-3.716169298056324483e-03,-2.846263758352444127e-03,1.946170426173818996e-03,1.417814848643965888e+02,5.714556596347502193e+01,-1.143568790403537605e+01,-5.782640086758792514e-02,1.121912212978663064e+02,2.184416624005325502e+04,0.000000000000000000e+00,3.676845255623237608e+04
1.959999999999894937e+00,1.487356545410075626e+01,6.679258901797537895e-01,5.145947222132696286e-01,1.143158555466015436e-03,-1.407719589569287038e-03,2.342183299908323613e-04,-7.455650905867287292e+01,-3.187817545064730851e+01,3.021983962564023614e+02,-5.788572803920567778e-02,1.123615500981564423e+02,2.025662448783784566e+04,0.000000000000000000e+00,3.770959846765109978e+04
1.969999999999893836e+00,1.487348370512575535e+01,6.678919825769560337e-01,5.145906269849825909e-01,-1.091877994753548062e-02,-4.209479878568817002e-03,-4.735693158949344159e-03,3.975329428251052377e+01,1.568302556788290758e+01,1.251509895520040914e+02,-5.798868911413038174e-02,1.125126478859743600e+02,2.342261221149404082e+04,0.000000000000000000e+00,3.758943371088524873e+04
1.979999999999892735e+00,1.487341559529218138e+01,6.678487104239766436e-01,5.145153349438660317e-01,-3.523150914450740023e-03,-4.725514772499224414e-03,-8.803698776553891062e-03,3.122761903280616025e+01,9.655368024615881950e+00,1.549941588330772788e+02,-5.809641737654176047e-02,1.124495348143323383e+02,2.354745399389811064e+04,0.000000000000000000e+00,3.770451532590245915e+04
1.989999999999891633e+00,1.487337194990213440e+01,6.677900465228552296e-01,5.144342222920840202e-01,3.372001261146088166e-03,-4.540375656830550159e-03,-9.831058330102030937e-03,1.126421813016986562e+01,3.376763919642826295e+00,1.751530510544363324e+02,-5.819853325834874191e-02,1.122988549959475222e+02,2.357927680000735927e+04,0.000000000000000000e+00,3.785445222979723621e+04
1.999999999999890532e+00,1.487338242158272905e+01,6.677286688554779914e-01,5.143549332533216001e-01,8.871508387199382104e-03,-5.324361066142743737e-03,-5.999087009775935439e-03,-8.599947668803088163e+01,-3.673764764186395837e+01,3.440700416904255690e+02,-5.827288852075880599e-02,1.121028633333444589e+02,2.056150811663228160e+04,0.000000000000000000e+00,3.817395971814080985e+04
2.009999999999889653e+00,1.487344243832177249e+01,6.676621296473082001e-01,5.143568444203909795e-01,-4.919345543012518945e-03,-8.615077416067463967e-03,5.561535930596358049e-03,-7.926124366429030488e+01,-2.530137990208093868e+01,2.864103536127713596e+02,-5.830963749402729573e-02,1.120609797143227553e+02,2.045035052876858390e+04,0.000000000000000000e+00,3.825058086906414974e+04
2.019999999999888551e+00,1.487350549168360381e+01,6.676025094699891138e-01,5.143693329806177106e-01,4.861240861655157994e-03,-4.841439661933753802e-03,-2.132141991443072763e-03,1.191424840519130157e+01,1.051095839360812079e+01,1.379592722525753743e+02,-5.833487847744788651e-02,1.120974615454024530e+02,2.376229037712297213e+04,0.000000000000000000e+00,3.800156673082480847e+04
2.029999999999887450e+00,1.487350017843699668e+01,6.675566780986094129e-01,5.143198157422094186e-01,3.451844474151163997e-03,-2.584023378844963609e-03,-7.613282313978887023e-03,1.449305318065171377e+01,6.938366505207852697e+00,1.682730044861673662e+02,-5.841701875779072711e-02,1.120385080011155310e+02,2.376087709129399809e+04,0.000000000000000000e+00,3.813193920784852526e+04
2.039999999999886349e+00,1.487348262934271226e+01,6.675259491401771550e-01,5.142588662989390214e-01,2.631465917313659426e-03,-1.582183783422645793e-03,-6.670539479985292466e-03,-2.070797815523533245e+02,-9.355045549733640087e+01,4.680927879395250670e+02,-5.850444332644625517e-02,1.119482800309805413e+02,2.237025983876636747e+04,0.000000000000000000e+00,3.910140839248299017e+04
2.049999999999885247e+00,1.487342933461428807e+01,6.674949601094657403e-01,5.142208037189313075e-01,-1.505960728205198509e-02,-4.895412703664451387e-03,-8.880940234955004382e-04,4.574304631762606732e+01,2.190818063541973970e+01,1.340753003425340353e+02,-5.861220334154503692e-02,1.118915523989864482e+02,2.389085768524908417e+04,0.000000000000000000e+00,3.835266714846831746e+04
2.059999999999884146e+00,1.487340155806698938e+01,6.674701908241247317e-01,5.141865809753410899e-01,3.079609106007399986e-03,-1.301893255010936994e-03,-4.530942881772148829e-03,-8.799126790164109480e+01,-4.146167514407409271e+01,3.683701937509277968e+02,-5.868862813089785468e-02,1.118167637569993929e+02,2.068099619484260984e+04,0.000000000000000000e+00,3.859276435510541342e+04
2.069999999999883045e+00,1.487338923116506173e+01,6.674387126193935815e-01,5.141818068332189018e-01,1.236791385257889932e-02,-1.096666660031813106e-03,-4.237766405886589545e-03,-1.114277576973358919e+02,-4.881422315434007686e+01,3.814449616075597760e+02,-5.873893118781264855e-02,1.117688032110028900e+02,2.071710746024821492e+04,0.000000000000000000e+00,3.860273796625799878e+04
2.079999999999881943e+00,1.487329675955596642e+01,6.673749384585363487e-01,5.142188268323383271e-01,-3.340317885591169173e-03,-5.120703935469037189e-03,-6.351501821458196018e-04,2.749391547678396819e+01,1.097555461906136998e+01,1.441031797586638845e+02,-5.884854470709087459e-02,1.118016045533900353e+02,2.394112671629096440e+04,0.000000000000000000e+00,3.831595814790409349e+04
2.089999999999880842e+00,1.487334073047689387e+01,6.673409550535122081e-01,5.141799047810795553e-01,7.201925759991519883e-03,-2.893740109023823070e-03,-5.421368771851902899e-03,3.109264461400016444e-01,1.082361557361934956e+00,1.855441224828572899e+02,-5.887490804612839634e-02,1.116671777111933181e+02,2.406652277680493353e+04,0.000000000000000000e+00,3.839518009276007797e+04
2.099999999999879741e+00,1.487343816214915115e+01,6.673023815762214594e-01,5.141764746970947098e-01,-1.661748970751704760e-02,-9.570892109275338025e-03,1.129873697252252798e-02,1.650013077141124995e+02,6.135142397771210199e+01,-3.095212697845158800e+01,-5.887091882233982942e-02,1.116091583367833806e+02,2.250601676690794920e+04,0.000000000000000000e+00,3.772658192976393912e+04
2.109999999999878639e+00,1.487345948809652185e+01,6.672456019664698701e-01,5.142225387384582458e-01,-1.074504489323211028e-02,-7.285136354398164676e-03,4.576417940527526679e-03,3.178163837644478917e+01,2.209014041489072611e+01,1.071920031635675343e+02,-5.890808556578326638e-02,1.117105993801956174e+02,2.393139503744113608e+04,0.000000000000000000e+00,3.842602102381091390e+04
2.119999999999877538e+00,1.487345157517615490e+01,6.672120601141967589e-01,5.141994888747322134e-01,3.857077848057937665e-03,-1.294863397524968502e-03,-5.334938351878920973e-03,9.561262238068138686e+00,3.774818357598405782e+00,1.735216765919066972e+02,-5.897064698315481607e-02,1.116971205066946737e+02,2.399257069660131674e+04,0.000000000000000000e+00,3.845995095984822547e+04
2.129999999999876437e+00,1.487347587429171014e+01,6.671995270335263628e-01,5.141476911417837137e-01,-8.644801929571654595e-03,-3.707717912486638897e-03,-2.150754011806867063e-03,3.180213599750868525e+01,1.598163104611174390e+01,1.500241624239853024e+02,-5.901816957382602369e-02,1.116107688108445473e+02,2.409930711832757152e+04,0.000000000000000000e+00,3.857501328451454901e+04
2.139999999999875335e+00,1.487344033641285002e+01,6.671764570014451223e-01,5.141180959735958123e-01,-1.154124785267382491e-02,-3.971318817773275903e-03,-4.556809397253355526e-04,4.616269887440739694e+01,1.846496012283654409e+01,1.371801806647582964e+02,-5.910602090122681063e-02,1.115631631936690411e+02,2.411206978800214711e+04,0.000000000000000000e+00,3.858511835694913316e+04
2.149999999999874234e+00,1.487342733379067639e+01,6.671576272287157439e-01,5.140912775896840925e-01,3.176356310554691309e-03,-8.924242961846433862e-04,-3.556785193502021505e-03,5.346543377819216403e+00,2.583753677544649463e+00,1.845259891498535012e+02,-5.916963801137643808e-02,1.115051739703510094e+02,2.417104494323175095e+04,0.000000000000000000e+00,3.864510249930469581e+04
2.159999999999873133e+00,1.487339435100641083e+01,6.671283080539152088e-01,5.140768515977003350e-01,5.884077700693133217e-04,-2.375999187522722343e-03,-2.307067403601754767e-03,1.086398445771646948e+01,4.158150745515797553e+00,1.737896632615348267e+02,-5.925011974248797775e-02,1.114507433819927655e+02,2.411512379459910153e+04,0.000000000000000000e+00,3.865379641236779571e+04
2.169999999999872031e+00,1.487339147099608105e+01,6.670980304302115416e-01,5.140576569732308032e-01,-6.349297574847560452e-03,-5.047625700777892341e-03,-6.031768364014748128e-05,2.745135495098247702e+01,1.277434277931553197e+01,1.508743831367052621e+02,-5.930804116020902544e-02,1.113620803159828654e+02,2.418522711207215616e+04,0.000000000000000000e+00,3.866823905645112973e+04
2.179999999999870930e+00,1.487340566586718538e+01,6.670634740057255208e-01,5.140359795343379945e-01,4.587876759660206548e-03,-2.662571051628084048e-03,-3.115563095840422417e-03,-1.535509288036337239e+00,1.630448546148386413e-01,1.850000668664914656e+02,-5.935305445965485122e-02,1.112470940345756816e+02,2.416687349696177262e+04,0.000000000000000000e+00,3.872152720968845097e+04
2.189999999999869829e+00,1.487341257991602816e+01,6.670386041061788784e-01,5.140177812151736081e-01,-5.544245615224028785e-04,-1.462802511648555147e-03,-2.220828019550224065e-03,3.070617809350096650e+00,5.200490161243124021e+00,1.756155453754977032e+02,-5.939687905117303074e-02,1.111422677313207572e+02,2.447578136087656821e+04,0.000000000000000000e+00,3.880539303017398925e+04
2.199999999999868727e+00,1.487341460898492507e+01,6.670346641568138946e-01,5.139978671378556685e-01,-7.574244750631925916e-04,-2.563003366782217219e-05,-1.853220717693867051e-03,2.450591923147385387e+00,3.444694633540734685e+00,1.773376158583367044e+02,-5.944218094079514736e-02,1.110718401716266044e+02,2.456477865841215680e+04,0.000000000000000000e+00,3.887323200667052151e+04
2.209999999999867626e+00,1.487339674232699416e+01,6.670433518233642722e-01,5.139781722412035680e-01,1.035315218964747222e-02,4.529306926306438108e-03,-4.594914299276438123e-03,3.650437724038101805e+01,1.432292012558076522e+01,1.479005947046584879e+02,-5.955980133647015978e-02,1.110224702905655363e+02,2.434892687710752580e+04,0.000000000000000000e+00,3.866574266317213915e+04
2.219999999999866525e+00,1.487343513167078513e+01,6.670869049951688723e-01,5.139583057958427847e-01,9.551355179152542715e-03,5.557980349308146335e-03,-3.226284674906303423e-03,3.708925757716406224e+01,1.368764911424807451e+01,1.452231964238211503e+02,-5.974676813937824377e-02,1.109649787199871156e+02,2.447135470302316389e+04,0.000000000000000000e+00,3.865987820850594289e+04
2.229999999999865423e+00,1.487351313261259556e+01,6.671284504553525174e-01,5.139651719789618545e-01,8.046518500861171014e-03,1.624069789112725587e-03,5.192886102330996831e-03,-1.922084783428213086e+02,-5.653981034890901469e+01,4.102292065051473173e+02,-5.976934346512141616e-02,1.109492107349810510e+02,2.272873268204845954e+04,0.000000000000000000e+00,3.949946475243503664e+04
2.239999999999864322e+00,1.487355027355754089e+01,6.671604701289446382e-01,5.139835191656703106e-01,4.518325381234189302e-03,4.535069602409765380e-03,-6.477036519906817285e-04,3.926008945865351052e+01,1.511834470190041202e+01,1.309396728821085389e+02,-5.980531007306567198e-02,1.109762860558313093e+02,2.432130759256655801e+04,0.000000000000000000e+00,3.857070547403008095e+04
2.249999999999863221e+00,1.487357421588282058e+01,6.671747777264233070e-01,5.140211618885255351e-01,1.128389803987461457e-02,2.890024231931876200e-03,4.476084153904569501e-04,3.110009418264417036e+01,1.854708162979233066e+01,1.270713243289612819e+02,-5.974130969933228591e-02,1.110365630449067282e+02,2.437493793632576853e+04,0.000000000000000000e+00,3.845584419629487093e+04
2.259999999999862119e+00,1.487361022930225829e+01,6.672037242267936374e-01,5.140181537367848330e-01,7.436627840037234559e-03,3.898674391857058497e-03,-3.032269191381692808e-03,2.144726887199850580e+02,7.536224883815179965e+00,7.175151606491317580e+01,-5.979935878472403266e-02,1.110322262769550292e+02,2.498574225182416922e+04,0.000000000000000000e+00,3.644037087860197062e+04
2.269999999999861018e+00,1.487368600539475416e+01,6.672261466013271747e-01,5.140113769841004876e-01,1.280822870412956158e-02,3.990987947010556439e-03,-4.489419044376452735e-03,1.688890360666709967e+01,8.775806713741872045e+00,1.548917749361286269e+02,-5.977857916559211476e-02,1.110060302705150832e+02,2.434870178585002213e+04,0.000000000000000000e+00,3.845880029705987545e+04
2.279999999999859916e+00,1.487373081403068120e+01,6.672402917697322078e-01,5.140057958790894554e-01,1.315878283144033753e-03,7.516231485605959911e-04,2.028828437526288410e-04,3.826513309829124410e+01,2.057440687796821521e+01,1.185297760260491486e+02,-5.978845190741969434e-02,1.109779139830090600e+02,2.433394732845482213e+04,0.000000000000000000e+00,3.847541938164759631e+04
2.289999999999858815e+00,1.487375803625022996e+01,6.672508262768150900e-01,5.140041404049472407e-01,-8.209535043064677268e-03,-1.430849888551118197e-03,4.033226003839427039e-03,5.728159499665662224e+01,2.970260806976313006e+01,8.876366368635490289e+01,-5.980719216121715975e-02,1.109650258113857006e+02,2.431540327714385057e+04,0.000000000000000000e+00,3.848626745251919056e+04
2.299999999999857714e+00,1.487379434509767151e+01,6.672576112620034472e-01,5.140119449915860894e-01,1.407647863706867897e-03,1.716999429593485870e-03,-8.068821150085736050e-04,4.413912490447137316e+01,2.124730682080377164e+01,1.214720112238481988e+02,-5.974368841770034966e-02,1.109782975030452974e+02,2.445729983319620078e+04,0.000000000000000000e+00,3.845752122108044568e+04
2.309999999999856612e+00,1.487383032132102301e+01,6.672916361770139249e-01,5.139838477858539312e-01,-6.880543643959404279e-03,2.016837367330637752e-03,-2.836006752942022152e-06,2.395859589097020717e+02,9.308284303095263112e+00,5.723091412533176481e+01,-5.982263513918868042e-02,1.109489937077303665e+02,2.493650596845206019e+04,0.000000000000000000e+00,3.638340043717464869e+04
2.319999999999855511e+00,1.487383820475211493e+01,6.673080909636798230e-01,5.139917379168996714e-01,3.368614063908951291e-03,3.374907869467858729e-03,-2.121454396828932176e-03,4.053251656558222749e+01,1.686321859402141854e+01,1.342080500649173018e+02,-5.982644487203551964e-02,1.109847319576220599e+02,2.449261435480133878e+04,0.000000000000000000e+00,3.847036566909237445e+04
2.329999999999854410e+00,1.487382503605327599e+01,6.673208654392669414e-01,5.140059122006188641e-01,7.321392026415680758e-03,3.612862375352840060e-03,-2.621673207954860075e-03,2.942740206319331264e+01,1.330158011830815212e+01,1.420874533636803108e+02,-5.980422553857500656e-02,1.110370043536512554e+02,2.438614006754199363e+04,0.000000000000000000e+00,3.845841374921628449e+04
2.339999999999853308e+00,1.487384156392671031e+01,6.673415018141085620e-01,5.140049113982541051e-01,-2.476583667888708398e-03,-5.759059531003602817e-04,3.767074124029245671e-03,4.786582175000285133e+01,2.792699805721912298e+01,1.028750009324738812e+02,-5.982587957427629860e-02,1.110538215139697655e+02,2.449176039655274508e+04,0.000000000000000000e+00,3.845961020461748558e+04
2.349999999999852207e+00,1.487387199970426543e+01,6.673606065261230569e-01,5.139953079983881068e-01,1.066380023375361127e-02,4.024306608337484617e-03,-4.720410397619105580e-03,-2.046216567023052448e+02,-7.392732094618278893e+01,4.606184622793449535e+02,-5.985785417591116958e-02,1.110466410752268445e+02,2.291438129741246667e+04,0.000000000000000000e+00,3.935079013518633292e+04
2.359999999999851106e+00,1.487388271373426640e+01,6.673449704550781236e-01,5.140719308397223575e-01,1.215972594177551144e-02,2.125580550332118596e-03,6.327301975745439760e-03,-8.030296698396159627e+01,-2.817566120242192795e+01,2.979928613300173765e+02,-5.967171174146435053e-02,1.111616397412275745e+02,2.115654682530990976e+04,0.000000000000000000e+00,3.868556490115771157e+04
2.369999999999850004e+00,1.487390654659790989e+01,6.673555702331199768e-01,5.141285336054749466e-01,1.097466502055080215e-02,3.663363244272434521e-03,-3.050075480274899459e-03,2.780289889401956316e+01,1.009411035008093904e+01,1.317742598966104879e+02,-5.970886175879973334e-02,1.112631087500498097e+02,2.446619683636369155e+04,0.000000000000000000e+00,3.828662732047946338e+04
2.379999999999848903e+00,1.487391368459263141e+01,6.673756232779326503e-01,5.141004946329449377e-01,1.002613129558059361e-02,4.131929013198297820e-03,-7.023383598165149587e-03,1.905347153124921533e+01,7.701803670337596941e+00,1.595034979779621835e+02,-5.983640526671545057e-02,1.112436273907098609e+02,2.448317755673404827e+04,0.000000000000000000e+00,3.838529911790644837e+04
2.389999999999847802e+00,1.487391678429328046e+01,6.673993890264120488e-01,5.140571469568763208e-01,7.512651864802898094e-03,3.769949121159441724e-03,-6.469206328173374675e-03,2.174584929512993767e+02,-1.000183156885498192e+00,9.768548584717109406e+01,-5.997189817142594553e-02,1.111910784910665200e+02,2.516558646731748377e+04,0.000000000000000000e+00,3.625213251318950643e+04
2.399999999999846700e+00,1.487392680788735788e+01,6.673960531209344182e-01,5.140679261791610832e-01,1.512357703948610278e-02,1.920501306830763510e-03,-2.316405210910843157e-03,-2.113021663962276762e+02,-6.638432260431571308e+01,4.464558981927555124e+02,-5.989356773093167802e-02,1.112256507149732414e+02,2.295649330370485768e+04,0.000000000000000000e+00,3.933751241526450758e+04
2.409999999999845599e+00,1.487392289090806585e+01,6.674081023385165512e-01,5.140605407984766284e-01,-5.121044935935975366e-03,1.565099135649821371e-03,-8.648970039634912071e-04,-1.733447263717962414e+02,-6.214938943919446501e+01,4.131332739568516104e+02,-5.993129022991833255e-02,1.112432200660067707e+02,2.282250494232487836e+04,0.000000000000000000e+00,3.937868794738857832e+04
2.419999999999844498e+00,1.487388637485867626e+01,6.674100611396206473e-01,5.140717043900244754e-01,-2.526261494771446514e-02,-3.897904463633871525e-03,8.094460217752402417e-03,8.574518876285674196e+01,4.218214331771298475e+01,5.464202734042481779e+01,-5.995893376938115499e-02,1.113004774560379389e+02,2.447920146926398957e+04,0.000000000000000000e+00,3.851877021335752943e+04
2.429999999999843396e+00,1.487390448250698505e+01,6.674136645528355727e-01,5.140782851998715319e-01,-1.202113149331510145e-02,-1.653272453489641790e-03,4.166665601149579720e-03,-1.604982570454440065e+02,-5.018717437670244408e+01,3.852097719954336981e+02,-5.991050899257288620e-02,1.113231608346630566e+02,2.295400901463039554e+04,0.000000000000000000e+00,3.938366610274778941e+04
2.439999999999842295e+00,1.487388933240323396e+01,6.674218990466288526e-01,5.140692283890592185e-01,1.229621999161061366e-02,4.199280630656615151e-03,-6.183224650922749047e-03,1.934726006833216161e+01,6.584050817765444208e+00,1.597582867003225147e+02,-6.000013763398998057e-02,1.113230371625324295e+02,2.452997249909592210e+04,0.000000000000000000e+00,3.845583697018175735e+04
2.449999999999841194e+00,1.487386790324335273e+01,6.674164287810590013e-01,5.140787086945689532e-01,-8.084217309232069951e-03,-2.335348786718329482e-03,2.600352905374533809e-03,6.128870404193958166e+01,2.953986642386576023e+01,9.369584882647615132e+01,-6.002713328795587777e-02,1.113363366636725260e+02,2.459798617464870040e+04,0.000000000000000000e+00,3.847230521882722678e+04
2.459999999999840092e+00,1.487391157345392045e+01,6.674316587808204471e-01,5.140488724693702549e-01,-1.487616004701032210e-02,-1.396535931808054508e-03,2.246155458889379734e-03,2.296228181695257717e+02,5.460172211923861596e+00,7.392472473563884705e+01,-6.004883266955203525e-02,1.112811359368715216e+02,2.512505139668789343e+04,0.000000000000000000e+00,3.638981918356731330e+04
2.469999999999838991e+00,1.487389881123231916e+01,6.674203703547487709e-01,5.140623951349347909e-01,-1.871610047455306985e-02,-2.974675837911497974e-03,4.417670726244444200e-03,8.156246479114497561e+01,3.610193197668229459e+01,7.185723933617953207e+01,-6.005675238581128367e-02,1.112995750499298993e+02,2.462507424624362466e+04,0.000000000000000000e+00,3.854306105957952968e+04
2.479999999999837890e+00,1.487387425637584037e+01,6.674077000532782078e-01,5.140800549536939101e-01,-2.181175673062821663e-03,-4.688781408469740975e-06,-6.001083258366181252e-04,4.976361557208520026e+01,2.136954688674853742e+01,1.142436507732562632e+02,-6.002703671292288629e-02,1.113317082761917050e+02,2.453923046271668136e+04,0.000000000000000000e+00,3.852890695887383481e+04
2.489999999999836788e+00,1.487388724620111091e+01,6.674255522046060873e-01,5.140542996003153453e-01,-4.765802316638346157e-03,7.384376875442584965e-04,-8.065585053800457260e-04,2.246963183159177788e+02,-2.050555706678380830e+00,8.925873406201571925e+01,-6.009198140006861283e-02,1.112967471745714221e+02,2.513510293385262412e+04,0.000000000000000000e+00,3.636217587281033775e+04
2.499999999999835687e+00,1.487389311361661903e+01,6.674240378925008210e-01,5.140649675557624754e-01,8.707919268855454989e-03,2.845398683344121590e-03,-3.713935039211834540e-03,3.675564086034501088e+01,1.414872253604664820e+01,1.383352306442591271e+02,-6.007427581196323613e-02,1.113217219589277533e+02,2.466489285918258247e+04,0.000000000000000000e+00,3.852506129609968048e+04
2.509999999999834586e+00,1.487388956717022381e+01,6.674244031085823092e-01,5.140756277267926055e-01,2.498590158537742582e-03,6.767933954425359991e-04,-1.615557606082329122e-04,-1.915578262713111144e+02,-6.471091118719067481e+01,4.267890042445814061e+02,-6.005712525985586886e-02,1.113509392233380026e+02,2.300005933191468284e+04,0.000000000000000000e+00,3.950870648824149976e+04
2.519999999999833484e+00,1.487386359043524564e+01,6.674309660572440572e-01,5.140733227811539185e-01,-1.035927197589745982e-02,-7.238748254726040101e-04,1.661923984071945071e-03,2.313332367576778097e+02,2.162722012871086008e+00,7.706723511108839375e+01,-6.013987678659767078e-02,1.113615858696551300e+02,2.515038949441640216e+04,0.000000000000000000e+00,3.637214946431446879e+04
2.529999999999832383e+00,1.487386174169995634e+01,6.674217409315866822e-01,5.140898402534022082e-01,6.090560169763513214e-03,1.549678392241928254e-03,-2.835903185932557840e-03,4.118331170159581234e+01,1.673124692346709708e+01,1.301751483187729264e+02,-6.011351372804324411e-02,1.113934682169487189e+02,2.468633512223393700e+04,0.000000000000000000e+00,3.852579644798854861e+04
2.539999999999831282e+00,1.487388192186332425e+01,6.674285044928840449e-01,5.140780185426818694e-01,-3.037428302833480084e-03,-3.059247740148946220e-03,4.814790141192688833e-03,-1.783045883176400821e+02,-5.413639535308234940e+01,3.925309052853526737e+02,-6.014085717168683731e-02,1.113721186176289990e+02,2.297936373661741891e+04,0.000000000000000000e+00,3.952106387921175337e+04
2.549999999999830180e+00,1.487387877752217946e+01,6.674223126088935087e-01,5.140811277549846015e-01,3.859274787912847157e-04,6.497147112762793235e-04,-1.688179161648435895e-03,5.101475022453541897e+01,2.045475571790814229e+01,1.177201547867584281e+02,-6.015668513694914787e-02,1.113735932246675873e+02,2.471277735505771125e+04,0.000000000000000000e+00,3.857351021241337730e+04
2.559999999999829079e+00,1.487386123884287237e+01,6.674094864586345155e-01,5.140955095476068548e-01,1.080229671514360001e-03,-6.561334293636971989e-04,3.987462494619625417e-04,3.710984374391000529e+01,2.149927691448027645e+01,1.212518663214493699e+02,-6.015899914863433173e-02,1.113926698458464273e+02,2.469251409909014183e+04,0.000000000000000000e+00,3.863030376578819414e+04
2.569999999999827978e+00,1.487387070297417146e+01,6.674172475952384609e-01,5.140798535679784731e-01,7.334295123370342215e-05,1.060078769805513493e-03,-2.130961038774451758e-03,4.025614451576029751e+01,1.713262113900390204e+01,1.315598546172133751e+02,-6.022276586656193087e-02,1.113656011571446811e+02,2.471736544211726141e+04,0.000000000000000000e+00,3.866032082166758482e+04
2.579999999999826876e+00,1.487383184963949745e+01,6.674014414981273013e-01,5.141048093002367203e-01,3.332387398557241486e-03,9.410884472597665215e-04,-1.638521869143069135e-03,4.845196303017064565e+01,1.961230369382991512e+01,1.199828116278976609e+02,-6.021727781503664195e-02,1.114112037571637188e+02,2.471952006929044001e+04,0.000000000000000000e+00,3.858166138676188712e+04
2.589999999999825775e+00,1.487388127039192298e+01,6.674166779795706050e-01,5.140865362856147369e-01,1.061078387284745961e-02,-1.216994741657512202e-04,7.280733875498805133e-04,-1.932277558649138882e+02,-6.303505135869588116e+01,4.216404316078759393e+02,-6.021735081603257767e-02,1.113843207031288216e+02,2.313594229506947886e+04,0.000000000000000000e+00,3.954184968596600811e+04
2.599999999999824674e+00,1.487386561452777833e+01,6.674135470671782588e-01,5.140964747943550517e-01,-4.090221045468976462e-03,5.713715996988492701e-04,1.513544223210734586e-04,2.764715414837019125e+01,2.190294433109733063e+01,8.065903365039818596e+01,-6.024000266122939845e-02,1.114083022010414226e+02,2.386893650080536827e+04,0.000000000000000000e+00,3.874282468689730013e+04
2.609999999999823572e+00,1.487380973924575400e+01,6.674040787132696773e-01,5.140873013228616228e-01,-7.175776884355718893e-03,-1.072747240505611066e-03,-3.703765253430125332e-03,5.276533649629618594e+01,2.807990842453807545e+01,7.723613438972950007e+01,-6.024748843546872540e-02,1.114563702282506341e+02,2.392104532573883262e+04,0.000000000000000000e+00,3.871638148667147470e+04
2.619999999999822471e+00,1.487378696750023011e+01,6.674060323162386288e-01,5.140209355746496733e-01,1.013633545685252088e-02,1.033975237913929083e-04,-6.018274719670947508e-03,-1.851289112718654906e+02,-6.214880058389059059e+01,4.499527646013479512e+02,-6.025054101045286548e-02,1.114646989531177468e+02,2.324658923215795585e+04,0.000000000000000000e+00,3.970243289227801142e+04
2.629999999999821370e+00,1.487374444059978984e+01,6.673975134410318200e-01,5.139924407147906660e-01,1.082368587708149293e-04,9.480999893482476310e-04,-6.121233146801834807e-03,4.548985400294213832e+01,1.929125988356753396e+01,1.052905845467978452e+02,-6.027364767901135373e-02,1.114958636103180254e+02,2.406864191092709734e+04,0.000000000000000000e+00,3.888773046958256600e+04
2.639999999999820268e+00,1.487372374517939022e+01,6.673884957396493123e-01,5.139823128874091429e-01,2.494798222723423799e-04,-1.757734180848675174e-03,1.251250393118208317e-03,-1.724322764193848343e+02,-6.283240010972781420e+01,3.706525973958844702e+02,-6.028109338237772757e-02,1.115102060937122985e+02,2.237514451778336661e+04,0.000000000000000000e+00,3.985392340303715901e+04
2.649999999999819167e+00,1.487367193626862161e+01,6.673767973424508115e-01,5.139636240376499465e-01,-7.208181619972208257e-03,-8.399750793990206363e-04,-3.674675232424775249e-03,2.477714571766073277e+02,7.874739716490182673e+00,9.114827077801237465e+01,-6.034114114615652530e-02,1.115241206061928239e+02,2.554591808751465214e+04,0.000000000000000000e+00,3.669460341660850827e+04
2.659999999999818066e+00,1.487364182915878530e+01,6.673556809992028382e-01,5.139671027473080578e-01,-6.053304668241057994e-04,-2.054679082691315936e-04,-3.783948943110452233e-03,4.614591005550482805e+01,2.219334514371661271e+01,1.033090327501834054e+02,-6.032126962872867010e-02,1.115602588640734467e+02,2.416516526100500778e+04,0.000000000000000000e+00,3.902585358304532565e+04
2.669999999999816964e+00,1.487367078563829814e+01,6.673651404187056491e-01,5.139268509540441121e-01,1.145076204186881545e-02,-1.347595547805997872e-03,2.046013703184094295e-04,2.959714522200783904e+01,2.591055837522441152e+01,1.420592671713649224e+02,-6.035565858330596556e-02,1.115203148769520851e+02,2.507286501232975570e+04,0.000000000000000000e+00,3.906490091934001248e+04
2.679999999999815863e+00,1.487360998458165362e+01,6.673433173903253746e-01,5.139385747777257540e-01,4.578414201782008038e-03,1.477077864856941305e-03,-5.701704358998178554e-03,4.349607909284986818e+01,1.716622035466343732e+01,1.622528505123257219e+02,-6.037193364285258629e-02,1.115668421245798640e+02,2.500099842426794203e+04,0.000000000000000000e+00,3.910666552050133760e+04
2.689999999999814762e+00,1.487368019904653238e+01,6.673647361095008668e-01,5.139273281276263150e-01,3.874592992873668318e-03,8.646247246522477479e-04,5.551956899201224149e-03,-9.769673598225335809e+01,-3.688892535995751842e+01,3.036139522807832236e+02,-6.042081761665796247e-02,1.115297114709845090e+02,2.060730545034657553e+04,0.000000000000000000e+00,3.955741935595054383e+04
2.699999999999813660e+00,1.487362880096955564e+01,6.673299085387541796e-01,5.140623078461780127e-01,1.347338385448801357e-02,7.211958136900525071e-04,5.541747739465806809e-03,-8.024042081015795702e+01,-3.053875226841443435e+01,3.210544796374247198e+02,-6.028071536154362697e-02,1.117642029599036562e+02,2.155600601598113644e+04,0.000000000000000000e+00,3.938613343827730569e+04
2.709999999999812559e+00,1.487362678131400529e+01,6.673203260482004628e-01,5.141748004934590943e-01,1.941434284731207273e-03,4.528519565793074896e-06,7.535486870379714576e-03,-6.194442956764351038e+01,-2.382321242227075686e+01,2.933715524333656504e+02,-6.027577044473826640e-02,1.119686212099457379e+02,2.155865966299860520e+04,0.000000000000000000e+00,3.930832853309162601e+04
2.719999999999811457e+00,1.487363010869190383e+01,6.673156123105652426e-01,5.142344728420209510e-01,1.032309222521972901e-02,6.614811119798546472e-04,4.403329987763438414e-04,-2.260835973540920349e+02,-1.042172442742257914e+02,5.105961115146119482e+02,-6.034994480597843242e-02,1.121317739330232541e+02,2.173631174616868520e+04,0.000000000000000000e+00,3.978122274834745622e+04
2.729999999999810356e+00,1.487365797456010696e+01,6.672999043442254807e-01,5.142337400848032702e-01,9.211074825603611169e-03,-6.252523926550048339e-04,-2.863613255951249006e-03,-2.320132121304454813e+02,-1.004334643721402500e+02,5.239579522735054979e+02,-6.051777069258287844e-02,1.122604981861393298e+02,2.167562602974994661e+04,0.000000000000000000e+00,3.982777074966247892e+04
2.739999999999809255e+00,1.487368825380974613e+01,6.672785147403786921e-01,5.142141768044171668e-01,9.881454365927933373e-03,-7.862314225131923759e-04,-5.925061284076435682e-03,-2.186147388688918909e+02,-1.071223539181106617e+02,4.730663106495592274e+02,-6.071955149870406077e-02,1.123979651225380962e+02,2.091187051957739095e+04,0.000000000000000000e+00,3.982022242199644825e+04
2.749999999999808153e+00,1.487372079482311094e+01,6.672566956695855644e-01,5.141924361951479838e-01,8.335614616755851122e-03,-8.815215981340407967e-04,-3.243341099232530025e-03,4.328270767523872564e+01,2.146330488108571899e+01,1.457815049742289943e+02,-6.093299771069711490e-02,1.125499927620732308e+02,2.401626917377036807e+04,0.000000000000000000e+00,3.889931234178142768e+04
2.759999999999807052e+00,1.487375101600165550e+01,6.672374232797463334e-01,5.141602693420296299e-01,4.480158835865191008e-03,-5.592758647014278934e-04,-5.906117165950084194e-03,2.290148600905513376e+01,2.049785233410045748e+01,1.847270336392132037e+02,-6.114520845976936098e-02,1.127082554674899768e+02,2.444598318162766373e+04,0.000000000000000000e+00,3.903957878020140924e+04
2.769999999999805951e+00,1.487375010729236280e+01,6.672415861840064188e-01,5.141473617416527642e-01,6.538306025887945239e-03,2.845708397965058655e-03,-2.702580524696051797e-03,1.550288533683533387e+01,8.895307824056459367e+00,1.828003152455122233e+02,-6.121974897688902545e-02,1.128790005751173879e+02,2.453315850130088074e+04,0.000000000000000000e+00,3.909126445043667627e+04
2.779999999999804849e+00,1.487373458586046482e+01,6.672519953300317663e-01,5.141406073376858510e-01,-1.305968515354816173e-02,-1.401809011241850937e-03,1.102193201241746150e-03,4.439373160546028885e+01,2.332680382546408282e+01,9.877387211031748393e+01,-6.121533323994329812e-02,1.130528278952286740e+02,2.352413739277550485e+04,0.000000000000000000e+00,3.916425757065890502e+04
2.789999999999803748e+00,1.487370318277739578e+01,6.672594137880496490e-01,5.141072477503993987e-01,-4.445868278301454320e-03,2.644981832339392529e-04,-1.576627415664249915e-03,4.451276207691989839e+01,1.842856742412797644e+01,1.566356100788323147e+02,-6.118462401654386346e-02,1.132269952381416829e+02,2.454710934237178299e+04,0.000000000000000000e+00,3.918966198378148692e+04
2.799999999999802647e+00,1.487369209212043586e+01,6.672681245213751833e-01,5.140789472017481820e-01,9.104354555606202805e-04,1.223672296353836737e-03,-3.815111738830004925e-03,3.140366426621721985e+01,1.487126287612849751e+01,1.785557283132383759e+02,-6.112745008075741449e-02,1.133831189473395114e+02,2.466881459215278301e+04,0.000000000000000000e+00,3.927869909191902843e+04
2.809999999999801545e+00,1.487370657960047637e+01,6.672775724538639874e-01,5.140751457336802943e-01,6.773667656544848578e-03,1.809053570665052025e-03,-2.728979387278513379e-03,-2.303125226719316743e+02,-1.030956351430346842e+02,4.826577898452206909e+02,-6.105030602149300739e-02,1.135168947141673641e+02,2.155522203828272541e+04,0.000000000000000000e+00,4.023895679745772941e+04
2.819999999999800444e+00,1.487369257877679019e+01,6.672773260166007248e-01,5.140751473777608327e-01,-2.793327073942775910e-03,-1.034899578954005328e-03,2.920285832826671670e-03,8.554455704044630693e+01,1.941525181051773075e+01,6.647914973123664595e+01,-6.098267966931493478e-02,1.136617816967657006e+02,2.336308878607962470e+04,0.000000000000000000e+00,3.916765491446990927e+04
2.829999999999799343e+00,1.487371035375445238e+01,6.672696501861909990e-01,5.140958390651098053e-01,-8.715048024874494370e-03,-2.513776678854875209e-03,6.352338747389593698e-03,9.608412073044519275e+01,2.574459489570554638e+01,4.304886726742427072e+01,-6.095307160500775673e-02,1.137837853766188090e+02,2.337055482008559920e+04,0.000000000000000000e+00,3.917522809532295651e+04
2.839999999999798241e+00,1.487374318680451601e+01,6.672612917787815734e-01,5.141120755632674344e-01,7.836730484849244172e-03,8.456888246960242916e-04,2.360277590281826274e-04,-2.193651186949182375e+02,-8.875806711761210011e+01,5.090020069278771189e+02,-6.092981568383643021e-02,1.138888480418035840e+02,2.248702334632848942e+04,0.000000000000000000e+00,4.028544920794592326e+04
2.849999999999797140e+00,1.487374727278803910e+01,6.672515336336422020e-01,5.141218423448777886e-01,6.966041694289663161e-03,-1.873869860958050795e-04,-2.237933792547392841e-03,-2.038640645340105948e+02,-7.995850421733000246e+01,5.045096156485619758e+02,-6.089179256525652922e-02,1.140103039366225772e+02,2.261595251067296340e+04,0.000000000000000000e+00,4.028330675839001196e+04
2.859999999999796039e+00,1.487374539227562309e+01,6.672392580949046970e-01,5.141238886127361685e-01,6.628738976052179523e-03,-3.226644727337704363e-04,-3.304907651268413488e-04,-2.202814124727724447e+02,-9.448518908458110843e+01,4.654556279281781599e+02,-6.086352719190180754e-02,1.141405049231041318e+02,2.163640518449836236e+04,0.000000000000000000e+00,4.034011905426960584e+04
2.869999999999794937e+00,1.487374140462595662e+01,6.672241188525501743e-01,5.141339928475656684e-01,6.119366744675594841e-03,-4.612696295393863780e-04,-2.487331964792495963e-04,-2.204855090585965627e+02,-8.125346307193574091e+01,5.136166163929995037e+02,-6.083044877858798799e-02,1.142757593915523699e+02,2.259643311609599550e+04,0.000000000000000000e+00,4.040415869170438964e+04
2.879999999999793836e+00,1.487373979000099666e+01,6.672057927054761972e-01,5.141547862546588243e-01,5.875236392885428878e-03,-1.354772428585399366e-05,-1.803869864567411848e-03,2.959522261171923674e+01,1.133604754907304368e+01,1.358429685106290492e+02,-6.080461945123025180e-02,1.144002535461294769e+02,2.389872649463275957e+04,0.000000000000000000e+00,3.938264538306586473e+04
2.889999999999792735e+00,1.487374697209063790e+01,6.671861932890437163e-01,5.141814134606802478e-01,1.427442492167845314e-02,6.662419301806966074e-04,-1.308378641974500267e-03,-2.282905907396411749e+02,-8.710345941204532494e+01,5.140885144757353373e+02,-6.078305979235441858e-02,1.145068265670640386e+02,2.266127255590055211e+04,0.000000000000000000e+00,4.040324348262407875e+04
2.899999999999791633e+00,1.487374451679772847e+01,6.671683108449889543e-01,5.142051225362800349e-01,1.173501940895155943e-02,1.392106708725533281e-03,-2.677951143977048195e-03,-2.182764570010381249e+02,-9.461707615377841307e+01,4.667857390946462601e+02,-6.072527127716682849e-02,1.146081951852131766e+02,2.187862121913335432e+04,0.000000000000000000e+00,4.037772962787903816e+04
2.909999999999790532e+00,1.487373302437005940e+01,6.671461234249120853e-01,5.142291973630552793e-01,-1.857782582619446491e-03,-1.880575099410825273e-03,2.243320506509779901e-03,5.441317355440105530e+01,2.200220001995484154e+01,1.348206411560385618e+02,-6.069617293529787350e-02,1.147124041242033456e+02,2.484947831135262822e+04,0.000000000000000000e+00,3.939363384528210008e+04
2.919999999999789431e+00,1.487370368128499720e+01,6.671197510662885133e-01,5.142644726678288203e-01,-1.302744510732793161e-02,-4.496505790073724793e-03,8.896491642350665141e-03,1.117169546834384164e+02,3.474549968229905517e+01,1.507913138740502745e+01,-6.066704049533118426e-02,1.148328671273349784e+02,2.362978443862091808e+04,0.000000000000000000e+00,3.925307606007201684e+04
2.929999999999788329e+00,1.487365050650626941e+01,6.670615387465466117e-01,5.143087208076904115e-01,-2.153251732408181796e-02,-1.310247216176312242e-02,7.137007721839293099e-03,4.363512895304074846e+01,1.655917789054827338e+01,9.219403021179823554e+01,-6.059598535988065110e-02,1.149779599253770641e+02,2.341236815061301968e+04,0.000000000000000000e+00,3.965608389690048352e+04
2.939999999999787228e+00,1.487359914140652428e+01,6.669568125863136743e-01,5.143347273211446025e-01,3.450662326809589113e-03,-8.605312207313909473e-03,1.681569248987415267e-03,1.378119169496267205e+01,7.015111480449640169e+00,1.892176174419773815e+02,-6.047602217327474605e-02,1.150621821318366358e+02,2.442120246511618097e+04,0.000000000000000000e+00,3.964344755764345609e+04
2.949999999999786127e+00,1.487356863784625638e+01,6.668500447805724152e-01,5.143620842776045476e-01,-2.469793142526189103e-02,-1.725873630301132111e-02,1.021110592646798203e-02,7.305330782230066688e+01,4.094805445722604276e+01,1.016877007014963965e+02,-6.037951909761313934e-02,1.151258246738245958e+02,2.435280825749796350e+04,0.000000000000000000e+00,3.970011445625082706e+04
2.959999999999785025e+00,1.487352678773179981e+01,6.667352823261721850e-01,5.143952687797100909e-01,5.447795896621827200e-03,-8.357500081853501753e-03,-1.802640741363882061e-03,2.038079292605016235e+01,1.239951494998239667e+01,1.909421612627171498e+02,-6.030517260564517701e-02,1.151768103913994139e+02,2.456708293277733537e+04,0.000000000000000000e+00,3.967828398301644484e+04
2.969999999999783924e+00,1.487347466951826824e+01,6.666250527239788726e-01,5.144185725717943525e-01,-1.341151970385983348e-02,-1.365023598459221520e-02,2.156121334498507444e-03,5.957995705010898746e+01,3.164110892234960204e+01,1.410923210098442269e+02,-6.026091168619276267e-02,1.152544951335570431e+02,2.442414922034866686e+04,0.000000000000000000e+00,3.974089923816486407e+04
2.979999999999782823e+00,1.487347366330299536e+01,6.665428928450946033e-01,5.144000566242342698e-01,3.137698544218034315e-03,-4.700467252913863303e-03,-4.281110143365816044e-03,1.121127911872326877e+01,2.248705520376610423e-01,1.616229551741632804e+02,-6.015382314543108594e-02,1.152963967357012791e+02,2.366861902085842667e+04,0.000000000000000000e+00,3.985866436514916131e+04
2.989999999999781721e+00,1.487342293662737802e+01,6.664554934465334313e-01,5.144086796826475849e-01,-1.015738270411521010e-02,-1.082490859370314508e-02,5.394514177288737937e-03,5.287539231047685462e+01,2.691431200371736310e+01,1.331808341044510371e+02,-6.007551953275822032e-02,1.153926234369215962e+02,2.453877851646195631e+04,0.000000000000000000e+00,3.990117750475491630e+04
2.999999999999780620e+00,1.487338366077252338e+01,6.663716503992889173e-01,5.144505903081919573e-01,-3.150258779503546745e-03,-7.947398781442105084e-03,4.384759058986483458e-03,3.451090744378052477e+01,1.338185440046126828e+01,1.092639757979395654e+02,-6.000498097645948214e-02,1.154799716627933606e+02,2.373370854803418842e+04,0.000000000000000000e+00,3.987626231422500859e+04
3.009999999999779519e+00,1.487336975361384539e+01,6.662988340754054661e-01,5.144565427571636818e-01,1.299812241148590099e-04,-6.882097993039303779e-03,-1.012681215111021528e-03,3.057004412045262143e+01,8.910143915090134925e+00,1.318049121470564842e+02,-5.993381677368411764e-02,1.155446215488574211e+02,2.366813914428817588e+04,0.000000000000000000e+00,3.991515341051193536e+04
3.019999999999778417e+00,1.487334681037354756e+01,6.662271107321208197e-01,5.144534915073462056e-01,4.741289094828483701e-03,-4.396198116596162012e-03,-4.633951851597047956e-03,-2.643114903454675186e+02,-1.315888028378433035e+02,5.285590618803005327e+02,-5.986836391709142446e-02,1.156163006850898824e+02,2.183142317517929041e+04,0.000000000000000000e+00,4.109019304402841954e+04
3.029999999999777316e+00,1.487329188961778748e+01,6.661473269769588867e-01,5.144532487897673922e-01,-3.740489431793607650e-04,-7.587973257436503131e-03,8.327683323972247687e-04,6.500487755454605576e+01,2.509512217990118188e+01,1.264183226832545870e+02,-5.982074945483330242e-02,1.157314877983807690e+02,2.450946749777340301e+04,0.000000000000000000e+00,3.995257784510687634e+04
3.039999999999776215e+00,1.487329610995669427e+01,6.660868532702067801e-01,5.144879407142540773e-01,5.089071255758919818e-03,-3.827680113950873882e-03,1.298278810754620056e-03,5.283229117543578468e+01,3.727100668585592302e+00,9.598193245264758389e+01,-5.975371856226709827e-02,1.157931107934291219e+02,2.356963321704878763e+04,0.000000000000000000e+00,3.990529518476079829e+04
3.049999999999775113e+00,1.487327759681897987e+01,6.660072469290457819e-01,5.145094240628246274e-01,8.865688617485732725e-03,-4.529790028332173965e-03,3.941216721950284159e-04,1.968084469414634441e+01,1.011433409769543346e+01,1.335947453096010804e+02,-5.975710145743493018e-02,1.158642518674686670e+02,2.414202610325034038e+04,0.000000000000000000e+00,3.995876016406066628e+04
3.059999999999774012e+00,1.487328536044664773e+01,6.659565092740544756e-01,5.145108606542792007e-01,-8.533789538998859392e-03,-6.555169940988868002e-03,2.664414079715054368e-03,5.326616208426230514e+01,2.842353967805317438e+01,1.347102419129463442e+02,-5.967984561416047468e-02,1.159126849094618166e+02,2.516839541454372011e+04,0.000000000000000000e+00,4.006604000108493346e+04
3.069999999999772911e+00,1.487329650291895256e+01,6.658981747714471933e-01,5.145040824733230211e-01,-1.142290225824015015e-02,-8.874263082431940036e-03,2.603508275456605046e-03,5.921541089548372838e+01,3.375627050224078118e+01,9.021786004191426400e+01,-5.964147286814348858e-02,1.159614500093652651e+02,2.417356707395519334e+04,0.000000000000000000e+00,4.005127805477721267e+04
3.079999999999771809e+00,1.487326382895768617e+01,6.658284203133583157e-01,5.145067403398073669e-01,-8.315328700250132488e-03,-8.865598499996799747e-03,9.702114683428150624e-04,9.220000048262272685e+01,3.196128788949434352e+01,6.155864641813900562e+01,-5.964547063396239551e-02,1.160425506882160249e+02,2.368317955344501388e+04,0.000000000000000000e+00,3.994719128142062254e+04
3.089999999999770708e+00,1.487329246103088387e+01,6.657781910714749563e-01,5.144798699108115159e-01,-2.273664737947916556e-02,-9.486389789075976020e-03,4.795984723216126407e-03,1.132846488694085565e+02,4.993056863963275305e+01,6.911981243930745222e+01,-5.960266925297084267e-02,1.160941254387739150e+02,2.472033335893225012e+04,0.000000000000000000e+00,4.011057315181782906e+04
3.099999999999769607e+00,1.487332182355818055e+01,6.657238033629500062e-01,5.144842643728739784e-01,-9.007894239381144695e-04,-5.212098619167587071e-03,1.566422405774035072e-03,3.656524020192136959e+01,1.990137120085830702e+01,1.186026469081172081e+02,-5.958808444700400969e-02,1.161254057305364711e+02,2.432955520813948169e+04,0.000000000000000000e+00,4.015544667236941314e+04
3.109999999999768505e+00,1.487333120709292267e+01,6.656853773099858929e-01,5.145142132055451345e-01,1.262970229865559638e-02,-2.712615304975864259e-03,5.104493664243059739e-03,-7.341256752312392564e+01,-2.948401661285459952e+01,2.565762936557827061e+02,-5.948930750388899125e-02,1.161897847852399366e+02,2.132997329433526829e+04,0.000000000000000000e+00,4.059790761387478415e+04
3.119999999999767404e+00,1.487337758535291066e+01,6.656347765396314342e-01,5.145654705370602544e-01,-1.692481475267241164e-03,-6.648715806504650744e-03,5.648753351434649024e-03,-6.641132013806645773e+01,-6.363933333855193553e+00,2.962605031027489986e+02,-5.945065553088253046e-02,1.162556626888964502e+02,2.297264550171886003e+04,0.000000000000000000e+00,4.063011188769279397e+04
3.129999999999766302e+00,1.487340539197740874e+01,6.655860673962517016e-01,5.146404862626661192e-01,-8.254557195432311867e-03,-5.664433373113854017e-03,1.308398151065026140e-02,-4.614806861031502194e+01,-2.047769280345221432e+01,2.023248744942795838e+02,-5.937543513490591701e-02,1.163380204889204066e+02,2.116842778721766808e+04,0.000000000000000000e+00,4.053913053742850025e+04
3.139999999999765201e+00,1.487342396064590311e+01,6.655338307636144979e-01,5.147280384103922746e-01,-3.439229780712954598e-03,-6.212788381898639786e-03,8.178629140307225667e-03,-3.523231968515074186e+01,-1.268849868578207207e+01,2.448114841486526529e+02,-5.929727308367931798e-02,1.164141598866893048e+02,2.212511267872719327e+04,0.000000000000000000e+00,4.042944666487775248e+04
3.149999999999764100e+00,1.487347362326958766e+01,6.654848252956304666e-01,5.147752891948330634e-01,-4.455338042844169712e-03,-5.379407676330675604e-03,5.755419224298565298e-03,-3.274773595959868544e+01,-1.122751951191197861e+01,2.457767583748372999e+02,-5.924544396103680055e-02,1.164769662883070396e+02,2.212045539517182260e+04,0.000000000000000000e+00,4.039342446176282829e+04
3.159999999999762998e+00,1.487345473356703174e+01,6.654291844536938116e-01,5.148048942924688953e-01,-8.580097462963863497e-03,-6.470481199127227877e-03,1.331960997978211660e-03,2.089061693742141870e+02,9.268051251430206605e+01,-8.861630057989725628e+01,-5.930688021126934856e-02,1.165959105367872155e+02,2.403865868416912417e+04,0.000000000000000000e+00,3.878987837100859178e+04
3.169999999999761897e+00,1.487346093740135444e+01,6.654033300894914849e-01,5.148066034780333089e-01,4.326131354606699460e-03,-1.364602728410154158e-03,5.970591970979915097e-04,-8.044833095310013960e+01,-2.155987515683173683e+01,3.106877331162804694e+02,-5.927493293140865399e-02,1.167406819762705226e+02,2.280849086556418115e+04,0.000000000000000000e+00,4.045943944393366837e+04
3.179999999999760796e+00,1.487343839386396027e+01,6.653879312179161731e-01,5.147867664481493577e-01,-4.985162927049782006e-03,-3.359647228255698524e-03,-9.277344650533873166e-03,5.486189071329135913e+01,2.744153270295345237e+01,1.104884444430473422e+02,-5.933632031180560706e-02,1.169210905107443494e+02,2.425724742274923847e+04,0.000000000000000000e+00,3.986808962350605725e+04
3.189999999999759694e+00,1.487346074625509651e+01,6.653682483640894763e-01,5.147435025285327370e-01,-1.248299965051835429e-02,-6.040546067658849813e-03,3.013838097059899634e-03,6.163181522367449361e+01,3.372483496861616459e+01,6.882411297579341181e+01,-5.931654996573230976e-02,1.170538348755109439e+02,2.433238304777493613e+04,0.000000000000000000e+00,3.998230041235604585e+04
3.199999999999758593e+00,1.487349948248950682e+01,6.653444962022241338e-01,5.146869737840686909e-01,1.945682274252791277e-02,1.318189583131449370e-03,-8.852283336024021829e-03,-3.057131553909302966e+02,-2.877082777153831330e+02,5.267410272227199357e+02,-5.935940937536187539e-02,1.171165603893370530e+02,2.136570533235847324e+04,0.000000000000000000e+00,4.093625958175957931e+04
3.209999999999757492e+00,1.487366141553773780e+01,6.653300520379201721e-01,5.145723209220048888e-01,2.394631426388474371e-02,2.303571515495671240e-03,-1.081265609402720304e-02,-1.653455013258967483e+02,-8.580272367110514153e+01,3.981925458500065815e+02,-5.947258743997600045e-02,1.175953281884025046e+02,2.273608548899696689e+04,0.000000000000000000e+00,4.074623362422596983e+04
3.219999999999756390e+00,1.487379938018816716e+01,6.653385278962814509e-01,5.145220491325256384e-01,2.142080571770651424e-03,-6.501182634139770307e-04,-9.681226643498938621e-04,1.434580403590930473e+02,6.567666671487374686e+01,4.088036474712714607e+01,-5.931978092918229611e-02,1.183426797691696351e+02,2.613649318637000397e+04,0.000000000000000000e+00,3.951761388896505377e+04
3.229999999999755289e+00,1.487395899332803140e+01,6.653817448154426550e-01,5.144716492879692904e-01,6.517225136046825469e-03,1.669141424816684071e-03,1.487197762385035526e-03,1.498237854907806650e+02,5.773522376378980425e+01,3.468360701607787178e+01,-5.939129929422583276e-02,1.189993407604575566e+02,2.634035585803411959e+04,0.000000000000000000e+00,3.947938575007162581e+04
3.239999999999754188e+00,1.487406676456472354e+01,6.653662265316383495e-01,5.144719247338560564e-01,3.196704470508283935e-02,-1.858479200874318385e-03,-4.549112186643515868e-03,-9.027648090828552085e+01,1.091050217155430602e+00,1.669300811515793157e+02,-5.933276291898196414e-02,1.195805694067325078e+02,2.284000956984657023e+04,0.000000000000000000e+00,4.100562276466182811e+04
3.249999999999753086e+00,1.487414519393875523e+01,6.652746875132911075e-01,5.144544656723458731e-01,1.448914940337177847e-02,-9.916620326794257576e-03,-1.916278724134368346e-03,-1.324153207465365085e+02,-6.362396182061834082e+01,3.544412075410596117e+02,-5.945846655952118781e-02,1.197233439525729608e+02,2.154222034616246674e+04,0.000000000000000000e+00,4.120585621353403258e+04
3.259999999999751985e+00,1.487407760908039833e+01,6.651210304754358038e-01,5.144270408021270891e-01,-2.027090384684240854e-02,-1.715441039240884341e-02,-4.621190908230818524e-03,2.054311163264401330e+02,8.821322043974981852e+01,1.169369701716982490e+01,-5.958735756565342739e-02,1.197991216282865850e+02,2.530698680474678986e+04,0.000000000000000000e+00,3.968664455037053995e+04
3.269999999999750884e+00,1.487414579918762314e+01,6.650326865898261719e-01,5.143621235736792752e-01,2.756124252371871738e-02,-2.216173843567897494e-03,-1.043934914812380196e-02,-1.054852519561077315e+02,-3.879359740695763037e+01,3.366326018817584327e+02,-5.954635736426344694e-02,1.199230377016098572e+02,2.243488246381909630e+04,0.000000000000000000e+00,4.111297234171073796e+04
3.279999999999749782e+00,1.487420629066561517e+01,6.649971663616182083e-01,5.143339130867599085e-01,-1.408765698298418932e-02,-5.865456860358323442e-03,2.182797572559512598e-03,-1.856981529317863533e+01,2.109623235743470104e+00,2.547533587817603120e+02,-5.949545199318190258e-02,1.204574143871288783e+02,2.353958537975579020e+04,0.000000000000000000e+00,4.130360051167052734e+04
3.289999999999748681e+00,1.487436919484347264e+01,6.649892480312781240e-01,5.142709154459278453e-01,4.908903384137892900e-02,5.842573709904159973e-03,-1.186708544068735237e-02,-1.436812216195626206e+02,-4.681389786562052535e+01,4.034589663506461648e+02,-5.951436320134904229e-02,1.211402075090278601e+02,2.360247633871180005e+04,0.000000000000000000e+00,4.137018779662743327e+04
3.299999999999747580e+00,1.487450524548936315e+01,6.649815290520360023e-01,5.142217402569624340e-01,3.356685532534359889e-02,3.604382584879397243e-03,-7.383737300520961874e-03,-1.055984134596365038e+02,-3.866115624132260109e+01,3.286435510741051758e+02,-5.954819349332918232e-02,1.218158233559146737e+02,2.266431832683839821e+04,0.000000000000000000e+00,4.142744186672969226e+04
3.309999999999746478e+00,1.487449148296208534e+01,6.649545239454854872e-01,5.142548260862725984e-01,8.266655123829354246e-03,-1.730996636909859108e-03,2.506220686450206982e-03,-4.775009944190833266e+01,-2.254420331000557809e+01,2.549118468626209051e+02,-5.945988915036057310e-02,1.224553608607964463e+02,2.259775047589357928e+04,0.000000000000000000e+00,4.145008660260795295e+04
3.319999999999745377e+00,1.487451434229404157e+01,6.649343929225007832e-01,5.143048652596168280e-01,3.207632597772765506e-03,-1.928854249395180426e-04,-1.708827457246986587e-03,-3.925448910669274483e+01,-2.935934440363732989e+01,2.695800414705502135e+02,-5.934847201486780771e-02,1.229294609387827109e+02,2.267361766493349205e+04,0.000000000000000000e+00,4.146273114655757672e+04
3.329999999999744276e+00,1.487450770047605175e+01,6.649088384077580516e-01,5.143658659822620827e-01,-3.223916435172165945e-03,-4.018215012360723884e-03,1.346363204473789883e-02,1.015003476048282209e+02,9.260717600970386343e+01,-8.074125765037115343e+01,-5.942564784383985721e-02,1.232929842136126268e+02,2.572360808573658505e+04,0.000000000000000000e+00,3.916645427603780263e+04
3.339999999999743174e+00,1.487439503753819992e+01,6.648395372780845358e-01,5.144872196404731701e-01,-5.129089941251429967e-03,-7.407293626992141056e-03,1.079587037380841733e-02,5.519218084527892643e-01,-2.846723143779195198e+01,2.695738168196464812e+02,-5.941638088126850042e-02,1.235130106622776793e+02,2.371521656263815021e+04,0.000000000000000000e+00,4.152706758653399447e+04
3.349999999999742073e+00,1.487423435497175284e+01,6.647448466642357223e-01,5.146043901330876746e-01,-5.966887122384383589e-03,-8.332548810773537235e-03,1.198345240992939806e-02,3.127704022852412891e+00,-1.731107850076287491e+01,2.393325062113572130e+02,-5.932984078094876573e-02,1.237076555845116701e+02,2.372703896048785100e+04,0.000000000000000000e+00,4.156097164573823102e+04
3.359999999999740972e+00,1.487406227020891691e+01,6.646473924223332830e-01,5.147011439762135820e-01,-9.519309780818758712e-03,-8.744350703301507002e-03,1.027375777646486084e-02,1.686759936105318047e+01,-3.107704657646919344e+01,2.302958303550291248e+02,-5.938498822720507386e-02,1.238640623094705830e+02,2.272131169313159262e+04,0.000000000000000000e+00,4.167566710462667106e+04
3.369999999999739870e+00,1.487392431959933781e+01,6.645551422595262769e-01,5.148078887987360686e-01,-1.125453501417086888e-02,-8.774387156328059684e-03,1.097689458689860703e-02,-2.031985421488629981e+02,-5.905641163169081409e+01,3.815800929227710867e+02,-5.931998060532062828e-02,1.239824035406802381e+02,2.283171285645515673e+04,0.000000000000000000e+00,4.266139616514892259e+04
3.379999999999738769e+00,1.487375388738816540e+01,6.644639453236770299e-01,5.149056882279391401e-01,-1.097228782698407047e-02,-8.271302285083220393e-03,8.064147750691844432e-03,-1.754282721964209486e+02,-5.846277180636101178e+01,3.743249769752620750e+02,-5.932627278742862165e-02,1.241320227941854029e+02,2.292350680725989878e+04,0.000000000000000000e+00,4.267929291543771251e+04
3.389999999999737668e+00,1.487358167629214378e+01,6.643773203870876332e-01,5.149964414252905520e-01,-4.472776367611855375e-03,-7.071111244162938715e-03,1.057040589040967801e-02,1.819484463426260845e+01,-1.769878614544120410e+01,2.490937660703177698e+02,-5.936656284233862019e-02,1.243040597675873187e+02,2.392315200108120189e+04,0.000000000000000000e+00,4.186975202667678241e+04
3.399999999999736566e+00,1.487342485247656576e+01,6.642941955442082103e-01,5.151014655843978440e-01,-3.523089627832748372e-02,-1.048150673961694909e-02,1.039910070441643283e-02,6.052973709609659636e+01,5.566885514634293486e+00,1.890261912639933826e+02,-5.937218122224532241e-02,1.245020013534148120e+02,2.385846650810334177e+04,0.000000000000000000e+00,4.192788607029799459e+04
3.409999999999735465e+00,1.487336843667650754e+01,6.641806367006372058e-01,5.152393598706451749e-01,3.550087384216053560e-04,-1.336943553667924861e-02,1.369138657297811965e-02,-2.548211416782487504e+01,3.027837330415489703e+01,1.817221125238958166e+02,-5.941587374966886964e-02,1.246887764426539462e+02,2.380965372306418431e+04,0.000000000000000000e+00,4.177789694867002254e+04
3.419999999999734364e+00,1.487338780551784900e+01,6.640754726141435693e-01,5.153552415995557023e-01,-1.177417873874455310e-02,-1.044913280547084961e-02,5.713698100914797913e-03,8.002115684406817309e+00,1.178124619408619367e+01,2.188413839109052788e+02,-5.932433968201596131e-02,1.249624188613707076e+02,2.380520082280524366e+04,0.000000000000000000e+00,4.165604198847707448e+04
3.429999999999733262e+00,1.487331213577295763e+01,6.639856917833004690e-01,5.154241555852503431e-01,5.750330750272333522e-03,-6.950515426885823557e-03,7.163458816749249114e-03,-8.078581641506752931e+01,-1.951777439836485541e+02,3.620165101365296323e+02,-5.931382112156318581e-02,1.251924815198932208e+02,2.116623240060050011e+04,0.000000000000000000e+00,4.201913887048350443e+04
3.439999999999732161e+00,1.487332777612470203e+01,6.638536520384297202e-01,5.154719367524897011e-01,-9.474283265379496166e-04,-1.417826661962008801e-02,3.870568508663543589e-03,8.578366255610580993e+01,1.465124204473195846e+02,-3.713988607608814618e+01,-5.937399852745860185e-02,1.254831335947467039e+02,2.698718757924016245e+04,0.000000000000000000e+00,3.886939356112402311e+04
3.449999999999731060e+00,1.487336009935649273e+01,6.637233905086221686e-01,5.155201666913965530e-01,-7.446355067016595386e-03,-1.391840179252558027e-02,2.520057244053029114e-03,-2.897745168568008012e+01,3.197912075292020262e+01,1.821193878683577623e+02,-5.941063886222548024e-02,1.257966773523499739e+02,2.284835125479393173e+04,0.000000000000000000e+00,4.158886879756699636e+04
3.459999999999729958e+00,1.487333451768194870e+01,6.636116912140864743e-01,5.155501910579143310e-01,2.153805065402741230e-04,-1.003481509540713260e-02,2.924163080690861134e-03,-9.813135622078743836e+01,-1.475789558120818583e+02,4.074391439680338181e+02,-5.933597199198587663e-02,1.260869328526011515e+02,2.228612259352111869e+04,0.000000000000000000e+00,4.203076052397032618e+04
3.469999999999728857e+00,1.487326352356435422e+01,6.634819860397982438e-01,5.156351065740482076e-01,-1.076379213134835353e-02,-1.710126318525425140e-02,1.273098980671094269e-02,3.325173209434206001e+01,-6.936074907459925498e+00,1.818617943771498631e+02,-5.937201261600077301e-02,1.263879521243055564e+02,2.232669192012653730e+04,0.000000000000000000e+00,4.142138100295584445e+04
3.479999999999727756e+00,1.487318072086771359e+01,6.633475503127851391e-01,5.157658016596798900e-01,-1.889542250088648359e-02,-1.151144667012508720e-02,1.003384573981888801e-02,4.157120709299988448e+01,1.499194181701946604e+01,3.101631319067087134e+02,-5.937895646704518388e-02,1.266408791999041057e+02,2.285457206527789458e+04,0.000000000000000000e+00,4.118454790424728708e+04
3.489999999999726654e+00,1.487294339077604199e+01,6.633043654448264048e-01,5.159672875362594224e-01,-2.522223584229121851e-02,-1.058494495093125235e-03,3.292271109689015596e-02,9.208731203815659683e+01,1.177236845863544943e+02,-1.383356316927472562e+01,-5.934196750170921825e-02,1.271080822466812066e+02,2.478580479352897237e+04,0.000000000000000000e+00,3.864843125554259314e+04
3.499999999999725553e+00,1.487266923969677102e+01,6.632793659203787273e-01,5.163169703573943226e-01,-3.465720329510599274e-02,-4.357040710705303160e-03,3.698187622214039322e-02,2.475945140148223800e+01,-1.262878344124854380e+01,2.308030032307283363e+02,-5.924211706948946665e-02,1.276063209785634314e+02,2.274449294772797293e+04,0.000000000000000000e+00,4.085521343243213050e+04
3.509999999999724452e+00,1.487234174919574947e+01,6.632371151301997836e-01,5.166288902274909223e-01,-3.306159780425992761e-02,-5.286429859629082802e-03,2.340438948597539301e-02,4.379216199094798867e+01,1.387796966785551831e+02,4.560201751209308441e+01,-5.922303748839918836e-02,1.280004547415344973e+02,2.560001835703438337e+04,0.000000000000000000e+00,3.806171193303638574e+04
3.519999999999723350e+00,1.487201553231150974e+01,6.631791699847288113e-01,5.168768953799665056e-01,-3.195351893292681933e-02,-6.914945227645213910e-03,2.192588718376215981e-02,3.177810371629948349e+01,-1.034485798596389827e+01,2.420845790561440936e+02,-5.912158171943648899e-02,1.283427676242150142e+02,2.259574295469616845e+04,0.000000000000000000e+00,4.047710056113503379e+04
3.529999999999722249e+00,1.487170697376847350e+01,6.630943734241691034e-01,5.171325924492988779e-01,-2.626735140621079545e-02,-8.802591013719841470e-03,2.730394302785002503e-02,-2.419100765617245088e+02,-1.057587780339779329e+02,4.553719219701738439e+02,-5.916348366461482433e-02,1.285968889762307015e+02,2.135780371135749738e+04,0.000000000000000000e+00,4.171111936403450090e+04
3.539999999999721148e+00,1.487127912930395723e+01,6.630228381061371579e-01,5.173212323622995434e-01,-4.745893996133295628e-02,-5.408864709983696173e-03,8.594603420708838565e-03,1.114204212320250917e+02,5.629950721383863765e+01,1.465061342524131760e+01,-5.910475436384309000e-02,1.286174334557062195e+02,2.263752467226593944e+04,0.000000000000000000e+00,4.009437233957999706e+04
3.549999999999720046e+00,1.487088709231538353e+01,6.629562494732056388e-01,5.174592071441576069e-01,-2.327160434182269297e-02,-7.074119125294805153e-03,1.947028025733033019e-02,7.230486276938518131e+01,-4.815269902575188610e+01,3.056798294593418177e+02,-5.917406037813015968e-02,1.284367033734359040e+02,2.264838526422763971e+04,0.000000000000000000e+00,4.038329119211105717e+04
3.559999999999718945e+00,1.487045751259922355e+01,6.628661045775465777e-01,5.176439695792810491e-01,-2.188286455948688577e-02,-3.507891758048406125e-03,1.381494518271658180e-02,-1.105580489666249377e+02,-9.887757739827230807e+01,3.981999788826540225e+02,-5.917285247395402681e-02,1.283511548765438306e+02,2.189654387875583780e+04,0.000000000000000000e+00,4.134832971455858933e+04
3.569999999999717843e+00,1.487004618896011010e+01,6.627796116917026303e-01,5.178178144113964043e-01,-2.524717608076396114e-02,-5.995769406966416047e-03,1.249657268142149828e-02,1.152293012537365939e+02,2.988325527685657335e+01,6.035786856177787740e+01,-5.918849210127623967e-02,1.283269466680928588e+02,2.302517091979670658e+04,0.000000000000000000e+00,4.032686948011293134e+04
3.579999999999716742e+00,1.486988215690114679e+01,6.627704161331186006e-01,5.178290537015701744e-01,1.561883640248659883e-03,4.749708687693064008e-03,-4.431956507159824470e-03,-2.978806477944172002e+02,-1.425598832335642783e+02,4.844195314546179816e+02,-5.934660642634979194e-02,1.281755270066674370e+02,2.040690696954723535e+04,0.000000000000000000e+00,4.204523915869643679e+04
3.589999999999715641e+00,1.486962664872444861e+01,6.627323519775770722e-01,5.179355672175038894e-01,-3.844634654135300339e-02,-1.035512308279684657e-02,1.820534507922991901e-02,1.149151057220565235e+02,5.904298704629115946e+01,1.906812847199171301e+01,-5.928626912334145765e-02,1.282618029241208717e+02,2.313499314217261053e+04,0.000000000000000000e+00,4.048589075052962289e+04
3.599999999999714539e+00,1.486947129989010996e+01,6.627241083170802849e-01,5.179879361154233752e-01,-2.170633154140128929e-04,4.382483532053051307e-03,-9.665287313014098635e-04,-1.571301083918597215e+02,-1.017597949897760259e+02,4.194592221857719778e+02,-5.926904563175968560e-02,1.282169604352183114e+02,2.198976330840295122e+04,0.000000000000000000e+00,4.150234832775952236e+04
3.609999999999713438e+00,1.486942784209713864e+01,6.627618788167088937e-01,5.179515566821047967e-01,1.570964279281169065e-02,7.742750020681583682e-03,-8.838059061907823158e-03,-5.861268811297713910e+01,-6.776957440885350081e+01,3.559310919577469576e+02,-5.942556193089296862e-02,1.281183040556036303e+02,2.176231244137285830e+04,0.000000000000000000e+00,4.077635226958937710e+04
3.619999999999712337e+00,1.486933101455741379e+01,6.627407411223716904e-01,5.180183963140894132e-01,-1.643081036422551836e-02,-4.629316177698920322e-03,9.592559585109334749e-03,-1.376339652456003932e+02,-6.731574599631007061e+01,3.663821939216494457e+02,-5.933834287042625416e-02,1.282205297908149078e+02,2.209013832195689974e+04,0.000000000000000000e+00,4.158246573247571359e+04
3.629999999999711235e+00,1.486924488144367551e+01,6.627448691851276497e-01,5.180207712477588045e-01,-1.028183157470958023e-02,2.350747402791540826e-03,-7.189556731651935810e-03,6.417012090055732187e+01,3.033350049807012283e+01,1.072759812658046030e+02,-5.940935343011913283e-02,1.282083940444790358e+02,2.319196195038337100e+04,0.000000000000000000e+00,4.056903861198409868e+04
3.639999999999710134e+00,1.486913853680040987e+01,6.627345175565597657e-01,5.180257383591567732e-01,-4.551788158558066344e-02,-1.064264220173338597e-02,7.885957309470005908e-03,1.365261583163037358e+02,7.086400669828043419e+01,2.035651717508790171e+01,-5.944465813938969168e-02,1.282506743625654622e+02,2.323252894153110901e+04,0.000000000000000000e+00,4.066493299646687956e+04
3.649999999999709033e+00,1.486909938771923834e+01,6.627411362027707531e-01,5.180047354026842132e-01,5.843260832217421138e-03,3.223296080990596234e-03,-4.838864334247986072e-03,-3.081011450332043751e+02,-1.315249426588092660e+02,4.832626269299846626e+02,-5.949559758102922202e-02,1.281671227592403568e+02,2.069189433717876454e+04,0.000000000000000000e+00,4.231590265044424450e+04
3.659999999999707931e+00,1.486893123061762090e+01,6.626813150670177732e-01,5.181083057115281054e-01,-9.517234975472891115e-03,-3.911124868359251022e-03,8.678701014063138278e-03,7.831045444570236214e+01,3.506724905012475801e+01,6.589431915795989880e+01,-5.944081168337833621e-02,1.282952951785721041e+02,2.326021229442293043e+04,0.000000000000000000e+00,4.061406481148568855e+04
3.669999999999706830e+00,1.486895104774141174e+01,6.626865566693643794e-01,5.181542497355564603e-01,1.687648829930276859e-02,2.148841320073168349e-03,7.808767052219523289e-03,-3.241188051808248929e+02,-1.371621767285321880e+02,5.296156259076708466e+02,-5.953327422627153337e-02,1.281997206920652559e+02,2.162610916823145817e+04,0.000000000000000000e+00,4.217105653194750630e+04
3.679999999999705729e+00,1.486888122038569904e+01,6.626853989315573124e-01,5.182022960146932533e-01,-2.030342525049533015e-03,1.747480200017181460e-03,-8.781103656722677279e-04,-1.842441532680136334e+02,-9.367742390906467165e+01,3.610611782863398957e+02,-5.950046310154787077e-02,1.281366838193370654e+02,2.114736014373571743e+04,0.000000000000000000e+00,4.171033941983077239e+04
3.689999999999704627e+00,1.486863918008399210e+01,6.626142618932479023e-01,5.183203859566967164e-01,-2.330850653429335922e-02,-8.145596997877799228e-03,1.641234614124436816e-02,1.167600984987557240e+02,4.143357819139311005e+01,3.884386597313937273e+01,-5.950091849059031823e-02,1.282877003897991131e+02,2.312482978751827613e+04,0.000000000000000000e+00,4.050958540072449978e+04
3.699999999999703526e+00,1.486855039804655831e+01,6.625967796079322847e-01,5.183584809490667800e-01,-4.525442778999389914e-04,2.056237401412838121e-03,-2.560032751221305060e-03,7.230365995342799579e+01,2.259870156337683511e+01,1.511474479440671530e+02,-5.952372687725004941e-02,1.282170806060585164e+02,2.419159955457593242e+04,0.000000000000000000e+00,4.041282483178509574e+04
3.709999999999702425e+00,1.486850373097606948e+01,6.625954358270542688e-01,5.183726931307197638e-01,-6.551448620259450219e-03,-1.411073575139195485e-03,4.965186279658192342e-03,8.661967336628140401e+01,3.342985534958535254e+01,1.183330939363220295e+02,-5.955961867689742867e-02,1.281409054575108826e+02,2.426152181774710334e+04,0.000000000000000000e+00,4.043102308119962254e+04
3.719999999999701323e+00,1.486835845291738245e+01,6.625399174880715059e-01,5.184834138150183902e-01,-4.188900644287800457e-02,-1.076171383486067973e-02,1.381700821141688962e-02,1.298498187543650602e+02,6.322334028472715772e+01,5.926666837040102109e+00,-5.954698890009377937e-02,1.282184177860819432e+02,2.318997927014616653e+04,0.000000000000000000e+00,4.058092442843491881e+04
3.729999999999700222e+00,1.486826181298346761e+01,6.625184942681371369e-01,5.185234370972922058e-01,-6.881035603496877227e-03,-4.411519046478717607e-03,1.199472521929617619e-02,9.255984115641422250e+01,2.917803121860447391e+01,1.163899797621936614e+02,-5.960304472716371899e-02,1.281393565268281520e+02,2.418778155537054408e+04,0.000000000000000000e+00,4.041170740070502507e+04
3.739999999999699121e+00,1.486817926984636351e+01,6.624797396365328384e-01,5.185607562653102853e-01,1.176341055364416195e-02,-5.265008819000433285e-03,1.354897253869083093e-02,-2.966373352666914798e+02,-1.331624870014848057e+02,4.465725973792441437e+02,-5.960904574365887693e-02,1.280864676327379357e+02,2.068921615211235985e+04,0.000000000000000000e+00,4.226233289472776232e+04
3.749999999999698019e+00,1.486800408175101040e+01,6.623974389518135775e-01,5.186350110176342065e-01,-2.050710551462735579e-02,-8.309390197143957241e-03,4.049338124780879622e-03,-2.507893150380032239e+02,-9.495540022292300364e+01,4.609748377743885612e+02,-5.954920144775113083e-02,1.281778268642472653e+02,2.170088324573645150e+04,0.000000000000000000e+00,4.220089329453027312e+04
3.759999999999696918e+00,1.486794574891099074e+01,6.623561766186661925e-01,5.186756716344966822e-01,-1.255751685744948415e-02,-4.949689610518922915e-03,1.132500790253090656e-03,-2.794631795827676797e+02,-1.124388338097331257e+02,4.087128382188991509e+02,-5.957205277340064942e-02,1.281756979310171687e+02,2.058116519317565326e+04,0.000000000000000000e+00,4.233952851504937280e+04
3.769999999999695817e+00,1.486784973810958199e+01,6.622851529464125475e-01,5.187099025264855223e-01,-1.115561624245837817e-02,-6.044429634762571966e-03,-3.129117274891796661e-03,9.237801213090551755e+01,4.944330522959398877e+01,1.223783938764502182e+02,-5.963429304023005334e-02,1.282786083926147285e+02,2.441754418124436415e+04,0.000000000000000000e+00,4.047631752580315515e+04
3.779999999999694715e+00,1.486790088921586950e+01,6.622996831750003199e-01,5.186211951108334883e-01,2.033197049181678304e-03,1.711732176756044794e-03,-1.042727872303602157e-02,1.753745833109746854e+02,9.885691135045433953e+01,7.329230355651066020e+01,-5.966058584422855027e-02,1.282548409792578639e+02,2.628435549957194235e+04,0.000000000000000000e+00,3.777410348836463527e+04
3.789999999999693614e+00,1.486800863988663046e+01,6.623050864053812159e-01,5.185857821341727236e-01,1.851703335302697442e-02,6.168798685180519603e-03,-1.082317199820836441e-02,9.755263718392689043e+01,5.874077659759674930e+01,5.344167744972423861e+01,-5.960115752369103681e-02,1.285496734327034289e+02,2.402984287575930284e+04,0.000000000000000000e+00,4.031172195612198993e+04
3.799999999999692513e+00,1.486809058003063022e+01,6.623429328538852356e-01,5.184931847337788113e-01,1.147214027300975762e-02,3.269868915062275946e-03,-3.835426984620509978e-03,5.214064237341244734e+01,5.377135857831433441e+01,1.334598165035997681e+02,-5.960400136611591904e-02,1.289413925049104250e+02,2.469268599284165612e+04,0.000000000000000000e+00,4.071390022688184399e+04
3.809999999999691411e+00,1.486823283899680703e+01,6.624064553449102721e-01,5.183977059923565722e-01,2.145842628119049023e-02,1.116588275761299862e-02,-1.268789881636102866e-02,-2.033337558342332159e+02,-1.591193944592473599e+02,5.010788812742753180e+02,-5.962878323649384305e-02,1.292793790568813108e+02,2.204507565872749910e+04,0.000000000000000000e+00,4.230863781759007543e+04
3.819999999999690310e+00,1.486833261562798825e+01,6.624663244504139792e-01,5.182906235284340246e-01,-1.044036050775912911e-02,-3.141662267441998595e-03,-7.565958051467259506e-03,1.622865526238269922e+02,1.345048525510770503e+02,2.059451784290718024e+01,-5.968058347713833811e-02,1.296196006661347155e+02,2.637469657111546258e+04,0.000000000000000000e+00,3.814281092563921266e+04
3.829999999999689209e+00,1.486847979836557165e+01,6.625002882554144046e-01,5.182003073623386857e-01,1.574801888263923505e-02,7.343396221166515955e-03,-1.858400697623063813e-02,2.638866985468803250e+01,4.134068748973999163e+01,1.156208484985857012e+02,-5.969355055071143973e-02,1.300110821155636245e+02,2.378072579381973992e+04,0.000000000000000000e+00,4.112264868410980125e+04
3.839999999999688107e+00,1.486865236695193815e+01,6.625682084547043216e-01,5.180258673880502318e-01,2.396628328710497316e-02,4.944671204649896297e-03,-1.123901825926598361e-02,-9.478309938660459011e+01,-1.099021540728754189e+02,4.034122317209192943e+02,-5.966170145342992309e-02,1.303115160419712311e+02,2.279361407258105100e+04,0.000000000000000000e+00,4.211737882120384165e+04
3.849999999999687006e+00,1.486884557875758794e+01,6.625601245091204961e-01,5.179716502189594118e-01,2.473061328879442092e-02,1.394867152562835133e-03,-3.329285687974005859e-03,2.724774649011123984e+00,5.494001822429186177e+01,9.033012670979042014e+01,-5.970775720815361259e-02,1.308907428166296825e+02,2.390184332350783006e+04,0.000000000000000000e+00,4.135966447478436021e+04
3.859999999999685905e+00,1.486917966331542296e+01,6.626363360573553907e-01,5.177208769832678525e-01,4.167489128477942784e-02,1.483420086832899949e-02,-3.221257280646602078e-02,-2.055570080946536109e+02,-1.734949030804269796e+02,5.027948621729410661e+02,-5.967859238118631421e-02,1.314494276846836271e+02,2.138984529963039677e+04,0.000000000000000000e+00,4.287374799090782471e+04
3.869999999999684803e+00,1.486961587032441301e+01,6.626773217807714333e-01,5.173228794237533235e-01,7.132495187905431300e-02,4.649644164795314200e-03,-3.889554647702838514e-02,9.135210521466842692e+01,-6.062129853495710563e+01,1.957731913448544674e+02,-5.977173578337210275e-02,1.324644192281553217e+02,2.174499522608398183e+04,0.000000000000000000e+00,4.179604071578165895e+04
3.879999999999683702e+00,1.486962716141015406e+01,6.626801772728977413e-01,5.170495792583630346e-01,-2.532670272307865553e-02,5.798621378682894401e-03,-1.990089716984504500e-02,-2.116028369508330798e+01,9.038934603541702018e+01,8.182599858514595326e+01,-5.979272577101606839e-02,1.336724505309885274e+02,2.405884219225379275e+04,0.000000000000000000e+00,4.277588867737794499e+04
3.889999999999682601e+00,1.486869829437174495e+01,6.626666603820191570e-01,5.168394158393152527e-01,-1.624795655711127884e-01,-1.000731020483694791e-02,-2.566006204209697258e-02,-2.653849818298676837e+02,1.108263379233334263e+02,7.664869300069267410e+01,-5.968992860640478376e-02,1.341088760749179301e+02,2.489706457855985354e+04,0.000000000000000000e+00,4.160959210893123236e+04
3.899999999999681499e+00,1.486722350038058771e+01,6.625676245468482550e-01,5.164462392710341687e-01,-1.017090714265400375e-01,-4.319623710200970815e-03,-5.899920471733957617e-02,-2.721073013645172978e+01,-7.059990325680453793e+01,3.384700587252224295e+02,-5.977430733064502399e-02,1.332877946940702429e+02,2.458534103936903921e+04,0.000000000000000000e+00,4.506191856904383894e+04
3.909999999999680398e+00,1.486603025924933874e+01,6.624900483794750050e-01,5.157617848648730075e-01,-1.312781745341242978e-01,-8.594327820717766880e-03,-8.455400911930539831e-02,7.546070917776978604e+01,9.524525063426082738e+00,1.087421120732869895e+02,-6.000162771024642600e-02,1.325731071764919307e+02,2.773284867949628460e+04,0.000000000000000000e+00,4.283921328953464399e+04
3.919999999999679297e+00,1.486500329997488734e+01,6.624504149965640964e-01,5.148432218347522848e-01,-7.731796690844051911e-02,-2.699853725976279740e-04,-9.715363033353131839e-02,4.197294048063668015e+01,-1.326747941644863005e+01,2.087617315152469928e+02,-6.005063087249443154e-02,1.318265213913757350e+02,2.965455382570012807e+04,0.000000000000000000e+00,4.707217677255187300e+04
3.929999999999678195e+00,1.486425692522742992e+01,6.624636337256009089e-01,5.139724582478052417e-01,-7.550156082334545660e-02,2.395317364101143438e-03,-7.892012868001470338e-02,8.792571052066114135e+01,1.617540032809770878e+01,1.671710328065344129e+02,-6.024315499777550126e-02,1.314612048459944162e+02,3.182218209852823202e+04,0.000000000000000000e+00,5.084925223992862448e+04
3.939999999999677094e+00,1.486358470455187764e+01,6.625009512722090932e-01,5.133432090472060949e-01,-6.355639202978763391e-02,3.578451243870445827e-03,-4.888267568640482924e-02,4.109141599930717348e+01,5.305535748726647682e+00,2.128504793293229795e+02,-6.028621571391662437e-02,1.315066365621642888e+02,3.191702584652620862e+04,0.000000000000000000e+00,5.437355485422585480e+04
3.949999999999675993e+00,1.486296335379878464e+01,6.625445414883769368e-01,5.129287681803758048e-01,-5.305131959103379091e-02,8.078138091731707632e-03,-3.809533372236393461e-02,-1.793806404367560390e+02,-7.262144327275031230e+01,1.869124625698420914e+02,-6.019122795644632484e-02,1.319263055933347175e+02,3.454204626695904153e+04,0.000000000000000000e+00,5.100738065879831265e+04
3.959999999999674891e+00,1.486213491983310675e+01,6.626242527911969660e-01,5.123420721202196493e-01,-8.789550520796990396e-02,8.953771627392583324e-03,-6.582793674833770092e-02,1.513879519180045463e+01,8.688285074056430801e+00,1.710598381541101389e+02,-6.028060442921237549e-02,1.324655552430863850e+02,3.666666893831258494e+04,0.000000000000000000e+00,5.509915733426943189e+04
3.969999999999673790e+00,1.486126828448188775e+01,6.626902529829180599e-01,5.117392422086276538e-01,-8.718502434783459432e-02,2.663523664886593371e-03,-4.971089583755258084e-02,2.636181434399122736e+01,-4.981061243963765151e+00,2.242025504192695280e+02,-6.019537202587682545e-02,1.326756790817556180e+02,3.730284300182868901e+04,0.000000000000000000e+00,6.016311016107285832e+04
3.979999999999672688e+00,1.486069450375884493e+01,6.627636133859980960e-01,5.111819365570661189e-01,-6.834427056683661794e-02,7.742503208755864563e-03,-5.807787398270899959e-02,-4.292197988832140254e+01,-3.469023990951971115e+01,2.737843501674940399e+02,-6.040495872279169620e-02,1.325973217755425537e+02,3.767203636386682047e+04,0.000000000000000000e+00,6.235794272241718136e+04
3.989999999999671587e+00,1.486009123328854997e+01,6.628085856387164743e-01,5.105990561827618013e-01,-5.719568089321241944e-02,2.245062515727247292e-03,-5.806785827649657561e-02,3.348864397556826589e+02,7.039129650734372490e+01,-2.271074974325165385e+02,-6.056752449756233614e-02,1.324790892092648562e+02,4.213592881466856488e+04,0.000000000000000000e+00,6.175778606783351279e+04
3.999999999999670486e+00,1.485965957105661062e+01,6.628276631920811957e-01,5.100451623527800793e-01,-2.821347071049029164e-03,5.284309270630184116e-03,-5.871620144620989801e-02,-2.536808875192132291e+02,-8.037892438999284650e+01,5.618413287063642656e+02,-6.062408669381582488e-02,1.324825636968467677e+02,4.048553641628014157e+04,0.000000000000000000e+00,6.919390962838918495e+04
4.009999999999673825e+00,1.485912256241838136e+01,6.628451005038287214e-01,5.094892530305610290e-01,-7.279274331178585411e-02,-1.166669615792487728e-04,-5.396851215452945494e-02,3.283252649536420904e+02,9.793109078640213738e+01,-2.751575065395945785e+02,-6.080063855997754063e-02,1.326828938366288355e+02,4.819014644217214664e+04,0.000000000000000000e+00,6.530108848592491995e+04
4.019999999999677165e+00,1.485864218356080002e+01,6.628952209549615615e-01,5.089045641901174255e-01,-3.473069366670718944e-02,8.279867086350348529e-03,-5.869844520173635866e-02,-2.155812347209812287e+02,-5.871352515127347260e+01,4.645405557932681404e+02,-6.095365518459146259e-02,1.329158759251109814e+02,4.576653682581308385e+04,0.000000000000000000e+00,7.242080950570055575e+04
4.029999999999680504e+00,1.485808919839571551e+01,6.629659304590855839e-01,5.083503793876343879e-01,-4.966416051624836236e-02,1.088700341906755596e-02,-5.777594629866137504e-02,3.289908518384359013e+02,9.509724495834413460e+01,-2.298507117446268921e+02,-6.125829455286541103e-02,1.333438823538127735e+02,5.186313225907333253e+04,0.000000000000000000e+00,7.153982059938754537e+04
4.039999999999683844e+00,1.485762058692215604e+01,6.630808069392183368e-01,5.077889180667434221e-01,-7.237746822783575062e-02,7.911323336248197308e-03,-4.834982459636720520e-02,9.898060650884644929e+01,7.391674623224571405e+01,-5.878931524473114223e+01,-6.146479678713292344e-02,1.337473314942616867e+02,5.514951931061244250e+04,0.000000000000000000e+00,7.291185405534361780e+04
4.049999999999687184e+00,1.485712270943566438e+01,6.632220230958778551e-01,5.071228955994731002e-01,-5.995679967440649405e-02,1.000314777707398545e-02,-6.562641068781614739e-02,-3.725767935028761713e+01,-1.134384425451175815e+01,2.212179598382670065e+02,-6.183890539635394229e-02,1.338073416373449049e+02,5.682697354004363297e+04,0.000000000000000000e+00,7.645427507484043599e+04
4.059999999999690523e+00,1.485652981454583887e+01,6.633296615052959311e-01,5.064513095149096866e-01,-5.649359637176488980e-02,1.084210742210842994e-02,-6.896338821111763773e-02,-1.128562311883151779e+02,-4.231288166091616176e+01,3.753728739832245083e+02,-6.195883067356689616e-02,1.337434373555903164e+02,6.036951875047722569e+04,0.000000000000000000e+00,8.087531784236441308e+04
4.069999999999693863e+00,1.485592500497042501e+01,6.634220868321119013e-01,5.057923572402045487e-01,-4.696494779980922574e-02,1.222411520163811834e-02,-6.899181242285333526e-02,-1.240596293991234234e+02,-4.170712965649062198e+01,3.839407345280417871e+02,-6.213353376702961811e-02,1.336912861845544285e+02,6.361769414659762697e+04,0.000000000000000000e+00,8.438039398485735001e+04
4.079999999999697202e+00,1.485541874121419958e+01,6.635203168659067341e-01,5.051300620572025668e-01,-3.222846092370761778e-02,1.134988593375231905e-02,-7.063488901029217615e-02,-5.308856029772596230e+01,-2.659013632334352906e+01,2.740467528663489247e+02,-6.247831001711105087e-02,1.336528920501665425e+02,6.757167721051759145e+04,0.000000000000000000e+00,8.732547840523235209e+04
4.089999999999700542e+00,1.485490583126672348e+01,6.635739342564366261e-01,5.044827783548263556e-01,-5.514007816585822508e-02,2.130606581828347387e-03,-6.269776876956369149e-02,6.898906629658085876e+00,-9.147001726502963947e+00,1.787169443013422097e+02,-6.281688779314266446e-02,1.334060443291898252e+02,7.001938825044923578e+04,0.000000000000000000e+00,9.103808175385247159e+04
4.099999999999703881e+00,1.485436446914897957e+01,6.635802310147285166e-01,5.038620120988067663e-01,-5.209029880659960671e-02,1.867783195080850484e-04,-6.136946663388816864e-02,8.988854779130178940e+00,1.470676071665195650e-01,1.845606575651561343e+02,-6.299101835739365218e-02,1.332054073664185410e+02,7.286586244302440900e+04,0.000000000000000000e+00,9.487441267662843165e+04
4.109999999999707221e+00,1.485385066007787280e+01,6.635859924797633536e-01,5.032577693238801109e-01,-5.328239129422195769e-02,1.483194469295435157e-03,-6.046125848712248507e-02,-1.650842785079566966e+01,3.718173191025726965e+00,2.040472456981026426e+02,-6.311688633046989849e-02,1.330054066441371958e+02,7.635152710877012578e+04,0.000000000000000000e+00,9.767974411654933647e+04
4.119999999999710560e+00,1.485312615834777539e+01,6.635701621704918063e-01,5.025597910371724097e-01,-8.734629425263956692e-02,-3.333009696627056446e-03,-7.947831382982266379e-02,-9.111249317035435524e+01,-4.024486242654052148e+01,2.607805003131021522e+02,-6.344949217374364070e-02,1.326431231323115867e+02,8.147296311884452007e+04,0.000000000000000000e+00,9.860040214176476002e+04
4.129999999999713900e+00,1.485233584289858477e+01,6.635893781305793881e-01,5.016462075920332664e-01,-6.644770730141733028e-02,1.086209250919711530e-02,-9.902532076159425989e-02,-5.936480630232335898e+01,-2.139363151064216595e+01,2.284615253059860152e+02,-6.422392884596760110e-02,1.316205326454431201e+02,8.717741274537393474e+04,0.000000000000000000e+00,1.020045085401403485e+05
4.139999999999717240e+00,1.485175544944303994e+01,6.636803521158870511e-01,5.006281565070365147e-01,-5.144817641272715625e-02,7.185593142005872007e-03,-9.918919062183034763e-02,4.964268402991137918e+01,-3.186957681253619512e+01,1.974629820636786803e+02,-6.506080372396971789e-02,1.302809061333457521e+02,8.939251800227595959e+04,0.000000000000000000e+00,1.116836393616802088e+05
4.149999999999720579e+00,1.485082736647138013e+01,6.627927243409916791e-01,4.996645914323744608e-01,-5.529911650118864846e-02,-1.142015383209317725e-01,-1.071960588679082421e-01,2.598012985060895517e+02,-3.851067360759839175e+01,1.070857883264920929e+00,-6.505532187004073319e-02,1.310888150153164986e+02,9.459381863342522411e+04,0.000000000000000000e+00,1.117707659801597474e+05
4.159999999999723919e+00,1.485048604783591131e+01,6.614522421999867730e-01,4.982846957113967190e-01,-5.537060102102451392e-02,-2.005651781503205722e-01,-1.877314949573857528e-01,-1.266879837505985051e+01,-1.895945655020649951e+02,-4.986306695373917819e+01,-6.500656138991482702e-02,1.349002699487999735e+02,9.198983222900288820e+04,0.000000000000000000e+00,1.094170477669685060e+05
4.169999999999727258e+00,1.484977393215781660e+01,6.592767602269901106e-01,4.961044834944111637e-01,-8.268093436430931642e-02,-2.219948299706534789e-01,-2.313980438988811617e-01,-9.649856077723507042e+01,5.398678199760973939e+01,2.481001228928705302e+02,-6.536801856949681078e-02,1.423558455473231277e+02,9.429098063376493519e+04,0.000000000000000000e+00,1.137398210656501760e+05
4.179999999999730598e+00,1.484879921987098328e+01,6.573289861784676891e-01,4.936383701164215876e-01,-1.290447755014446918e-01,-1.697640859767666488e-01,-2.459996123021608583e-01,6.756522160624672324e+02,2.165951912731605091e+02,4.789287918813662372e+02,-6.511555599201165889e-02,1.489876381316619245e+02,9.364558306476312282e+04,0.000000000000000000e+00,1.355301176902253064e+05
4.189999999999733937e+00,1.484828973367058502e+01,6.559461631866548847e-01,4.910188126405660713e-01,-7.096523444102630085e-02,-1.087926354309547705e-01,-2.278762226538987579e-01,2.660253696453587509e+02,2.573588284781319544e+02,5.667204557881117353e+02,-6.471891038466147383e-02,1.510944916538720122e+02,9.347496664084660006e+04,0.000000000000000000e+00,1.523386312087389524e+05
4.199999999999737277e+00,1.484809481459640956e+01,6.552277303604479020e-01,4.894678170525981753e-01,-2.529189418944665681e-03,-5.458554008860781737e-02,-1.321433607720947367e-01,1.041140759723521114e+01,5.974735036532598542e+01,2.636666551124572493e+02,-6.411972422381768955e-02,1.514286689555979137e+02,9.619391778844771034e+04,0.000000000000000000e+00,1.581837671980609302e+05
4.209999999999740616e+00,1.484777999861193010e+01,6.546982358457805740e-01,4.881420428553825408e-01,-3.452091326925354337e-02,-4.349727397580135935e-02,-1.212921666562051803e-01,-8.343227093252016857e+01,1.221617369512183870e+01,3.193030344018507094e+02,-6.440616466777211724e-02,1.513768851137694753e+02,9.834456177711061900e+04,0.000000000000000000e+00,1.599292789555376221e+05
4.219999999999743956e+00,1.484718614270258819e+01,6.542273047926151497e-01,4.868763847502643460e-01,-4.694076375351633607e-02,-4.054405123247829812e-02,-1.174384678679774446e-01,-2.702291818828280157e+02,-1.338047452998256972e+02,8.508933540822170016e+01,-6.429750081316408516e-02,1.520214596878668942e+02,1.038304671062152338e+05,0.000000000000000000e+00,1.581176347615385894e+05
4.229999999999747295e+00,1.484618057244170153e+01,6.537306002560409057e-01,4.855814066926783523e-01,-1.700049190957150236e-01,-5.971406523129833832e-02,-1.603224415617925669e-01,-3.236873122152778706e+02,-7.276090874081970128e+01,5.391010607206476379e+01,-6.470928920048993338e-02,1.535791281411458158e+02,8.864814135028645978e+04,0.000000000000000000e+00,1.597662884550506424e+05
4.239999999999750635e+00,1.484473104574043845e+01,6.531835592797100576e-01,4.838791526597501780e-01,-5.125567443888658786e-02,-2.375052633561790250e-02,-1.831423452352026193e-01,-1.540218425130005926e+02,4.251156955599563503e+01,-6.346474644328566228e+02,-6.474066225951201348e-02,1.549260230444156434e+02,9.603758216803945834e+04,0.000000000000000000e+00,1.598314900753641850e+05
4.249999999999753975e+00,1.484400509472352603e+01,6.529636038094377426e-01,4.820000860637843609e-01,8.890897848569593101e-03,-1.487391090151621645e-02,-1.231937600772408381e-01,4.841912083168235768e+02,1.973089656627064414e+01,-5.901262052020535975e+01,-6.449779188793466900e-02,1.548016164663954441e+02,9.246957577409007354e+04,0.000000000000000000e+00,1.749174996316662291e+05
4.259999999999757314e+00,1.484438608495936407e+01,6.528264840421068582e-01,4.813763322208193807e-01,2.823988586783137550e-02,-1.201695009740625861e-02,-2.568460470360168710e-02,-1.796243149428801189e+01,1.454038980288373750e+00,2.857932202067295293e+02,-6.456230281192469611e-02,1.543596639801972685e+02,8.871281966158506111e+04,0.000000000000000000e+00,1.817393456022501632e+05
4.269999999999760654e+00,1.484461819591197340e+01,6.527416740719134136e-01,4.812276816887546826e-01,2.558329622553747254e-02,-5.462174883693466688e-03,-1.493273882559444619e-02,1.563893055625976558e+01,8.174753951680770570e+00,1.618538666329690727e+02,-6.474368927259196993e-02,1.549267543992303331e+02,8.737779230423105764e+04,0.000000000000000000e+00,1.830574408809367160e+05
4.279999999999763993e+00,1.484496226157154730e+01,6.527211365384334441e-01,4.810763995328368736e-01,4.908054358649013849e-02,2.599362146494789850e-03,-1.352231921979289535e-02,-5.498198690217896001e+01,-2.548567808113620003e+01,1.518276010971655410e+02,-6.481197056461097949e-02,1.548923576428919375e+02,8.804017963944454095e+04,0.000000000000000000e+00,1.832762581230891228e+05
4.289999999999767333e+00,1.484550169610917081e+01,6.527273875810155612e-01,4.809611416931968142e-01,4.798015880421514084e-02,-2.594264418168101913e-03,-1.093470068041441264e-02,9.686024694908610400e+00,2.128788811407062553e+01,1.716009157098321225e+02,-6.460453293637484495e-02,1.546085705699942423e+02,8.857850927305228834e+04,0.000000000000000000e+00,1.837143410884007171e+05
4.299999999999770672e+00,1.484575268594978503e+01,6.528006727376370888e-01,4.806215153379915783e-01,2.906982438635773158e-02,1.214053387560706451e-02,-3.099222106209706395e-02,7.039532762408725830e+00,-8.317336443064448304e+00,1.636223294811993583e+02,-6.488472793188221344e-02,1.539572299871056771e+02,8.532976264256566355e+04,0.000000000000000000e+00,1.839913985536820255e+05
4.309999999999774012e+00,1.484617839315058418e+01,6.529513174644201445e-01,4.804056795051642181e-01,5.554316735499137403e-02,2.044333173570991521e-02,-1.831796501794673987e-02,-5.089355221930327389e+01,-2.762844075613719497e+01,1.544690726524117963e+02,-6.478191274824739165e-02,1.530483165369066683e+02,8.707036032453938969e+04,0.000000000000000000e+00,1.834200694776996679e+05
4.319999999999777351e+00,1.484659125171003602e+01,6.530815371152752791e-01,4.802271579964936810e-01,3.830620471081300910e-02,1.249386036748653499e-02,-1.873076913119480977e-02,6.143907047527644636e+02,3.070722076019837914e+02,3.340147778773298342e+02,-6.468653470502128133e-02,1.525942318422028166e+02,9.207872109874986927e+04,0.000000000000000000e+00,1.816656607646638004e+05
4.329999999999780691e+00,1.484703497733175581e+01,6.532685042118496765e-01,4.799228451204856083e-01,3.736524622141693813e-02,2.281435955498250720e-02,-5.018175074293446114e-02,6.284892525830135810e+02,2.590333696843466669e+02,3.552633510745999956e+02,-6.447629116212370837e-02,1.515402837829799410e+02,9.348958074330746604e+04,0.000000000000000000e+00,1.818123780298082274e+05
4.339999999999784031e+00,1.484767931408552677e+01,6.534787877401377898e-01,4.796354643592067313e-01,9.342540792864015287e-02,1.396650800039448727e-02,-1.848379910708150553e-02,2.263349044608969507e+02,-4.164364285953212175e+01,1.342092507284714884e+02,-6.441326046585083009e-02,1.507403504005712875e+02,1.071858873737411923e+05,0.000000000000000000e+00,1.838803638972761401e+05
4.349999999999787370e+00,1.484826252543472691e+01,6.535751306488786216e-01,4.792100774602908730e-01,2.889471330708148766e-02,6.225381908011926382e-03,-5.599778655021542262e-02,2.801021737653668424e+02,-3.913639803528593575e+01,4.413703921597384578e+02,-6.444549424094637990e-02,1.505737492616728730e+02,1.068471935778862971e+05,0.000000000000000000e+00,1.847404541718951077e+05
4.359999999999790710e+00,1.484885865171946406e+01,6.536773147107227677e-01,4.787272988201115576e-01,3.759142473381836547e-02,9.139019492608924100e-03,-6.788601360156942821e-02,-5.100194099334810289e+02,-6.093690286989516380e+01,-1.991545321292778681e+01,-6.442136117171273768e-02,1.503620173877785930e+02,1.157542326567017735e+05,0.000000000000000000e+00,1.769753134566297522e+05
4.369999999999794049e+00,1.484930781367792996e+01,6.537150243313589737e-01,4.781809799568439989e-01,6.279840908928019383e-02,9.858583552108108987e-04,-3.660303627311613239e-02,2.671892991724457715e+02,6.884496024351392407e+00,1.614262585470314662e+02,-6.444693517667496319e-02,1.501101897470277891e+02,1.089634866378234292e+05,0.000000000000000000e+00,1.853221552345332166e+05
4.379999999999797389e+00,1.484981851257519736e+01,6.537323968291540721e-01,4.777083085145331642e-01,7.744013137998895235e-02,6.973213537363194547e-03,-4.637687787463452144e-02,3.334784968417466189e+01,2.614220761170728338e+02,1.290106174489219484e+02,-6.441143609607663523e-02,1.504644267265596227e+02,1.161760035980226821e+05,0.000000000000000000e+00,1.838687352394044865e+05
4.389999999999800728e+00,1.485033074066290659e+01,6.537827605704944478e-01,4.771369367941885598e-01,6.300458264199770841e-02,5.352063046305375769e-04,-4.818770564781128113e-02,2.551835161076144232e+02,1.010939157282581391e+01,1.937244590478931059e+02,-6.446152052700573898e-02,1.500749100398594180e+02,1.106017580192222085e+05,0.000000000000000000e+00,1.859947387758984405e+05
4.399999999999804068e+00,1.485097753634252804e+01,6.538194803604430172e-01,4.766300592684230564e-01,7.398343327572962091e-02,6.822495301590853455e-03,-5.137197919571357546e-02,-5.066686900811380951e+02,-7.811635702279488669e+00,-9.124373031327650097e+00,-6.449116385249127614e-02,1.502927362487274081e+02,1.184626535344952717e+05,0.000000000000000000e+00,1.782311617395015201e+05
4.409999999999807407e+00,1.485148726724178303e+01,6.538650290307183033e-01,4.760086225099539603e-01,5.027518166090736568e-02,4.782054917095136803e-03,-6.252145115795204600e-02,1.991040465760327152e+02,-4.717095569772197905e+01,4.637043132310295732e+02,-6.443831364652927163e-02,1.503045214734479487e+02,1.118720493355262297e+05,0.000000000000000000e+00,1.871208554912120744e+05
4.419999999999810747e+00,1.485198180254222144e+01,6.538576824086148598e-01,4.755592094208593856e-01,7.339981496323075283e-02,-2.409019166148317851e-03,-2.073700999600524078e-02,-6.304845288465777458e+02,1.569518206776768920e+01,-1.795634216823300449e+02,-6.444441414245800914e-02,1.511304377176311391e+02,1.214533846889077104e+05,0.000000000000000000e+00,1.765551501522776089e+05
4.429999999999814086e+00,1.485239236225339354e+01,6.538699861973545913e-01,4.749858472420345756e-01,3.004517583777931850e-02,-1.570871917466397502e-03,-6.187073904844908601e-02,3.333882002214483009e+02,-3.504974061081435366e+01,1.998233073876217532e+02,-6.456657599700683925e-02,1.515111157514474769e+02,1.136264620359633118e+05,0.000000000000000000e+00,1.872259292680183717e+05
4.439999999999817426e+00,1.485291106455560417e+01,6.538256821914376626e-01,4.744198147148455114e-01,6.971970619649858758e-02,-8.553950568070562213e-03,-4.945400638540792954e-02,2.190909848393009725e+02,-1.021612279493979258e+00,1.914380000074297641e+02,-6.465261745450132103e-02,1.525360534680267790e+02,1.138350971580924815e+05,0.000000000000000000e+00,1.873091641744262597e+05
4.449999999999820766e+00,1.485333787034921826e+01,6.537072041825237045e-01,4.738584775210670230e-01,2.897625664780083439e-03,-1.126345105435820962e-02,-4.323519723503364831e-02,8.073786397813159965e+01,3.423871247017376618e+01,4.615766191975162656e+02,-6.467545066049443236e-02,1.533361614606412786e+02,1.139927066850097472e+05,0.000000000000000000e+00,1.911511930162023637e+05
4.459999999999824105e+00,1.485342136887424758e+01,6.535411613244570539e-01,4.737561068481813686e-01,1.159935282951258563e-02,-1.730779846509168315e-02,2.990818277427543734e-03,-7.291024150380724222e+02,1.179434260729154857e+02,-9.314008269038231447e+01,-6.475431656683637571e-02,1.526640410903902136e+02,1.204955310109547281e+05,0.000000000000000000e+00,1.819294023644009430e+05
4.469999999999827445e+00,1.485326806948699030e+01,6.533601176732395377e-01,4.737654882935207201e-01,9.092216322693531805e-03,-2.499229497708142442e-02,2.861968075291782682e-03,-4.365576408239775787e+02,-5.909892209292922871e+01,-3.591597442425913869e+02,-6.474716033021703232e-02,1.512249774717429602e+02,1.236290742069201806e+05,0.000000000000000000e+00,1.710529007262919040e+05
4.479999999999830784e+00,1.485322750482708010e+01,6.531557741668139183e-01,4.736342947947383974e-01,1.995891289862074605e-02,-1.699821260545532342e-02,-3.319750745799982319e-03,-4.510431475294254824e+02,-1.905646414010635681e+01,-3.591794558072488144e+02,-6.459329351914029627e-02,1.512636981334782718e+02,1.232392096275032382e+05,0.000000000000000000e+00,1.762834603511688474e+05
4.489999999999834124e+00,1.485312306829263918e+01,6.529966592223641619e-01,4.735821451283447892e-01,6.275256406845616114e-03,-1.734438679620999360e-02,8.306493616966368482e-03,-3.831980824119139015e+02,-1.294461916088721409e+00,-2.904145780291341907e+02,-6.449461212473266147e-02,1.512395480883907339e+02,1.208892935364238656e+05,0.000000000000000000e+00,1.795451892210833612e+05
4.499999999999837463e+00,1.485298920185346994e+01,6.528910034695996067e-01,4.734767905485987027e-01,9.753393217012558056e-03,-9.931057136250028700e-03,2.811340148964132542e-03,2.537489959240832604e+02,-4.761319301168367701e+01,5.716808771060732397e+01,-6.466226316743238500e-02,1.514625365449054186e+02,1.152788859341783682e+05,0.000000000000000000e+00,1.886299040673105046e+05
4.509999999999840803e+00,1.485290388959037777e+01,6.527973335717234260e-01,4.734259715433649651e-01,3.164039579110276227e-03,-5.390715572799310504e-03,6.282581225678741943e-03,1.612123761979397614e+02,-3.931729088505881009e+01,2.165261610022148488e+02,-6.432885717217964872e-02,1.511691212330287613e+02,1.139179529865986406e+05,0.000000000000000000e+00,1.891938432020202745e+05
4.519999999999844142e+00,1.485271188634337136e+01,6.527651024043565897e-01,4.733058124364709629e-01,-1.272719900177289934e-02,-2.155958964050574533e-03,7.528199549100367781e-03,-1.335519724173203713e+02,-8.273698939616906500e+00,4.275955162820368969e+02,-6.458044990592837209e-02,1.504445537127027706e+02,1.114659211594021181e+05,0.000000000000000000e+00,1.893847886930887762e+05
4.529999999999847482e+00,1.485261528206996573e+01,6.527466753220237949e-01,4.732887627667931030e-01,-1.971807179811621569e-02,3.336228758729633918e-03,-5.926953721490438570e-04,-1.036677606345397180e+02,-1.789766691788838671e+01,4.718177954100106035e+02,-6.432176188303960485e-02,1.499373884046618741e+02,1.113913397542696039e+05,0.000000000000000000e+00,1.883483441824365873e+05
4.539999999999850822e+00,1.485251018000262313e+01,6.527126123895149457e-01,4.732621751482299910e-01,-2.801748306505880137e-02,-2.460134824582954106e-03,-1.722434712523981948e-02,4.883597411465791538e+01,7.496642843340623585e+01,3.648219134738842513e+02,-6.428875653232894727e-02,1.506417207372519727e+02,1.151537834039572335e+05,0.000000000000000000e+00,1.910581173068111821e+05
4.549999999999854161e+00,1.485231808143658050e+01,6.527384103067616072e-01,4.733126673199510304e-01,-3.172007789148091617e-02,2.053275929604336022e-03,-1.993621582755504551e-02,2.097779849346082983e+02,-7.679564897772183940e+01,2.745683767930304384e+02,-6.438296710758695252e-02,1.511041500175209364e+02,1.145466734288910520e+05,0.000000000000000000e+00,1.875621157302081119e+05
4.559999999999857501e+00,1.485207237273316849e+01,6.527214196354739206e-01,4.733044076978327186e-01,-2.334624099047677773e-02,2.131581192263875407e-03,7.896422956504316887e-03,2.886155682177463859e+02,-6.118177850132451567e+01,1.957622107320553368e+02,-6.432833361630656277e-02,1.520867915480136787e+02,1.155487152410891867e+05,0.000000000000000000e+00,1.895278281473094248e+05
4.569999999999860840e+00,1.485194083061751691e+01,6.527123227763921287e-01,4.733771588135845532e-01,-1.534978965489213962e-02,-5.421334407997117737e-03,2.097758903621341903e-02,-4.267658783410031447e+02,1.890827298331385009e+01,-4.122540849456454453e+02,-6.447208922454791824e-02,1.532462483117792544e+02,1.245428857480028237e+05,0.000000000000000000e+00,1.773335000896902638e+05
4.579999999999864180e+00,1.485166263514393314e+01,6.527195609676313959e-01,4.734196607415176450e-01,-1.917615821019343081e-02,1.216282261440824889e-03,3.651890702530384645e-03,-7.493277332732185414e+02,1.827240342037439689e+02,-3.023752169727458750e+01,-6.442884926023152714e-02,1.549819909625922207e+02,1.211631951419335965e+05,0.000000000000000000e+00,1.830402842113142542e+05
4.589999999999867519e+00,1.485127033574765143e+01,6.527497432789133303e-01,4.734967316680655514e-01,-5.025451366589969021e-02,5.937383867791638098e-03,8.450673886114160038e-03,3.484286330681593427e+02,-3.630341631664481383e+01,2.180660099870924569e+02,-6.444163869819495571e-02,1.579437194080563529e+02,1.168765548755566124e+05,0.000000000000000000e+00,1.898974785907554033e+05
4.599999999999870859e+00,1.485095820072447914e+01,6.528039297840957378e-01,4.735739043879751420e-01,-7.928923153262594503e-02,7.070920892363653093e-03,-1.168487866455518963e-02,2.283607348389396066e+02,1.610204299205094003e+01,3.379045316728938815e+02,-6.443259432867085024e-02,1.616441590491978104e+02,1.157168657001661923e+05,0.000000000000000000e+00,1.940969992777431034e+05
4.609999999999874198e+00,1.485072355806047106e+01,6.527817551253218831e-01,4.737301686727172223e-01,3.762402098011648904e-02,-7.380872806855862632e-03,1.809390639109263732e-02,-5.447851801245135448e+02,1.713180557849238994e+01,-4.911560519286203998e+02,-6.427814737133730194e-02,1.613097024016177841e+02,1.257901763561833504e+05,0.000000000000000000e+00,1.783981765474526037e+05
4.619999999999877538e+00,1.485038214303259174e+01,6.527645614763512016e-01,4.736456044854855385e-01,-3.342785909702588459e-02,7.458797177510783716e-04,1.987376770016051342e-02,1.233155648979455918e+02,1.250751803306462762e+01,2.652054795092199129e+02,-6.443243860271688495e-02,1.599228412425663350e+02,1.159818807814826432e+05,0.000000000000000000e+00,1.942666675339662470e+05
4.629999999999880878e+00,1.485012225324123847e+01,6.527141359669959009e-01,4.736780940859086630e-01,-6.986706167712067317e-02,-6.492923245630609873e-03,-2.356796072714953394e-03,2.116694530517575004e+02,2.325168720843390702e+01,2.526971766041920091e+02,-6.437213636761822400e-02,1.596709923255134811e+02,1.167662733090375114e+05,0.000000000000000000e+00,1.929252771110175527e+05
4.639999999999884217e+00,1.484972825400271290e+01,6.526375781643484197e-01,4.736976487119621826e-01,-5.089485778935521482e-02,-1.147062710429551206e-02,-1.335049814931464976e-02,-6.678121184215028734e+02,1.156417888128102618e+02,8.328563250273327867e+01,-6.430902691869055943e-02,1.600483060341659041e+02,1.248100187446410564e+05,0.000000000000000000e+00,1.854805972123524698e+05
4.649999999999887557e+00,1.484916614376063038e+01,6.524945674206888979e-01,4.737799832131419642e-01,-5.182198983743801363e-02,-5.846927563119320298e-03,6.877265956470856320e-04,4.870925133064488364e+02,-2.139623986143624279e+01,9.909428001806600150e+01,-6.426389685467481794e-02,1.609896804481825257e+02,1.219537745961815526e+05,0.000000000000000000e+00,1.900788186815948284e+05
4.659999999999890896e+00,1.484908186591537316e+01,6.524409566199719235e-01,4.737474469143833078e-01,-1.984464196884528145e-02,-1.018779531123054603e-02,-2.821781441670256899e-05,-3.165457296825024969e+01,-2.322735925076864305e+01,4.064691881119911159e+02,-6.425048218761940377e-02,1.598268322397200052e+02,1.191961648716146447e+05,0.000000000000000000e+00,1.932667632371616783e+05
4.669999999999894236e+00,1.484870988927298008e+01,6.524074594476568789e-01,4.736963582640020820e-01,-4.526481797717986366e-02,6.872175315157283415e-03,-2.034094199186546256e-02,-1.658681282284005647e+02,1.633807241889068109e+02,6.779899729679118536e+01,-6.423732078766183906e-02,1.585596962805545616e+02,1.035679903236173850e+05,0.000000000000000000e+00,1.912928475040720950e+05
4.679999999999897575e+00,1.484800616654768568e+01,6.524773458490991107e-01,4.734964929588931226e-01,-9.981198081312139814e-02,-1.251460889293726795e-03,-1.973834624680578104e-02,3.162833226327977627e+02,5.202067284439067407e+00,-1.169160473360161632e+02,-6.430509592171898547e-02,1.572331771832334084e+02,1.064823430481151154e+05,0.000000000000000000e+00,1.901874419858754263e+05
4.689999999999900915e+00,1.484727987003229366e+01,6.525012567378021267e-01,4.733163966609852391e-01,-4.522355514132597731e-02,2.238788842647966917e-02,-2.437021092758509186e-02,1.994643262639089016e+02,4.368636761415979208e+01,2.227402704925593753e+02,-6.438491545347273248e-02,1.559139425521333919e+02,1.184903853275070142e+05,0.000000000000000000e+00,1.930517377863285365e+05
4.699999999999904254e+00,1.484733402514057055e+01,6.529425893614128062e-01,4.729831241651370477e-01,4.456906189059633983e-02,6.347516212461182250e-02,-4.339737260730651414e-02,3.345932104746225377e+01,-5.260275707126146472e+01,2.618362113533989941e+02,-6.441283041366407947e-02,1.517558853399920338e+02,1.178429438142207946e+05,0.000000000000000000e+00,1.921943344245284388e+05
4.709999999999907594e+00,1.484788619057762915e+01,6.536175662381427109e-01,4.725472142336138992e-01,6.348173779678878415e-02,8.498568455262495158e-02,-6.349900257410646953e-02,2.051811979544573319e+02,9.787046588163684646e+01,-3.150963038026065988e+01,-6.434513469719005396e-02,1.464462853853463571e+02,1.199060200926761318e+05,0.000000000000000000e+00,1.902635723728291050e+05
4.719999999999910933e+00,1.484828575051475852e+01,6.543319140840068160e-01,4.720307208924161002e-01,-9.316623036415833461e-03,3.732612047380923226e-02,-3.187586796383314741e-02,-6.264090224479809876e+01,-1.275660535563851568e+02,1.960751756503914294e+02,-6.442405258288530501e-02,1.424282479222037523e+02,1.155108925136106700e+05,0.000000000000000000e+00,1.891031985878286068e+05
4.729999999999914273e+00,1.484807143826884435e+01,6.545674169965499667e-01,4.717711726879911249e-01,-4.830409162349155738e-03,2.042641492230211353e-02,-2.401368578554463964e-02,3.303378597486668014e+02,5.158913641499992764e+01,2.874549135746824504e+02,-6.442796421572187515e-02,1.415817208277003942e+02,1.180412508231572137e+05,0.000000000000000000e+00,1.946959150243632903e+05
4.739999999999917613e+00,1.484798668664081589e+01,6.546793223578313281e-01,4.716100474355089944e-01,-1.864022745610968354e-02,1.711996942496562049e-02,-4.051835438661532604e-03,3.941095189472964648e+02,1.793012066723742919e+02,2.366107771874676473e+02,-6.440461976855481330e-02,1.411307457007443986e+02,1.171431065196236887e+05,0.000000000000000000e+00,1.948512892399748380e+05
4.749999999999920952e+00,1.484773243669708620e+01,6.549422227459249513e-01,4.715375557718938793e-01,-7.375512443105184356e-03,3.754004221942448816e-02,-1.134055683159753726e-02,-1.452276190718207545e+02,-6.141335364019744247e+01,6.314325700541030528e+01,-6.438126587315277927e-02,1.417095699046744812e+02,1.181858797374284768e+05,0.000000000000000000e+00,1.909436680139757227e+05
4.759999999999924292e+00,1.484752953874633796e+01,6.551356968461501395e-01,4.716188293643686635e-01,-2.070449481747879683e-02,1.016645748060518613e-02,2.131098308345428030e-02,1.295817136087089239e+01,-1.618521394342212716e+01,1.852781098240461688e+02,-6.436537236712847054e-02,1.427639165800210890e+02,1.378844552636959415e+05,0.000000000000000000e+00,1.949269538372398238e+05
4.769999999999927631e+00,1.484732950161638954e+01,6.552154557196726570e-01,4.718622788016815228e-01,-1.641591708483618184e-02,8.696586082568862411e-03,2.460981979187425867e-02,1.191688379128725046e+02,4.104366950336356012e+01,1.509095354640885489e+02,-6.423452149335746875e-02,1.453546344561982551e+02,1.344511601443400141e+05,0.000000000000000000e+00,1.967132932946494548e+05
4.779999999999930971e+00,1.484728688418808140e+01,6.553954673526491970e-01,4.721485531443451178e-01,-3.360839964181872377e-03,2.031610226109514458e-02,2.746616275074621055e-02,-1.648545972258364145e+01,-2.122395627762881531e+01,1.663550119432147767e+02,-6.438732738963751090e-02,1.482214633643529567e+02,1.372725617753351980e+05,0.000000000000000000e+00,1.943678246120414115e+05
4.789999999999934310e+00,1.484720740787998494e+01,6.555501808694316201e-01,4.723810436775268129e-01,-8.655966745920810543e-03,9.449382482834906699e-03,2.231871274481546374e-02,2.960754817237079806e+01,-6.489765772199859839e+00,1.746154170852091738e+02,-6.435294527652941909e-02,1.513497177785008603e+02,1.374221354294423654e+05,0.000000000000000000e+00,1.960246511779393768e+05
4.799999999999937650e+00,1.484716400752033039e+01,6.556108870702832547e-01,4.725900171723228516e-01,-3.372834756577893552e-03,5.499955598756795828e-03,2.047282646626088706e-02,9.048329190693777946e+01,3.141986205169740742e+01,2.316536139105301118e+02,-6.471023467395796425e-02,1.544442316385375591e+02,1.336026046798658790e+05,0.000000000000000000e+00,1.975745808049887710e+05
4.809999999999940989e+00,1.484722170024041077e+01,6.557118506363071031e-01,4.728562599594411942e-01,9.898310345399565294e-03,1.205691683151459415e-02,2.973487393219979152e-02,9.801254318548399169e+01,1.447348487840474718e+01,1.078471259613114626e+02,-6.516730862550225434e-02,1.582273753180672031e+02,1.373775573162951332e+05,0.000000000000000000e+00,1.940182047236928483e+05
4.819999999999944329e+00,1.484746458550205794e+01,6.555383815714063145e-01,4.733817799539110083e-01,2.870980665574355412e-02,-7.019517029685556908e-02,1.074794304616757540e-01,1.315756013784121023e+02,1.523306133438152870e+02,-1.081088142457718959e+01,-6.553159578372828864e-02,1.637538490848813808e+02,1.490277517719689640e+05,0.000000000000000000e+00,1.996115828739179997e+05
4.829999999999947669e+00,1.484797101838099742e+01,6.549532475826289613e-01,4.739203574919146900e-01,8.188522483441794397e-02,-5.510061074103565770e-02,2.573336358858866607e-02,-1.689269458143280644e+01,1.181655309842814177e+02,5.044072615314414065e+01,-6.495842197137809138e-02,1.637411304185663425e+02,1.451273872388414457e+05,0.000000000000000000e+00,1.989432876805628766e+05
4.839999999999951008e+00,1.484845442780611080e+01,6.542933146120082366e-01,4.741720573880436329e-01,1.139612353319001056e-02,-6.194401390297485377e-02,2.352874213582453397e-02,2.972368766815793606e+01,8.878210600351906123e+01,3.050212181585948201e+01,-6.437931935809855510e-02,1.600938478001719147e+02,1.458338272131945705e+05,0.000000000000000000e+00,1.940097902222354605e+05
4.849999999999954348e+00,1.484830239836988675e+01,6.538888639325278751e-01,4.741657853670983580e-01,-4.054619204115498393e-02,-2.984052227341003546e-02,-4.454278345243938009e-02,-1.685407013973538142e+02,3.335869354182898405e+02,1.558597306682495400e+02,-6.430551662382610889e-02,1.559025208894253751e+02,1.360807596723965835e+05,0.000000000000000000e+00,1.936666995658074156e+05
4.859999999999957687e+00,1.484824293967268360e+01,6.539853928383956294e-01,4.738829202422628062e-01,-7.135384178414858015e-04,1.397825437994872251e-02,-1.251799353332130535e-02,9.751677225764956347e+01,-3.268310780364782886e+01,3.390231149550695591e+02,-6.434293954448834507e-02,1.521710756842947490e+02,1.354951823779044207e+05,0.000000000000000000e+00,1.927145967820560036e+05
4.869999999999961027e+00,1.484835797954024628e+01,6.541825928726177075e-01,4.739427114730032087e-01,-3.081809843936304111e-03,2.327763762307586207e-02,2.734481286799970903e-03,3.914524144898825853e+01,-3.613214604774276495e+01,4.281084661941858940e+02,-6.435530169864113470e-02,1.516563022333089350e+02,1.329253352978158509e+05,0.000000000000000000e+00,1.933461428172927699e+05
4.879999999999964366e+00,1.484841973949102290e+01,6.544750156198418933e-01,4.740771944056546006e-01,-1.381197330185591175e-02,2.556220926890243397e-02,5.309049606699471624e-03,4.306506700705517687e+01,-4.207549510940464188e+01,4.325096878021417979e+02,-6.428341031357721891e-02,1.524753757116076258e+02,1.324862551656618016e+05,0.000000000000000000e+00,1.931448001823532395e+05
4.889999999999967706e+00,1.484845288497766269e+01,6.547302601279986201e-01,4.741874700536576337e-01,2.028734600984414757e-02,2.637010405890879289e-02,8.479538812260222630e-03,-4.020459473628375235e+01,-4.956057171566959596e+01,2.628680204100160154e+02,-6.422024664991896059e-02,1.552055726159416906e+02,1.328465307937562466e+05,0.000000000000000000e+00,1.930075959750418842e+05
4.899999999999971045e+00,1.484853782222328356e+01,6.549056655599898580e-01,4.742078207097895626e-01,4.629922905706222551e-03,2.112534404997946230e-02,-6.307116396752108362e-03,-4.777002472087360729e+00,-2.499968376662155833e+01,3.614033706977274960e+02,-6.450213653529444924e-02,1.593431081717961320e+02,1.336688486464905727e+05,0.000000000000000000e+00,1.940595392991715344e+05
4.909999999999974385e+00,1.484877168193397878e+01,6.551582989407570556e-01,4.742398704702345258e-01,5.800011678207394467e-02,3.659848376877029158e-02,1.010508390102257377e-03,-1.580402532240996152e+02,-2.737382354338408277e+02,6.491230841683168364e+02,-6.505189775501232785e-02,1.631000665453495913e+02,1.398771992232307384e+05,0.000000000000000000e+00,1.954708382415793894e+05
4.919999999999977724e+00,1.484906943618801378e+01,6.551832154887494708e-01,4.744425633110324614e-01,1.483313307392319230e-02,8.389165866035002903e-03,1.277924860346561949e-02,-5.386065030384133934e+01,-1.124926683247265089e+02,4.233806047648917001e+02,-6.473551568779352394e-02,1.640574865328798921e+02,1.331355571398068278e+05,0.000000000000000000e+00,1.957106418608285312e+05
4.929999999999981064e+00,1.484909710356651047e+01,6.551809058561147703e-01,4.745883841459506702e-01,-1.122089379991781689e-02,-6.167799593687469696e-03,1.983576045311090039e-02,-1.404524038323347668e+02,-7.587279317513379340e+01,3.822236077318450498e+02,-6.500419505740200055e-02,1.640146574082195059e+02,1.305935491935085884e+05,0.000000000000000000e+00,1.942663501301656943e+05
4.939999999999984404e+00,1.484894239875269761e+01,6.552293816836323170e-01,4.746845303129325067e-01,-2.043586046985482879e-02,4.798504121301498671e-03,1.361396100959272673e-02,1.242045405887351990e+02,2.070662081651690301e+01,2.288386352452232018e+02,-6.494107900014543799e-02,1.659626328337820951e+02,1.341329557375083677e+05,0.000000000000000000e+00,1.949121613594609953e+05
4.949999999999987743e+00,1.484898207222046018e+01,6.552789454278662440e-01,4.748272016784129690e-01,1.620044254044335913e-02,1.447046626473968110e-02,2.193413906262522452e-03,-1.917105684645462134e+02,8.530757483490913273e+01,-2.627134046271469288e+02,-6.519612269658466019e-02,1.680984691396717494e+02,1.436113476968058676e+05,0.000000000000000000e+00,1.835087902473437716e+05
4.959999999999991083e+00,1.484818866311727525e+01,6.551058235211021374e-01,4.751138093841288379e-01,-1.230069941862654420e-01,-3.068824235994295491e-02,4.657570366227126168e-02,8.918473680614624755e-01,-2.377092585674404290e+01,1.115641057036315829e+02,-6.572143176930596298e-02,1.727946852240921771e+02,1.243982018770318828e+05,0.000000000000000000e+00,1.893143035766118846e+05
4.969999999999994422e+00,1.484829788251901839e+01,6.549742472619966005e-01,4.754443637178407123e-01,-8.304013243028261423e-03,-7.675440140443356984e-03,1.220691845773119732e-02,4.073550343765068646e+02,-1.136131458011343227e+02,1.305547336407472869e+02,-6.575299538963240431e-02,1.758621826299101940e+02,1.251067908934800798e+05,0.000000000000000000e+00,1.931399199226197379e+05
4.979999999999997762e+00,1.484832984983775361e+01,6.549569996118583814e-01,4.754861395165723703e-01,-2.352622045810121368e-02,-4.127517876870163808e-05,-2.685495978964598171e-02,7.488145057145093233e+02,1.433046240145716581e+02,9.025378885218794949e+02,-6.554379429325099538e-02,1.755395671960941684e+02,1.180010824177027971e+05,0.000000000000000000e+00,1.900140112988707551e+05
4.990000000000001101e+00,1.484821918407624786e+01,6.549983890905154427e-01,4.753517656322511220e-01,2.663948366406918705e-02,1.806724708744729402e-02,-5.326408489788925270e-04,-4.167428240894423652e+01,-3.170969213559627065e+01,1.168703741885577756e+02,-6.558815095746386992e-02,1.733735505571474391e+02,1.345261233248769713e+05,0.000000000000000000e+00,1.946130605064449192e+05
