time,x,y,z,vx,vy,vz,Fx,Fy,Fz,min_contact_distance,mechanical_energy,base_load,left_edge_load,right_edge_load
0.000000000000000000e+00,8.000000000000000000e+00,0.000000000000000000e+00,3.868565916282395101e+00,3.579383314800978155e+00,0.000000000000000000e+00,-1.785501354164807930e+00,0.000000000000000000e+00,0.000000000000000000e+00,0.000000000000000000e+00,0.000000000000000000e+00,8.887029569943473462e+02,0.000000000000000000e+00,0.000000000000000000e+00,0.000000000000000000e+00
5.000000000000000971e-03,8.017896916574002830e+00,1.043895363290775512e-37,3.859503522011570542e+00,3.579383314800978155e+00,5.872292794648733382e-35,-1.834551354164807302e+00,0.000000000000000000e+00,0.000000000000000000e+00,0.000000000000000000e+00,0.000000000000000000e+00,8.887006411928957732e+02,0.000000000000000000e+00,0.000000000000000000e+00,0.000000000000000000e+00
1.000000000000000541e-02,8.035793833148005660e+00,6.344017885566520184e-37,3.850195877740746564e+00,3.579383314800978155e+00,1.739113438852060007e-34,-1.883601354164806674e+00,0.000000000000000000e+00,0.000000000000000000e+00,0.000000000000000000e+00,0.000000000000000000e+00,8.886983253914445413e+02,0.000000000000000000e+00,0.000000000000000000e+00,0.000000000000000000e+00
1.500000000000000985e-02,8.053690749722008491e+00,2.089700030293377064e-36,3.840642983469923166e+00,3.579383314800978155e+00,4.226538150192322496e-34,-1.932651354164806046e+00,0.000000000000000000e+00,0.000000000000000000e+00,0.000000000000000000e+00,0.000000000000000000e+00,8.886960095899931957e+02,0.000000000000000000e+00,0.000000000000000000e+00,0.000000000000000000e+00
2.000000000000001429e-02,8.071587666296011321e+00,5.478283858018112927e-36,3.830844839199098573e+00,3.579383314800978155e+00,9.662867016411521205e-34,-1.981701354164805418e+00,0.000000000000000000e+00,0.000000000000000000e+00,0.000000000000000000e+00,0.000000000000000000e+00,8.886936937885417365e+02,0.000000000000000000e+00,0.000000000000000000e+00,0.000000000000000000e+00
2.500000000000001874e-02,8.089484582870014151e+00,1.199632814982334176e-35,3.820801444928275004e+00,3.579383314800978155e+00,1.680002098323830275e-33,-2.030751354164805011e+00,0.000000000000000000e+00,0.000000000000000000e+00,0.000000000000000000e+00,0.000000000000000000e+00,8.886913779870903909e+02,0.000000000000000000e+00,0.000000000000000000e+00,0.000000000000000000e+00
3.000000000000002318e-02,8.107381499444016981e+00,2.289175096936754373e-35,3.810512800657451127e+00,3.579383314800978155e+00,2.566621401524575568e-33,-2.079801354164804383e+00,0.000000000000000000e+00,0.000000000000000000e+00,0.000000000000000000e+00,0.000000000000000000e+00,8.886890621856389316e+02,0.000000000000000000e+00,0.000000000000000000e+00,0.000000000000000000e+00
3.500000000000002415e-02,8.125278416018019811e+00,3.728688292461298963e-35,3.799978906386626498e+00,3.579383314800978155e+00,3.272169118501921110e-33,-2.128851354164803755e+00,0.000000000000000000e+00,0.000000000000000000e+00,0.000000000000000000e+00,0.000000000000000000e+00,8.886867463841873587e+02,0.000000000000000000e+00,0.000000000000000000e+00,0.000000000000000000e+00
4.000000000000002859e-02,8.143175332592022642e+00,5.439964257770450296e-35,3.789199762115802894e+00,3.579383314800978155e+00,3.682146257091921450e-33,-2.177901354164803127e+00,0.000000000000000000e+00,0.000000000000000000e+00,0.000000000000000000e+00,0.000000000000000000e+00,8.886844305827361268e+02,0.000000000000000000e+00,0.000000000000000000e+00,0.000000000000000000e+00
4.500000000000003303e-02,8.161072249166025472e+00,7.605849939195325887e-35,3.778175367844978538e+00,3.579383314800978155e+00,4.790172944519333299e-33,-2.226951354164802499e+00,0.000000000000000000e+00,0.000000000000000000e+00,0.000000000000000000e+00,0.000000000000000000e+00,8.886821147812845538e+02,0.000000000000000000e+00,0.000000000000000000e+00,0.000000000000000000e+00
5.000000000000003747e-02,8.178969165740028302e+00,1.016610527102488834e-34,3.766905723574154319e+00,3.579383314800978155e+00,5.463104808012862784e-33,-2.276001354164801871e+00,0.000000000000000000e+00,0.000000000000000000e+00,0.000000000000000000e+00,0.000000000000000000e+00,8.886797989798332083e+02,0.000000000000000000e+00,0.000000000000000000e+00,0.000000000000000000e+00
5.500000000000004191e-02,8.196840711117129530e+00,-3.489532939945401379e-06,3.755405007122110561e+00,3.566970839418707406e+00,-2.700083666201315725e-03,-2.317325775776309271e+00,3.793022328424571299e+01,1.280533497694330558e-01,8.715736933719138335e+01,-1.101920648775796697e-03,8.876087966282858588e+02,5.121882147323937318e+01,1.957271352120046970e+01,2.414435958297091389e+01
6.000000000000004635e-02,8.214439674390311197e+00,6.267178594642359426e-05,3.744701001449170175e+00,3.576630001159122330e+00,4.581829546674612980e-02,-1.913152330192777084e+00,3.091684142691124180e+02,9.774295745101700561e+01,1.344304618371768584e+03,-2.332553267415769446e-03,8.727151092189153587e+02,2.442637678773158768e+03,7.211403448753170551e+02,2.348319158843171124e+02
6.500000000000004385e-02,8.232090832592467322e+00,1.038595279677465228e-03,3.736123850073919339e+00,3.534710328820450442e+00,2.881594681261233637e-01,-1.614109427096568350e+00,2.943779608957488563e+02,-6.743102109278515499e+00,6.655341313676831305e+02,-2.563977387556992411e-03,8.564493989807922389e+02,6.312458924540093221e+02,2.007472227958082911e+01,7.552911152472618994e+01
7.000000000000004829e-02,8.250070502353423763e+00,2.544440739950184702e-03,3.728297456014799671e+00,3.636423075673976602e+00,3.028080526403951200e-01,-1.559086990100064796e+00,-3.359460751819086681e+02,8.022253302638056311e+02,5.639636419333793356e+02,-7.912303062342334724e-04,8.543961394221230421e+02,0.000000000000000000e+00,0.000000000000000000e+00,9.797202952231835980e+02
7.500000000000005274e-02,8.268208782625769970e+00,4.380781726137889659e-03,3.720483934413854499e+00,3.588226634755165456e+00,3.585978002763547390e-01,-1.562818604250158394e+00,9.705408651448148571e-01,-9.886137072617484645e-03,2.218574124716555573e+00,-9.968845872388495261e-05,8.534614120810623490e+02,0.000000000000000000e+00,0.000000000000000000e+00,2.418565829670363598e+00
8.000000000000005718e-02,8.286075967826825206e+00,6.147567505118898580e-03,3.712584462758872217e+00,3.564532389948584346e+00,3.520979127267491737e-01,-1.595242619562391662e+00,0.000000000000000000e+00,0.000000000000000000e+00,0.000000000000000000e+00,0.000000000000000000e+00,8.534491559218868133e+02,0.000000000000000000e+00,0.000000000000000000e+00,0.000000000000000000e+00
8.500000000000006162e-02,8.303880437570061446e+00,7.896429254016505694e-03,3.704496509929978032e+00,3.561800833586605375e+00,3.371347631521206534e-01,-1.638299202211156436e+00,8.391115413106096099e+00,3.760806243052113862e-01,1.911332422399248543e+01,-4.744214537101513075e-04,8.534302870537417220e+02,1.070039248551481670e+01,0.000000000000000000e+00,1.014820102625712650e+01
9.000000000000006606e-02,8.321703064464220034e+00,9.368393146731279070e-03,3.696169395830064541e+00,3.567035006541041664e+00,2.635048280875828541e-01,-1.687473363739113941e+00,-4.363938098701177637e+01,3.339774690539953017e+00,1.081094360876982563e+02,-9.083582021004038554e-04,8.533780132248230075e+02,0.000000000000000000e+00,0.000000000000000000e+00,1.164416013627401298e+02
9.500000000000007050e-02,8.339534909315496236e+00,1.032121434053993175e-02,3.687611950372735592e+00,3.569673983711915799e+00,1.799194411065272725e-01,-1.731229574513180269e+00,0.000000000000000000e+00,0.000000000000000000e+00,0.000000000000000000e+00,0.000000000000000000e+00,8.531999592438729678e+02,0.000000000000000000e+00,0.000000000000000000e+00,0.000000000000000000e+00
1.000000000000000749e-01,8.357405575778209084e+00,1.130725955266740843e-02,3.678825950789660570e+00,3.571667191185802004e+00,2.329095359380474739e-01,-1.776867669610695311e+00,7.336283530067753134e+00,3.526970251765746411e-01,1.668428979317808469e+01,-3.573084003865021393e-04,8.531598707415578247e+02,4.916173287388501123e+00,1.328799574138707129e+01,0.000000000000000000e+00
1.050000000000000794e-01,8.375219016921789716e+00,1.263246819692872246e-02,3.669833081043745615e+00,3.558646665645260221e+00,2.741935441640473980e-01,-1.817296764063128567e+00,0.000000000000000000e+00,0.000000000000000000e+00,0.000000000000000000e+00,0.000000000000000000e+00,8.531549331384860579e+02,0.000000000000000000e+00,0.000000000000000000e+00,0.000000000000000000e+00
1.100000000000000838e-01,8.393019261853181590e+00,1.400396059582953261e-02,3.660616026388915589e+00,3.561244167874642486e+00,2.744017450927218049e-01,-1.865040905962806583e+00,0.000000000000000000e+00,0.000000000000000000e+00,0.000000000000000000e+00,0.000000000000000000e+00,8.531515141551018360e+02,0.000000000000000000e+00,0.000000000000000000e+00,0.000000000000000000e+00
1.150000000000000883e-01,8.410821601402599157e+00,1.552530222640751550e-02,3.651152946764833818e+00,3.558096247152400249e+00,3.643556523376969558e-01,-1.916612078229519733e+00,-6.664728455277526109e+01,9.295067372593703681e+01,7.187407020662232071e+01,-1.609423238943206600e-03,8.530674132991450733e+02,0.000000000000000000e+00,1.349079672356790240e+02,0.000000000000000000e+00
1.200000000000000927e-01,8.428560575710761782e+00,1.806786012626061463e-02,3.641440665221301831e+00,3.549369200620751563e+00,5.691411463630163814e-01,-1.962100249082047165e+00,6.308890475022812971e+00,-8.247499911531089856e-01,1.447611316984956886e+01,-3.599663593656914767e-04,8.528007234394282250e+02,1.578639923141203738e+01,0.000000000000000000e+00,0.000000000000000000e+00
1.250000000000000833e-01,8.446324012901740730e+00,2.089692152318298191e-02,3.631533899456491188e+00,3.564191130658961537e+00,5.170542416492487359e-01,-2.001481358164771684e+00,5.917110287981975603e+01,-6.745048515001109690e-01,1.342250285575069597e+02,-1.023264406458395228e-03,8.527388106969896171e+02,1.465182382058831081e+02,0.000000000000000000e+00,0.000000000000000000e+00
1.300000000000000877e-01,8.464223305441878509e+00,2.234095232481912024e-02,3.621552526235652270e+00,3.515215894981472466e+00,1.518550346582054345e-01,-1.919094092119577155e+00,-1.863180409777628711e+03,-7.640906661720448767e+01,1.185784216569498540e+03,-9.128629320382791994e-04,8.431279656215559726e+02,5.025917523315088147e+03,0.000000000000000000e+00,0.000000000000000000e+00
1.350000000000000921e-01,8.481819340426936193e+00,2.320999587676582376e-02,3.612550666277289491e+00,3.559830470690914073e+00,2.394044934548869297e-01,-1.720170708389991976e+00,2.460996609927832424e+02,-1.806750448803328413e-01,5.721079648740250150e+02,-1.198975602765002752e-03,8.376283393867506675e+02,6.220975880189589589e+02,0.000000000000000000e+00,0.000000000000000000e+00
1.400000000000000966e-01,8.499616541839971617e+00,2.532780585636802001e-02,3.604092112758787270e+00,3.573414430780735618e+00,4.804374014509162905e-01,-1.671029270732438565e+00,1.639863368788749654e+01,3.536938937801173410e-01,3.748215566442186741e+01,-3.469025123177002599e-04,8.371876376833474751e+02,4.086277039055744353e+01,0.000000000000000000e+00,0.000000000000000000e+00
1.450000000000001010e-01,8.517584699291631978e+00,2.743832276317662369e-02,3.595583428905186452e+00,3.597953863524474105e+00,3.610224849927561874e-01,-1.721230759551101386e+00,1.424108591066359963e+01,4.652655603006283225e-01,3.318726057940172325e+01,-4.970616593856849730e-04,8.371161885833869292e+02,2.075161892714741896e+01,0.000000000000000000e+00,1.531262616517905251e+01
1.500000000000001055e-01,8.535549026785213655e+00,2.905932033362085276e-02,3.586869135504705763e+00,3.592470458888193274e+00,3.087184963111507807e-01,-1.762922507394244498e+00,0.000000000000000000e+00,0.000000000000000000e+00,0.000000000000000000e+00,0.000000000000000000e+00,8.370950154902573104e+02,0.000000000000000000e+00,0.000000000000000000e+00,0.000000000000000000e+00
1.550000000000001099e-01,8.553504652983843215e+00,3.060870051981355588e-02,3.577930519784454866e+00,3.589337842293425229e+00,3.173401465779948638e-01,-1.808012882450843906e+00,9.507206057554547840e+00,-6.258319791361017792e-01,2.228016782389447314e+01,-4.298425000836283115e-04,8.370854572330673591e+02,1.531028754797743296e+01,8.891260382686029473e+00,0.000000000000000000e+00
1.600000000000001144e-01,8.571463247773806415e+00,3.232730110861173345e-02,3.568756109022057643e+00,3.594321335047126365e+00,3.871186985648354950e-01,-1.856666832580084359e+00,1.350767972822539598e+01,-1.022076749663071604e+00,3.067382757415012406e+01,-1.641795053525308464e-04,8.369349243654144175e+02,3.248512078814627557e+01,9.986390329890091344e-01,0.000000000000000000e+00
1.650000000000001188e-01,8.589424907769400264e+00,3.436198226975833298e-02,3.559414422614847417e+00,3.602295175135177718e+00,3.941638975638950271e-01,-1.837921035000325443e+00,3.834693080395225593e+02,3.961831081530146736e+00,8.820928398891468305e+02,-2.740810340423512070e-04,8.366027415738702757e+02,4.273660614777167552e+02,3.098544497839383780e+02,2.233802849979714722e+02
1.700000000000001232e-01,8.607663673384859493e+00,3.612888267048499497e-02,3.550533740591005127e+00,3.676531044318817720e+00,3.057602447136371637e-01,-1.763935847734826590e+00,4.527016923956073136e+00,-1.998120360662625217e-02,1.036033532069946972e+01,-1.825579596203231666e-04,8.353332282826806932e+02,1.129165649969240270e+01,0.000000000000000000e+00,0.000000000000000000e+00
1.750000000000001277e-01,8.626079526750453752e+00,3.774053009160693861e-02,3.541582388587311225e+00,3.678125750161448604e+00,3.456014063387176649e-01,-1.806658720563097287e+00,7.950534199919545131e+00,1.648769316612104796e-01,1.840958239081917824e+01,-7.607824464131397388e-05,8.353167289564006524e+02,7.005676317289456279e+00,1.302132337074817769e+01,0.000000000000000000e+00
1.800000000000001321e-01,8.644405819316084205e+00,3.968495380240191078e-02,3.532467265311860505e+00,3.664180667445781747e+00,4.070595429106113605e-01,-1.842522193649258622e+00,0.000000000000000000e+00,0.000000000000000000e+00,0.000000000000000000e+00,0.000000000000000000e+00,8.353013490157112528e+02,0.000000000000000000e+00,0.000000000000000000e+00,0.000000000000000000e+00
1.850000000000001366e-01,8.662747294754346683e+00,4.157664897815437077e-02,3.523136045302521335e+00,3.685406984893030202e+00,3.164091541349390302e-01,-1.878625443718502819e+00,1.692787447792083810e+02,4.697081231725664274e+00,3.904996231637699680e+02,-3.849940455466318353e-04,8.351684527800964588e+02,3.825143059686338347e+02,4.252735523186752431e+01,0.000000000000000000e+00
1.900000000000001410e-01,8.681325915861345166e+00,4.335825085067514240e-02,3.513976046185730784e+00,3.717968556320170759e+00,4.314277528592685429e-01,-1.822784519057497166e+00,2.485117918790659353e+00,5.719452094220844884e-02,5.735157624209672456e+00,-9.944115566627893810e-06,8.347162349982529577e+02,6.242054855686556714e+00,0.000000000000000000e+00,0.000000000000000000e+00
1.950000000000001454e-01,8.699954332505859256e+00,4.514785533786380700e-02,3.504753347897738625e+00,3.738710516402685702e+00,3.156780702592496546e-01,-1.867951000744078938e+00,3.015531869886294203e+01,5.450931851452677640e-02,6.937237219188014592e+01,-5.640894253314244176e-05,8.346205174388207979e+02,3.863125650617453033e+01,3.691398366600721914e+01,0.000000000000000000e+00
2.000000000000001499e-01,8.718626339560245242e+00,4.704203062725398343e-02,3.495425089565187271e+00,3.752813792466739518e+00,3.276056704066881431e-01,-1.857615915745721491e+00,3.050359784261118534e+02,6.114819570784412406e+00,7.051515002526881517e+02,-7.507736656193054851e-05,8.343659931910893874e+02,3.367009955119132769e+02,3.324230715727643997e+02,9.814038669701515971e+01
2.050000000000001543e-01,8.737451572247344700e+00,4.889835959712689195e-02,3.486142001420478032e+00,3.758020230133710893e+00,4.001494862208218040e-01,-1.866104234697370634e+00,2.400744257854509200e+01,3.847634193897288002e-01,5.541382695654169765e+01,-2.327237424333624023e-04,8.342238800113680099e+02,1.171616248032909979e+01,1.244507659374508535e+01,3.614724270542775741e+01
2.100000000000001588e-01,8.756322361159121215e+00,5.069188896139470435e-02,3.476745946467949100e+00,3.779669924722117269e+00,4.101877465140578716e-01,-1.871104953376528712e+00,3.233278398937274005e+02,7.462659823326057484e+00,7.480767452435961786e+02,-1.651806936089775593e-05,8.340017054468278275e+02,4.555084946247695257e+02,1.620779307214243659e+02,1.962704469607934072e+02
2.150000000000001632e-01,8.775321569312199088e+00,5.249891151765369995e-02,3.467383453390544545e+00,3.794107404982260512e+00,3.724410181793079144e-01,-1.887568796783797520e+00,1.480546021112196797e+01,3.051531973317863078e-01,3.415015015251184138e+01,-9.538099044043967661e-05,8.338546511302160980e+02,3.717326024872818380e+01,0.000000000000000000e+00,0.000000000000000000e+00
2.200000000000001676e-01,8.794374021148032128e+00,5.435975491329488041e-02,3.457917545283164529e+00,3.828661188282645789e+00,3.472349269855788401e-01,-1.877286780966366919e+00,1.899094733246490918e+00,1.346429957984256742e-01,4.378566396745606326e+00,-3.875083905432053638e-06,8.335703794139117235e+02,4.587844809374569621e+00,1.782466892756003618e-01,0.000000000000000000e+00
2.250000000000001721e-01,8.813511899784828074e+00,5.621483972482065050e-02,3.448408988852452062e+00,3.824980610254594460e+00,3.775674224038868543e-01,-1.921168353065026757e+00,2.519493368835566685e+02,1.040186962887740663e+01,5.842432797699043476e+02,-2.057472153370104237e-05,8.335446540954233114e+02,5.108524163011795167e+02,0.000000000000000000e+00,1.245117807177989704e+02
2.300000000000001765e-01,8.832760010398970962e+00,5.806704093465565181e-02,3.438902404977111082e+00,3.854934237891022519e+00,3.602969130562346800e-01,-1.910593249306003605e+00,2.094878191739246720e+00,3.803432379624079041e-02,4.857348586312474126e+00,-9.954792991955473125e-07,8.332577917919531956e+02,0.000000000000000000e+00,0.000000000000000000e+00,5.282587045742939580e+00
2.350000000000001810e-01,8.852088324115236162e+00,5.990544205511443704e-02,3.429337023079051416e+00,3.872390022262428122e+00,3.711952544130727172e-01,-1.914730854997891862e+00,7.752744315982492473e+00,2.597912430694072905e-02,1.786454577484160211e+01,-7.901735234617634357e-05,8.330567776086070353e+02,1.205566201781733326e+01,2.876802984694109444e+00,4.517097043655357247e+00
2.400000000000001854e-01,8.871499157086192966e+00,6.173966575153863601e-02,3.419705385321408109e+00,3.900607027427399398e+00,3.639674628673751355e-01,-1.897251144292714464e+00,1.147269804043480512e+01,3.613461599600785168e-01,2.655105553810110308e+01,-3.338257610247972670e-05,8.327512890348469909e+02,1.987766897828011992e+01,3.080723101647271811e+00,5.926901293816898786e+00
2.450000000000001898e-01,8.891010403826570041e+00,6.360739550768400308e-02,3.410086795793474401e+00,3.901457872489644263e+00,3.801757105699630213e-01,-1.944425038307974196e+00,3.599710857667640429e+00,-7.400130637030263858e-02,8.306088706728028015e+00,-3.695960946180831472e-05,8.327337972018812025e+02,8.823065901525120935e+00,0.000000000000000000e+00,2.183318906176769936e-01
2.500000000000001665e-01,8.910590084281201584e+00,6.544133225349511862e-02,3.400337581422084643e+00,3.923527224572810113e+00,4.015573135578858754e-01,-1.917648624353633924e+00,8.786373231009167739e+01,9.071196095837201767e-01,2.037343001131966673e+02,-4.062181292031896707e-05,8.323899936881377926e+02,2.078977157814027805e+02,0.000000000000000000e+00,1.367428521080915615e+01
2.550000000000001710e-01,8.930288210009731387e+00,6.727994085245739275e-02,3.390632084715856198e+00,3.944879734897907220e+00,3.530974034068862233e-01,-1.963091258906699554e+00,2.207892000048578041e+01,6.793943517724645442e-01,5.133787293936843810e+01,-8.715709985300610502e-05,8.323304093987528631e+02,5.580544508669391490e+01,0.000000000000000000e+00,0.000000000000000000e+00
2.600000000000001754e-01,8.950045516733833750e+00,6.915729525517182175e-02,3.380848132619432622e+00,3.970269741099791805e+00,3.670301183228064645e-01,-1.940602417082413433e+00,9.353382159979677368e+00,5.423164992246248817e-01,2.173413339627670382e+01,-3.982745912871343830e-05,8.319754103672407837e+02,2.362699861497556952e+01,0.000000000000000000e+00,0.000000000000000000e+00
2.650000000000001799e-01,8.969881656526085933e+00,7.104525831710609141e-02,3.371026175585546625e+00,3.975786804052181544e+00,3.687718083197792929e-01,-1.989036664678624611e+00,1.416103003312711195e+01,3.975788800547578328e-01,3.291774236682676502e+01,-2.560456521830166768e-05,8.319565714026246042e+02,2.717670868290015918e+01,7.765605890754303076e+00,8.422434345244660392e-01
2.700000000000001843e-01,8.989833109648689202e+00,7.290907994502948686e-02,3.361205260789660976e+00,3.997928538298179735e+00,3.851597525907677899e-01,-1.945337652065485923e+00,5.105693885040040847e+00,-5.658627130181758530e-02,1.182241677939538604e+01,-7.809002706186951581e-05,8.315496412167373137e+02,1.221044836866551719e+01,0.000000000000000000e+00,6.506307520892052887e-01
2.750000000000001887e-01,9.009875187650608908e+00,7.477671945500809214e-02,3.351324061375142271e+00,4.014447439380912641e+00,3.659525865842805370e-01,-2.000159136856828113e+00,4.432080664982895435e+00,3.384736812733950551e-01,1.030346883468284247e+01,-2.157696959606981296e-05,8.315313241935430142e+02,1.119964419338236183e+01,0.000000000000000000e+00,0.000000000000000000e+00
2.800000000000001932e-01,9.029946276617856427e+00,7.664281550200235937e-02,3.341284017434005271e+00,4.035581819177559204e+00,3.754104603560199926e-01,-1.971416426954321510e+00,2.412793777365155279e+01,1.000228917244090354e+00,7.823816894371374531e+01,-4.494268876050486541e-05,8.311573481074192387e+02,0.000000000000000000e+00,3.030103750035731025e+01,5.172843065581349720e+01
2.850000000000001976e-01,9.050149633036951968e+00,7.851753339322116443e-02,3.331400374425388833e+00,3.957614285863663817e+00,3.441178678603628027e-01,-1.954337319298099951e+00,2.283175256796379227e+00,1.398654797792571736e-01,5.326351953811857776e+00,-3.684971670828932760e-05,8.280315251670693897e+02,3.337309754273449780e+00,0.000000000000000000e+00,2.448884564996943958e+00
2.900000000000002021e-01,9.070267585870229965e+00,8.035389032300882528e-02,3.321351788263408711e+00,4.052141248569762766e+00,3.817169899945340727e-01,-2.036749673656471415e+00,3.526335285356029203e+01,1.168254999443938402e+00,8.240170282327393636e+01,-5.131512762590779986e-05,8.279593104921489157e+02,8.949575028741389815e+01,0.000000000000000000e+00,0.000000000000000000e+00
2.950000000000002065e-01,9.090474900382876200e+00,8.222893451363767758e-02,3.311321646082063808e+00,4.062695621514438749e+00,3.741433667442611299e-01,-1.940430213530205172e+00,3.044381918349234297e+02,1.813049426460382563e+01,7.179892560966383144e+02,-1.660811544446289586e-04,8.273656842878672251e+02,3.670984146033525235e+02,1.957135401917532249e+02,2.161703549286883970e+02
3.000000000000002109e-01,9.110883355781446369e+00,8.409020544960701948e-02,3.301553741593229674e+00,4.086559117834177357e+00,3.657013476082855430e-01,-1.976746320142213742e+00,0.000000000000000000e+00,0.000000000000000000e+00,0.000000000000000000e+00,0.000000000000000000e+00,8.272602065517909296e+02,0.000000000000000000e+00,0.000000000000000000e+00,0.000000000000000000e+00
3.050000000000002154e-01,9.131326530215460480e+00,8.591231177282218634e-02,3.291538675954871263e+00,4.091113356784192412e+00,3.637046005783078906e-01,-2.025458753341561113e+00,8.627689163085303647e+00,2.803641751935687099e-01,2.016587278615484990e+01,-3.572265178368883715e-05,8.272502778798744885e+02,1.934390361221191412e+01,2.557871665793612692e+00,0.000000000000000000e+00
3.100000000000002198e-01,9.151758857784560774e+00,8.780693594333420504e-02,3.281292210124262088e+00,4.083805621720449253e+00,3.799892296126828883e-01,-2.069096127736265167e+00,5.449738472552116519e+00,6.734935596026192517e-02,1.272530643044694365e+01,-8.241508702946649494e-05,8.272322984163853334e+02,1.382323470861189563e+01,0.000000000000000000e+00,0.000000000000000000e+00
3.150000000000002243e-01,9.172247593499591289e+00,8.961863232724064099e-02,3.270898414987300828e+00,4.129756833475378031e+00,3.485231902402416981e-01,-2.033587244053111753e+00,3.621430532642547746e+02,1.609214780238403719e+01,8.489537518861487797e+02,-1.350297822728277301e-04,8.267117203900388631e+02,3.838082339992525931e+02,1.649549774766120720e+02,3.727891323760096043e+02
3.200000000000002287e-01,9.192968212337371270e+00,9.156160094051307707e-02,3.260920314655066932e+00,4.145173754319065651e+00,3.929544676738812581e-01,-2.008162194947471502e+00,4.925322067531133108e+00,8.219376668910108319e-02,1.157850836616400336e+01,-8.518324485947683863e-05,8.264120149130397976e+02,1.256422689769780732e+01,0.000000000000000000e+00,0.000000000000000000e+00
3.250000000000002331e-01,9.213756566219561961e+00,9.342203347368759070e-02,3.250719167806618071e+00,4.164952072186474119e+00,3.564628611813476788e-01,-2.064914083071245798e+00,0.000000000000000000e+00,0.000000000000000000e+00,0.000000000000000000e+00,0.000000000000000000e+00,8.263948938106457263e+02,0.000000000000000000e+00,0.000000000000000000e+00,0.000000000000000000e+00
3.300000000000002376e-01,9.234527211970915417e+00,9.527391385141296964e-02,3.240292416098992323e+00,4.146458707242412167e+00,3.793700242321682015e-01,-2.102615578641896743e+00,6.892911270048136529e+00,1.729374241841906690e-01,1.617343435648551164e+01,-9.418900329786887050e-05,8.263656729538406580e+02,7.952688867608532775e+00,6.470088229921600487e+00,3.132321441494768877e+00
3.350000000000002420e-01,9.255426359707694672e+00,9.717327553621278591e-02,3.229889241119955123e+00,4.210233155304505814e+00,3.774341684513636275e-01,-2.028069121039658640e+00,1.346440043746747861e+01,8.140717808395808719e-01,3.164575881637634325e+01,-9.229144453215933422e-05,8.256751577689091164e+02,3.073141914592295620e+01,3.604912441789918987e+00,0.000000000000000000e+00
3.400000000000002465e-01,9.276451383870121248e+00,9.905516763769678379e-02,3.219644577557440712e+00,4.207049548328257949e+00,3.800236836324821788e-01,-2.070935690687370823e+00,7.645137276826883266e+00,2.916252872920379602e-01,1.792318715297045273e+01,-7.805489274523747141e-05,8.256549728866039004e+02,1.777808430657681527e+01,1.784126862037129224e-01,1.499049473221158113e+00
3.450000000000002509e-01,9.297520536352251952e+00,1.009326630483574905e-01,3.209144080535848875e+00,4.219205875695098307e+00,3.749242026529094329e-01,-2.123279925487556508e+00,5.708889013732235007e+00,4.322301814781056017e-01,1.341474766758416770e+01,-5.307632785961553280e-05,8.256297423284688648e+02,1.064877743995065451e+01,1.011411908584472608e+00,2.895260306226192792e+00
3.500000000000002554e-01,9.318704609231023284e+00,1.028331910832782498e-01,3.198691171786855136e+00,4.249656586566202598e+00,3.782831722674632746e-01,-2.093542531687454744e+00,3.760702132095130601e+00,2.107218691946720623e-01,8.850147802677874154e+00,-1.055015290276229561e-06,8.251972334992755123e+02,9.600463475873629804e+00,0.000000000000000000e+00,0.000000000000000000e+00
3.550000000000002598e-01,9.339960256974487507e+00,1.047506116116278529e-01,3.188195698841074677e+00,4.266315936180443025e+00,3.820845513983908703e-01,-2.104529616216022969e+00,2.174876429312148929e+01,1.378482022269375218e+00,5.147002809277542212e+01,-3.936938079486572775e-05,8.249849883967926871e+02,5.578707575167835842e+01,0.000000000000000000e+00,0.000000000000000000e+00
3.600000000000002642e-01,9.361296792168152692e+00,1.066780397077980169e-01,3.177691255946577975e+00,4.279003191931607830e+00,3.832089056291523854e-01,-2.102332347657754674e+00,2.651935732926512657e+01,1.355189679157527527e+00,6.250240759178846872e+01,-1.638044118980569279e-04,8.247289110024671572e+02,6.650637340259004304e+01,0.000000000000000000e+00,1.293379696272213719e+00
3.650000000000002687e-01,9.382753642430873953e+00,1.085450593100001221e-01,3.167069967639613015e+00,4.270232124028464860e+00,4.013040779332350816e-01,-2.125393112187814904e+00,3.452646762586716989e+01,2.174552369208505809e+00,8.146437921530861104e+01,-4.299694659533294036e-05,8.246189889935706105e+02,7.103327865715502298e+01,1.730049525324391624e+01,0.000000000000000000e+00
3.700000000000002731e-01,9.404294957759569584e+00,1.104461666378067780e-01,3.156486705323051645e+00,4.340704453676795360e+00,3.525230058720674187e-01,-2.141775482286393029e+00,6.710377796075253087e+00,3.573223998004881885e-01,1.585269969297674564e+01,-3.856333393371198445e-05,8.243176249940727303e+02,8.970080767826463131e+00,7.459999822101929468e+00,7.566390160451469393e-01
3.750000000000002776e-01,9.425874583507098947e+00,1.123884043841356511e-01,3.145838944128987347e+00,4.333560131287611306e+00,3.866012821346184736e-01,-2.120120748649156006e+00,1.445854344437268324e+01,5.597553474347004565e-01,3.402738393319000920e+01,-8.466915639199169494e-05,8.240027969149213050e+02,3.691121843366448019e+01,0.000000000000000000e+00,0.000000000000000000e+00
3.800000000000002820e-01,9.447589552650581979e+00,1.142777444846213020e-01,3.135105061840372631e+00,4.321278676858285372e+00,3.925228823662285094e-01,-2.153524632691646623e+00,3.838898539366156228e+02,1.806854792710570479e+01,9.067298789791967693e+02,-3.023274205086589478e-05,8.239501312084107667e+02,3.056954337718579495e+02,2.131228918248954756e+02,4.642082355949394241e+02
3.850000000000002864e-01,9.469408218516708331e+00,1.161793946710351633e-01,3.124377523544048518e+00,4.372334943060508294e+00,3.779139479540398194e-01,-2.141802567368276122e+00,4.351669832715485597e+01,1.777808838746521625e+00,1.027994997587834547e+02,-1.097798400330278999e-04,8.235535847190486720e+02,1.114448602669612995e+02,0.000000000000000000e+00,0.000000000000000000e+00
3.900000000000002909e-01,9.491264672110679257e+00,1.181245143701272898e-01,3.113603484975651536e+00,4.408831246536080606e+00,3.588422783839842478e-01,-2.177988031014280512e+00,8.996544633430590920e+01,3.230593017169097969e+00,2.125466612430843156e+02,-5.787842869530660656e-05,8.233998401132500931e+02,2.304265187043397134e+02,0.000000000000000000e+00,0.000000000000000000e+00
3.950000000000002953e-01,9.513193839044713940e+00,1.200951258176562036e-01,3.102821944955159950e+00,4.408985279947517100e+00,3.866575621075041269e-01,-2.153927268313988286e+00,1.777168376098972757e+01,8.777938814057341110e-01,4.204318030618999558e+01,-6.996950567840780517e-05,8.230606437902252992e+02,4.556878405320924941e+01,0.000000000000000000e+00,0.000000000000000000e+00
4.000000000000002998e-01,9.535241987993892110e+00,1.220223602514609318e-01,3.091937851678410176e+00,4.381983242749745600e+00,4.224614761817891417e-01,-2.179704900655499600e+00,8.050326320900948573e+00,3.899986066679479446e-01,1.906751762337274414e+01,-3.825148486648680124e-05,8.230076740293052353e+02,6.747158780786620014e+00,0.000000000000000000e+00,1.391632222139510056e+01
4.050000000000003042e-01,9.557401452222835658e+00,1.239523588859852837e-01,3.081049499782240630e+00,4.433160282404275065e+00,3.820378378162894717e-01,-2.182231090896071812e+00,1.852752713610263413e+01,1.257162267217197593e+00,4.390615580088084613e+01,-5.702842230521920630e-05,8.226550368661391985e+02,4.757418186430788865e+01,0.000000000000000000e+00,0.000000000000000000e+00
4.100000000000003086e-01,9.579607710734943993e+00,1.259032730295963631e-01,3.070070877135020471e+00,4.448166485846658524e+00,3.895823977371253299e-01,-2.190361728811880848e+00,1.846705569176429407e+01,1.125216420829277642e+00,4.381018457280604395e+01,-7.982889763539493741e-05,8.224024642298284107e+02,2.983065098929870373e+01,0.000000000000000000e+00,1.762923057257852832e+01
4.150000000000003131e-01,9.601918863384156566e+00,1.278612922657174911e-01,3.059122423325974172e+00,4.486313784644515579e+00,3.645983280049578390e-01,-2.213832899864889292e+00,8.432708319054876611e+00,4.061326510043001825e-01,1.999410784576155464e+01,-2.650547783178544212e-05,8.221863328412786132e+02,1.595425038335842061e+01,5.708722054458625905e+00,0.000000000000000000e+00
4.200000000000003175e-01,9.624290925098994975e+00,1.298200147937110527e-01,3.048077697761208515e+00,4.506594841792432860e+00,3.875045050655298029e-01,-2.182087022388417008e+00,2.367024893877249383e+02,1.228058507995562465e+01,5.621234236158203430e+02,-6.337127283095205822e-05,8.217521256879576868e+02,5.881678843311058245e+02,9.966594232414822230e+00,1.074042840730306203e+01
4.250000000000003220e-01,9.646800959729350922e+00,1.318172839030055110e-01,3.037136812477830627e+00,4.499562381269090139e+00,4.049864661099585872e-01,-2.208142779576080628e+00,4.118481583826577364e+00,2.375081034250872691e-01,9.776301323578245217e+00,-1.738514269668126402e-05,8.216610340378947512e+02,1.051259503750939928e+01,0.000000000000000000e+00,7.742518256464007986e-02
4.300000000000003264e-01,9.669340727122120782e+00,1.337583688296906936e-01,3.025946335727156100e+00,4.512213397603212606e+00,3.794320420283339157e-01,-2.261095706579922204e+00,2.214676856219904622e+00,1.727758978151531233e-01,5.256591781288051379e+00,-7.485895384141613706e-06,8.216397887236138331e+02,5.693961284178024940e+00,0.000000000000000000e+00,0.000000000000000000e+00
4.350000000000003308e-01,9.691989100568392246e+00,1.357598969455778570e-01,3.014830592701029044e+00,4.549088055073218229e+00,3.890788125349056159e-01,-2.223957544160923838e+00,0.000000000000000000e+00,0.000000000000000000e+00,0.000000000000000000e+00,0.000000000000000000e+00,8.211080363743548105e+02,0.000000000000000000e+00,0.000000000000000000e+00,0.000000000000000000e+00
4.400000000000003353e-01,9.714698229195121826e+00,1.377312114170800295e-01,3.003605182517655070e+00,4.541698180493464854e+00,3.878058470468130903e-01,-2.263305353381087404e+00,3.735834667838271628e+01,2.600323033427043296e+00,8.899656010333551137e+01,-2.451526818410482492e-05,8.210755427108302911e+02,9.634594178509806284e+01,0.000000000000000000e+00,0.000000000000000000e+00
4.450000000000003397e-01,9.737539559237472275e+00,1.397410824417551767e-01,2.992459179245515521e+00,4.571298062232622250e+00,4.103178094062187031e-01,-2.215100807045058406e+00,1.067670843289232074e+01,5.710736551051539545e-01,2.530050758880088679e+01,-8.792854687785368710e-05,8.205241432562888804e+02,2.741240127678357297e+01,0.000000000000000000e+00,0.000000000000000000e+00
4.500000000000003442e-01,9.760470593326257216e+00,1.417119870283539973e-01,2.981218792103861759e+00,4.589840879477860014e+00,3.902088962418404638e-01,-2.270624380364592021e+00,3.659497521129061237e+00,2.859757784002343595e-01,8.711723578531369583e+00,-9.479747024181400111e-06,8.205085316620696858e+02,7.213831876429138923e+00,0.000000000000000000e+00,2.218040544932327052e+00
4.550000000000003486e-01,9.783410855724827826e+00,1.436874480227786632e-01,2.969793090301487304e+00,4.606724554317065845e+00,3.977135817103456539e-01,-2.256090841481371623e+00,4.086921173228532211e+02,2.428479249922747840e+01,9.746725465330878251e+02,-8.233407122186487369e-05,8.201167322853459609e+02,5.233775020601872257e+02,2.350612402739693039e+02,2.965468637088256401e+02
4.600000000000003531e-01,9.806513833978524275e+00,1.456995692426255318e-01,2.958503826468460662e+00,4.618448190078472848e+00,4.067030915203734831e-01,-2.277781368964152175e+00,0.000000000000000000e+00,0.000000000000000000e+00,0.000000000000000000e+00,0.000000000000000000e+00,8.199508195746025194e+02,0.000000000000000000e+00,0.000000000000000000e+00,0.000000000000000000e+00
4.650000000000003575e-01,9.829670987064460519e+00,1.476731633941641142e-01,2.947065375844847068e+00,4.657553549658289604e+00,4.076692415214600573e-01,-2.246654035988772780e+00,8.162507047680003325e+01,3.696663298910774387e+00,1.952168633923921846e+02,-4.379775330112236839e-05,8.194353458132787864e+02,2.112145890828773247e+02,0.000000000000000000e+00,0.000000000000000000e+00
4.700000000000003619e-01,9.852923962789644108e+00,1.497384109494856175e-01,2.935755135028732976e+00,4.668324358304261956e+00,3.852616195516968545e-01,-2.291510503049326353e+00,0.000000000000000000e+00,0.000000000000000000e+00,0.000000000000000000e+00,0.000000000000000000e+00,8.193752357928249239e+02,0.000000000000000000e+00,0.000000000000000000e+00,0.000000000000000000e+00
4.750000000000003664e-01,9.876254110521246687e+00,1.516936087374275433e-01,2.924177276516421564e+00,4.654027610191282527e+00,4.181502267235682746e-01,-2.328954424235420984e+00,3.572950732703667853e+01,1.714275583130967728e+00,8.533313041481045502e+01,-7.193440177235264389e-05,8.193495873635590669e+02,9.234354357248139422e+01,0.000000000000000000e+00,0.000000000000000000e+00
4.800000000000003708e-01,9.899679442218266345e+00,1.537239865848753217e-01,2.912706317118569199e+00,4.690464396365251254e+00,3.921245987404476940e-01,-2.287161076901427226e+00,0.000000000000000000e+00,0.000000000000000000e+00,0.000000000000000000e+00,0.000000000000000000e+00,8.187686584798925651e+02,0.000000000000000000e+00,0.000000000000000000e+00,0.000000000000000000e+00
4.850000000000003753e-01,9.923156467738936115e+00,1.557778111748178984e-01,2.901137264826166184e+00,4.704811559831191481e+00,4.108301763866845646e-01,-2.337893012612559662e+00,3.054448886533274532e+01,2.056456212865661826e+00,7.316320422488702491e+01,-7.859251117127929141e-05,8.187384387699768240e+02,7.913432760668081301e+01,0.000000000000000000e+00,0.000000000000000000e+00
4.900000000000003797e-01,9.946755562597305200e+00,1.578222259223998614e-01,2.889615522641340029e+00,4.723156008101258685e+00,4.322738853488956035e-01,-2.283526172593207448e+00,1.287051807016211846e+01,6.798053757672826158e-01,3.081618759549913023e+01,-9.769434749049097505e-05,8.181321935087283919e+02,3.333361263883678305e+01,0.000000000000000000e+00,0.000000000000000000e+00
4.950000000000003841e-01,9.970464532238384692e+00,1.598614690279966666e-01,2.878029315514226472e+00,4.750205452489958624e+00,3.952726546908690297e-01,-2.342377163117674410e+00,0.000000000000000000e+00,0.000000000000000000e+00,0.000000000000000000e+00,0.000000000000000000e+00,8.181050426483975571e+02,0.000000000000000000e+00,0.000000000000000000e+00,0.000000000000000000e+00
5.000000000000003331e-01,9.994177815957407063e+00,1.618562327562338421e-01,2.866228179222780170e+00,4.735872377496132657e+00,4.096593527435252180e-01,-2.343593737420865963e+00,7.725505605566603151e+00,4.697735670498626726e-01,1.857724086783616713e+01,-6.862647461995056292e-05,8.178626130486989041e+02,2.008194922536379323e+01,0.000000000000000000e+00,0.000000000000000000e+00
5.049999999999997824e-01,1.001806661283264788e+01,1.639237251880159563e-01,2.854563273829857195e+00,4.789779747123705356e+00,4.101995393769944931e-01,-2.306292297008213144e+00,1.688176542548463388e+01,1.242766828731377782e+00,4.051912661330304388e+01,-5.081279945542732830e-05,8.172715538391159953e+02,1.835970109739091072e+01,1.189493863145951025e+01,1.355764510413801638e+01
5.099999999999992317e-01,1.004201449270306767e+01,1.659697288810198790e-01,2.842912384341228282e+00,4.796631160781506864e+00,4.026405155984923434e-01,-2.354726393390147887e+00,9.316252694020526803e+00,5.510551717236337188e-01,2.232561228848954116e+01,-3.537093258789607633e-05,8.172398147463204623e+02,1.683393450127862323e+01,4.568151690305935375e+00,2.743612986102847540e+00
5.149999999999986811e-01,1.006598565819507840e+01,1.680157449653821300e-01,2.831015558959233847e+00,4.794351869879019290e+00,4.102885458438935151e-01,-2.400433983465499743e+00,1.179149304457592251e+01,7.670159519045892660e-01,2.832049659056316671e+01,-2.456894917012009127e-05,8.172153627047764530e+02,1.494899717523418303e+01,9.064387756575242872e-01,1.476309982290073819e+01
5.199999999999981304e-01,1.009008870491153331e+01,1.700767379777408939e-01,2.819189378523897282e+00,4.845598349407596928e+00,3.971449153296594536e-01,-2.342522063809890920e+00,7.237350896616415064e+00,5.181676032912232444e-01,1.738257577489957484e+01,-3.467630042072516669e-05,8.164784343148373864e+02,1.457825636455211615e+01,0.000000000000000000e+00,4.214384011144736597e+00
5.249999999999975797e-01,1.011427615622758758e+01,1.721794475027617066e-01,2.807371203558435280e+00,4.835093894203081000e+00,4.233047941967697514e-01,-2.383423553051661425e+00,8.692556883472722262e+00,4.890870708895619368e-01,2.093049621379725878e+01,-1.095158354263081266e-05,8.164557544937766806e+02,2.262007319082562873e+01,0.000000000000000000e+00,0.000000000000000000e+00
5.299999999999970290e-01,1.013854296161980173e+01,1.742151699794867448e-01,2.795378279619478601e+00,4.871131661444169758e+00,4.143630374885809431e-01,-2.374118661609425640e+00,3.995905623496478825e+02,2.412242064773431949e+01,9.619312096392053490e+02,-6.622949501520125279e-05,8.160121466560397039e+02,3.079692783609802404e+02,2.175422956513414761e+02,5.140880723836487505e+02
5.349999999999964784e-01,1.016292525336167607e+01,1.763298227969878618e-01,2.783537368755309771e+00,4.893031541023057152e+00,4.003297312520271434e-01,-2.396228101889766648e+00,0.000000000000000000e+00,0.000000000000000000e+00,0.000000000000000000e+00,0.000000000000000000e+00,8.158082923448758947e+02,0.000000000000000000e+00,0.000000000000000000e+00,0.000000000000000000e+00
5.399999999999959277e-01,1.018733277715624475e+01,1.784033037837633451e-01,2.771455986536961014e+00,4.868578553175207269e+00,4.352354705949282310e-01,-2.431054442159382933e+00,1.011055656019857025e+02,7.792065078815963552e+00,2.437935578679385458e+02,-3.592090178539987522e-05,8.157878697305742435e+02,2.633999650088002795e+02,0.000000000000000000e+00,0.000000000000000000e+00
5.449999999999953770e-01,1.021191242809419464e+01,1.804887319417877445e-01,2.759539313571945929e+00,4.916512365343557178e+00,4.252164484699677005e-01,-2.383252710631646121e+00,0.000000000000000000e+00,0.000000000000000000e+00,0.000000000000000000e+00,0.000000000000000000e+00,8.151078408271459921e+02,0.000000000000000000e+00,0.000000000000000000e+00,0.000000000000000000e+00
5.499999999999948264e-01,1.023653209691742560e+01,1.825810807778678324e-01,2.747476525103794920e+00,4.928424461578389426e+00,4.145820418816114628e-01,-2.435950701803798690e+00,5.953151251242090325e+00,4.623879069735921110e-01,1.440137701338931109e+01,-3.771176708833832991e-05,8.150929351183283416e+02,0.000000000000000000e+00,8.875762854065223806e+00,6.676254620534789908e+00
5.549999999999942757e-01,1.026110271947920971e+01,1.847722171845857242e-01,2.735295751663637809e+00,4.889467424505160587e+00,5.026818128928615126e-01,-2.363359566447370330e+00,4.546846188285263679e+01,3.183341941009977916e+00,1.098786301680820259e+02,-5.216040636090552539e-05,8.077366146821196935e+02,1.186735539351706166e+02,0.000000000000000000e+00,0.000000000000000000e+00
5.599999999999937250e-01,1.028558905287934699e+01,1.872190821631583013e-01,2.723356915972329428e+00,4.878593084341332542e+00,5.146692834669235328e-01,-2.398408279378179575e+00,0.000000000000000000e+00,0.000000000000000000e+00,0.000000000000000000e+00,0.000000000000000000e+00,8.076764047031147129e+02,0.000000000000000000e+00,0.000000000000000000e+00,0.000000000000000000e+00
5.649999999999931743e-01,1.031009924050770898e+01,1.896934245020776844e-01,2.711273144702337490e+00,4.896007986131897027e+00,5.149447135915713458e-01,-2.371414089758639321e+00,1.111524039632663730e+01,7.468670529323475638e-01,2.683381616283478266e+01,-5.552440264509623906e-05,8.071911008617713605e+02,1.426320079050895373e+01,6.338352890313351473e+00,8.384870851272323122e+00
5.699999999999926237e-01,1.033478972052329148e+01,1.921275835313935032e-01,2.699213593712020742e+00,4.928436673184262595e+00,4.893353105294206418e-01,-2.420749388334316077e+00,4.745122950895056846e+01,2.815427481232934515e+00,1.151905547689125342e+02,-8.045575695752519955e-05,8.070855546908667293e+02,1.243295787419490921e+02,0.000000000000000000e+00,0.000000000000000000e+00
5.749999999999920730e-01,1.035948217445160502e+01,1.946064362629630617e-01,2.687077933897981552e+00,4.955801317778670168e+00,4.866701069899911913e-01,-2.420822828195192233e+00,3.667444521033598903e+01,2.103500110814660484e+00,8.915318246180453343e+01,-1.467735162006126356e-04,8.067088447490009457e+02,9.620939067180451332e+01,0.000000000000000000e+00,0.000000000000000000e+00
5.799999999999915223e-01,1.038426384430564298e+01,1.971069205619512266e-01,2.674933194448733342e+00,4.952378907090919213e+00,5.041312065942393783e-01,-2.426965941088538692e+00,5.494596525020185851e+01,2.838987342235823608e+00,1.332837861505279591e+02,-9.524452419814146212e-05,8.064615355697867471e+02,1.284030957931539660e+02,1.546547377865695339e+01,0.000000000000000000e+00
5.849999999999909717e-01,1.040917425172228405e+01,1.995659277397572040e-01,2.662757045398833178e+00,4.971636430243243865e+00,5.100926934389260481e-01,-2.418729390890820063e+00,4.870255143058133740e+01,2.788222431326495609e+00,1.187246673031685305e+02,-1.888491481051735726e-04,8.058727129871479065e+02,1.280561296634401458e+02,0.000000000000000000e+00,0.000000000000000000e+00
5.899999999999904210e-01,1.043408243417073145e+01,2.021649587055532604e-01,2.650576865231633494e+00,5.028029706034774726e+00,4.621618605962310444e-01,-2.469143389633473351e+00,9.736644112994405020e+00,5.905467722045758538e-01,2.366099640506942592e+01,-5.715666423348358428e-05,8.057201297154874737e+02,2.553137662491421978e+01,0.000000000000000000e+00,0.000000000000000000e+00
5.949999999999898703e-01,1.045906823786148721e+01,2.047053018654897416e-01,2.638272411360472969e+00,5.024176922884886487e+00,5.244723151978311071e-01,-2.430180146772836558e+00,2.591257266948971960e+02,1.899808930276062924e+01,6.299488859385368187e+02,-1.223405026197336726e-04,8.051902093213009266e+02,6.796527730197520896e+02,0.000000000000000000e+00,0.000000000000000000e+00
5.999999999999893197e-01,1.048429324462107814e+01,2.071517728380703194e-01,2.626053866215361410e+00,5.030115589212150518e+00,5.067671670991786836e-01,-2.456885968209296944e+00,0.000000000000000000e+00,0.000000000000000000e+00,0.000000000000000000e+00,0.000000000000000000e+00,8.050389794414395510e+02,0.000000000000000000e+00,0.000000000000000000e+00,0.000000000000000000e+00
6.049999999999887690e-01,1.050943101580071470e+01,2.097038493678974325e-01,2.613649112621560633e+00,5.027533890779845471e+00,5.154148415211353695e-01,-2.501310201038943859e+00,1.788795919299802506e+01,8.300985705259550373e-01,4.355840053005763224e+01,-1.857987405844141460e-05,8.050163354261630957e+02,4.120005834174510539e+01,0.000000000000000000e+00,5.787601966527391006e+00
6.099999999999882183e-01,1.053472344696928964e+01,2.122262592315279361e-01,2.601250244200363770e+00,5.065802554040700123e+00,4.965691634940962440e-01,-2.482163180071753406e+00,2.103472586584201309e+01,1.257744429870921943e+00,5.128459541899452745e+01,-4.705193321709929405e-05,8.044521271620820926e+02,3.289471638411554721e+01,5.485049974156931185e+00,1.692970548490806948e+01
6.149999999999876676e-01,1.056012246179747471e+01,2.147539635923906565e-01,2.588848052602878091e+00,5.103858284871670037e+00,4.821098682906698740e-01,-2.481442838862506051e+00,2.536831277811425700e+00,1.472043654133815549e-01,6.207399515654279831e+00,-7.376311300682190930e-06,8.040351099884003361e+02,1.281938818655072865e+00,5.408681249835093574e+00,0.000000000000000000e+00
6.199999999999871170e-01,1.058556471756367579e+01,2.173115064897500615e-01,2.576374458273624324e+00,5.125553203302324334e+00,4.744513824488285625e-01,-2.526898425539655602e+00,9.085301032178799474e+00,5.489868911912496596e-01,2.218936685519303964e+01,-5.128608959810822612e-05,8.039379784987564790e+02,1.688991990150434575e+01,7.034032248981390900e+00,0.000000000000000000e+00
6.249999999999865663e-01,1.061112516212508439e+01,2.198710015466014134e-01,2.563941032399579267e+00,5.135710422478330095e+00,5.005828666788134651e-01,-2.489550504334403502e+00,0.000000000000000000e+00,0.000000000000000000e+00,0.000000000000000000e+00,0.000000000000000000e+00,8.033589989801519096e+02,0.000000000000000000e+00,0.000000000000000000e+00,0.000000000000000000e+00
6.299999999999860156e-01,1.063677292275828989e+01,2.223707605436419099e-01,2.551378526112161538e+00,5.133808668746598691e+00,4.885794383381752981e-01,-2.535772194676650937e+00,9.766290228489515002e+00,5.575923076964747205e-01,2.394426897058361092e+01,-5.190456582045599628e-05,8.031740628629727325e+02,2.572860771556311477e+01,7.217506645686130873e-02,0.000000000000000000e+00
6.349999999999854650e-01,1.066246020188642341e+01,2.249021208750669465e-01,2.538736916133088162e+00,5.173018751946901084e+00,4.812998072337753563e-01,-2.514806982453914763e+00,8.699853689521894751e+01,4.475106239163389787e+00,2.136763477086435614e+02,-8.676869641521052674e-05,8.025859714401971132e+02,2.301764962943399269e+02,0.000000000000000000e+00,0.000000000000000000e+00
6.399999999999849143e-01,1.068825006886745577e+01,2.274397479456603532e-01,2.526126746919158617e+00,5.177782359125369105e+00,4.871694609875885096e-01,-2.550147481404269278e+00,4.432294466944814815e+01,2.422130350778316288e+00,1.089791609988457566e+02,-2.585470919949867455e-05,8.024771710099450956e+02,1.173722364949357058e+02,0.000000000000000000e+00,0.000000000000000000e+00
6.449999999999843636e-01,1.071415749892394764e+01,2.299611202117875786e-01,2.513510436763891853e+00,5.194647339698462929e+00,5.035231254266928635e-01,-2.518010955257740768e+00,9.756032969814254940e+00,4.976425783139548642e-01,2.409455374480727841e+01,-3.034890277913565582e-05,8.018909205145607757e+02,2.593397977771715901e+01,0.000000000000000000e+00,0.000000000000000000e+00
6.499999999999838129e-01,1.074008495693112053e+01,2.325333001059061433e-01,2.500816483343120122e+00,5.185152411247864634e+00,5.146766985490384139e-01,-2.559812794255656776e+00,9.935394958918173813e+00,5.279722320652686651e-01,2.444393087515214802e+01,-6.360089029172188296e-05,8.018785704091202433e+02,2.390275041122901456e+01,2.420567506381754441e+00,0.000000000000000000e+00
6.549999999999832623e-01,1.076613396176085757e+01,2.350634275819973584e-01,2.488025389620634797e+00,5.249970275472810144e+00,4.859986748446155080e-01,-2.559240188697615270e+00,3.104904218607277144e+01,1.752665525331170704e+00,7.649562052250880129e+01,-8.391945997361996423e-05,8.013168920580914119e+02,8.235847599738804092e+01,0.000000000000000000e+00,0.000000000000000000e+00
6.599999999999827116e-01,1.079225482708293526e+01,2.376178034346578816e-01,2.475247302626357282e+00,5.208101824840060345e+00,5.273766731420674869e-01,-2.553221234662113925e+00,7.056480388223496902e+01,3.674451485701028641e+00,1.741011941085379817e+02,-5.668512709447806608e-05,8.010773388660079490e+02,1.874047014149261940e+02,0.000000000000000000e+00,0.000000000000000000e+00
6.649999999999821609e-01,1.081845845327255873e+01,2.401864157918490728e-01,2.462433716853316579e+00,5.288007122050387920e+00,4.915172178467738795e-01,-2.572867245385241031e+00,1.101659511891554288e+01,7.532694668051092002e-01,2.718053988363950424e+01,-4.239857312747551468e-05,8.006049953903896039e+02,2.925556410162964838e+01,0.000000000000000000e+00,0.000000000000000000e+00
6.699999999999816103e-01,1.084476829293548938e+01,2.427357680583278887e-01,2.449566067610067677e+00,5.269400601609185664e+00,5.165283426020659263e-01,-2.585877908212003362e+00,1.438388295584601906e+02,7.250161361132441584e+00,3.560898087748881267e+02,-5.953411055254864519e-05,8.004165036617895339e+02,3.831042640114720257e+02,0.000000000000000000e+00,0.000000000000000000e+00
6.749999999999810596e-01,1.087112502386658086e+01,2.453179678442622413e-01,2.436693014045419048e+00,5.264470791307897635e+00,5.194398607226633491e-01,-2.581924718739549096e+00,3.823042409140442466e+00,1.550430045407509838e-01,9.427276906641436582e+00,-3.689849366794771893e-05,8.000676385441398679e+02,1.014832482230875144e+01,0.000000000000000000e+00,0.000000000000000000e+00
6.799999999999805089e-01,1.089761177023043359e+01,2.478803654735638184e-01,2.423796410510804744e+00,5.320534546584790192e+00,5.001402206120760807e-01,-2.580041765738977588e+00,0.000000000000000000e+00,0.000000000000000000e+00,0.000000000000000000e+00,0.000000000000000000e+00,7.995242595814379456e+02,0.000000000000000000e+00,0.000000000000000000e+00,0.000000000000000000e+00
6.849999999999799583e-01,1.092413261833372573e+01,2.504613304256673723e-01,2.410806925326433259e+00,5.295310188003481855e+00,5.248837440159694889e-01,-2.614593888619305417e+00,1.101063951665875074e+01,5.521838630917987878e-01,2.726783633143068997e+01,-7.758446258194964112e-06,7.995060794160029900e+02,2.933324365897160746e+01,0.000000000000000000e+00,0.000000000000000000e+00
6.899999999999794076e-01,1.095075456362928357e+01,2.530661336422067587e-01,2.397855769312378538e+00,5.313482108477752597e+00,5.407693416053305224e-01,-2.548410463221904454e+00,9.649268128840212455e+00,5.321076487599687432e-01,2.390181375664621655e+01,-2.821555271225947847e-05,7.986530250783207521e+02,1.008172745465391174e+01,0.000000000000000000e+00,1.562942453155969957e+01
6.949999999999788569e-01,1.097750472599797789e+01,2.556576850423815661e-01,2.384898723091347872e+00,5.361890975979572538e+00,5.102996969087082446e-01,-2.618148092957466755e+00,0.000000000000000000e+00,0.000000000000000000e+00,0.000000000000000000e+00,0.000000000000000000e+00,7.986184685028759986e+02,0.000000000000000000e+00,0.000000000000000000e+00,0.000000000000000000e+00
6.999999999999783062e-01,1.100430442609634873e+01,2.582164232218502331e-01,2.371683110573998388e+00,5.353877364151914620e+00,5.135232501134846528e-01,-2.661633830431543224e+00,1.499581483799664028e+01,8.648346609949868480e-01,3.720720331473598463e+01,-5.146625053950170010e-05,7.985885778148780219e+02,2.719777825603815202e+01,6.206508666615885517e+00,6.609208192328843268e+00
7.049999999999777556e-01,1.103117296039351558e+01,2.608000217343316995e-01,2.358511500923453408e+00,5.400990973501235359e+00,5.143101883160511312e-01,-2.602752920472514386e+00,2.226434606075138234e+01,1.177794822257248741e+00,5.536081331466901645e+01,-2.991499604973165208e-05,7.976510374031527135e+02,3.627657220044575581e+01,2.323842870503814595e+01,0.000000000000000000e+00
7.099999999999772049e-01,1.105810528771344181e+01,2.634364668983553703e-01,2.345409420096881359e+00,5.396057838088704983e+00,5.202838567071285114e-01,-2.646348877450536374e+00,0.000000000000000000e+00,0.000000000000000000e+00,0.000000000000000000e+00,0.000000000000000000e+00,7.976095583185681335e+02,0.000000000000000000e+00,0.000000000000000000e+00,0.000000000000000000e+00
7.149999999999766542e-01,1.108513403013587073e+01,2.660074491835221489e-01,2.332091270128779481e+00,5.420664344631054732e+00,5.200330837608332368e-01,-2.619220634967646788e+00,3.066660607212173772e+01,1.659040789190121767e+00,7.658484246519870453e+01,-5.793894649717338911e-05,7.969576000070475175e+02,2.161263731570134183e+01,3.804622869984368805e+01,2.262560230071329670e+01
7.199999999999761036e-01,1.111225955228067086e+01,2.686303681015318467e-01,2.318876902219373815e+00,5.426337610039702497e+00,5.217284753127804375e-01,-2.662959614855245682e+00,1.643466034003137466e+01,8.403319732479841431e-01,4.094043400622850015e+01,-3.471965416721768671e-05,7.968914085081939902e+02,3.751683968019315074e+01,6.482299183483542393e+00,0.000000000000000000e+00
7.249999999999755529e-01,1.113950027721971558e+01,2.712338891871712843e-01,2.305638344229236303e+00,5.458065592851831127e+00,5.228223396689513081e-01,-2.633133078440802688e+00,5.766970933992129567e+00,2.237238157887760370e-01,1.437866938708689979e+01,-1.722156323280110007e-05,7.962025037116914064e+02,9.338009454708119605e+00,5.076623151340825757e+00,1.036615609306955177e+00
7.299999999999750022e-01,1.116679134917174210e+01,2.738597870745770879e-01,2.292342139511357235e+00,5.461822407282348912e+00,5.238942868221372340e-01,-2.682262964593009169e+00,8.923016328799027619e+00,4.707028979660762280e-01,2.226700769214394882e+01,-1.043025845652058303e-05,7.961795790892441573e+02,1.581917235935507549e+01,8.105686042749248088e+00,0.000000000000000000e+00
7.349999999999744515e-01,1.119408432597722403e+01,2.764967004934494876e-01,2.278888599596868403e+00,5.470399602379376169e+00,5.351101001782272437e-01,-2.637161675083290469e+00,1.231988048207325193e+02,6.290413769444697323e+00,3.066114130569080203e+02,-1.058630461520633850e-04,7.954204157649155604e+02,3.295311785645640157e+02,0.000000000000000000e+00,0.000000000000000000e+00
7.399999999999739009e-01,1.122165167465503899e+01,2.790964035226453643e-01,2.265587518568568548e+00,5.484003195012543408e+00,5.361698859454073762e-01,-2.663247245577585076e+00,0.000000000000000000e+00,0.000000000000000000e+00,0.000000000000000000e+00,0.000000000000000000e+00,7.952219962086667238e+02,0.000000000000000000e+00,0.000000000000000000e+00,0.000000000000000000e+00
7.449999999999733502e-01,1.124911911105894546e+01,2.817488558843129209e-01,2.252117229915967300e+00,5.518265305636073315e+00,5.172227545418405237e-01,-2.727723143540813133e+00,0.000000000000000000e+00,0.000000000000000000e+00,0.000000000000000000e+00,0.000000000000000000e+00,7.951796388650348035e+02,0.000000000000000000e+00,0.000000000000000000e+00,0.000000000000000000e+00
7.499999999999727995e-01,1.127672962192654182e+01,2.843733198370152482e-01,2.238583029751551212e+00,5.530809710271094026e+00,5.284215165319953167e-01,-2.667667304197707256e+00,1.447234444518429264e+01,7.337684563206343658e-01,3.620996550180824869e+01,-6.199321167950594229e-05,7.943116353185421303e+02,2.115874191343529276e+01,0.000000000000000000e+00,1.772979986539094099e+01
7.549999999999722489e-01,1.130447400060782037e+01,2.869962055744209595e-01,2.225073790292115383e+00,5.549173046080656313e+00,5.270242364495554277e-01,-2.723067831846198050e+00,6.491172315565846063e+00,3.651547887019487848e-01,1.627773776328930566e+01,-3.994445972671728864e-05,7.942744154255170770e+02,1.747563210650420018e+01,0.000000000000000000e+00,0.000000000000000000e+00
7.599999999999716982e-01,1.133222945643131752e+01,2.896406066426417403e-01,2.211495085353714085e+00,5.578287321497366058e+00,5.353340628353924213e-01,-2.687679995932995336e+00,0.000000000000000000e+00,0.000000000000000000e+00,0.000000000000000000e+00,0.000000000000000000e+00,7.935125879963834450e+02,0.000000000000000000e+00,0.000000000000000000e+00,0.000000000000000000e+00
7.649999999999711475e-01,1.136011331984497552e+01,2.922901399422020430e-01,2.197929792922673986e+00,5.571266302258151448e+00,5.306924608139447219e-01,-2.731644452705443094e+00,3.645178998325739883e+00,1.517781738077527143e-01,9.169677201531650113e+00,-4.552826601230720860e-06,7.934775811620582999e+02,4.246033370427579889e+00,0.000000000000000000e+00,5.594977708691483365e+00
7.699999999999705969e-01,1.138803442033217905e+01,2.949321069859843769e-01,2.184230962938828124e+00,5.601189411594072354e+00,5.375203917652084940e-01,-2.698604611522908314e+00,1.692890440795252971e+01,6.576042205664285323e-01,4.245549378297846488e+01,-2.141065264885501709e-05,7.927213233693735219e+02,4.557853395703381949e+01,0.000000000000000000e+00,0.000000000000000000e+00
7.749999999999700462e-01,1.141608999989798079e+01,2.975948549599476967e-01,2.170587127264011595e+00,5.607187006450919498e+00,5.305063786068141551e-01,-2.748078342764215698e+00,0.000000000000000000e+00,0.000000000000000000e+00,0.000000000000000000e+00,0.000000000000000000e+00,7.926889585273977445e+02,0.000000000000000000e+00,0.000000000000000000e+00,0.000000000000000000e+00
7.799999999999694955e-01,1.144420085274071930e+01,3.002365442594813194e-01,2.156855269265969710e+00,5.650159370598351494e+00,5.295628892313862801e-01,-2.717858208371200845e+00,9.072075162073648613e+00,3.913372140031950441e-01,2.280404964441956039e+01,-2.667934399995909936e-05,7.918928660059434606e+02,2.447277083325575830e+01,0.000000000000000000e+00,0.000000000000000000e+00
7.849999999999689448e-01,1.147239829276202627e+01,3.029031820839994671e-01,2.143161144879823787e+00,5.641053083627020293e+00,5.325704555815133912e-01,-2.760880747254762735e+00,1.128568696490223999e+01,4.795728722593450288e-01,2.838946651926644194e+01,-3.049341014369714303e-05,7.918623365783807913e+02,1.258033720591518723e+01,0.000000000000000000e+00,1.788248461291922808e+01
7.899999999999683942e-01,1.150061588753943376e+01,3.055706909215412104e-01,2.129252181504615038e+00,5.637391594770054581e+00,5.516207701645965411e-01,-2.750828148623256642e+00,5.366855710207587435e+02,2.305134700938536341e+01,1.349234214246331248e+03,-8.388547317948530022e-05,7.913858610942486393e+02,1.447887263339827314e+03,0.000000000000000000e+00,0.000000000000000000e+00
7.949999999999678435e-01,1.152910033188605787e+01,3.081998644781087648e-01,2.115515319900734603e+00,5.667713953136123806e+00,5.455743950194834602e-01,-2.751725469329703078e+00,0.000000000000000000e+00,0.000000000000000000e+00,0.000000000000000000e+00,0.000000000000000000e+00,7.908872030784880280e+02,0.000000000000000000e+00,0.000000000000000000e+00,0.000000000000000000e+00
7.999999999999672928e-01,1.155743570434559686e+01,3.109032823965955372e-01,2.101630380142698318e+00,5.672285565290923870e+00,5.374093073802299614e-01,-2.800678138364638858e+00,1.553966608388005355e+01,6.560177690039739051e-01,3.908989851848502894e+01,-4.529181348900731402e-05,7.908787336409470754e+02,4.194356325174367583e+01,0.000000000000000000e+00,0.000000000000000000e+00
8.049999999999667422e-01,1.158594077760601948e+01,3.135664911355248163e-01,2.087685289425551094e+00,5.711536200548342102e+00,5.334872599265076953e-01,-2.740657868101815886e+00,4.498141662732572854e+01,1.886262327185980858e+00,1.133643348244829099e+02,-8.027085259723772646e-05,7.898244488434398818e+02,1.216079166777367959e+02,0.000000000000000000e+00,0.000000000000000000e+00
8.099999999999661915e-01,1.161466481122322136e+01,3.161956058743300435e-01,2.073786471474902360e+00,5.724746073050059003e+00,5.362880701490727597e-01,-2.791152443394732785e+00,5.607859868332117692e+00,1.636323162225900574e-01,1.414215561783532138e+01,-1.385189895098835541e-05,7.897612503894465590e+02,9.630837906259891668e+00,5.538292788207558104e+00,0.000000000000000000e+00
8.149999999999656408e-01,1.164324867899148508e+01,3.189071294369926202e-01,2.059722002882829806e+00,5.711643005434506648e+00,5.440900073258210234e-01,-2.831525675635811368e+00,4.823734143315933309e+00,1.963762551054780148e-01,1.216177668156062808e+01,-4.054973290645641146e-05,7.897512642506526390e+02,1.304483677046924583e+01,0.000000000000000000e+00,0.000000000000000000e+00
8.199999999999650901e-01,1.167203403557256358e+01,3.215751663574039076e-01,2.045737083269994372e+00,5.758998678831158458e+00,5.400663099586965332e-01,-2.792497430726923469e+00,4.503868159161637408e+00,1.807711700407464983e-01,1.137342883351615797e+01,-2.610108138941793707e-05,7.888172202136124724e+02,9.862461743448342588e+00,0.000000000000000000e+00,2.334014614343614902e+00
8.249999999999645395e-01,1.170088325176872779e+01,3.242540426367905848e-01,2.031618580368197868e+00,5.770068173962278557e+00,5.355120856970388976e-01,-2.845047463686027900e+00,1.303609101246061286e+01,4.433176476896415474e-01,3.292626653186700025e+01,-8.689563629732822286e-06,7.887811037606086302e+02,3.530837885212866212e+01,0.000000000000000000e+00,0.000000000000000000e+00
8.299999999999639888e-01,1.172978535048214255e+01,3.269461746151562376e-01,2.017500792036612811e+00,5.784516640557790801e+00,5.405063236958482786e-01,-2.819251809697667976e+00,6.200475842508658353e+00,2.231991370646751460e-01,1.575811294420781472e+01,-2.692574138799582600e-05,7.880877476230980392e+02,8.359242052632939846e+00,0.000000000000000000e+00,8.524133060689022656e+00
8.349999999999634381e-01,1.175881561024378819e+01,3.296257420906036906e-01,2.003333270885948814e+00,5.837238747491229951e+00,5.334856824630010985e-01,-2.811033014799522611e+00,5.980980904508110818e+00,2.137176386395410188e-01,1.513804950165587293e+01,-3.603211010753991708e-05,7.874025804530008372e+02,1.622791425679411503e+01,0.000000000000000000e+00,0.000000000000000000e+00
8.399999999999628875e-01,1.178792589425048298e+01,3.323172770044493518e-01,1.989184600633621791e+00,5.817577119788435169e+00,5.389031098953231957e-01,-2.848645849135178931e+00,5.338332923047638623e+00,1.702122476758102243e-01,1.351772388884897502e+01,-1.421201282790626394e-05,7.873796851511706336e+02,1.283267608324319120e+01,1.657429986784745068e+00,0.000000000000000000e+00
8.449999999999623368e-01,1.181706225369805452e+01,3.350045974477151023e-01,1.974918571808688572e+00,5.876583582763541536e+00,5.319104481215141123e-01,-2.843443532040073052e+00,1.524297757387177299e+01,4.839556606683028672e-01,4.060059011478467994e+01,-1.623045602693268599e-05,7.866628308971251045e+02,1.627063447375828531e+01,0.000000000000000000e+00,2.697084002246789680e+01
8.499999999999617861e-01,1.184630692376619265e+01,3.377050558280274006e-01,1.960652562050175574e+00,5.842473400646858828e+00,5.480246044647644199e-01,-2.869625907049361047e+00,1.730922127124330956e+01,4.923425070697470263e-01,4.381610858014394694e+01,-3.566636116384596170e-05,7.865962347691752257e+02,4.696937337579969807e+01,0.000000000000000000e+00,0.000000000000000000e+00
8.549999999999612355e-01,1.187565787972316755e+01,3.403980863730564632e-01,1.946349453547945751e+00,5.913780337014092225e+00,5.312987813194192110e-01,-2.873325907944075830e+00,5.234559878705259628e+00,1.219443931338650700e-01,1.324898187168514063e+01,-5.556617876185856314e-06,7.858998697397314572e+02,1.420271545893911735e+01,0.000000000000000000e+00,0.000000000000000000e+00
8.599999999999606848e-01,1.190506961058108004e+01,3.430975860071872052e-01,1.931949494936553213e+00,5.894982129851882746e+00,5.326929571451041179e-01,-2.903159943010699795e+00,6.438300873383311682e+02,1.820044045039610836e+01,1.633649657956355441e+03,-3.202677909300332207e-05,7.858048985678808549e+02,1.665988207879204538e+03,8.463032563695745125e+01,0.000000000000000000e+00
8.649999999999601341e-01,1.193460581144569410e+01,3.458086873211152490e-01,1.917705258291256376e+00,5.921443053765616860e+00,5.390715609570855271e-01,-2.872444783473187879e+00,0.000000000000000000e+00,0.000000000000000000e+00,0.000000000000000000e+00,0.000000000000000000e+00,7.850132507568993105e+02,0.000000000000000000e+00,0.000000000000000000e+00,0.000000000000000000e+00
8.699999999999595834e-01,1.196417047492782260e+01,3.485087844771082022e-01,1.903234225558900761e+00,5.904336854172855809e+00,5.389813510645697914e-01,-2.911233940261445330e+00,5.824061112180142885e+00,1.157354190225951818e-01,1.475777470896073673e+01,-2.192386183445024089e-05,7.849867250659362981e+02,8.169409856426149474e+00,3.800439728459032551e+00,3.847405958586427310e+00
8.749999999999590328e-01,1.199382634505050937e+01,3.512060268687732800e-01,1.888731288614397652e+00,5.951502333600397598e+00,5.349001143778054912e-01,-2.871324556437613307e+00,1.250720124869524597e+01,2.944801056936870998e-01,3.173830374083523509e+01,-5.599922997465514064e-05,7.839974221080440202e+02,1.755787214797022244e+01,5.419857269433734359e+00,1.103195731375168265e+01
8.799999999999584821e-01,1.202356386135444311e+01,3.539142476657513581e-01,1.874253881018089984e+00,5.952369054272870663e+00,5.427856645459421259e-01,-2.919018981961645665e+00,1.104749444946514814e+01,2.463009786323424877e-01,2.803816836735089879e+01,-1.308385290437266701e-05,7.839708762654424845e+02,2.093261688562309430e+01,0.000000000000000000e+00,9.110750019541182354e+00
8.849999999999579314e-01,1.205336455689758957e+01,3.566244993897720872e-01,1.859653640965734267e+00,5.982773337925795687e+00,5.350140502217821670e-01,-2.869300949803746725e+00,1.691207687900123702e+01,3.279377139840013999e-01,4.290212318184624252e+01,-7.599200802281547151e-06,7.829726757906760213e+02,4.597347085419700363e+01,0.000000000000000000e+00,0.000000000000000000e+00
8.899999999999573808e-01,1.208330958941703059e+01,3.593342939192626928e-01,1.845162229209609928e+00,5.986561097226635653e+00,5.444127401025249391e-01,-2.918465031520123265e+00,0.000000000000000000e+00,0.000000000000000000e+00,0.000000000000000000e+00,0.000000000000000000e+00,7.829417280863522137e+02,0.000000000000000000e+00,0.000000000000000000e+00,0.000000000000000000e+00
8.949999999999568301e-01,1.211325025150778600e+01,3.620496336146033500e-01,1.830436760645750116e+00,5.988373948195062191e+00,5.418742673854698433e-01,-2.966432435403180801e+00,4.243427152220567322e+00,8.201691083006550087e-02,1.078170624459507820e+01,-1.640721788449383406e-05,7.829095016232736270e+02,1.423581052170511119e-01,3.949791818782093067e+00,7.458522131279791800e+00
8.999999999999562794e-01,1.214335477017733744e+01,3.647547256493751666e-01,1.815872453575668510e+00,6.020739590387492512e+00,5.450879249896266598e-01,-2.917321423220383014e+00,0.000000000000000000e+00,0.000000000000000000e+00,0.000000000000000000e+00,0.000000000000000000e+00,7.818928581288275836e+02,0.000000000000000000e+00,0.000000000000000000e+00,0.000000000000000000e+00
9.049999999999557287e-01,1.217354218933066434e+01,3.674415939629369632e-01,1.801211421641829125e+00,6.074796717688110803e+00,5.389354605961947930e-01,-2.925340632830362608e+00,1.583271726191290263e+01,2.132760058456131813e-01,4.025115420029435853e+01,-3.909397298853308639e-05,7.812777993021691145e+02,4.200568325079333221e+01,1.113216588841219767e+00,0.000000000000000000e+00
9.099999999999551781e-01,1.220386783261177932e+01,3.701518172287509567e-01,1.786494868074774534e+00,6.065094907742973440e+00,5.442335927939033757e-01,-2.961484598820239622e+00,1.421020187732160522e+01,1.811026126585505436e-01,3.616754523746340055e+01,-6.008573146794381030e-05,7.811702238522610742e+02,3.873812574831922007e+01,0.000000000000000000e+00,0.000000000000000000e+00
9.149999999999546274e-01,1.223421074896897665e+01,3.728612470781242916e-01,1.771775292761167409e+00,6.068153670854313120e+00,5.474866287590155478e-01,-2.950544809494870968e+00,1.513346330241294169e+01,2.924800012603762100e-01,3.868967686187721711e+01,-4.873272494372040374e-05,7.806151163261870352e+02,4.141526104801565822e+01,0.000000000000000000e+00,0.000000000000000000e+00
9.199999999999540767e-01,1.226496337606658571e+01,3.755030441740953018e-01,1.757368856071188867e+00,6.188459855602263637e+00,5.077916775966062612e-01,-2.762835877067804535e+00,1.339616290422000944e+01,5.917125065765443948e-01,3.766648627582549125e+01,-4.987076549549406858e-05,7.777012320182313942e+02,3.985623126572534147e+01,0.000000000000000000e+00,0.000000000000000000e+00
9.249999999999535261e-01,1.229594950217845373e+01,3.781205159460377940e-01,1.743419044283947450e+00,6.178639731132678392e+00,5.392039121471130514e-01,-2.802519178144282641e+00,5.595517791258378892e+00,3.626501603304822796e-02,1.423214765149085359e+01,-1.200782415090905289e-05,7.776712464013151020e+02,0.000000000000000000e+00,1.524452508228671554e+01,0.000000000000000000e+00
9.299999999999529754e-01,1.232704449681916792e+01,3.807482534391427031e-01,1.729194567317254183e+00,6.252380924794697314e+00,5.097810974442247289e-01,-2.877755353979055908e+00,8.131518237503424729e+00,1.371165216634968320e-01,2.067972600709493491e+01,-1.167013816133341195e-04,7.775372000787137949e+02,1.150216412825879786e+01,1.064939498271275653e+01,0.000000000000000000e+00
9.349999999999524247e-01,1.235818446254034519e+01,3.833550708459868006e-01,1.714747344227744552e+00,6.219204669952161701e+00,5.030871760935416992e-01,-2.900772593188857940e+00,2.890570341004109878e+01,9.567978806352018806e-01,8.261455256752569198e+01,-2.509898459537871288e-04,7.773876855757371231e+02,8.207174683307168550e+01,5.187490683313535911e+00,0.000000000000000000e+00
9.399999999999518741e-01,1.238905222357737301e+01,3.858080607936646422e-01,1.700281856847618789e+00,6.262507879112241049e+00,4.651106234404461803e-01,-2.938426172362991196e+00,3.418413029146348094e+02,2.793428050984811151e+01,1.034367363497776523e+03,-5.122288477789672424e-04,7.770364190730513201e+02,2.200528507664777180e+02,4.725225819413544741e+02,3.941851799534699694e+02
9.449999999999513234e-01,1.242022386706853254e+01,3.883034303357986716e-01,1.686574064750738788e+00,6.210988552028696930e+00,5.468554551992036439e-01,-2.644926073187095383e+00,2.819291758457902688e+02,2.633603850339279973e+01,8.537706661740543268e+02,-5.668196253860353657e-04,7.721443951680014379e+02,3.045656740845332706e+02,3.455722431660145162e+02,2.468522423997231954e+02
9.499999999999507727e-01,1.245174702384261423e+01,3.909527925509441726e-01,1.673718947217255559e+00,6.375132051490635554e+00,5.068075141447166976e-01,-2.572244088446714372e+00,1.339896126872273285e+01,6.157734070777689389e-02,3.405609129429888071e+01,-2.222448816777910195e-04,7.704945645442599016e+02,2.377519793131597936e+01,1.270725705817748263e+01,0.000000000000000000e+00
9.549999999999502220e-01,1.248343344779354602e+01,3.937094370996784831e-01,1.660818106493582524e+00,6.393436016483509121e+00,5.291064136126518713e-01,-2.617557263746077556e+00,2.757246307764477322e+01,3.988762209923974122e+00,9.767525906686233839e+01,-4.389318435572377771e-04,7.702273584850265706e+02,5.165876981854764693e+01,1.722863670670237468e+01,3.248337849598566152e+01
9.599999999999496714e-01,1.251575785037889155e+01,3.961705181774427542e-01,1.647544735936225191e+00,6.508110115315401067e+00,4.728084578476025590e-01,-2.674361615692578464e+00,2.123892961259467427e+01,-1.672418945249327382e-01,5.397952326112689292e+01,-1.320363632257828736e-04,7.697944014543420508e+02,0.000000000000000000e+00,5.782488560577431969e+01,0.000000000000000000e+00
9.649999999999491207e-01,1.254822404742130892e+01,3.987882925448438254e-01,1.634129714770365949e+00,6.552346677107222739e+00,5.192464753716453663e-01,-2.701451352645073634e+00,5.613643419829014647e+01,1.126460654264468886e+01,1.943716422787725833e+02,-2.634422503918227437e-04,7.694630176028771302e+02,2.020322441759788319e+02,0.000000000000000000e+00,0.000000000000000000e+00
9.699999999999485700e-01,1.257998992299795660e+01,4.013833281123204699e-01,1.621511747528886271e+00,6.316220231942366148e+00,5.147771493232869977e-01,-2.340677573327286431e+00,4.323008296782293769e+02,1.063799098172431883e+02,1.502209282501957887e+03,-3.659220209971468084e-04,7.660977871743489231e+02,6.293850775580984873e+02,3.154485108001604772e+02,6.178035522604438938e+02
9.749999999999480194e-01,1.261187566593421927e+01,4.039763596349869590e-01,1.610162525761774877e+00,6.476918690037648751e+00,5.153899347602004521e-01,-2.301389312461926462e+00,5.734463362298843947e+01,1.196935223214370758e+01,2.120993828095313063e+02,-5.236616753796108793e-04,7.649565022570948258e+02,5.757369887043351397e+00,6.488269816728711703e+01,1.494826648200983641e+02
9.799999999999474687e-01,1.264448013927087189e+01,4.066821263898454109e-01,1.598536745517267432e+00,6.542058238060802111e+00,5.579213143550794118e-01,-2.338144250018750370e+00,2.495926426099205742e+01,1.043665777557682617e+01,1.159353169371296985e+02,-8.837133552538510226e-05,7.644370129187536804e+02,0.000000000000000000e+00,0.000000000000000000e+00,1.186721412797930384e+02
9.849999999999469180e-01,1.267774046254427489e+01,4.095529868786436656e-01,1.586610999264885580e+00,6.685171344485361544e+00,5.672902735473369651e-01,-2.402958357401934641e+00,3.527216041577349870e+01,9.979486349616831120e+00,1.334748413892325800e+02,-5.746161758291761044e-04,7.641319204928935278e+02,0.000000000000000000e+00,5.087935059954254768e+01,8.738758040722720466e+01
9.899999999999463673e-01,1.271062800499297119e+01,4.123308444998714517e-01,1.574767654629430691e+00,6.470499502004638970e+00,5.094964304429496771e-01,-2.315855381239395605e+00,8.753623341447149642e+01,3.053254303208179365e+01,3.831659839659737372e+02,-5.168917602926315948e-04,7.633535285543331383e+02,2.579458181921847881e+02,0.000000000000000000e+00,1.350758056763334309e+02
9.949999999999458167e-01,1.274284699807132171e+01,4.148882201775463963e-01,1.563350582744155615e+00,6.534772495322759056e+00,5.432576672378434113e-01,-2.313467926390226026e+00,3.503842600227869752e+01,1.394543775455802503e+01,1.560666172678006376e+02,-2.276711198000600997e-04,7.626252124356901732e+02,9.831224283443246748e+01,3.114506870319449661e+01,3.098715892150644891e+01
9.999999999999452660e-01,1.277579379855777120e+01,4.175722545081609893e-01,1.551707812907454409e+00,6.538378449421249350e+00,5.238024051738593423e-01,-2.299515593203642627e+00,5.185529004195579716e+01,1.473388224541813862e+01,1.865302887741461291e+02,-1.050226136741939844e-03,7.617424445520371137e+02,1.375244686598009025e+02,5.627097655562315737e+01,0.000000000000000000e+00
1.004999999999944826e+00,1.280835973131128469e+01,4.202845287036602873e-01,1.540326081216947030e+00,6.511799671322995309e+00,5.138135112708276386e-01,-2.243472762762917849e+00,4.635514671865180958e+01,2.568900422636765768e+01,2.061870994514628137e+02,-8.592218129853173778e-05,7.607189627679412069e+02,2.122174766300852866e+02,0.000000000000000000e+00,0.000000000000000000e+00
1.009999999999944276e+00,1.284083362305108622e+01,4.230804202416019177e-01,1.529150185423485020e+00,6.512968664054998413e+00,4.795103147977538560e-01,-2.214932478045319453e+00,1.495371073689112151e+01,2.728363756700927567e+00,4.508745842395270387e+01,-5.216850981830806200e-04,7.531044995769892694e+02,1.376887444584708753e+01,3.365792244428099167e+01,0.000000000000000000e+00
1.014999999999943725e+00,1.287305135718900573e+01,4.259773839403486750e-01,1.518119688256273081e+00,6.486965674300805063e+00,5.602751504378680192e-01,-2.190729214925914992e+00,6.728203622937006401e+01,4.346290149572389794e+01,2.987019642357511202e+02,-5.387830060213909950e-04,7.520301088855356966e+02,3.082729168827401054e+02,0.000000000000000000e+00,0.000000000000000000e+00
1.019999999999943174e+00,1.290625321726380648e+01,4.289546753984344596e-01,1.507028803534486761e+00,6.517274030798819062e+00,6.182259188744323453e-01,-2.169216946718684369e+00,7.353782179820801446e+01,4.422083762295149256e+01,3.159559018176664154e+02,-9.449076230710542080e-04,7.510765520894940437e+02,2.873711169612593608e+02,3.951092646286450361e+01,0.000000000000000000e+00
1.024999999999942624e+00,1.293878979125064888e+01,4.319661918451051519e-01,1.496349392705437431e+00,6.687340008382345324e+00,6.015280332021273324e-01,-2.169847256490315957e+00,1.457271510245021418e+01,4.213046886970016613e-01,4.017816368172357500e+01,-1.273635338521102167e-04,7.500821887252394617e+02,0.000000000000000000e+00,4.250452876600602536e+01,0.000000000000000000e+00
1.029999999999942073e+00,1.297177922354390489e+01,4.351018559539995278e-01,1.485574570134716055e+00,6.589236774651405781e+00,6.012629370401811890e-01,-2.141998971726282619e+00,0.000000000000000000e+00,0.000000000000000000e+00,0.000000000000000000e+00,0.000000000000000000e+00,7.481731050721685961e+02,0.000000000000000000e+00,0.000000000000000000e+00,0.000000000000000000e+00
1.034999999999941522e+00,1.300429556338988846e+01,4.383387943359008387e-01,1.474874480545703692e+00,6.432442412763456296e+00,6.322460055924730149e-01,-2.123419993378794501e+00,0.000000000000000000e+00,0.000000000000000000e+00,0.000000000000000000e+00,0.000000000000000000e+00,7.478378943282550608e+02,0.000000000000000000e+00,0.000000000000000000e+00,0.000000000000000000e+00
1.039999999999940972e+00,1.303659670448211472e+01,4.415709864345672697e-01,1.464127437499421980e+00,6.517079572515920738e+00,6.183873017505907566e-01,-2.170709856838892726e+00,4.652696747040597103e+01,2.212850504557530229e+01,1.697703815325459971e+02,-2.762461644637355558e-04,7.476166174904114996e+02,1.700257036422144452e+01,5.803402106703147467e+01,1.024798444105811797e+02
1.044999999999940421e+00,1.306933293869648161e+01,4.447104989558481325e-01,1.453157819704589349e+00,6.558968751813650577e+00,6.504631633863953155e-01,-2.214596000052166502e+00,1.839906375437247377e+01,1.082510851884988767e+01,7.165325724233460392e+01,-1.160158339175586164e-04,7.473525338888052829e+02,0.000000000000000000e+00,2.145817956901634460e+01,5.343529703820176735e+01
1.049999999999939870e+00,1.310220727353572734e+01,4.479255785935740142e-01,1.441981175667762738e+00,6.539059524949150770e+00,6.663679540520508482e-01,-2.243739194800224546e+00,0.000000000000000000e+00,0.000000000000000000e+00,0.000000000000000000e+00,0.000000000000000000e+00,7.471432179941652976e+02,0.000000000000000000e+00,0.000000000000000000e+00,0.000000000000000000e+00
1.054999999999939320e+00,1.313503765415287994e+01,4.512608596450675691e-01,1.430603226486446111e+00,6.613114501077244967e+00,6.498714091301369677e-01,-2.306299717021261131e+00,1.839661715730893832e+01,9.291435431832038461e+00,6.387320549651047230e+01,-1.910094201428283109e-04,7.470559261254131798e+02,0.000000000000000000e+00,2.321660076852456456e+01,4.390436977946527008e+01
1.059999999999938769e+00,1.316785513896978266e+01,4.545470383033742290e-01,1.419033824524006615e+00,6.536866794963214211e+00,6.602514049873570157e-01,-2.324219814633585290e+00,1.072067914726859605e+01,8.260269396820831389e+00,4.340736788160437243e+01,-1.041512488040782780e-04,7.469247254137890195e+02,3.324466031213329131e+01,0.000000000000000000e+00,1.207944683741867387e+01
1.064999999999938218e+00,1.320082849799368141e+01,4.578009697829009128e-01,1.407210787387363604e+00,6.605230371459178684e+00,6.543861072199604889e-01,-2.389246335408630184e+00,0.000000000000000000e+00,0.000000000000000000e+00,0.000000000000000000e+00,0.000000000000000000e+00,7.468686643553694466e+02,0.000000000000000000e+00,0.000000000000000000e+00,0.000000000000000000e+00
1.069999999999937668e+00,1.323385272712995864e+01,4.610898629996173503e-01,1.395124221864331604e+00,6.604430204555755246e+00,6.592433861496427294e-01,-2.440378373315528648e+00,0.000000000000000000e+00,0.000000000000000000e+00,0.000000000000000000e+00,0.000000000000000000e+00,7.468571229595861496e+02,0.000000000000000000e+00,0.000000000000000000e+00,0.000000000000000000e+00
1.074999999999937117e+00,1.326687205930977775e+01,4.643779351523069643e-01,1.382783453939324225e+00,6.603385421771407415e+00,6.553232067113038406e-01,-2.490747155212395647e+00,0.000000000000000000e+00,0.000000000000000000e+00,0.000000000000000000e+00,0.000000000000000000e+00,7.468489442670365861e+02,0.000000000000000000e+00,0.000000000000000000e+00,0.000000000000000000e+00
1.079999999999936566e+00,1.329980063724485184e+01,4.676216524161651011e-01,1.370230057478337038e+00,6.580612499068713817e+00,6.492487787480420991e-01,-2.531917845176872461e+00,0.000000000000000000e+00,0.000000000000000000e+00,0.000000000000000000e+00,0.000000000000000000e+00,7.468178383879205740e+02,0.000000000000000000e+00,0.000000000000000000e+00,0.000000000000000000e+00
1.084999999999936016e+00,1.333270040590389982e+01,4.708789639381728009e-01,1.357423501239144015e+00,6.579350375076187696e+00,6.528086212559416346e-01,-2.585454105761884502e+00,0.000000000000000000e+00,0.000000000000000000e+00,0.000000000000000000e+00,0.000000000000000000e+00,7.468137641095613617e+02,0.000000000000000000e+00,0.000000000000000000e+00,0.000000000000000000e+00
1.089999999999935465e+00,1.336559326250250734e+01,4.741440210858387516e-01,1.344349824260695492e+00,6.577942363650577384e+00,6.526125350534025538e-01,-2.638517703613942000e+00,0.000000000000000000e+00,0.000000000000000000e+00,0.000000000000000000e+00,0.000000000000000000e+00,7.468108973697228521e+02,0.000000000000000000e+00,0.000000000000000000e+00,0.000000000000000000e+00
1.094999999999934914e+00,1.339847934612388158e+01,4.774008661429131051e-01,1.331013728303058974e+00,6.576646430427877554e+00,6.503039115244578783e-01,-2.690595760038958062e+00,0.000000000000000000e+00,0.000000000000000000e+00,0.000000000000000000e+00,0.000000000000000000e+00,7.468080431689688794e+02,0.000000000000000000e+00,0.000000000000000000e+00,0.000000000000000000e+00
1.099999999999934364e+00,1.343135949028400766e+01,4.806477365209496089e-01,1.317418878474104993e+00,6.575565664190825999e+00,6.488567737462482832e-01,-2.742104599771141071e+00,0.000000000000000000e+00,0.000000000000000000e+00,0.000000000000000000e+00,0.000000000000000000e+00,7.468042901128632138e+02,0.000000000000000000e+00,0.000000000000000000e+00,0.000000000000000000e+00
1.104999999999933813e+00,1.346423511983125643e+01,4.838914968985499887e-01,1.303568300058545848e+00,6.574824353906669749e+00,6.488111899389333859e-01,-2.792894141350874104e+00,0.000000000000000000e+00,0.000000000000000000e+00,0.000000000000000000e+00,0.000000000000000000e+00,7.467993958393567482e+02,0.000000000000000000e+00,0.000000000000000000e+00,0.000000000000000000e+00
1.109999999999933262e+00,1.349710815344143633e+01,4.871365685380143473e-01,1.289466697243667026e+00,6.574491688898764785e+00,6.491707397085020315e-01,-2.842573284248535170e+00,0.000000000000000000e+00,0.000000000000000000e+00,0.000000000000000000e+00,0.000000000000000000e+00,7.467937844311782101e+02,0.000000000000000000e+00,0.000000000000000000e+00,0.000000000000000000e+00
1.114999999999932712e+00,1.352998066814275013e+01,4.903829845028585543e-01,1.275120148531313946e+00,6.574572301089590454e+00,6.493483581197134757e-01,-2.891004756225845629e+00,0.000000000000000000e+00,0.000000000000000000e+00,0.000000000000000000e+00,0.000000000000000000e+00,7.467881566752031404e+02,0.000000000000000000e+00,0.000000000000000000e+00,0.000000000000000000e+00
1.119999999999932161e+00,1.356285463956901616e+01,4.936301390987648530e-01,1.260534492817421803e+00,6.575027226857671714e+00,6.495261633616402630e-01,-2.938370512550220415e+00,0.000000000000000000e+00,0.000000000000000000e+00,0.000000000000000000e+00,0.000000000000000000e+00,7.467831551296847010e+02,0.000000000000000000e+00,0.000000000000000000e+00,0.000000000000000000e+00
1.124999999999931610e+00,1.359573173754364639e+01,4.968788985541457981e-01,1.245714183367233163e+00,6.575776999560503100e+00,6.499859328080389576e-01,-2.984996964761290172e+00,0.000000000000000000e+00,0.000000000000000000e+00,0.000000000000000000e+00,0.000000000000000000e+00,7.467790963544750866e+02,0.000000000000000000e+00,0.000000000000000000e+00,0.000000000000000000e+00
1.129999999999931060e+00,1.362861313078024672e+01,5.001307426296250913e-01,1.230661983005902460e+00,6.576706157729033109e+00,6.507076900233582650e-01,-3.031221501027034027e+00,0.000000000000000000e+00,0.000000000000000000e+00,0.000000000000000000e+00,0.000000000000000000e+00,7.467758804922569880e+02,0.000000000000000000e+00,0.000000000000000000e+00,0.000000000000000000e+00
1.134999999999930509e+00,1.366149935199537424e+01,5.033864586367070570e-01,1.215378998012120348e+00,6.577681354018029225e+00,6.514951547328627912e-01,-3.077372459426795714e+00,0.000000000000000000e+00,0.000000000000000000e+00,0.000000000000000000e+00,0.000000000000000000e+00,7.467730820200358721e+02,0.000000000000000000e+00,0.000000000000000000e+00,0.000000000000000000e+00
1.139999999999929958e+00,1.369439027231065076e+01,5.066459219130918790e-01,1.199864693077879352e+00,6.578574294869721228e+00,6.521994860298134800e-01,-3.123777124292030027e+00,0.000000000000000000e+00,0.000000000000000000e+00,0.000000000000000000e+00,0.000000000000000000e+00,7.467701742024332816e+02,0.000000000000000000e+00,0.000000000000000000e+00,0.000000000000000000e+00
1.144999999999929408e+00,1.372728517670175208e+01,5.099085399611836822e-01,1.184116958570683886e+00,6.579278662238008835e+00,6.527664693054741063e-01,-3.170733143084785155e+00,0.000000000000000000e+00,0.000000000000000000e+00,0.000000000000000000e+00,0.000000000000000000e+00,7.467667804795747770e+02,0.000000000000000000e+00,0.000000000000000000e+00,0.000000000000000000e+00
1.149999999999928857e+00,1.376018290047173664e+01,5.131735598005993104e-01,1.168132395872784945e+00,6.579718745738673213e+00,6.531717980507977250e-01,-3.218458719888462660e+00,0.000000000000000000e+00,0.000000000000000000e+00,0.000000000000000000e+00,0.000000000000000000e+00,7.467628322536040741e+02,0.000000000000000000e+00,0.000000000000000000e+00,0.000000000000000000e+00
1.154999999999928306e+00,1.379308199395800827e+01,5.164400865232784410e-01,1.151906816541260037e+00,6.579853243389749196e+00,6.533830407080681857e-01,-3.267059910666794575e+00,0.000000000000000000e+00,0.000000000000000000e+00,0.000000000000000000e+00,0.000000000000000000e+00,7.467585675482114311e+02,0.000000000000000000e+00,0.000000000000000000e+00,0.000000000000000000e+00
1.159999999999927756e+00,1.382598089972882427e+01,5.197070746817817888e-01,1.135435824447108111e+00,6.579676845051330325e+00,6.533765613494519897e-01,-3.316526589228379507e+00,0.000000000000000000e+00,0.000000000000000000e+00,0.000000000000000000e+00,0.000000000000000000e+00,7.467543877619448267e+02,0.000000000000000000e+00,0.000000000000000000e+00,0.000000000000000000e+00
1.164999999999927205e+00,1.385887813140795721e+01,5.229734464649816728e-01,1.118715363517108541e+00,6.579219362080062972e+00,6.531620617264478623e-01,-3.366746147992577320e+00,0.000000000000000000e+00,0.000000000000000000e+00,0.000000000000000000e+00,0.000000000000000000e+00,7.467506552711099630e+02,0.000000000000000000e+00,0.000000000000000000e+00,0.000000000000000000e+00
1.169999999999926654e+00,1.389177243892719282e+01,5.262382713797977285e-01,1.101742174221334025e+00,6.578541412178875447e+00,6.527836072779784615e-01,-3.417524629141854842e+00,0.000000000000000000e+00,0.000000000000000000e+00,0.000000000000000000e+00,0.000000000000000000e+00,7.467475312832572172e+02,0.000000000000000000e+00,0.000000000000000000e+00,0.000000000000000000e+00
1.174999999999926104e+00,1.392466294254232118e+01,5.295009002486384952e-01,1.084514129415667050e+00,6.577726683455529688e+00,6.523050229929361343e-01,-3.468613409141230175e+00,0.000000000000000000e+00,0.000000000000000000e+00,0.000000000000000000e+00,0.000000000000000000e+00,7.467449219824870852e+02,0.000000000000000000e+00,0.000000000000000000e+00,0.000000000000000000e+00
1.179999999999925553e+00,1.395750317695414999e+01,5.327661640871917959e-01,1.067046329698755569e+00,6.535995630513633081e+00,6.572679841387617516e-01,-3.505825491083924383e+00,1.194726735611960677e+01,2.494555577310836880e-01,3.077482791165838449e+01,-6.587306929804592065e-04,7.466936438589477802e+02,0.000000000000000000e+00,3.287022675687078532e+01,0.000000000000000000e+00
1.184999999999925002e+00,1.398980941672688871e+01,5.361546904081805343e-01,1.049502545611066040e+00,6.417084216851670853e+00,6.935592131355777790e-01,-3.515389570752768478e+00,0.000000000000000000e+00,0.000000000000000000e+00,0.000000000000000000e+00,0.000000000000000000e+00,7.466206848386234469e+02,0.000000000000000000e+00,0.000000000000000000e+00,0.000000000000000000e+00
1.189999999999924452e+00,1.402189725030166123e+01,5.396257060177355180e-01,1.031811485401710415e+00,6.417929030305561611e+00,6.925021792391183872e-01,-3.556526165917530680e+00,0.000000000000000000e+00,0.000000000000000000e+00,0.000000000000000000e+00,0.000000000000000000e+00,7.466086803811418804e+02,0.000000000000000000e+00,0.000000000000000000e+00,0.000000000000000000e+00
1.194999999999923901e+00,1.405399126367179541e+01,5.430933973457886532e-01,1.013913074291957983e+00,6.419745485864273071e+00,6.953078404834469595e-01,-3.598658473400058622e+00,0.000000000000000000e+00,0.000000000000000000e+00,0.000000000000000000e+00,0.000000000000000000e+00,7.466003354663238269e+02,0.000000000000000000e+00,0.000000000000000000e+00,0.000000000000000000e+00
1.199999999999923350e+00,1.408609859603903658e+01,5.465838007471339743e-01,9.958052573094718918e-01,6.423087893047019215e+00,7.002839136487466476e-01,-3.640183644813716590e+00,0.000000000000000000e+00,0.000000000000000000e+00,0.000000000000000000e+00,0.000000000000000000e+00,7.465914059824510787e+02,0.000000000000000000e+00,0.000000000000000000e+00,0.000000000000000000e+00
1.204999999999922800e+00,1.411822601765440410e+01,5.500966396103054157e-01,9.774915172214958536e-01,6.427576761567451058e+00,7.042573415531920844e-01,-3.681162208030205107e+00,0.000000000000000000e+00,0.000000000000000000e+00,0.000000000000000000e+00,0.000000000000000000e+00,7.465829446781608567e+02,0.000000000000000000e+00,0.000000000000000000e+00,0.000000000000000000e+00
1.209999999999922249e+00,1.415045969515169944e+01,5.536028387688032293e-01,9.589261400012547565e-01,6.494422484634322146e+00,6.910596991505831843e-01,-3.758478876307409067e+00,1.811009101119202569e+01,3.446507501942397411e-01,4.511749612741959226e+01,-1.470763854838480315e-03,7.464873531944570004e+02,3.290129992960024907e+01,0.000000000000000000e+00,1.556542932027315906e+01
1.214999999999921698e+00,1.418289124421597514e+01,5.570883430724601348e-01,9.400415102787375021e-01,6.389901437853039212e+00,7.261885798565788086e-01,-3.737279333974667939e+00,2.290210250092268396e+01,3.262164215584519855e-01,5.687316904520043437e+01,-1.147741162797850586e-03,7.411399403933655776e+02,2.200097290006918271e+01,0.000000000000000000e+00,3.912395115599539963e+01
1.219999999999921148e+00,1.421524611507482838e+01,5.607166558286905689e-01,9.209886121992660879e-01,6.495002387180925041e+00,7.249385343804616300e-01,-3.842670723764334717e+00,0.000000000000000000e+00,0.000000000000000000e+00,0.000000000000000000e+00,0.000000000000000000e+00,7.410690597566658653e+02,0.000000000000000000e+00,0.000000000000000000e+00,0.000000000000000000e+00
1.224999999999920597e+00,1.424773365681332393e+01,5.643084994832151535e-01,9.016700273427529222e-01,6.499587698628089605e+00,7.152762848522307149e-01,-3.881749729968077212e+00,0.000000000000000000e+00,0.000000000000000000e+00,0.000000000000000000e+00,0.000000000000000000e+00,7.410502392704590875e+02,0.000000000000000000e+00,0.000000000000000000e+00,0.000000000000000000e+00
1.229999999999920046e+00,1.428024599086062096e+01,5.678858247609732679e-01,8.821478260866872922e-01,6.504888025516312844e+00,7.160233270469511524e-01,-3.922922718627130934e+00,0.000000000000000000e+00,0.000000000000000000e+00,0.000000000000000000e+00,0.000000000000000000e+00,7.410421799797878748e+02,0.000000000000000000e+00,0.000000000000000000e+00,0.000000000000000000e+00
1.234999999999919496e+00,1.431278464734283062e+01,5.714690448111211518e-01,8.624204492690188406e-01,6.509929921308683198e+00,7.170003249481152752e-01,-3.964025794846023132e+00,0.000000000000000000e+00,0.000000000000000000e+00,0.000000000000000000e+00,0.000000000000000000e+00,7.410334570280253956e+02,0.000000000000000000e+00,0.000000000000000000e+00,0.000000000000000000e+00
1.239999999999918945e+00,1.434534576525113714e+01,5.750542314106089625e-01,8.424847132832498087e-01,6.513936131049662848e+00,7.169205205114048685e-01,-4.006304238359201797e+00,0.000000000000000000e+00,0.000000000000000000e+00,0.000000000000000000e+00,0.000000000000000000e+00,7.410217006260592143e+02,0.000000000000000000e+00,0.000000000000000000e+00,0.000000000000000000e+00
1.244999999999918394e+00,1.437803619519044851e+01,5.786068717200325562e-01,8.222452075374911962e-01,6.589959500421665339e+00,6.997628315750279437e-01,-4.108035571281098086e+00,1.825677602687180823e+01,1.237425290029599001e+00,5.353145247130595408e+01,-6.610339181515019827e-04,7.408722192031176519e+02,0.000000000000000000e+00,0.000000000000000000e+00,5.606088011297769924e+01
1.249999999999917843e+00,1.441131638721936348e+01,5.821018834012166021e-01,8.013239505290543629e-01,6.673669085195900408e+00,7.030222461717913207e-01,-4.216615903184003145e+00,0.000000000000000000e+00,0.000000000000000000e+00,0.000000000000000000e+00,0.000000000000000000e+00,7.407612686971826861e+02,0.000000000000000000e+00,0.000000000000000000e+00,0.000000000000000000e+00
1.254999999999917293e+00,1.444468693974905626e+01,5.855921271883969270e-01,7.801259545343444124e-01,6.674209136681398036e+00,6.959790121371252081e-01,-4.259347912653519863e+00,0.000000000000000000e+00,0.000000000000000000e+00,0.000000000000000000e+00,0.000000000000000000e+00,7.407514687496405941e+02,0.000000000000000000e+00,0.000000000000000000e+00,0.000000000000000000e+00
1.259999999999916742e+00,1.447805867523996781e+01,5.890796959652137010e-01,7.587021089729100165e-01,6.674448418601516053e+00,6.993187107305010031e-01,-4.305717732512537310e+00,0.000000000000000000e+00,0.000000000000000000e+00,0.000000000000000000e+00,0.000000000000000000e+00,7.407449356287272622e+02,0.000000000000000000e+00,0.000000000000000000e+00,0.000000000000000000e+00
1.264999999999916191e+00,1.451143027269320562e+01,5.925872999961071530e-01,7.370446450708884045e-01,6.674063669850681002e+00,7.030818719795614014e-01,-4.352660842967284616e+00,0.000000000000000000e+00,0.000000000000000000e+00,0.000000000000000000e+00,0.000000000000000000e+00,7.407385583283419237e+02,0.000000000000000000e+00,0.000000000000000000e+00,0.000000000000000000e+00
1.269999999999915641e+00,1.454479744793195195e+01,5.961087700918429322e-01,7.151506993404205259e-01,6.672837553941988631e+00,7.050464552194066759e-01,-4.400285268687010642e+00,0.000000000000000000e+00,0.000000000000000000e+00,0.000000000000000000e+00,0.000000000000000000e+00,7.407323735045206377e+02,0.000000000000000000e+00,0.000000000000000000e+00,0.000000000000000000e+00
1.274999999999915090e+00,1.457815770582854142e+01,5.996370988664732060e-01,6.930164374649087078e-01,6.671434176310105713e+00,7.061533067499953242e-01,-4.448704510149284808e+00,0.000000000000000000e+00,0.000000000000000000e+00,0.000000000000000000e+00,0.000000000000000000e+00,7.407268171815003370e+02,0.000000000000000000e+00,0.000000000000000000e+00,0.000000000000000000e+00
1.279999999999914539e+00,1.461151189238257686e+01,6.031714440859543558e-01,6.706381806698666903e-01,6.670440420674354165e+00,7.075292976279600188e-01,-4.497772340206816821e+00,0.000000000000000000e+00,0.000000000000000000e+00,0.000000000000000000e+00,0.000000000000000000e+00,7.407219257448857661e+02,0.000000000000000000e+00,0.000000000000000000e+00,0.000000000000000000e+00
1.284999999999913989e+00,1.464486301027354287e+01,6.067138325426026935e-01,6.480136898867246975e-01,6.670166347611050206e+00,7.092829206238796536e-01,-4.547091429509995564e+00,0.000000000000000000e+00,0.000000000000000000e+00,0.000000000000000000e+00,0.000000000000000000e+00,7.407173275602019658e+02,0.000000000000000000e+00,0.000000000000000000e+00,0.000000000000000000e+00
1.289999999999913438e+00,1.467821499071550306e+01,6.102651489827765063e-01,6.251431153833307830e-01,6.670703913539330898e+00,7.110449625125889739e-01,-4.596148687141239364e+00,0.000000000000000000e+00,0.000000000000000000e+00,0.000000000000000000e+00,0.000000000000000000e+00,7.407126508546703008e+02,0.000000000000000000e+00,0.000000000000000000e+00,0.000000000000000000e+00
1.294999999999912887e+00,1.471157173523294404e+01,6.138248635513082752e-01,6.020290505343767196e-01,6.671974284642825381e+00,7.126596956157792428e-01,-4.644495134897035804e+00,0.000000000000000000e+00,0.000000000000000000e+00,0.000000000000000000e+00,0.000000000000000000e+00,7.407078349069331580e+02,0.000000000000000000e+00,0.000000000000000000e+00,0.000000000000000000e+00
1.299999999999912337e+00,1.474493640877601663e+01,6.173924647784870823e-01,5.786759671681870332e-01,6.673783572689564458e+00,7.142271832628499517e-01,-4.691819319650044839e+00,0.000000000000000000e+00,0.000000000000000000e+00,0.000000000000000000e+00,0.000000000000000000e+00,7.407031970804721368e+02,0.000000000000000000e+00,0.000000000000000000e+00,0.000000000000000000e+00
1.304999999999911786e+00,1.477831104764848114e+01,6.209680004079598525e-01,5.550894712112669493e-01,6.675890710311471743e+00,7.158323014295661091e-01,-4.737966183927978747e+00,0.000000000000000000e+00,0.000000000000000000e+00,0.000000000000000000e+00,0.000000000000000000e+00,7.406992574925080817e+02,0.000000000000000000e+00,0.000000000000000000e+00,0.000000000000000000e+00
1.309999999999911235e+00,1.481169651499052620e+01,6.245515717431333602e-01,5.312754744554911701e-01,6.678075423506290242e+00,7.174261548204172723e-01,-4.782952944015097962e+00,0.000000000000000000e+00,0.000000000000000000e+00,0.000000000000000000e+00,0.000000000000000000e+00,7.406964675975672208e+02,0.000000000000000000e+00,0.000000000000000000e+00,0.000000000000000000e+00
1.314999999999910685e+00,1.484509273732912504e+01,6.281428306117604610e-01,5.072393372895547259e-01,6.680180479105986002e+00,7.189027633030621312e-01,-4.826961925531749742e+00,0.000000000000000000e+00,0.000000000000000000e+00,0.000000000000000000e+00,0.000000000000000000e+00,7.406949890820058044e+02,0.000000000000000000e+00,0.000000000000000000e+00,0.000000000000000000e+00
1.319999999999910134e+00,1.487849903214869940e+01,6.317409723595435178e-01,4.829851552869392495e-01,6.682109608866259265e+00,7.201911853868363522e-01,-4.870294704402301278e+00,0.000000000000000000e+00,0.000000000000000000e+00,0.000000000000000000e+00,0.000000000000000000e+00,7.406946055386721355e+02,0.000000000000000000e+00,0.000000000000000000e+00,0.000000000000000000e+00
1.324999999999909583e+00,1.491123438792984146e+01,6.351982845741641626e-01,4.587502421830332855e-01,6.512161901015655729e+00,5.947157392334055936e-01,-4.839943970931657624e+00,-4.007419942525662577e+02,2.411939477591404284e+02,9.659282434744852708e+02,-7.167359255357333252e-03,7.296077307787215886e+02,3.430963065216774339e+03,3.302779591133977647e+03,0.000000000000000000e+00
1.329999999999909033e+00,1.494313772931595707e+01,6.373090977618064423e-01,4.374626036375028337e-01,6.203660009581545509e+00,3.108053792029714657e-01,-3.644057063708482147e+00,-2.490848872720232521e+03,-9.696594257658439346e+02,6.393918217772834396e+03,-1.048274528188832336e-02,6.227983376329889325e+02,2.575848755156510742e+04,2.269410730656944725e+04,0.000000000000000000e+00
1.334999999999908482e+00,1.497472992065424791e+01,6.381762818643522683e-01,4.230333739715028130e-01,6.383905475339322955e+00,-5.636877746323465388e-02,-2.303821914784727198e+00,-2.666589186875363339e+03,-7.770012828864313406e+02,5.952966511885242653e+03,-1.231674252768506436e-02,5.024151797017123613e+02,1.753532756523398348e+04,2.645711240311816437e+04,0.000000000000000000e+00
1.339999999999907931e+00,1.500431697888472549e+01,6.373924925199931923e-01,4.150629485836629384e-01,4.903768585264367097e+00,-1.122262111889053698e-01,-1.085018783097867701e+00,-1.076796737856160689e+04,-2.466791837484016128e+02,1.568930265349314595e+03,-1.518149110729601764e-02,2.943264443322345869e+02,1.872916162139698281e+04,2.501893597353877703e+04,0.000000000000000000e+00
1.344999999999907381e+00,1.502101262065083986e+01,6.370191876178797896e-01,4.104614664167262061e-01,2.339196957833955981e+00,-8.783614071465045692e-02,-8.898490421069664702e-01,-5.292490028583456478e+03,-1.513412029952464479e+02,6.621236167827100871e+01,-1.708869072549493509e-02,1.623763693767990048e+02,1.213803638575614423e+04,1.759527200523465217e+04,0.000000000000000000e+00
1.349999999999906830e+00,1.503054590006692059e+01,6.368144840398612949e-01,4.060600297105842471e-01,1.658843039109470618e+00,-2.372531845255641814e-02,-8.024776229548209461e-01,-2.330736806276026982e+03,-2.090760146560568273e+02,7.774688056002264602e+02,-1.748760077888545164e-02,1.327605910277475516e+02,1.268975187111948617e+04,1.846615641143362882e+04,0.000000000000000000e+00
1.354999999999906279e+00,1.503755335491608847e+01,6.366506204766330113e-01,4.019294889853614050e-01,1.218345062227484510e+00,-3.729415573467095152e-02,-8.436690716306615156e-01,-1.857053852044313999e+03,-1.687418663608523275e+02,5.480695510611608370e+02,-1.723211844894272787e-02,1.139636615780392503e+02,1.362164820872872224e+04,1.602627742158615183e+04,0.000000000000000000e+00
1.359999999999905729e+00,1.504263212997777011e+01,6.364189320191473431e-01,3.979376757914177554e-01,8.414027548264519929e-01,-5.478160139226965347e-02,-7.377981223312312098e-01,-1.491874910941619873e+03,-8.650658789139191640e+01,9.396643442388863150e+02,-1.705439521423298896e-02,1.007427473944178757e+02,1.356273883597868917e+04,1.518174364118813901e+04,0.000000000000000000e+00
1.364999999999905178e+00,1.504589036957470327e+01,6.361275280410173538e-01,3.949492082301375162e-01,5.189250319665079658e-01,-6.073827640114572851e-02,-4.394378773258461601e-01,-8.099573305542223807e+02,1.237315701893023601e+01,1.463105690005205588e+03,-1.714149734663291541e-02,9.173546968202028040e+01,1.245454761682553908e+04,1.469508793790861637e+04,0.000000000000000000e+00
1.369999999999904627e+00,1.504793517124761237e+01,6.358356922765273644e-01,3.936886737297700112e-01,3.307706690738207445e-01,-4.985276551251696664e-02,-1.144803699181275586e-01,-4.456689602936787082e+02,1.323374446321571440e+02,1.116077163754969206e+03,-1.738936014935199906e-02,8.854675444329764389e+01,1.134436615328142216e+04,1.277070098693693944e+04,0.000000000000000000e+00
1.374999999999904077e+00,1.504926599323521508e+01,6.356037375000584966e-01,3.937628041912851762e-01,2.245992167686424457e-01,-4.231512969419868458e-02,1.123144222849100649e-01,-6.840296578929609268e+02,2.607006092728559565e+02,1.093836216640049543e+03,-1.767301800233560607e-02,8.954520555964809603e+01,7.678619270845571918e+03,1.129923687059959047e+04,0.000000000000000000e+00
1.379999999999903526e+00,1.505020941124899636e+01,6.354191569971301412e-01,3.948211384846909144e-01,1.613335146785922214e-01,-3.070434801249277354e-02,2.906249274459842824e-01,-1.228005761181123603e+02,1.694665471699034356e+02,6.460712166062747883e+02,-1.788893059550898668e-02,9.273470611993084844e+01,1.001483562124440141e+04,1.211417893248626206e+04,0.000000000000000000e+00
1.384999999999902975e+00,1.505083596658259104e+01,6.353145618907670711e-01,3.966066736890809241e-01,9.017653955451752912e-02,-9.396055716776220354e-03,3.955265685775097850e-01,-1.422032152002785779e+02,1.021885107636724968e+02,4.523153793642246114e+02,-1.794038849992406204e-02,9.739355557830276666e+01,1.187316490785828319e+04,1.417142235512089792e+04,0.000000000000000000e+00
1.389999999999902425e+00,1.505109841267247006e+01,6.353018172029891719e-01,3.987406917830604303e-01,2.438904533294576280e-02,-1.706589719794635951e-04,4.477333135966544142e-01,-2.089082471892606918e+01,-1.417488950007688331e+01,3.914070855520578789e+02,-1.822999176682964587e-02,1.025658998196528415e+02,1.147692397459252970e+04,1.434784709761669365e+04,0.000000000000000000e+00
1.394999999999901874e+00,1.505115815029693138e+01,6.350668905504078809e-01,4.010440579289770713e-01,-9.110444022164177922e-04,-9.901990110992750505e-02,4.507154256132367975e-01,-7.545646551011333258e+01,-5.508022201166895684e+02,-5.503421789957457122e+01,-1.879874313595699883e-02,1.078304795791460435e+02,1.328917383410850198e+04,1.727026835389460757e+04,0.000000000000000000e+00
1.399999999999901323e+00,1.505100686649103103e+01,6.344139292843542499e-01,4.031107093282952358e-01,-6.138266839901978383e-02,-1.367183287945645809e-01,3.667306295267067084e-01,-6.152007502110961923e+01,-1.128860658750967332e+02,-2.113666046180878766e+02,-1.935226842486690788e-02,1.127552294260231349e+02,1.394537365986889017e+04,2.002539129165730265e+04,0.000000000000000000e+00
1.404999999999900773e+00,1.505058286631767395e+01,6.337744714979924865e-01,4.045136434868334407e-01,-9.350666264433359076e-02,-1.129632197820493317e-01,1.888098883454534527e-01,4.520776855779339485e+02,-1.020305770598778849e+02,-5.457838071650679694e+02,-1.983691106924348815e-02,1.164911648593587756e+02,1.543709544510828891e+04,1.939539380421973692e+04,0.000000000000000000e+00
1.409999999999900222e+00,1.505013759867222234e+01,6.333222989852702600e-01,4.049360129467775016e-01,-8.181850754881370147e-02,-7.531260926882397955e-02,4.139921658803630104e-03,5.125801221176087665e+02,-1.406486979392550154e+02,-4.190678252263967352e+02,-2.015243884210321523e-02,1.199109446185541827e+02,1.664593576619905798e+04,1.942994831787902513e+04,0.000000000000000000e+00
1.414999999999899671e+00,1.504981562203347600e+01,6.329538104128316078e-01,4.045339326334472796e-01,-5.052292429848719707e-02,-7.342874118005181250e-02,-1.395563737605710897e-01,3.432433704361121158e+02,-1.055916231951156306e+02,-1.650629137730292086e+02,-2.119775897953024221e-02,1.230840076931606433e+02,1.829624406758260739e+04,2.069393581114392146e+04,0.000000000000000000e+00
1.419999999999899121e+00,1.504968163512763901e+01,6.324741916956496679e-01,4.037578089359482592e-01,-5.419606781453542924e-03,-1.307106967204776926e-01,-1.610805668822862247e-01,2.682235619811567631e+02,-4.897583058277652981e+02,1.213056139050852380e+02,-2.220021765913742645e-02,1.254937317538977624e+02,1.512174017309990813e+04,2.432461677592324122e+04,0.000000000000000000e+00
1.424999999999898570e+00,1.504966285307669871e+01,6.317366995783723072e-01,4.030253657947684420e-01,-6.876139575890553857e-03,-1.512975565167881398e-01,-1.249529014379908154e-01,2.293027264487420780e+01,-1.732440819500711768e+02,3.200838794000492271e+02,-2.310902366311586714e-02,1.273585737478663020e+02,1.783208260114044242e+04,2.380813857912370077e+04,0.000000000000000000e+00
1.429999999999898019e+00,1.504960209635184576e+01,6.309228256499075371e-01,4.025424674592769647e-01,-1.798403419713262563e-02,-1.758493643471195911e-01,-7.133863237059706597e-02,-1.577781577411906255e+01,1.183522349511790139e+00,2.560173349750976399e+02,-2.403020286349805829e-02,1.299788535609045823e+02,1.895091190248553539e+04,2.501675902138927631e+04,0.000000000000000000e+00
1.434999999999897469e+00,1.504949990448221797e+01,6.300775942931214901e-01,4.022716167073132065e-01,-2.008753214525067429e-02,-1.629938648774625909e-01,-4.219261551873608462e-02,-7.736885308677142348e+01,-1.808525338613160898e+02,3.508005994176036211e+02,-2.492406824315493083e-02,1.330678054198510267e+02,1.789755717347446262e+04,2.688205275221317788e+04,0.000000000000000000e+00
1.439999999999896918e+00,1.504933360788815122e+01,6.292857007639056643e-01,4.022582892977272784e-01,-5.169269254855164003e-02,-1.504680147962852987e-01,3.694911142430088585e-02,-3.376565924998598689e+02,3.364637407335605985e+02,3.053714325033723753e+02,-2.570845493745380073e-02,1.359246141299183250e+02,2.241413769970424255e+04,2.728364369491203252e+04,0.000000000000000000e+00
1.444999999999896367e+00,1.504891186051013641e+01,6.287026779631692541e-01,4.025925720799883312e-01,-1.081062345544500508e-01,-9.156001680379817487e-02,9.156380680016575069e-02,-1.964998205285008339e+02,3.672871702027352967e+02,2.020896610090815102e+02,-2.652034768838639964e-02,1.392955423170529343e+02,2.231554571768025198e+04,2.851415287617248396e+04,0.000000000000000000e+00
1.449999999999895817e+00,1.504833224441808603e+01,6.283811811958084359e-01,4.030895227026161098e-01,-1.217756637097604094e-01,-4.619761370152203339e-02,1.038259287667661623e-01,-6.901969124526488031e+01,9.367159807610235589e+01,2.112292831274420450e+02,-2.738606600212341660e-02,1.429840133735443430e+02,2.369355372980376706e+04,2.959237768819733901e+04,0.000000000000000000e+00
1.454999999999895266e+00,1.504767578583675913e+01,6.281820933634106874e-01,4.036897443319411027e-01,-1.409349310486203155e-01,-3.473303583498246749e-02,1.420738757503462735e-01,-7.910703183766213442e+01,-1.363599164108490243e+02,3.442777430359003006e+02,-2.825104178433691243e-02,1.469528982135895205e+02,2.553109429583461679e+04,3.017221667238578448e+04,0.000000000000000000e+00
1.459999999999894715e+00,1.504689708682578519e+01,6.279513819032597199e-01,4.045135117515337164e-01,-1.659193363269296506e-01,-5.231224704969557326e-02,1.765736376248292772e-01,-1.108733120095189406e+01,-1.146050415684204324e+02,2.094870142540598863e+02,-2.914362627294870764e-02,1.515622646176840362e+02,2.591961267222162496e+04,2.960790569746114852e+04,0.000000000000000000e+00
1.464999999999894165e+00,1.504611267580754408e+01,6.276316199546803087e-01,4.052954070464765413e-01,-1.362147224491238873e-01,-8.577839774089641989e-02,1.136336490469555260e-01,6.316509152436730119e+02,-4.372151624050123928e+02,-2.515519117927075285e+02,-3.007237828020746517e-02,1.559250060756931759e+02,2.473537278900868114e+04,2.806683217313970454e+04,0.000000000000000000e+00
1.469999999999893614e+00,1.504553588743254977e+01,6.271280218824006880e-01,4.056361169134338196e-01,-1.076692469066367341e-01,-1.045552220826948125e-01,4.828405144409205624e-02,4.648631013375529619e+01,8.525400473794798017e+01,1.108889475193145699e+02,-3.112072867280986366e-02,1.605943026292974025e+02,2.534801910780748585e+04,3.151612539387663855e+04,0.000000000000000000e+00
1.474999999999893063e+00,1.504506719265526016e+01,6.266136242902933251e-01,4.057907141112436777e-01,-9.415569636343058824e-02,-1.027528002040654503e-01,3.445768394405314405e-02,9.193628408450899769e+01,-7.976287742938950487e+01,1.801493242197146856e+02,-3.219028130507655544e-02,1.652410493131144165e+02,2.909744006353664736e+04,3.100913548366138639e+04,0.000000000000000000e+00
1.479999999999892513e+00,1.504461236162969584e+01,6.261260533691701546e-01,4.059765481997008596e-01,-8.755394434119342928e-02,-9.140146551901962013e-02,4.120056161031974279e-02,9.682038806402204045e+01,-8.074634593395100524e+01,1.617648270433165862e+02,-3.321399205620112483e-02,1.698421131014115417e+02,2.814593147887043961e+04,3.195027619734605832e+04,0.000000000000000000e+00
1.484999999999891962e+00,1.504409777634719880e+01,6.257150361820760232e-01,4.062889143084992827e-01,-1.147634097264114555e-01,-7.182421279121112279e-02,8.100352397520811654e-02,2.473338388619447414e+01,5.615128843398507996e+01,1.979954785340054286e+02,-3.412332470523422867e-02,1.741377956778650002e+02,2.941963030110640830e+04,3.665846408650407830e+04,0.000000000000000000e+00
1.489999999999891411e+00,1.504361014072886782e+01,6.252878177414827876e-01,4.064868702618064100e-01,-8.640342089393759917e-02,-1.060856259689377246e-01,-1.057351259644677757e-02,9.298033605314058150e+02,-5.686718923976309270e+02,-5.882580234576533940e+02,-3.504741389151054543e-02,1.779002621347109425e+02,3.041630156835223170e+04,3.233605629199277610e+04,0.000000000000000000e+00
1.494999999999890861e+00,1.504316327940016684e+01,6.247574730582335922e-01,4.064120234356506933e-01,-1.035003047196072501e-01,-9.908211808097996953e-02,1.372327736097537360e-02,9.569602112944102146e+02,-5.895576761770767007e+02,-5.285768128260225467e+02,-3.607925372126561531e-02,1.813793157339343054e+02,3.158205319585208781e+04,3.273388924658302130e+04,0.000000000000000000e+00
1.499999999999890310e+00,1.504289638701110654e+01,6.240438642945621561e-01,4.062582212008549742e-01,1.038746135406249695e-02,-8.363593837429213196e-02,5.220207061335652154e-02,-2.719716777987002274e+02,1.740373107755825004e+03,1.761651804859708136e+03,-3.703008727087520047e-02,1.846428181179961143e+02,1.335238673502852544e+04,3.466598134068389481e+04,0.000000000000000000e+00
1.504999999999889759e+00,1.504307740301875107e+01,6.237364276229745430e-01,4.067792820390649378e-01,2.694147705478557031e-02,-1.708905000635779770e-01,1.733852829926399094e-02,1.139806661932889938e+03,-6.940548106112566984e+02,-1.079940161838976564e+03,-3.690586429178930455e-02,1.857541145214610765e+02,3.007190783049281163e+04,3.162259691014828786e+04,0.000000000000000000e+00
1.509999999999889209e+00,1.504322813772654754e+01,6.230693113205389988e-01,4.069460810272918505e-01,8.137394801022523536e-03,-5.417491050326396496e-02,1.453838784148743513e-01,4.914090731457501988e+02,-1.126094800220208981e+03,-5.855356069842465558e+02,-3.704310897571039263e-02,1.865519824341250796e+02,3.236536486804560991e+04,3.543407725051413581e+04,0.000000000000000000e+00
1.514999999999888658e+00,1.504310252264032144e+01,6.223925802415463115e-01,4.072205336939786480e-01,-3.810779090441374778e-02,-1.178316951294254428e-01,8.157221032898992474e-02,-1.325323184436398151e+03,1.346010863658765629e+03,1.487748361432888942e+03,-3.716563319063925785e-02,1.873425749011600772e+02,3.003724929557523501e+04,3.922625076491036452e+04,0.000000000000000000e+00
1.519999999999888107e+00,1.504282276469998614e+01,6.219754441330381800e-01,4.077609837548921701e-01,-9.421390728623622868e-02,-9.894054979284835905e-02,9.057631989121651961e-02,-5.694974498366419766e+02,2.573410116887082495e+02,2.622057762071876823e+02,-3.705450456383735380e-02,1.879108849643301369e+02,3.775160487109481619e+04,4.324282050103666552e+04,0.000000000000000000e+00
1.524999999999887557e+00,1.504236105949546243e+01,6.215632873330865227e-01,4.084026747292447412e-01,-8.969592378964809376e-02,-1.016735792821313322e-01,1.451775994028086381e-01,9.678132106998641575e+02,-6.074625048650150347e+02,-8.156221064365358870e+02,-3.696088447187722420e-02,1.887715153674644739e+02,3.383988283194261749e+04,3.468126801269691350e+04,0.000000000000000000e+00
1.529999999999887006e+00,1.504209015661122706e+01,6.209238833333619034e-01,4.085933379283408495e-01,-4.915996064582305730e-02,-9.343445194582082614e-02,1.027361001089819453e-01,-1.378596763999448285e+03,9.943301137664136604e+02,1.613499448241729624e+03,-3.684826939906209187e-02,1.877054326702814819e+02,3.047773114417641045e+04,3.876016996670248045e+04,0.000000000000000000e+00
1.534999999999886455e+00,1.504183730912291672e+01,6.203777620542907378e-01,4.089749159994285344e-01,-4.437903447254980260e-02,-1.598478887478928523e-01,-1.804472832924558512e-02,-1.783148210157443600e+03,9.162841541303379245e+02,2.178978472429508656e+03,-3.665681317614498391e-02,1.871108288796169745e+02,2.923163917525323268e+04,3.980591189283796848e+04,0.000000000000000000e+00
1.539999999999885905e+00,1.504158747457000267e+01,6.199143195973902953e-01,4.092591718709697735e-01,-4.986487212580574535e-02,-1.084141288254168028e-01,-1.184828673977060716e-02,3.130027140001112684e+02,-4.217822709208331275e+02,-6.204687742990256538e+01,-3.625928313403288528e-02,1.849415587803693199e+02,3.562900891083210445e+04,3.914073487725153973e+04,0.000000000000000000e+00
1.544999999999885354e+00,1.504132618444678116e+01,6.195246658023568775e-01,4.094165644635743284e-01,-5.614977568348238773e-02,-3.805275741766499242e-02,9.440048312207706405e-02,5.955279891053071424e+02,-5.238697354958577534e+02,-4.985629097942724002e+02,-3.611348684076254312e-02,1.836849612122701103e+02,3.552133927515477990e+04,3.766879643617205147e+04,0.000000000000000000e+00
1.549999999999884803e+00,1.504104119182537680e+01,6.192514575879619620e-01,4.097317159206331216e-01,-5.576940348538647618e-02,-4.637262637565577050e-02,9.278629456061501801e-02,-1.098350535929980651e+03,6.119555178917702278e+02,1.397813086198789506e+03,-3.612147816845664300e-02,1.837320455974542313e+02,2.772549118619813817e+04,4.400010928262719972e+04,0.000000000000000000e+00
1.554999999999884253e+00,1.504058298320951792e+01,6.190789430097047852e-01,4.102044455351134267e-01,-1.169122538594766642e-01,-3.917237460085017109e-02,5.573831797531202115e-02,-8.940502250764285463e+02,8.510364018846363479e+02,1.584482391494562762e+03,-3.601104632742599398e-02,1.832657446173197684e+02,1.834703916792585369e+04,4.307920026030306326e+04,0.000000000000000000e+00
1.559999999999883702e+00,1.503998904341361431e+01,6.189962566967356361e-01,4.107824046115951533e-01,-1.143425514748854371e-01,-6.459334303374575197e-03,1.506278836225635465e-01,4.237023562730574895e+02,-1.330062348758389703e+02,3.227685401661322118e+00,-3.583011012975291509e-02,1.825641819486035331e+02,3.841141558307960076e+04,3.868663423549127765e+04,0.000000000000000000e+00
1.564999999999883151e+00,1.503943989752715282e+01,6.189864763853646368e-01,4.116314888355472323e-01,-9.201109655956567213e-02,1.598964033306275734e-02,1.992929723498611527e-01,5.161257412889221996e+02,-8.108888033994568900e+01,-2.240906894495769563e+02,-3.564281156969776460e-02,1.831073858106493333e+02,3.844060541923746496e+04,3.714017228289783816e+04,0.000000000000000000e+00
1.569999999999882601e+00,1.503897764351457234e+01,6.190786347084025198e-01,4.125061795191862224e-01,-7.013441578343221350e-02,5.564704290820875199e-02,1.827685489361162152e-01,4.260802174740257442e+02,-2.296111161465840667e+02,-3.469208780570914996e+02,-3.547599336564773165e-02,1.841566516617029663e+02,3.811324035640459624e+04,3.814276092298342701e+04,0.000000000000000000e+00
1.574999999999882050e+00,1.503860212927196649e+01,6.191762325729102123e-01,4.129784414847575968e-01,-5.595255873664249646e-02,2.211652853533713214e-02,1.981347927207085472e-03,-8.265461229897550766e+02,1.073411342356317391e+03,5.120677969529670293e+01,-3.555559232778041784e-02,1.844602584372755416e+02,1.776491422718182002e+04,4.244227654996356432e+04,0.000000000000000000e+00
1.579999999999881499e+00,1.503840332161259852e+01,6.193437922792723871e-01,4.129264729025852732e-01,-5.030066858140582603e-02,3.948739329205843730e-03,-2.459959270318513164e-02,2.354913324538424035e+02,-2.129949994684411934e+02,7.120517581236731530e+01,-3.555831237539210099e-02,1.823450388960463044e+02,4.013301658236596268e+04,3.804161273340688786e+04,0.000000000000000000e+00
1.584999999999880949e+00,1.503835040013563074e+01,6.194890096004418423e-01,4.127484769369675899e-01,2.470522754256378531e-02,6.161807620115766770e-02,-2.478019016699358965e-02,1.052625528538832896e+03,-8.976141943218086681e+02,-7.316912036071605598e+02,-3.561763680260834203e-02,1.807692886906984313e+02,3.552173050381482608e+04,3.638103033357587992e+04,0.000000000000000000e+00
1.589999999999880398e+00,1.503859497907619414e+01,6.196001901881835749e-01,4.123237147469684394e-01,5.928616131578177267e-02,3.411074098143085376e-02,-7.594238183048833413e-02,8.296870336601339204e+02,-6.519388658426271377e+02,-6.281311277375348254e+02,-3.554370345679483401e-02,1.782089020688528365e+02,3.583794714227584336e+04,3.711299522461372544e+04,0.000000000000000000e+00
1.594999999999879847e+00,1.503891995464326570e+01,6.195439884956031040e-01,4.117253530728390842e-01,4.801654125317637162e-02,1.951876072450734606e-02,-2.097934417483001204e-02,-1.506670774324015611e+03,7.181073831974795212e+02,1.619579841225020573e+03,-3.561096395942796311e-02,1.758050479057494897e+02,2.586937204529964947e+04,4.373157068304630229e+04,0.000000000000000000e+00
1.599999999999879297e+00,1.503909263518309380e+01,6.194193578206813600e-01,4.113664272395916033e-01,3.356630773326150369e-02,-5.723651480708089739e-02,-9.786264613221738740e-02,-1.435290379583524100e+03,7.395252700073983760e+02,1.758661181852756272e+03,-3.553657228848434296e-02,1.735151073122221135e+02,2.647780530941680991e+04,4.427424953772406298e+04,0.000000000000000000e+00
1.604999999999878746e+00,1.503916444572853450e+01,6.191419070611681175e-01,4.112296762239136538e-01,1.546721366780621880e-02,-7.580663311237369195e-02,-4.633201981426846722e-02,-1.214158401866040549e+03,1.066327204844833204e+03,1.400685212402517436e+03,-3.538600903928929703e-02,1.713713775321079993e+02,2.780030768925489247e+04,4.453402401395856577e+04,0.000000000000000000e+00
1.609999999999878195e+00,1.503919068129541614e+01,6.189117745562399131e-01,4.112099489330975910e-01,1.840775535946909038e-03,-3.623355194201047236e-02,-9.937298532992290719e-04,3.284435891248167536e+02,-3.127650454519335881e+02,-2.926675091043546786e+02,-3.519477525364812093e-02,1.696401363441741239e+02,3.690080498660613375e+04,3.917196692260165582e+04,0.000000000000000000e+00
1.614999999999877645e+00,1.503921111516103615e+01,6.188500196984733082e-01,4.111961928821838974e-01,2.077150535792393789e-03,-1.175417783731731898e-02,-1.375879918472265769e-02,5.059280605420258325e+02,-3.155750457688986899e+02,-4.671882390565621677e+02,-3.509982972804223667e-02,1.685949485605053439e+02,3.617700359969658894e+04,3.826220615759299835e+04,0.000000000000000000e+00
1.619999999999877094e+00,1.503921791875566605e+01,6.187961702416383547e-01,4.111378018359793107e-01,-4.239000038663708232e-03,-8.212655847057910054e-04,2.063922282339209283e-02,8.597646777013113706e+02,-3.760884041654287557e+02,-8.749562541880200115e+02,-3.514204066748672500e-02,1.680740458195625422e+02,3.439901838358755049e+04,3.624107810568353307e+04,0.000000000000000000e+00
1.624999999999876543e+00,1.503915867621149438e+01,6.187568269645391528e-01,4.111853528208211928e-01,-2.348913200291093475e-02,1.470916966543775418e-03,3.614525588005682716e-02,7.299503913395542440e+02,-4.554512493489128815e+02,-6.869280526979615615e+02,-3.509517894356078277e-02,1.674962340265380760e+02,3.564386212513645296e+04,3.843677003011800844e+04,0.000000000000000000e+00
1.629999999999875993e+00,1.503900315924692777e+01,6.186583326426899898e-01,4.112951067259140170e-01,-3.775770488403748515e-02,-2.564959138249945855e-02,2.192510848133077950e-02,5.267594740829617876e+02,-3.611762941828432645e+02,-3.663566552668382883e+02,-3.507546385352553614e-02,1.672639349982832755e+02,3.709438111629951163e+04,3.983837174996954855e+04,0.000000000000000000e+00
1.634999999999875442e+00,1.503882314479185922e+01,6.185476198903808731e-01,4.113924870549026669e-01,-2.945909613590227266e-02,-2.680450298040304435e-02,-2.772438601560144392e-02,-1.540639489245272671e+03,6.198734720111899605e+02,2.025790028372931374e+03,-3.513743889811175858e-02,1.674999029210820822e+02,2.553959195272129364e+04,4.452722838158783998e+04,0.000000000000000000e+00
1.639999999999874891e+00,1.503865838471707406e+01,6.185315921125764671e-01,4.115325467088507549e-01,-2.827829058393448516e-02,1.167635029727753272e-02,3.919674661730557924e-02,-1.183217322801587216e+03,6.928710780756956638e+02,1.521334544389958864e+03,-3.512760954258303814e-02,1.675790439183537046e+02,2.640971048014541520e+04,4.571912992897651566e+04,0.000000000000000000e+00
1.644999999999874341e+00,1.503852497587939219e+01,6.185448666435314768e-01,4.116449125617134275e-01,-1.998810047176561439e-02,-1.750687004195350394e-02,-1.384336968523818510e-02,-1.584626398164818511e+03,6.723706615511853215e+02,1.976592274164065657e+03,-3.507345506413625524e-02,1.672957871727727763e+02,2.550015107795016957e+04,4.463697193243460060e+04,0.000000000000000000e+00
1.649999999999873790e+00,1.503835907152277152e+01,6.184738993353418035e-01,4.118828552874106430e-01,-3.573511783870533809e-02,-2.317491295862446343e-02,4.899324381456249961e-02,7.475085564668779625e+02,-4.121629821681403882e+02,-6.455299069665890102e+02,-3.492780204292413038e-02,1.671486817307125818e+02,3.728526875249032310e+04,3.734884334640596353e+04,0.000000000000000000e+00
1.654999999999873239e+00,1.503820851114141988e+01,6.183691899656343915e-01,4.120454516616923191e-01,-2.103361940806723965e-02,2.346432967772235298e-02,8.665810809249613333e-02,2.771623820626874704e+02,-3.278355063657466673e+01,-1.023085429716753652e+02,-3.491067066377419315e-02,1.674569402547184325e+02,4.056092480453755707e+04,4.107360851583083422e+04,0.000000000000000000e+00
1.659999999999872689e+00,1.503800504937639637e+01,6.184606202216469395e-01,4.123766655392737124e-01,-4.804083233375113643e-02,3.958114666155625877e-02,9.583441046191806811e-02,-1.446668143834333478e+03,4.983670792354519676e+02,1.661190095419202862e+03,-3.490336704543586799e-02,1.685181841348357352e+02,2.554205291780017069e+04,4.420924186027525866e+04,0.000000000000000000e+00
1.664999999999872138e+00,1.503780501596010311e+01,6.185218769022317042e-01,4.126487424695868822e-01,-3.722376369075990066e-02,3.734407249702569043e-02,8.771323191206766012e-02,-1.180910362042128781e+03,7.365416159883890259e+02,1.375956827915184931e+03,-3.489216442690092762e-02,1.691982858047913112e+02,2.658415767444887388e+04,4.501245184673157200e+04,0.000000000000000000e+00
1.669999999999871587e+00,1.503766199505860079e+01,6.185288304986403807e-01,4.127508763686379423e-01,-1.382315156495370935e-02,-4.908261133653188391e-02,-6.532473802041899313e-02,-1.256726430478655629e+03,1.099190565244787194e+03,1.509387619998371974e+03,-3.493524807974129204e-02,1.693346028995338486e+02,2.718050133736401040e+04,4.617378306674151099e+04,0.000000000000000000e+00
1.674999999999871036e+00,1.503754176363724149e+01,6.186081915215704274e-01,4.129835014688146844e-01,-1.868466466698907869e-02,-1.890700934893287805e-02,-1.967829988470551870e-03,8.106068294302550612e+02,-4.616287036746088575e+02,-6.324591929736966449e+02,-3.472105377167283152e-02,1.686299919660534385e+02,3.627080126026799553e+04,3.905082585578880389e+04,0.000000000000000000e+00
1.679999999999870486e+00,1.503750045520170175e+01,6.185725772940812162e-01,4.129242084650420197e-01,-6.544499755653997337e-03,2.075049636855011426e-02,1.443847855533437856e-02,7.735254517209451706e+02,-4.785435347124900431e+02,-6.216770854485761220e+02,-3.475743715032255515e-02,1.684199790496040521e+02,3.737213357738202467e+04,3.868749262011617247e+04,0.000000000000000000e+00
1.684999999999869935e+00,1.503750711025318587e+01,6.186043813201079766e-01,4.128293442788026901e-01,2.327797961160290728e-04,1.855261191831245743e-02,1.857189921787245034e-03,7.399604886574117018e+02,-4.143995159650052642e+02,-5.829652943409309955e+02,-3.476951208060113929e-02,1.679428964837261447e+02,3.698673150201881072e+04,3.819205856920062797e+04,0.000000000000000000e+00
1.689999999999869384e+00,1.503751203063452380e+01,6.186399134841957803e-01,4.127824415787999524e-01,1.631323837671493483e-04,2.874771901032649023e-03,-1.519956812560863124e-02,4.910948210591670886e+02,-6.116336557404050609e+02,-2.744944243962312385e+02,-3.478026010453107858e-02,1.676037935789684639e+02,3.654804988344929734e+04,4.029299909934572497e+04,0.000000000000000000e+00
1.694999999999868834e+00,1.503751903492821285e+01,6.187265790268904331e-01,4.127661599777869283e-01,5.293719149456053985e-03,3.004783253949661233e-03,-4.580229046922702080e-02,5.067928796729741521e+02,-3.597614311850026638e+02,-4.090174211494917245e+02,-3.478096050235240932e-02,1.673778462173439721e+02,3.794931191136616690e+04,3.928176994246929826e+04,0.000000000000000000e+00
1.699999999999868283e+00,1.503749357914715468e+01,6.188126922841968858e-01,4.128001930809654385e-01,-9.762343442414712219e-03,-6.655018447466176917e-04,-1.679090280938187914e-03,6.800554926910665472e+02,-4.331984929536019422e+02,-5.678116953092697941e+02,-3.479833661651571264e-02,1.672399055643194004e+02,3.723336107085030380e+04,3.983295914584810089e+04,0.000000000000000000e+00
1.704999999999867732e+00,1.503745130049863477e+01,6.188289578884960118e-01,4.128201278127307527e-01,-1.018460890168974451e-03,-2.018748407152751861e-02,-4.368298173031590070e-02,-1.588482571151366756e+03,7.322945561317170586e+02,2.007509700557755878e+03,-3.486517278818913185e-02,1.674148442448913556e+02,2.568714820768782010e+04,4.497382997536203038e+04,0.000000000000000000e+00
1.709999999999867182e+00,1.503737389463998220e+01,6.188103665579304247e-01,4.129451376422339504e-01,-1.576580681919701604e-02,-1.293544711065760036e-02,6.294530331690726538e-03,-1.202490590481523213e+03,8.251986739575320371e+02,1.529879929191027941e+03,-3.487467463891623376e-02,1.676363237520237988e+02,2.748882785157143371e+04,4.509738747423262248e+04,0.000000000000000000e+00
1.714999999999866631e+00,1.503728780720000380e+01,6.188307649952627942e-01,4.130987754050991501e-01,-2.648307339491860063e-02,2.993272240791684802e-02,9.392177151423808379e-02,7.303059184508758790e+02,-7.433512631395628887e+02,-5.341547238130765436e+02,-3.483043300448870200e-02,1.679164087170429696e+02,3.761748609114612918e+04,4.027944814364336344e+04,0.000000000000000000e+00
1.719999999999866080e+00,1.503720171645882253e+01,6.187829096880030910e-01,4.132247601855003616e-01,-1.094601602731179284e-02,1.764966452230679397e-02,3.419235996442094444e-02,9.890797286121462548e+02,-5.053530230798091338e+02,-8.680273182690672229e+02,-3.480143881904351755e-02,1.679353382402209149e+02,3.640189476093154371e+04,3.734087905622495600e+04,0.000000000000000000e+00
1.724999999999865530e+00,1.503722102650240977e+01,6.188412723263999604e-01,4.131831137972353241e-01,1.512576574226022312e-02,4.537529871964191691e-02,1.063188269475395797e-02,5.149811486130640787e+02,-5.342003416042919071e+02,-3.417556463194300136e+02,-3.482120452963367169e-02,1.677775208826157041e+02,3.796409086568281054e+04,4.083251420421496005e+04,0.000000000000000000e+00
1.729999999999864979e+00,1.503728417156839825e+01,6.189556571739709412e-01,4.130702260889747013e-01,5.508171352575333586e-03,1.558277620386456890e-02,-1.382518727695583420e-02,-1.429306292199832342e+03,7.058605227719308459e+02,1.684622393359000853e+03,-3.488519181258280949e-02,1.674251284143696239e+02,2.697856001379948066e+04,4.559894203261088842e+04,0.000000000000000000e+00
1.734999999999864428e+00,1.503725679472638888e+01,6.189867245725119149e-01,4.130971647266351576e-01,-1.189299400063135656e-02,6.716847893273491382e-03,3.271700461225709317e-02,-1.295601264439406123e+03,6.906423984928520667e+02,1.554682047385689202e+03,-3.488759630189190025e-02,1.673511903297623462e+02,2.719590263379738099e+04,4.579799678215044696e+04,0.000000000000000000e+00
1.739999999999863878e+00,1.503720492094503491e+01,6.190165714113213813e-01,4.131631843305488827e-01,-8.388121394509867601e-03,1.149966221996119933e-02,1.500989314827368484e-02,-1.341835140375768788e+03,6.972298184783813895e+02,1.600076136136454352e+03,-3.486989012298818275e-02,1.673677115288573987e+02,2.735607801910716080e+04,4.542146324392256793e+04,0.000000000000000000e+00
1.744999999999863327e+00,1.503717359600345205e+01,6.190621799670390502e-01,4.131557660347877636e-01,6.326540665170723478e-03,-3.505999771167427059e-02,-8.972406893552382912e-02,-1.717310283535206281e+03,7.808846752735480550e+02,2.166395978408337214e+03,-3.490100044222851916e-02,1.674596366805577077e+02,2.537103099531049520e+04,4.525457238044279075e+04,0.000000000000000000e+00
1.749999999999862776e+00,1.503708231738143830e+01,6.190974830749873536e-01,4.134166953033402980e-01,-1.391509568982723412e-02,-2.154418456692606260e-02,-4.944825601489111905e-03,8.779588372708897168e+02,-3.520421273903046995e+02,-7.761164528380605816e+02,-3.474951620542508779e-02,1.673461341133374845e+02,3.676156460608165798e+04,3.805614404994471988e+04,0.000000000000000000e+00
1.754999999999862226e+00,1.503701222317449471e+01,6.190942664772051129e-01,4.135180925709701083e-01,-2.130491528755296821e-02,1.878419694535660503e-02,6.372573195277025926e-02,9.030737077509379560e+02,-5.211193424996802150e+02,-7.515029211400909617e+02,-3.474820863680903871e-02,1.676516715257183137e+02,3.642392656133220589e+04,4.026625836048748170e+04,0.000000000000000000e+00
1.759999999999861675e+00,1.503697476537968569e+01,6.190575762567025464e-01,4.135494365656747218e-01,-1.728650306123900512e-02,3.819607799973046697e-02,1.010454972023511755e-01,7.937163272104036196e+02,-7.165870154184493686e+02,-5.993294281931782734e+02,-3.480170212466178470e-02,1.680397130106033785e+02,3.723123905618732533e+04,4.144372986141739239e+04,0.000000000000000000e+00
1.764999999999861124e+00,1.503694157924895336e+01,6.189927071380386669e-01,4.136206173812279618e-01,-9.848128293570693192e-03,2.621275243700877527e-02,7.387935608412346533e-02,9.072468734760573170e+02,-5.259019423372186566e+02,-7.537481795008559402e+02,-3.482126199155708562e-02,1.683598742123046748e+02,3.889693663049739553e+04,3.898292425924982672e+04,0.000000000000000000e+00
1.769999999999860574e+00,1.503694916783616797e+01,6.189786411500829422e-01,4.136482493195693388e-01,4.319484455400803176e-03,-1.148217619422652394e-02,-1.641065466340960524e-02,5.652086648227680143e+02,-5.327177555710997012e+02,-3.425487692261556276e+02,-3.483689879798222699e-02,1.683890290925694728e+02,3.763131240793418692e+04,4.130259074066494213e+04,0.000000000000000000e+00
1.774999999999860023e+00,1.503692502159575106e+01,6.189545157715481416e-01,4.137219640381435415e-01,-4.989421574183529676e-03,-8.638288474081472906e-03,7.045125180996171348e-03,7.972481492166986072e+02,-5.189030491012439370e+02,-6.180105174346952026e+02,-3.483189921104089259e-02,1.685437952152388164e+02,3.843127675870650273e+04,3.965035237587734446e+04,0.000000000000000000e+00
1.779999999999859472e+00,1.503688479454142346e+01,6.189314818000883900e-01,4.138033709778258240e-01,-1.234587735349668321e-02,-2.578168395437806237e-03,2.889329362572432350e-02,9.801619428328826871e+02,-4.943020577912128601e+02,-8.506015827098007094e+02,-3.483424842902827639e-02,1.687812450278254630e+02,3.795756411972420756e+04,3.747374319454686338e+04,0.000000000000000000e+00
1.784999999999858922e+00,1.503682657539450851e+01,6.189000222321022759e-01,4.138934573719008636e-01,-6.750748491753296061e-03,-3.288982745709970873e-02,-1.901740507663376642e-02,-1.419339741958014429e+03,8.953678805579904747e+02,1.627934742917023868e+03,-3.486170626330812455e-02,1.692465465102696385e+02,2.801502414007206971e+04,4.580004631087920279e+04,0.000000000000000000e+00
1.789999999999858371e+00,1.503676165100868545e+01,6.188636796650974770e-01,4.140434171994459844e-01,-5.389229686199437271e-03,-2.224983074448899298e-02,-4.165728370842255827e-03,9.518320474268662110e+02,-4.402241873697539631e+02,-7.996916493511740782e+02,-3.483443639072164588e-02,1.697747856528927173e+02,3.750987369902803039e+04,3.764790011535947269e+04,0.000000000000000000e+00
1.794999999999857820e+00,1.503672515957692646e+01,6.188026487278364129e-01,4.141530221588198835e-01,-7.098878316564050453e-03,-2.150213229964704348e-02,1.775305656603388960e-02,9.443056223721837341e+02,-5.679276224272796298e+02,-6.751836637313992924e+02,-3.483698910574329483e-02,1.704440650658790730e+02,3.777277043333164329e+04,3.843625345323711372e+04,0.000000000000000000e+00
1.799999999999857270e+00,1.503675859490462763e+01,6.188993286913414549e-01,4.142598169733978097e-01,1.210863026460799394e-02,1.393685360755587792e-02,-7.559301087510733076e-03,6.392111309524905209e+02,-5.160190297266547077e+02,-5.283386741092101602e+02,-3.486440645388075993e-02,1.713839075389892912e+02,3.897960720054202102e+04,3.814789199263932096e+04,0.000000000000000000e+00
1.804999999999856719e+00,1.503679013889396465e+01,6.190609916946976377e-01,4.143403851825871453e-01,6.209000336403077379e-03,1.959602682336872986e-02,-3.091370829696961278e-03,5.978147090258297567e+02,-4.742864590219105594e+02,-4.703599242261717563e+02,-3.491112349135343934e-02,1.721484260983976924e+02,3.660617430927430541e+04,4.000351952269321919e+04,0.000000000000000000e+00
1.809999999999856168e+00,1.503679387563164838e+01,6.191770884800760211e-01,4.144102368891398047e-01,7.488804332603652032e-03,-6.677386708310320551e-03,-2.985878137119840278e-02,9.167095288147877454e+02,-4.709382890981882497e+02,-7.692049002799705022e+02,-3.497198324981638101e-02,1.726570818842191670e+02,3.764533455037565000e+04,3.657779802423170622e+04,0.000000000000000000e+00
1.814999999999855618e+00,1.503683095603223308e+01,6.193148986173366843e-01,4.143576025178818956e-01,4.083724967656787545e-03,4.692806186578207805e-02,2.734456536871483420e-02,1.018784202981221597e+03,-6.059823406666117762e+02,-8.893442402486375613e+02,-3.505266712080060826e-02,1.728439869577258889e+02,3.724417798654369108e+04,3.602962689418069931e+04,0.000000000000000000e+00
1.819999999999855067e+00,1.503686013858659010e+01,6.194421229291579012e-01,4.142869275271185425e-01,5.256036794030245589e-03,1.528641390922846205e-02,-2.354039545410591128e-02,-1.252123197496966895e+03,1.361901530785846262e+03,1.481842728325133976e+03,-3.511923557074288910e-02,1.729529749783230557e+02,3.098131168072779838e+04,4.047410991590563208e+04,0.000000000000000000e+00
1.824999999999854516e+00,1.503693662030268285e+01,6.196257432518683661e-01,4.142200921601200680e-01,2.280880094678201103e-02,3.031778308450676362e-02,-4.321379426126543966e-02,5.802123671866801260e+02,-4.463849560697007632e+02,-3.423997359960992526e+02,-3.512634379643635174e-02,1.726915214078275937e+02,3.845248155891732313e+04,3.911583224124307890e+04,0.000000000000000000e+00
1.829999999999853966e+00,1.503701143168476939e+01,6.197859362544316797e-01,4.141652855919351617e-01,8.556408801658973301e-03,2.711157274700692899e-02,-2.269914222736071820e-03,8.479123973525594238e+02,-4.868050927503070966e+02,-6.243387886977399148e+02,-3.518131303940997406e-02,1.724059502755577853e+02,3.798178626907948637e+04,3.806616194217198063e+04,0.000000000000000000e+00
1.834999999999853415e+00,1.503705050986096126e+01,6.199040753243671986e-01,4.140957007138808543e-01,2.689718543523686358e-03,3.929716757747932221e-02,6.638035632248903001e-03,6.332388902922773468e+02,-5.198434837510608304e+02,-4.231480348130049833e+02,-3.529444903472072487e-02,1.725182414315909227e+02,3.846122574550022546e+04,4.020651596602676000e+04,0.000000000000000000e+00
1.839999999999852864e+00,1.503704045482068530e+01,6.200057138163251880e-01,4.141604593118924371e-01,-1.163026134664567205e-03,-5.334395342041507553e-03,-1.002410433810819665e-02,7.525059503874739448e+02,-4.407776335303425981e+02,-5.653865565398574518e+02,-3.532017990453999862e-02,1.727832481541337017e+02,3.765084839119588287e+04,3.845133982109717181e+04,0.000000000000000000e+00
1.844999999999852314e+00,1.503701720173478407e+01,6.200377160718804070e-01,4.142702351819121942e-01,-2.372272773727715934e-03,-9.551722263963431311e-03,-6.612984946680405644e-03,7.316194359313005862e+02,-5.688287597180582225e+02,-3.788989608252458652e+02,-3.535129079879385100e-02,1.734597186681107814e+02,3.850711491706163361e+04,4.061140543278679252e+04,0.000000000000000000e+00
1.849999999999851763e+00,1.503699520606654083e+01,6.199711107638384844e-01,4.143299592950946963e-01,-5.691781093611031177e-03,-1.502020145579410423e-02,2.248210946798774937e-02,-1.214518997587093963e+03,9.104051409016660728e+02,1.306196241012830342e+03,-3.545972833807261443e-02,1.744490370838377942e+02,2.972266387022323033e+04,4.465983337373293034e+04,0.000000000000000000e+00
1.854999999999851212e+00,1.503699014502442211e+01,6.199353772563358511e-01,4.144387718038171076e-01,3.533326244558236771e-04,1.881866031821463267e-02,5.106061918198868260e-02,-1.293219481489556074e+03,6.489924371942846619e+02,1.434885011145256158e+03,-3.545968395587245636e-02,1.751102896909131346e+02,2.806749327862078280e+04,4.460563166285949410e+04,0.000000000000000000e+00
1.859999999999850662e+00,1.503703407679129356e+01,6.198940908981009912e-01,4.145135062042946128e-01,9.090290597259995803e-03,1.675375500486354571e-02,5.124489972998817061e-02,-1.045915768897085627e+03,7.464034278128905271e+02,1.127523990802002345e+03,-3.543899023864704317e-02,1.755124722605802674e+02,2.942643197054844495e+04,4.537440050243750738e+04,0.000000000000000000e+00
1.864999999999850111e+00,1.503713676245993547e+01,6.198307772196522958e-01,4.145079858153356556e-01,1.291573916675100610e-02,-2.090472697324496389e-04,4.434622681077294432e-02,-1.295972090389347841e+03,5.502801679652327493e+02,1.390534665793889417e+03,-3.542880369175240712e-02,1.756620244328766773e+02,2.824485884058299416e+04,4.490514103998074279e+04,0.000000000000000000e+00
1.869999999999849560e+00,1.503717077789117162e+01,6.196853977380509804e-01,4.145415842473828549e-01,-8.375486958343229121e-03,-1.401847256314180112e-02,5.325426454850674951e-02,9.788538534361482562e+02,-5.267364582445104588e+02,-7.712065925755624676e+02,-3.536206702841696720e-02,1.757201946155055623e+02,3.715525151049021952e+04,3.849686191741569928e+04,0.000000000000000000e+00
1.874999999999849010e+00,1.503712842309465003e+01,6.195291248093567349e-01,4.146082328232570391e-01,-7.249261477682423030e-03,-1.617054819498779314e-02,3.911129570764818736e-02,-1.133762172590935279e+03,7.632015906504103668e+02,1.692862340672638766e+03,-3.533844200950163328e-02,1.760516014848334976e+02,1.772684211063975818e+04,4.312707524126059434e+04,0.000000000000000000e+00
1.879999999999848459e+00,1.503707196614318420e+01,6.195518895632247114e-01,4.148545110559704319e-01,-5.677018095157784034e-04,2.477389418976411531e-02,3.985664627497325502e-02,7.088216663545251777e+02,-4.819192853552773386e+02,-5.983394731805217361e+02,-3.516467057073920793e-02,1.761538338159832620e+02,3.877040916470823140e+04,3.887840217468747142e+04,0.000000000000000000e+00
1.884999999999847908e+00,1.503708281449774020e+01,6.196222694830322286e-01,4.148828460225753578e-01,-9.703982635048380087e-03,1.891596757869719661e-02,4.170049382532613202e-02,9.436619076081427693e+02,-7.462061007335829572e+02,-6.925792763886984176e+02,-3.508343178346744889e-02,1.756182557147080558e+02,3.834013698456354905e+04,3.676530489750276320e+04,0.000000000000000000e+00
1.889999999999847358e+00,1.503702437732534314e+01,6.195668582262521262e-01,4.148998388443181362e-01,-2.290276390186129357e-02,2.088905639545900889e-03,5.330595797872313829e-02,6.309665371832148821e+02,-6.403685152132823077e+02,-4.670750755644824608e+02,-3.503711873920698633e-02,1.751404870258952542e+02,3.886480929857897718e+04,3.984861221807694528e+04,0.000000000000000000e+00
1.894999999999846807e+00,1.503691824738385385e+01,6.194309176891008573e-01,4.149622422592585402e-01,-1.757112111583417416e-02,-4.150967508854151722e-02,-1.126811476152568721e-02,8.383222711563553275e+02,-5.758035936835333359e+02,-6.069189557093586700e+02,-3.495354037202920428e-02,1.747435747656620038e+02,3.824697020807949593e+04,3.752129799758968147e+04,0.000000000000000000e+00
1.899999999999846256e+00,1.503685577713418553e+01,6.192293152438463899e-01,4.149469949869291630e-01,-7.527100332684400971e-03,-3.668703975112919818e-02,7.540640466494505714e-03,-1.301130639945011808e+03,9.107703418683071277e+02,1.444130051575762991e+03,-3.501025183891035009e-02,1.746957891301454140e+02,2.730762401930921624e+04,4.525046241305454168e+04,0.000000000000000000e+00
1.904999999999845706e+00,1.503685154932101575e+01,6.191898943113745002e-01,4.149132010261019077e-01,1.160819093941779963e-02,1.718647564775322573e-02,-3.893769265568862437e-02,8.308347781789001374e+02,-4.909034033976229239e+02,-6.377737714863717429e+02,-3.479923040737100542e-02,1.738978923919683837e+02,3.780939616054684302e+04,3.755147710882398678e+04,0.000000000000000000e+00
1.909999999999845155e+00,1.503700215650983019e+01,6.194142696445958940e-01,4.145774190948656179e-01,4.556971186876025010e-02,1.046228156777468110e-01,-5.637991790497844102e-02,6.215107363562478895e+02,-5.675476778430305558e+02,-6.161158233219947533e+02,-3.475690219329550384e-02,1.723132914714410333e+02,3.831430417528666294e+04,3.699613193284374574e+04,0.000000000000000000e+00
1.914999999999844604e+00,1.503723112128677819e+01,6.197787484564675209e-01,4.141324249920130818e-01,4.633604852895307352e-02,4.553043228266229897e-02,-1.229231307068465312e-01,6.062598233143252173e+02,-5.045136750225294122e+02,-3.573929769313354541e+02,-3.486855577208148455e-02,1.704034805778355803e+02,3.824233129532567546e+04,3.743301033503194049e+04,0.000000000000000000e+00
1.919999999999844054e+00,1.503748030312417328e+01,6.201354144725934603e-01,4.137408430846762353e-01,4.138459918288531214e-02,3.602382070666406561e-02,-1.021072935587464675e-01,2.103855785382046406e+02,-3.142819929144932303e+02,-1.777646981670083051e+02,-3.490514234198926341e-02,1.684984658190554967e+02,3.682710420633607282e+04,3.724483092950158607e+04,0.000000000000000000e+00
1.924999999999843503e+00,1.503763302468731133e+01,6.204006934150302355e-01,4.134851357400120553e-01,1.361411418092069170e-02,1.932179660277456509e-02,-5.917658378346417336e-02,-1.501873775340641714e+03,6.001792650064403460e+02,1.717252760840703104e+03,-3.481375379627724143e-02,1.674848335626372489e+02,2.754561948431581550e+04,4.628705577636048838e+04,0.000000000000000000e+00
1.929999999999842952e+00,1.503754830777253204e+01,6.204531384317704124e-01,4.136012097403372056e-01,-3.234545527834919304e-02,-3.602894209648532797e-02,1.534576141582942414e-02,4.423928500547701788e+02,-3.163873125353191540e+02,-3.223613054381545453e+02,-3.496372361088757180e-02,1.674450037012767609e+02,3.748646866442167084e+04,3.971738794475788018e+04,0.000000000000000000e+00
1.934999999999842402e+00,1.503735229014873731e+01,6.203037691846864377e-01,4.139241057856877792e-01,-5.286819519694684055e-02,-2.652458892956879519e-02,1.066811212814163662e-01,6.055701152438406325e+02,-7.711143148238784306e+02,-3.953200586666332583e+02,-3.485598603306839377e-02,1.684501385951949146e+02,3.772992422058768716e+04,3.957165281312807201e+04,0.000000000000000000e+00
1.939999999999841851e+00,1.503706128684696353e+01,6.200885155617256173e-01,4.143005185156713455e-01,-5.969811617952119898e-02,-6.177764329973406410e-02,3.069938724244742137e-02,-1.201363678442656919e+03,7.451965442235438104e+02,1.423647241297594292e+03,-3.481936799594282511e-02,1.694299620207668227e+02,2.691377541934452893e+04,4.739226152600380738e+04,0.000000000000000000e+00
1.944999999999841300e+00,1.503678762747868092e+01,6.199361729929045994e-01,4.146622693261176607e-01,-4.612715274020798978e-02,-3.023910444068438411e-02,6.870839041688517335e-02,7.799278694044378426e+02,-6.446912028916353847e+02,-4.808717003954828328e+02,-3.478305823873414221e-02,1.706571977237088049e+02,3.829518328967281559e+04,4.015091355010444386e+04,0.000000000000000000e+00
1.949999999999840750e+00,1.503662612741239357e+01,6.197970990964609683e-01,4.148756036151151627e-01,-2.335841098505360425e-02,-1.132359835875286318e-02,3.577433375567304341e-02,-1.262256719016524812e+03,8.074044307882556950e+02,1.398539862450676765e+03,-3.479809174114262271e-02,1.716697719411655214e+02,2.708809800833740519e+04,4.654934994563576038e+04,0.000000000000000000e+00
1.954999999999840199e+00,1.503653387770892280e+01,6.197517394237496147e-01,4.150263445378733485e-01,-1.554590147489787536e-02,-8.597220692943914958e-03,2.048887216876587453e-02,9.289981636156094282e+02,-6.925083659176420952e+02,-6.687476744506274144e+02,-3.484810477455367594e-02,1.722389739408155265e+02,3.806639838265073195e+04,3.800401063372641511e+04,0.000000000000000000e+00
1.959999999999839648e+00,1.503648305348553116e+01,6.196649746216258414e-01,4.150957576437525609e-01,-8.079814685816413475e-03,-1.269745572705474265e-02,2.342287815417382069e-02,8.232238785262624106e+02,-6.201204404621349795e+02,-5.416850427015825744e+02,-3.489131154159393761e-02,1.727014796101021261e+02,3.840176619340684556e+04,3.963490993357431580e+04,0.000000000000000000e+00
1.964999999999839098e+00,1.503646854715427672e+01,6.195365194588350333e-01,4.151036532141493818e-01,2.076167421844450720e-03,-4.327097502278042657e-02,-3.722269687067781413e-02,-1.426782740520253810e+03,9.344204540188223973e+02,1.616643616513736788e+03,-3.494699102424872472e-02,1.731809257805665823e+02,2.604660427712236196e+04,4.714681779951822682e+04,0.000000000000000000e+00
1.969999999999838547e+00,1.503647462909630939e+01,6.195008262544456912e-01,4.150559153581138694e-01,1.758015700228947667e-02,2.431671460849478637e-03,-5.247454608027606743e-02,-1.425223008404659595e+03,1.252356822584413976e+03,1.681880834937801183e+03,-3.501230065883273457e-02,1.730449453655725165e+02,2.782561290866122363e+04,4.344842414490957890e+04,0.000000000000000000e+00
1.974999999999837996e+00,1.503658483965076087e+01,6.197357535673524431e-01,4.148865081146462797e-01,2.724355350811558801e-02,1.063054777115311766e-01,8.055867710633535933e-03,7.708116409894923891e+02,-6.491088745373854181e+02,-7.384411945725140640e+02,-3.509553542727406050e-02,1.720254803377844155e+02,3.752201808642841206e+04,3.754027406870219420e+04,0.000000000000000000e+00
1.979999999999837446e+00,1.503673233671063336e+01,6.200601294899594773e-01,4.146541017740980606e-01,3.432797959770859941e-02,9.558194952110642129e-02,-1.108010369277650543e-02,7.363707465599968600e+02,-6.847455585275672547e+02,-5.796158146718114494e+02,-3.500999504114907235e-02,1.706579936402881117e+02,3.837083265815336927e+04,3.859313861418359738e+04,0.000000000000000000e+00
1.984999999999836895e+00,1.503692481080263654e+01,6.203043039340147002e-01,4.143516168998471749e-01,3.840981372542987687e-02,7.293017236169861695e-02,-1.490890994946682431e-02,6.695170163969324904e+02,-6.052550182918108703e+02,-5.296308145391082007e+02,-3.507011821667656987e-02,1.693979726629698916e+02,3.920121474656689679e+04,3.819638440770332090e+04,0.000000000000000000e+00
1.989999999999836344e+00,1.503703377449481060e+01,6.203739572045759987e-01,4.141990838697148791e-01,2.118271356240577965e-03,1.235017875074310122e-02,2.687683249995015400e-02,7.808324249872456448e+02,-7.341119753951404618e+02,-5.729754239478279487e+02,-3.499682208580599807e-02,1.687329531469052313e+02,3.781726618542355573e+04,3.812945701299430220e+04,0.000000000000000000e+00
1.994999999999835794e+00,1.503700703397987404e+01,6.203049603898228570e-01,4.142687108393601769e-01,-4.519696340228688235e-03,-3.643093571576522249e-02,-1.703342299421220507e-02,3.773059809455718323e+02,-5.671052908207507244e+02,-2.068491641742511149e+02,-3.484789156207244998e-02,1.688721794960748070e+02,3.829269315215734969e+04,4.060247217861420359e+04,0.000000000000000000e+00
1.999999999999835243e+00,1.503693669116785969e+01,6.201409969052914528e-01,4.143358665284565534e-01,-9.817805942554698115e-03,-3.684041961070995408e-02,-1.079439336379036003e-02,-1.437807730473532956e+03,7.276912290197119546e+02,1.543209864759763605e+03,-3.501933921411484046e-02,1.693967760310828226e+02,2.723634680097047385e+04,4.628933120548044099e+04,0.000000000000000000e+00
2.004999999999836913e+00,1.503681541246061393e+01,6.200760889783226704e-01,4.145751137495536365e-01,-2.024851398306184991e-02,-5.267721944307548337e-02,-2.514837246363323120e-02,3.999872199126446617e+02,-4.603461194653363577e+02,-1.818981464259956340e+02,-3.514840561943518432e-02,1.697094520007024698e+02,3.871518625025391520e+04,4.086678821386167692e+04,0.000000000000000000e+00
2.009999999999838582e+00,1.503671198151452337e+01,6.199688487498806744e-01,4.147086401586730364e-01,-1.533423116053427189e-02,-1.900796106007082362e-02,1.361265220080184850e-02,7.540415115138683859e+02,-5.506432887587269533e+02,-4.884610985378071746e+02,-3.529337320194861349e-02,1.703311717791567332e+02,3.841228873974202725e+04,4.036976110547598364e+04,0.000000000000000000e+00
2.014999999999840252e+00,1.503663788422166903e+01,6.198263406408305309e-01,4.148369935984886347e-01,-1.772254502134586879e-02,-2.273228239561719821e-02,4.383752499056609020e-02,8.832105609741299759e+02,-5.293115830700626248e+02,-7.287982033488940488e+02,-3.533120155680100072e-02,1.710895809760271788e+02,3.844125077711735503e+04,3.872985764470895811e+04,0.000000000000000000e+00
2.019999999999841922e+00,1.503659220674901498e+01,6.196844958892904209e-01,4.149738729631892720e-01,-3.071416497088110681e-03,-4.633317943647255466e-02,-1.506131759544107260e-02,9.265295609328363753e+02,-4.017068635919277995e+02,-8.297054257668546597e+02,-3.512401753858531567e-02,1.719787046338060748e+02,3.769496252357841877e+04,3.656091980154405610e+04,0.000000000000000000e+00
2.024999999999843592e+00,1.503653280794922331e+01,6.196230178875953287e-01,4.150892804575408990e-01,-5.810258013451549339e-03,-3.845862395817874202e-02,-4.056218772284995999e-02,6.367996719845291409e+02,-7.032035071421666999e+02,-3.395449704185926976e+02,-3.491564075463782918e-02,1.724916834282161062e+02,3.729774009814335295e+04,4.035835306373632193e+04,0.000000000000000000e+00
2.029999999999845262e+00,1.503650076652296441e+01,6.196556830018843387e-01,4.150752140729976891e-01,1.413210258060029322e-03,-8.873784899097856074e-03,-4.935659399600245134e-02,5.718736670913765465e+02,-3.758605808042732406e+02,-3.661582574172931004e+02,-3.480915505493358680e-02,1.726120364382586558e+02,3.870462482678605738e+04,4.013308204564036714e+04,0.000000000000000000e+00
2.034999999999846931e+00,1.503656914597962491e+01,6.198625032722465678e-01,4.149166090699415443e-01,2.252253597757298414e-02,1.055772355773213801e-02,-9.482674117257242075e-02,6.272245506311612644e+02,-4.426708190442945465e+02,-4.426352413884001749e+02,-3.484614638141123044e-02,1.718912427946615651e+02,3.867763703749592241e+04,3.855113266383588052e+04,0.000000000000000000e+00
2.039999999999848601e+00,1.503670166439253464e+01,6.201248693905371256e-01,4.146269811454298404e-01,2.666259907547855953e-02,1.784305722080945997e-02,-9.819160679507175915e-02,4.720436720254708689e+02,-4.233483660087328531e+02,-3.051878062822787570e+02,-3.489522441741567393e-02,1.706851261497457983e+02,3.913988746948936750e+04,3.941693694470086484e+04,0.000000000000000000e+00
2.044999999999850271e+00,1.503685696597416843e+01,6.203810254111782330e-01,4.143506188609434870e-01,3.690756829372984771e-02,5.744895239532345210e-02,-5.766783998781846443e-02,-1.392578323074453465e+03,1.252732915958534477e+03,1.649729296691680474e+03,-3.490493795621188444e-02,1.695436834866763434e+02,2.921935783209696456e+04,4.192544660043563636e+04,0.000000000000000000e+00
2.049999999999851941e+00,1.503700101931272570e+01,6.205781448913015863e-01,4.141950031272481625e-01,1.805017673693532637e-02,-2.786137859558896011e-03,-4.431856651112017764e-02,-1.561461097902668598e+03,5.469303406660942528e+02,1.810187864243811873e+03,-3.481127346555334956e-02,1.689230214238908729e+02,2.622939216676124488e+04,4.585117102724622237e+04,0.000000000000000000e+00
2.054999999999853610e+00,1.503699276557607156e+01,6.206159527508194884e-01,4.142970930429542564e-01,-7.996932798764025407e-03,-3.084253207488130101e-04,2.144263512473185834e-02,1.068164963250424535e+03,-3.801934396054517720e+02,-7.842760572883423720e+02,-3.476735027102282466e-02,1.688119718868666155e+02,3.747930431716411840e+04,3.672189104582862637e+04,0.000000000000000000e+00
2.059999999999855280e+00,1.503693498864389255e+01,6.205970753935616813e-01,4.143754084454094322e-01,-1.691222486021263377e-02,-1.350721353126563447e-02,1.539323971069630342e-02,9.843849476675667347e+02,-5.052221757093705605e+02,-7.336292215150183438e+02,-3.479636080442566337e-02,1.692209205206980869e+02,3.733963547835857753e+04,3.644115736466211092e+04,0.000000000000000000e+00
2.064999999999856950e+00,1.503683296157752736e+01,6.204801388573376597e-01,4.144786551263250352e-01,-2.093004788608603117e-02,-2.721069889517719123e-02,2.244823768466723546e-02,-1.231204944526495865e+03,6.836474405008631265e+02,1.384554135505045451e+03,-3.486122756179674265e-02,1.700214208274599059e+02,2.774211442179128790e+04,4.673036368339263572e+04,0.000000000000000000e+00
2.069999999999858620e+00,1.503672371446220701e+01,6.203466667279737834e-01,4.146720645812407846e-01,-1.698238696100797321e-02,-2.837976555171034532e-02,3.853357946123320971e-02,-1.139048420720719378e+03,6.485439013687429224e+02,1.395387257412452755e+03,-3.487152111227691947e-02,1.710445572745549612e+02,2.692294562738183959e+04,4.649987156836061331e+04,0.000000000000000000e+00
2.074999999999860290e+00,1.503664843418512120e+01,6.202426747156996045e-01,4.148732089359491448e-01,-1.258083417404224150e-02,-3.323811192753986510e-02,2.502834448957233157e-03,8.970869636410692465e+02,-5.145642038840746864e+02,-6.578864419318208547e+02,-3.484393283179931800e-02,1.717892907836985614e+02,3.823281637143151602e+04,3.832138184112645831e+04,0.000000000000000000e+00
2.079999999999861959e+00,1.503657109360326061e+01,6.200985285229173583e-01,4.149377317274105526e-01,-1.434940981962411558e-02,-4.330090482505290911e-02,-6.449045500158193112e-03,-1.496066275759228574e+03,9.478600866544184100e+02,1.484658386075330327e+03,-3.492110584089518771e-02,1.726383956105325410e+02,2.767874448469661365e+04,4.734073892981569225e+04,0.000000000000000000e+00
2.084999999999863629e+00,1.503644757091536199e+01,6.200072072680257174e-01,4.150896276224816384e-01,-2.456212686066349543e-02,-8.255958775916951223e-03,3.847386344074101017e-02,-1.052394676240841818e+03,8.892483837396233639e+02,1.150817528179035662e+03,-3.485735821655133737e-02,1.730968399908621791e+02,2.889243358176741458e+04,4.695003776775005099e+04,0.000000000000000000e+00
2.089999999999865299e+00,1.503634337966116519e+01,6.199906444400269390e-01,4.152204500481149752e-01,-2.066558514721165279e-02,-4.434823146207073422e-03,2.217610879532359511e-02,1.159976078154263632e+03,-7.189238555947842997e+02,-9.481121905571558273e+02,-3.477705527956045234e-02,1.733565524383323293e+02,3.586411796728752961e+04,3.695490209704048902e+04,0.000000000000000000e+00
2.094999999999866969e+00,1.503633981992569346e+01,6.200932358397300836e-01,4.151267954830102913e-01,1.075583419312240233e-02,2.287283328278603631e-02,-5.184707535227918440e-02,6.473877565370295315e+02,-4.549529603139631035e+02,-4.902733053161146586e+02,-3.476249181307743130e-02,1.729000344068400636e+02,3.856740864446847991e+04,3.900197353854526591e+04,0.000000000000000000e+00
2.099999999999868638e+00,1.503646673322674765e+01,6.203343612498982695e-01,4.148803823344016650e-01,3.666570505037532179e-02,2.305088580475656707e-02,-1.017648485563575345e-01,6.777274463225106729e+02,-5.402313901648885803e+02,-4.192883697030489429e+02,-3.475154286947456511e-02,1.718161157437329507e+02,3.898807898929738440e+04,3.859281360376354860e+04,0.000000000000000000e+00
2.104999999999870308e+00,1.503670112465656317e+01,6.206291648375478198e-01,4.145994938601055280e-01,4.558326542703078355e-02,4.848843042253044716e-02,-5.514244997393408926e-02,2.991220200364444395e+02,-4.464896194186346747e+02,-1.940119373644014615e+02,-3.481128213511822805e-02,1.703303604413272296e+02,3.782532905502789072e+04,3.998173063792011817e+04,0.000000000000000000e+00
2.109999999999871978e+00,1.503685752370290096e+01,6.206843773383698970e-01,4.144158368896808109e-01,1.969211052471932927e-02,2.500108678918777552e-03,-8.932941080269799286e-03,7.946865384165182604e+02,-5.183964269825767133e+02,-5.962378919940911146e+02,-3.486727912788426670e-02,1.700264678210929787e+02,3.861839130243173713e+04,3.860239093756546936e+04,0.000000000000000000e+00
2.114999999999873648e+00,1.503689127502354594e+01,6.206330529884788172e-01,4.144693367477325086e-01,-2.778154803994276230e-03,-2.568728844874519981e-02,1.180053747456585866e-02,3.425794995904506095e+02,-5.775862665219345899e+02,-2.328418468192767818e+02,-3.489007011963872473e-02,1.702201200804512951e+02,3.861860520345981058e+04,4.181104819960847090e+04,0.000000000000000000e+00
2.119999999999875318e+00,1.503683462177672148e+01,6.204545739155635786e-01,4.145610087946696165e-01,-1.456827278561234271e-02,-3.604225920050588977e-02,1.732473431081577378e-02,7.674304737027268857e+02,-4.179120515790335162e+02,-6.099971180708832890e+02,-3.492543158475858167e-02,1.707603787361848617e+02,3.905296140043275227e+04,3.908625222606354509e+04,0.000000000000000000e+00
2.124999999999876987e+00,1.503675597999434288e+01,6.202999277975698167e-01,4.146785067198758834e-01,-1.237081165565095953e-02,-3.354356488982503104e-02,-5.084750861995917214e-04,8.390280149350846841e+02,-3.751950864073853609e+02,-7.645405780969017542e+02,-3.490066869066549282e-02,1.711977379425136121e+02,3.800318566048544744e+04,3.770384274299443496e+04,0.000000000000000000e+00
2.129999999999878657e+00,1.503668993534274279e+01,6.201826532616249166e-01,4.147528862676944650e-01,-9.189682728291180200e-03,-3.280912128310359277e-02,-3.690702990842548766e-03,-1.210241008402051875e+03,8.266784522679640759e+02,1.244248807954020776e+03,-3.491351777261851586e-02,1.716808356909467932e+02,2.944555867962477714e+04,4.649114966518929577e+04,0.000000000000000000e+00
2.134999999999880327e+00,1.503662230202391470e+01,6.200580694598595288e-01,4.148181403801191047e-01,-7.229880768455493843e-03,-4.527577121215894951e-02,-2.914143790292470643e-02,-1.332280941387516577e+03,8.879116122097738071e+02,1.518723078880541379e+03,-3.490721123070091025e-02,1.721179602432435729e+02,2.791367975324520012e+04,4.667949772118191322e+04,0.000000000000000000e+00
2.139999999999881997e+00,1.503650802600809300e+01,6.199796930551704222e-01,4.150088947693331698e-01,-1.530391271595425706e-02,-6.046202990933774446e-02,-3.541179379725886006e-02,-1.203840491874299232e+03,9.463221522048562520e+02,1.356668212056629727e+03,-3.482112838383473463e-02,1.726606645588246920e+02,2.889230679209091613e+04,4.732467605909463600e+04,0.000000000000000000e+00
2.144999999999883666e+00,1.503638247461696587e+01,6.199008623158314135e-01,4.151341337033299661e-01,-1.758815365797351815e-02,-1.956600344108419195e-02,-1.862649185451942593e-02,-1.234152810163986942e+03,9.085996177337186737e+02,1.421178838522505430e+03,-3.491703604658043941e-02,1.733544357898267947e+02,2.666997055147286665e+04,4.701198767677180876e+04,0.000000000000000000e+00
2.149999999999885336e+00,1.503631393504826619e+01,6.199662048247087665e-01,4.152048615248943864e-01,9.278420845314310633e-03,5.268692185383144072e-02,1.100307796188103662e-02,9.187752054212381836e+02,-6.527342033217455537e+02,-6.958674763494154831e+02,-3.490271193087901569e-02,1.733618923714657569e+02,3.835907730564739904e+04,3.823257212281964166e+04,0.000000000000000000e+00
2.154999999999887006e+00,1.503645388578957665e+01,6.201484513288112455e-01,4.149956860395302427e-01,4.356481971621037341e-02,5.955750058828269966e-02,-3.668237804488550663e-02,6.132197354518317525e+02,-5.473209264702555856e+02,-5.000432781451958704e+02,-3.500030506849986789e-02,1.723787952957119671e+02,3.897843299340481462e+04,3.953170188541375683e+04,0.000000000000000000e+00
2.159999999999888676e+00,1.503670033749832768e+01,6.203199692146615929e-01,4.146780742897821503e-01,5.191423536156505175e-02,1.121520648963416321e-02,-9.031820468374546218e-02,7.080105437354307014e+02,-4.855313704949471116e+02,-4.785874050090781680e+02,-3.496078351301572934e-02,1.712486756300218360e+02,3.872615124660720903e+04,3.755068480586710211e+04,0.000000000000000000e+00
2.164999999999890345e+00,1.503695059678317314e+01,6.204639161014476878e-01,4.143846003162366953e-01,3.541172508155311649e-02,1.914718993442942468e-02,-3.674567772184048758e-02,6.136740260805582921e+02,-7.457037761183983093e+02,-2.818853437255655194e+02,-3.486595749878267786e-02,1.700996092429797955e+02,3.740928519417448842e+04,3.911136009937580820e+04,0.000000000000000000e+00
2.169999999999892015e+00,1.503704433767789972e+01,6.205000396484137148e-01,4.143297653440239925e-01,4.988311479474541281e-03,-1.572473807335962592e-02,-1.005806829736813693e-02,4.899475739513039798e+02,-4.850135743626798330e+02,-4.454261310413360206e+02,-3.483396500437804105e-02,1.697543781443537227e+02,3.654648621777630615e+04,3.767733242489577242e+04,0.000000000000000000e+00
2.174999999999893685e+00,1.503701687859352276e+01,6.203824836887285032e-01,4.143952881258132770e-01,-5.390476086241417601e-03,-5.601252944403464773e-02,-3.024585938851455727e-02,-1.346028983802287712e+03,7.791210955700549903e+02,1.511303548610412463e+03,-3.484396767458582816e-02,1.701970154394911958e+02,2.727161564365535378e+04,4.667057761013946583e+04,0.000000000000000000e+00
2.179999999999895355e+00,1.503692428572338002e+01,6.202646758296370688e-01,4.145664308284183752e-01,-2.468773672406503542e-02,7.396644573751270414e-03,7.537438820171950271e-02,1.059234981119787790e+03,-4.463169702900514721e+02,-8.717613635199300006e+02,-3.480716091939041468e-02,1.707109854926827950e+02,3.661486675074622326e+04,3.670091166112609062e+04,0.000000000000000000e+00
2.184999999999897025e+00,1.503683775350475749e+01,6.201765322533094871e-01,4.146861754561865232e-01,-1.173902442098907067e-02,-3.485997673695129945e-02,1.039034554815932440e-03,9.067081166402940653e+02,-4.852954250172038542e+02,-6.849162345532299696e+02,-3.479815377175496383e-02,1.711478474972716697e+02,3.838407804132344609e+04,3.785152372493027360e+04,0.000000000000000000e+00
2.189999999999898694e+00,1.503676363923204562e+01,6.199962076943380529e-01,4.147970109538287597e-01,-1.678713321945852696e-02,-5.331795760089595021e-02,2.211972105570039412e-02,8.699243951239823218e+02,-6.358453217211085757e+02,-6.155982312722512688e+02,-3.476020674834804508e-02,1.716485221093671498e+02,3.793481996344860090e+04,3.810274533013664768e+04,0.000000000000000000e+00
2.194999999999900364e+00,1.503664596589969449e+01,6.197037693250010415e-01,4.149285505823153142e-01,-2.062594300494684577e-02,-8.537846559707941430e-02,-2.896741073173136893e-02,7.584037342150948007e+02,-4.338400563215208194e+02,-5.276671934920535705e+02,-3.470340019310704655e-02,1.721060839197139671e+02,3.799344122607592726e+04,3.825379907454856584e+04,0.000000000000000000e+00
2.199999999999902034e+00,1.503651211418303824e+01,6.196081562298866308e-01,4.151160727458502175e-01,-1.902441662146586721e-02,-1.623241500781540461e-02,-3.212764204431826833e-03,7.021832185096423018e+02,-3.150727254171605409e+02,-4.947877608500047018e+02,-3.455841283759369942e-02,1.721576575209501243e+02,3.870271558576193638e+04,4.011565052290529275e+04,0.000000000000000000e+00
2.204999999999903704e+00,1.503653452528182832e+01,6.197379670895275527e-01,4.149683252112714715e-01,1.982234443382712222e-02,3.069003830112880180e-02,-7.021840868972950567e-02,7.899934331785218546e+02,-4.879227535413746182e+02,-5.744846878877229983e+02,-3.471961220415208799e-02,1.717582214128343878e+02,3.834512303583764879e+04,3.770907696391821810e+04,0.000000000000000000e+00
2.209999999999905373e+00,1.503672818338748485e+01,6.200888077983625069e-01,4.147255776369114244e-01,4.592553603577899379e-02,5.786643764804261236e-02,-7.156466137278445772e-02,4.971288177923510148e+02,-6.293750262143295231e+02,-2.713144624814862595e+02,-3.507469530760486121e-02,1.703746650248979222e+02,3.911297476056421874e+04,3.936930990541623760e+04,0.000000000000000000e+00
2.214999999999907043e+00,1.503693695667229058e+01,6.202158353176342453e-01,4.144136757898877477e-01,3.286911407756380743e-02,4.519772055767933006e-02,1.254777708893758600e-02,6.186779870333684812e+02,-5.945968384449704445e+02,-5.617943489264365553e+02,-3.504841150697118879e-02,1.695940789664982447e+02,3.824677686416092183e+04,3.884133629285800998e+04,0.000000000000000000e+00
2.219999999999908713e+00,1.503704930096223435e+01,6.202537462242037059e-01,4.143338596321006206e-01,3.507762460669743010e-03,2.010706860651633593e-02,3.255800829910552446e-02,5.693464030511127021e+02,-6.433309634332439373e+02,-5.072679123424402974e+02,-3.468844751818982164e-02,1.693964580028896592e+02,3.800750700106433942e+04,3.898271992607640277e+04,0.000000000000000000e+00
2.224999999999910383e+00,1.503702893133157303e+01,6.202193877364363672e-01,4.143609844036909018e-01,-8.844958609566241220e-03,-2.352321371223422414e-02,-5.078009657816384345e-03,8.482075234786202600e+02,-3.141056859596437221e+02,-5.746068899046139222e+02,-3.473627672975741071e-02,1.696719573317417940e+02,3.795529332527637598e+04,3.816975360127574095e+04,0.000000000000000000e+00
2.229999999999912053e+00,1.503696193388358004e+01,6.201807763153519559e-01,4.144458758639080198e-01,-1.633379343980272125e-02,1.052944135872463903e-02,4.016104636756446383e-02,-1.274587235064831475e+03,5.547091033502310893e+02,1.509542155171296827e+03,-3.475479248410359018e-02,1.702209681490853654e+02,2.655726141371981794e+04,4.559332718937884056e+04,0.000000000000000000e+00
2.234999999999913722e+00,1.503688188148952420e+01,6.201377652603228263e-01,4.145763606882640895e-01,-1.970928090141565309e-02,-4.261750239262044986e-03,4.429877615717996847e-02,7.153631825695617863e+02,-5.970118976169437701e+02,-5.970600396269886687e+02,-3.473213329719983256e-02,1.707656875324195482e+02,3.825520061989747046e+04,3.916752288610237883e+04,0.000000000000000000e+00
2.239999999999915392e+00,1.503678472178239289e+01,6.200377343154329646e-01,4.146826775602567849e-01,-1.931002585485942433e-02,-3.699382087493587740e-02,-5.434144106210811974e-03,6.404601540020273660e+02,-2.110871990385035417e+02,-5.387011744048488708e+02,-3.487879620057610097e-02,1.713331996199533478e+02,3.705798582718084072e+04,3.787785499513720424e+04,0.000000000000000000e+00
2.244999999999917062e+00,1.503674300582199486e+01,6.200976901999055713e-01,4.147477837838803860e-01,1.012905088051571168e-03,2.855807142970416459e-03,-2.788460729618731301e-02,1.014931984340877307e+03,-4.250947777477090881e+02,-4.468266090224893787e+02,-3.472195827035082227e-02,1.714300025534937220e+02,3.726667026911515859e+04,3.695592906438809587e+04,0.000000000000000000e+00
2.249999999999918732e+00,1.503675983544883366e+01,6.201160521589997865e-01,4.147563287540114718e-01,-1.127596335222205703e-03,1.669476639302795717e-02,1.968250413745305932e-02,1.048007024139379837e+03,-5.907175493386139351e+02,-9.113398882255085027e+02,-3.477272025724743171e-02,1.717120164011048757e+02,3.721369115378984861e+04,3.607279642991327273e+04,0.000000000000000000e+00
2.254999999999920401e+00,1.503676774867447286e+01,6.201320455799140818e-01,4.147569003637220919e-01,-6.629878289458060459e-03,8.905235574983166175e-03,3.001967226375386322e-02,8.884515261747123986e+02,-6.891438332530402704e+02,-6.545812863206956536e+02,-3.480577519148236182e-02,1.717867836529876229e+02,3.728276139352052996e+04,3.754880096283760940e+04,0.000000000000000000e+00
2.259999999999922071e+00,1.503674788603729873e+01,6.200191835863904100e-01,4.147370121790255881e-01,-2.927020027155131671e-03,-3.434340810546059747e-02,-2.547286600319453170e-02,-1.443918458400373538e+03,6.162942241254385181e+02,1.679840736941169553e+03,-3.486549530703901556e-02,1.719996441757995456e+02,2.628508137394443474e+04,4.612980901031348185e+04,0.000000000000000000e+00
2.264999999999923741e+00,1.503668311626116605e+01,6.199360822803409166e-01,4.148350954254425016e-01,-2.267677146853698186e-02,2.481570661886983373e-02,9.163033637232041728e-02,9.498013099416449450e+02,-6.482713627326504593e+02,-7.876668671307249951e+02,-3.476989526164207117e-02,1.720893760472453096e+02,3.804159018771160481e+04,3.900828744955272123e+04,0.000000000000000000e+00
2.269999999999925411e+00,1.503664265149572543e+01,6.198366286436565176e-01,4.148478220971879016e-01,-1.701974430676531091e-02,1.748720417218151135e-02,7.644992987635366999e-02,1.088843286005137315e+03,-6.411394097093983646e+02,-8.607582406386027287e+02,-3.489932852534587127e-02,1.722550539130183438e+02,3.788815844900619413e+04,3.798024548042158131e+04,0.000000000000000000e+00
2.274999999999927081e+00,1.503661811660799152e+01,6.197590068520636430e-01,4.149030495978281996e-01,-2.804111499628773874e-03,-6.143010562405382645e-03,1.217567643578672081e-02,8.506015038547848235e+02,-4.151302817074093809e+02,-7.159069740603686114e+02,-3.508947584898466227e-02,1.725130892920591918e+02,3.839462201905041002e+04,3.825191585994339403e+04,0.000000000000000000e+00
2.279999999999928750e+00,1.503667383722252815e+01,6.198216235917933803e-01,4.147684345306785203e-01,2.035020966731851400e-02,-6.523789661405073395e-03,-8.032469973586427170e-02,-9.889494804967329173e+02,1.340703551113255571e+03,1.399459781477117986e+03,-3.510188731904446274e-02,1.723977020388182382e+02,3.040278098892515118e+04,4.356843053136759409e+04,0.000000000000000000e+00
2.284999999999930420e+00,1.503681990974231297e+01,6.200297821654430219e-01,4.145996372766324045e-01,3.450431654603097753e-02,-7.953780295535702385e-03,-9.533047032326545656e-02,5.458076578911280876e+02,-4.142682184928708011e+02,-3.590191627895152919e+02,-3.497623291723828132e-02,1.714594279195455897e+02,3.964510108802450850e+04,3.788436938872356404e+04,0.000000000000000000e+00
2.289999999999932090e+00,1.503702812472644723e+01,6.201608436337572305e-01,4.143285090022434392e-01,3.852443295635146758e-02,-1.696851836956562304e-02,-9.909218055961209470e-02,5.980218324718586018e+02,-5.069321120914177641e+02,-3.973035423551875738e+02,-3.497965711544888390e-02,1.703319509573574351e+02,3.853072205760004726e+04,3.776178216143308964e+04,0.000000000000000000e+00
2.294999999999933760e+00,1.503709602687422908e+01,6.201212612122493084e-01,4.142737324203581428e-01,2.966189612319276164e-03,-4.202755776214783107e-02,-4.196239060913783958e-02,5.444609947898200062e+02,-5.209419121072485268e+02,-3.997282445349177920e+02,-3.488789605703139507e-02,1.697226489414030084e+02,3.814807655879736558e+04,3.777965681663083524e+04,0.000000000000000000e+00
2.299999999999935429e+00,1.503701639938596202e+01,6.200300022475699890e-01,4.143695986788247243e-01,-2.684755982946855635e-02,-1.777605627552799814e-02,2.355631658769639578e-02,5.159973423516703406e+02,-5.273061406704140381e+02,-3.073712076147477887e+02,-3.494051675295607035e-02,1.697154331668123177e+02,3.873323261181943963e+04,4.106311369922364247e+04,0.000000000000000000e+00
2.304999999999937099e+00,1.503687211510999155e+01,6.199467048818780857e-01,4.145496827595618328e-01,-2.942590742160924172e-02,-1.835905557736400642e-02,2.666001376405384080e-02,7.280229406640348770e+02,-5.400075213150705622e+02,-5.346106071930707913e+02,-3.505298859068876893e-02,1.700560435283939000e+02,3.845304828290203295e+04,3.881542421823348559e+04,0.000000000000000000e+00
2.309999999999938769e+00,1.503674634918630382e+01,6.198642688368923848e-01,4.146804473098412713e-01,-2.214262030043224680e-02,-1.814613461368637728e-02,1.947888179508913686e-02,6.827213533460947019e+02,-4.984382392307009013e+02,-5.442461711453457838e+02,-3.519562227934727033e-02,1.707585889090649118e+02,3.842753148754662834e+04,3.943919269429700216e+04,0.000000000000000000e+00
2.314999999999940439e+00,1.503664463126833262e+01,6.197822750940155112e-01,4.147851701863293772e-01,-1.715925451930170806e-02,-1.918162259700273778e-02,2.014301989901936055e-02,-1.151897903508555373e+03,7.939335366908431979e+02,1.398843921495860741e+03,-3.529678830488804792e-02,1.714418839613819898e+02,2.805920646090300943e+04,4.660457668718206696e+04,0.000000000000000000e+00
2.319999999999942109e+00,1.503656467202511315e+01,6.197167319672645114e-01,4.149389632697915720e-01,-2.439431284546704840e-02,7.387033353520701742e-03,8.450130302016575778e-02,1.048745543817288535e+03,-7.010273132625898143e+02,-8.400259516049783315e+02,-3.532144363617052002e-02,1.721130176384534423e+02,3.763519235739604483e+04,3.807542307290220924e+04,0.000000000000000000e+00
2.324999999999943778e+00,1.503646776562122689e+01,6.196226701982947560e-01,4.151075369489908851e-01,-1.785834593850892799e-02,-2.740259036502873391e-02,7.255493831565435446e-03,8.269502653911564494e+02,-5.817845899291667138e+02,-6.347087008207276995e+02,-3.514757859633681897e-02,1.727752597723753638e+02,3.834468899056452938e+04,3.826487929379984416e+04,0.000000000000000000e+00
2.329999999999945448e+00,1.503638717856768814e+01,6.195445044528945511e-01,4.151664234787816321e-01,-1.175388640949867787e-02,-2.361638920106549563e-02,-6.743880222094857102e-03,-1.304455551353736155e+03,8.322457218140206123e+02,1.572078553427955285e+03,-3.502617074589016444e-02,1.733267563559961673e+02,2.590794435305451043e+04,4.596362240365549951e+04,0.000000000000000000e+00
2.334999999999947118e+00,1.503638647866940659e+01,6.196354981516855043e-01,4.151508456789431145e-01,1.821352693008044046e-02,-2.074171400412869182e-02,-9.962072523890712350e-02,-1.159521701453770675e+03,1.761832137494900962e+03,1.271224144492254709e+03,-3.496395578598937570e-02,1.731640803588017832e+02,3.041415381347509538e+04,4.394499010679736239e+04,0.000000000000000000e+00
2.339999999999948788e+00,1.503655369460269675e+01,6.199263919578370530e-01,4.148884877380151770e-01,3.891325385499230100e-02,9.251293670841752304e-02,-2.745517023301301610e-02,4.966848540870471425e+02,-6.389497905570909779e+02,-3.381129690727289585e+02,-3.506150334055005424e-02,1.718277938780109935e+02,3.883780698495076649e+04,4.087369323049970262e+04,0.000000000000000000e+00
2.344999999999950457e+00,1.503676705320788010e+01,6.202096991173593477e-01,4.145413819668386513e-01,4.192601235771765272e-02,3.671467122483759726e-02,-8.057787529189532061e-02,6.749856663679970552e+02,-5.629748154611181690e+02,-4.487394570776203864e+02,-3.492752188086412080e-02,1.705029023797667946e+02,3.898600561103994551e+04,3.819438888543112989e+04,0.000000000000000000e+00
2.349999999999952127e+00,1.503700703275929484e+01,6.204815482823698991e-01,4.142293871687346973e-01,4.926833549744427665e-02,6.373971084310675606e-02,-3.917308420031996585e-02,4.690543566999895120e+02,-5.075067232609259236e+02,-3.863536207473021591e+02,-3.478203923326129293e-02,1.690097622031029516e+02,4.008515921806474944e+04,3.880398700751502474e+04,0.000000000000000000e+00
2.354999999999953797e+00,1.503714738930654704e+01,6.205822338450317499e-01,4.140537486948216994e-01,5.377325189403443090e-03,-1.486985930179422072e-02,-2.031234081619792686e-02,8.105503897573937593e+02,-3.452507823105001989e+02,-6.549131822230943953e+02,-3.474048913510349723e-02,1.681470051433436765e+02,3.736968155911485519e+04,3.634542618483478145e+04,0.000000000000000000e+00
2.359999999999955467e+00,1.503709028154792726e+01,6.205072990606012029e-01,4.141296073053117310e-01,-2.395037103215405180e-02,-4.227870475175650455e-02,-1.890342781295109489e-03,3.420199567569492274e+02,-4.143375597366726311e+02,-2.315844073990822096e+02,-3.489768022342035203e-02,1.684428941402482849e+02,3.745217056788376794e+04,3.999109058601565630e+04,0.000000000000000000e+00
2.364999999999957137e+00,1.503695451960193452e+01,6.203839016629756342e-01,4.143728109830551176e-01,-2.091649908659775139e-02,-5.446581906782968496e-02,-1.336223109735944041e-02,4.015685805985555703e+02,-5.289490592351726264e+02,-1.965118120687383225e+02,-3.475062600409034586e-02,1.690086241099562017e+02,3.806960562843846128e+04,4.061185737166891340e+04,0.000000000000000000e+00
2.369999999999958806e+00,1.503679395683346876e+01,6.201895983069245499e-01,4.145772371040378768e-01,-2.059996888090786724e-02,-5.956930962336912799e-02,-2.299128857446203558e-02,-1.302266481569149164e+03,7.586218110276809057e+02,1.463566049750403408e+03,-3.479115646781643506e-02,1.699915617059937460e+02,2.766172993184014922e+04,4.675093995552966953e+04,0.000000000000000000e+00
2.374999999999960476e+00,1.503665028396110692e+01,6.200481485203531706e-01,4.147877172329507700e-01,-2.243996209580432014e-02,-3.750479701512638570e-02,1.030001394910465447e-02,-1.014351050184092855e+03,8.623408977698280751e+02,1.122389536814140683e+03,-3.477224440983744252e-02,1.708628724062617152e+02,2.805290468806264471e+04,4.723510533614736050e+04,0.000000000000000000e+00
2.379999999999962146e+00,1.503655655882704956e+01,6.199607768173450717e-01,4.149022838405200808e-01,-8.819213985621052881e-03,-3.831827617601285541e-02,-1.978908576801205813e-02,-1.361699866983256470e+03,7.365975409941671614e+02,1.666280850814602218e+03,-3.477961553312699378e-02,1.715975839828755625e+02,2.669497890680914134e+04,4.616048528176410764e+04,0.000000000000000000e+00
2.384999999999963816e+00,1.503649943352957585e+01,6.198579812997937477e-01,4.150386587986036879e-01,-1.092836621839849559e-02,-2.074639867105170649e-02,3.556567383140717825e-02,1.028023961602648569e+03,-5.245874823168243211e+02,-7.729182939498858786e+02,-3.484033560777063249e-02,1.720938656482706222e+02,3.815150556083364791e+04,3.764586946271928900e+04,0.000000000000000000e+00
2.389999999999965485e+00,1.503646587006784330e+01,6.196978790300007311e-01,4.151148671365537113e-01,-1.073054505871176047e-03,-4.892920817642518183e-02,-3.242054837749470952e-02,6.517105402541768626e+02,-3.960337212605925288e+02,-5.341134105741866733e+02,-3.497046378844474723e-02,1.726681377949582270e+02,3.852073334696060192e+04,3.817333351732891606e+04,0.000000000000000000e+00
2.394999999999967155e+00,1.503645171432136962e+01,6.196872808969751123e-01,4.150973310551131501e-01,6.678171745842361937e-03,1.901467113879346665e-02,-2.482119301397365044e-02,-1.083647947802016233e+03,1.396577256329713236e+03,1.265923146721817830e+03,-3.502871856387690386e-02,1.728387320588489899e+02,2.950509201756801122e+04,4.403383612013089441e+04,0.000000000000000000e+00
2.399999999999968825e+00,1.503656781406160725e+01,6.199099063897834938e-01,4.148688892106336956e-01,3.145689811841071576e-02,3.861630581433253551e-02,-7.688362946914668872e-02,6.868411086420528591e+02,-4.749518084485960685e+02,-5.852935441572867603e+02,-3.501972092247018081e-02,1.718833891877310407e+02,3.881042282612056442e+04,3.793901719832682284e+04,0.000000000000000000e+00
2.404999999999970495e+00,1.503674385278320003e+01,6.201620272710524073e-01,4.145169845054203495e-01,4.045927403826059254e-02,7.888533456172509839e-02,-4.310323661285783009e-02,-1.089190649500560539e+03,1.167708810667648095e+03,1.495130306975558597e+03,-3.511991587326263042e-02,1.704949754476694181e+02,2.893780978709758710e+04,4.372399261657126044e+04,0.000000000000000000e+00
2.409999999999972164e+00,1.503694347363732220e+01,6.204282712330509986e-01,4.142429914306329786e-01,3.981981060691008184e-02,5.931533324306550309e-02,-1.312034859702050464e-02,-8.878713002410755735e+02,1.118175757437888251e+03,1.141772543672771917e+03,-3.503884405617283676e-02,1.694164237744535910e+02,3.140177917807028643e+04,4.268677797742826078e+04,0.000000000000000000e+00
2.414999999999973834e+00,1.503710663426062766e+01,6.205690478440267777e-01,4.140510195561374340e-01,2.136932286563617348e-02,1.046285871970744838e-02,-2.604200791573615774e-03,-1.454798124332076668e+03,5.497041130894060643e+02,1.735307943678707488e+03,-3.492054952677217661e-02,1.688528300750737685e+02,2.526655239921215252e+04,4.592468850659638701e+04,0.000000000000000000e+00
2.419999999999975504e+00,1.503711275189602858e+01,6.205170890992858235e-01,4.141380373466543308e-01,-1.186683359883992928e-02,-1.807469485108233534e-02,3.419754140439076884e-02,-1.436539122454850258e+03,6.335448430796548109e+02,1.606524186183525444e+03,-3.487606342364677620e-02,1.689690537507045747e+02,2.626865879182559001e+04,4.631111039694045758e+04,0.000000000000000000e+00
2.424999999999977174e+00,1.503701325089853214e+01,6.203962588187122984e-01,4.142766946000140948e-01,-1.718588640629933884e-02,-1.852865708621556640e-02,1.844946325317908462e-02,-1.010687723283881724e+03,8.020718469224817682e+02,1.143236264135357487e+03,-3.492039975075035552e-02,1.695424272120193621e+02,2.833683838595926500e+04,4.701132302999985404e+04,0.000000000000000000e+00
2.429999999999978844e+00,1.503690795426545002e+01,6.203471016360992962e-01,4.144215497111336521e-01,-1.446547618144014904e-02,-2.981094715781779786e-02,-1.270515116396927005e-02,-1.037598579457182268e+03,7.645897713134721698e+02,1.213894485155868324e+03,-3.490147941091165107e-02,1.699267496686846926e+02,2.865180800133450248e+04,4.719323594083370699e+04,0.000000000000000000e+00
2.434999999999980513e+00,1.503679666544375593e+01,6.202522968592655284e-01,4.146194284685528753e-01,-2.610033839695763414e-02,-2.084292162222447370e-02,6.143188340351640048e-02,5.876509044938850366e+02,-6.145947048633423719e+02,-4.100802244228460154e+02,-3.480933944877358938e-02,1.703821431844584140e+02,3.828724038366509922e+04,4.104384622721416963e+04,0.000000000000000000e+00
2.439999999999982183e+00,1.503667663105568408e+01,6.200524144059671450e-01,4.147938641372013735e-01,-2.702431385125604602e-02,-1.831690385408548533e-02,7.405820412101561667e-02,9.733611265615269303e+02,-5.466741894938004407e+02,-8.068503757472684583e+02,-3.479942795767342750e-02,1.712130376564694245e+02,3.857350045913402573e+04,3.866783195885147143e+04,0.000000000000000000e+00
2.444999999999983853e+00,1.503660310189228078e+01,6.199081166129820630e-01,4.149324732625466750e-01,-3.958871366589403890e-03,-5.060834734656442790e-02,-1.904346839499107893e-02,9.396003757176254112e+02,-4.651404608992463068e+02,-8.054038064050373578e+02,-3.488934359391569068e-02,1.718200372336850137e+02,3.795934631575421372e+04,3.673886948758718063e+04,0.000000000000000000e+00
2.449999999999985523e+00,1.503658183607098131e+01,6.198097528026471625e-01,4.149558295634876437e-01,3.101146182003647334e-03,-4.891598080443015917e-02,-5.224366691857967177e-02,-1.341114535461060541e+03,8.478200479552502884e+02,1.522089655565456269e+03,-3.497105468665302752e-02,1.723987981909188250e+02,2.819212836684634749e+04,4.646896153172004415e+04,0.000000000000000000e+00
2.454999999999987192e+00,1.503651407314346500e+01,6.197562494301843694e-01,4.150523714374599882e-01,-1.758416680649315181e-02,-2.127828058841193387e-02,3.661795539097860343e-03,8.505667690072243659e+02,-7.079616768785600698e+02,-6.436021637156773068e+02,-3.490514069059527658e-02,1.727643731761943400e+02,3.698321044672830612e+04,3.879855048228992382e+04,0.000000000000000000e+00
2.459999999999988862e+00,1.503645823047652286e+01,6.197988491142787382e-01,4.150717546152585258e-01,4.227336948813780956e-03,-1.661417091969289231e-02,-6.986259584926098054e-02,6.666341340391385302e+02,-4.462407308710646134e+02,-4.738981199806374889e+02,-3.483743505819998643e-02,1.728146297261904181e+02,3.850541396706882369e+04,3.820287912869453430e+04,0.000000000000000000e+00
2.464999999999990532e+00,1.503654195898874413e+01,6.199673348472167778e-01,4.148438313005640699e-01,2.603433157476652687e-02,1.968413428953911040e-03,-1.010388113379248748e-01,-1.010437914595259144e+03,1.321400351887019042e+03,1.429638237949007589e+03,-3.493289116963660401e-02,1.721717121109925017e+02,3.005529195774774053e+04,4.358960103937492386e+04,0.000000000000000000e+00
2.469999999999992202e+00,1.503673082881545042e+01,6.202168366000265776e-01,4.145762430201887505e-01,3.789112863048273161e-02,3.803116027338941489e-03,-9.468334089359362049e-02,-1.369110462491228645e+03,7.390300545067689200e+02,1.663518035569641825e+03,-3.481325030180722202e-02,1.710046430098946644e+02,2.719687519893651552e+04,4.598361163192729873e+04,0.000000000000000000e+00
2.474999999999993872e+00,1.503682947150636728e+01,6.202903635816456873e-01,4.145167945738659765e-01,6.909968061477048118e-03,1.720685896192658125e-04,1.717346200110855207e-03,7.712866586205673229e+02,-6.347484925520591332e+02,-5.761454500228318238e+02,-3.479320239745449517e-02,1.704024624708401348e+02,3.752572507934476744e+04,3.787924069727266033e+04,0.000000000000000000e+00
2.479999999999995541e+00,1.503682876052095096e+01,6.202301551003082114e-01,4.145179499601537310e-01,-7.295591632660446309e-03,-1.399559193978423821e-02,8.971563746764001437e-03,-1.496026706578982612e+03,6.372717642865967491e+02,1.641701655379928752e+03,-3.482578604053007676e-02,1.704846192691975375e+02,2.561845608470884326e+04,4.659317605722448207e+04,0.000000000000000000e+00
2.484999999999997211e+00,1.503674984645483015e+01,6.200932746114864447e-01,4.146397955000151736e-01,-1.048927492581769837e-02,-5.632812321130607064e-02,-1.127970532281369342e-02,4.600544063256874097e+02,-4.843962115938501825e+02,-2.434781431277677655e+02,-3.478030710051525920e-02,1.707987584601389415e+02,3.883391812949374435e+04,4.057847925234083232e+04,0.000000000000000000e+00
2.489999999999998881e+00,1.503667136476791910e+01,6.199724742538552658e-01,4.147969863889537367e-01,-7.415289561450944152e-03,-5.199067524772479909e-02,-2.336032514463770582e-02,9.235097333507537769e+02,-4.571446067879146540e+02,-7.835832677235749770e+02,-3.490470149122536919e-02,1.712580891888555925e+02,3.777895144220198563e+04,3.652387918778487801e+04,0.000000000000000000e+00
2.495000000000000551e+00,1.503662616927251960e+01,6.198480820097771460e-01,4.148664702650760039e-01,-1.146801038667100495e-02,-1.398124446405177995e-02,2.907860361033304253e-02,7.733077110146242603e+02,-5.910350085587479043e+02,-5.926522558263778819e+02,-3.506730541867784934e-02,1.718768319191285627e+02,3.889508021221832314e+04,3.852455269267216499e+04,0.000000000000000000e+00
2.500000000000002220e+00,1.503658644283526868e+01,6.197746823122619597e-01,4.149601042963491082e-01,-1.492209234588082016e-02,1.999696589482659673e-02,7.856185673238938461e-02,8.377231425049396876e+02,-8.015182531666496288e+02,-5.432862884038594302e+02,-3.501218100977565584e-02,1.724333978576169386e+02,3.861832723810230527e+04,4.007981423667362105e+04,0.000000000000000000e+00
2.505000000000003890e+00,1.503660332972970970e+01,6.197674576741918351e-01,4.149078592009146638e-01,1.785922910060581612e-02,6.856451207646632046e-03,-6.349848676661985769e-02,-9.835163745454754007e+02,1.333157913383078949e+03,1.341451333675089472e+03,-3.504629616094685762e-02,1.724728574424737815e+02,3.021022627456034388e+04,4.377037227773357154e+04,0.000000000000000000e+00
2.510000000000005560e+00,1.503674942280452598e+01,6.199939935715372830e-01,4.146648123761906279e-01,3.184954314359956379e-02,6.853776936545120935e-02,-2.784619973900886308e-02,5.383222974653517667e+02,-5.184722013595687713e+02,-3.646430923484975324e+02,-3.503000536184569524e-02,1.715318931274949250e+02,3.759571004407751025e+04,4.020133288829267985e+04,0.000000000000000000e+00
2.515000000000007230e+00,1.503690779929667265e+01,6.202562211532607339e-01,4.144533733424272670e-01,3.355002969743512559e-02,1.729113529131189042e-02,-8.975816311416717763e-02,5.644347375148228139e+02,-5.572289713430113807e+02,-4.805366838769418791e+02,-3.487869545931961135e-02,1.705722013915363107e+02,3.728626759771649085e+04,3.683960366434435127e+04,0.000000000000000000e+00
2.520000000000008900e+00,1.503698410205773506e+01,6.203293607848381352e-01,4.143401940232522840e-01,3.408125562087444861e-03,1.330731542420298709e-02,1.804118749672873473e-02,1.013120452662508796e+03,-3.562227687291096458e+02,-7.022319638756764562e+02,-3.485177255950013681e-02,1.701077008073132788e+02,3.666627700723625458e+04,3.609656196026637190e+04,0.000000000000000000e+00
2.525000000000010569e+00,1.503696004098914507e+01,6.203352834250221992e-01,4.143976834212362292e-01,-1.261690363075390446e-02,-4.653508108695904484e-03,2.917077339670566885e-02,8.010391979201738195e+02,-6.602677921034558040e+02,-6.030151117621427375e+02,-3.485163762250845926e-02,1.702630117636737452e+02,3.795475284812691825e+04,3.821429847765080922e+04,0.000000000000000000e+00
2.530000000000012239e+00,1.503688634490950093e+01,6.202781267919357244e-01,4.144777091854046080e-01,-2.582283645549971959e-02,2.016048415200499822e-02,7.301924325765810075e-02,8.812670876288950694e+02,-5.849749630604575259e+02,-5.347209065831954149e+02,-3.485097747474689978e-02,1.706153193933450609e+02,3.774020450562575570e+04,3.994154105756257923e+04,0.000000000000000000e+00
2.535000000000013909e+00,1.503680288454139102e+01,6.201803835775083762e-01,4.146002019441198394e-01,-1.468197093947696576e-02,-1.985986699337604494e-02,2.093945458610833518e-02,9.781937884918287409e+02,-4.416397055032943513e+02,-7.975427686938778606e+02,-3.487310974661774615e-02,1.709762177226632218e+02,3.703636503183983586e+04,3.633820653824676992e+04,0.000000000000000000e+00
2.540000000000015579e+00,1.503673954364085930e+01,6.201134619716158758e-01,4.147303010523414324e-01,-1.421825353130676609e-02,-8.976314553050068843e-04,6.019236227794482613e-02,8.232545800824505022e+02,-5.687289748141132577e+02,-7.051378812353806325e+02,-3.489952114829635021e-02,1.715627136813405400e+02,3.842057361641660827e+04,3.896012322807108285e+04,0.000000000000000000e+00
2.545000000000017248e+00,1.503668202783146590e+01,6.199914953822613928e-01,4.147951843544856465e-01,-1.197000715324234368e-02,-3.812573367638501243e-02,-6.809925041541524220e-03,-1.558516863176692141e+03,7.803705118778365204e+02,1.727399618656773555e+03,-3.503321513210201632e-02,1.720779777971979172e+02,2.683043902663832705e+04,4.689611477696600195e+04,0.000000000000000000e+00
2.550000000000018918e+00,1.503654716159051574e+01,6.198337260625670364e-01,4.149609522614873813e-01,-2.696973872069307124e-02,-4.380500843475466921e-02,1.010646882591023296e-02,-1.234695537893204573e+03,9.388602787803719139e+02,1.405815693701445980e+03,-3.517966591898272904e-02,1.727439442765595459e+02,2.751388228170299408e+04,4.709472649323707446e+04,0.000000000000000000e+00
2.555000000000020588e+00,1.503644519048873995e+01,6.197807102693441150e-01,4.150731168894480905e-01,-3.491981891882699109e-03,9.033197412733626544e-03,-1.165752793639820636e-02,1.067791000121328125e+03,-5.290503095069036590e+02,-8.696654307084822904e+02,-3.524604020600622528e-02,1.728919464681942486e+02,3.746949339948148554e+04,3.685882580868793593e+04,0.000000000000000000e+00
2.560000000000022258e+00,1.503650776672584577e+01,6.199696389488006387e-01,4.149430147379036260e-01,2.266811477731781044e-02,8.469250430328741086e-02,1.467739887996460588e-02,9.407946189822380347e+02,-6.927375877115797493e+02,-7.298428642390670120e+02,-3.518003099396919964e-02,1.721882024931605031e+02,3.881916961907456425e+04,3.862208696141999826e+04,0.000000000000000000e+00
2.565000000000023928e+00,1.503666488051734795e+01,6.201206806160781682e-01,4.147386967572024852e-01,2.360464325552538711e-02,5.304199982815650805e-02,4.821076100667356923e-02,7.258878583088110190e+02,-7.760059515470145470e+02,-6.210463486480351776e+02,-3.500931137309955948e-02,1.713798362935899036e+02,3.816461123631109513e+04,3.869617541048797284e+04,0.000000000000000000e+00
2.570000000000025597e+00,1.503674686500065505e+01,6.201406455429672171e-01,4.147005976031652441e-01,8.469101811072285435e-03,-5.223455652079027171e-03,-1.022912983362969999e-02,6.786535270024185138e+02,-6.286934142789262978e+02,-5.614191575096429005e+02,-3.486893462762052226e-02,1.710309262610377061e+02,3.742684461592889420e+04,3.835806500088796020e+04,0.000000000000000000e+00
2.575000000000027267e+00,1.503675961787387827e+01,6.200814939344267973e-01,4.146413879776171818e-01,-1.098517951746732666e-03,-2.156638588051640326e-02,-1.069407440766103473e-02,-1.184766433463477370e+03,7.963791862614641559e+02,1.370645201102938699e+03,-3.490363098352413512e-02,1.710143203576051860e+02,2.714994514997015722e+04,4.619220712205504969e+04,0.000000000000000000e+00
2.580000000000028937e+00,1.503673260413818547e+01,6.200044344222815917e-01,4.146756906480533744e-01,-4.307372979076832045e-03,-3.405169197345933596e-02,-1.484782150125469810e-02,5.076249312449548370e+02,-5.294681705366382403e+02,-2.913385648738491227e+02,-3.492586914252886893e-02,1.711165908272862737e+02,3.864677325493648823e+04,4.081702261783510039e+04,0.000000000000000000e+00
2.585000000000030607e+00,1.503669507648570836e+01,6.198953785125710381e-01,4.147519098995943732e-01,-6.899488047878021488e-03,1.788116453443160461e-02,6.159533618035353125e-02,8.837865558909677475e+02,-5.219959394046860552e+02,-7.486102812731575114e+02,-3.502195138402378755e-02,1.714565313110989564e+02,3.909553811533720727e+04,3.800292697895249876e+04,0.000000000000000000e+00
2.590000000000032276e+00,1.503673190546402694e+01,6.199041721709966923e-01,4.147219032961720897e-01,1.832149211206679507e-02,2.054783780648942668e-02,-2.945997471144953805e-02,4.903497666984283114e+02,-6.052255077877869098e+02,-2.642492161945455678e+02,-3.497620223822003882e-02,1.713282352063286282e+02,3.929939526275323442e+04,4.036310650697254459e+04,0.000000000000000000e+00
2.595000000000033946e+00,1.503677875206124526e+01,6.199333336347299106e-01,4.146265584142059257e-01,1.511180812470239686e-02,-2.989501651940915800e-02,-7.595681865846608261e-02,-1.142938399174048072e+03,8.383844420076140977e+02,1.318873145125923656e+03,-3.497010605093617275e-02,1.714804460944598077e+02,2.915331701747270563e+04,4.682470390803022019e+04,0.000000000000000000e+00
2.600000000000035616e+00,1.503678317927677988e+01,6.200232836559061989e-01,4.147239717885239374e-01,-1.808104519283498844e-03,-1.685403451688316859e-02,-1.521175048775273014e-02,4.991954480466617383e+02,-3.357878255045672518e+02,-3.774002504692070374e+02,-3.502137889778483837e-02,1.712485512022527416e+02,3.686311786690866575e+04,4.008964317775074596e+04,0.000000000000000000e+00
2.605000000000037286e+00,1.503676228986265073e+01,6.199216690608846392e-01,4.147192507590372612e-01,-1.172997172345792601e-02,-1.665420288728881523e-02,2.852144018845339385e-02,9.097255651733148625e+02,-5.431868318658443968e+02,-5.908749280197051803e+02,-3.484472936379891944e-02,1.718464784407505306e+02,3.786778038986026513e+04,3.935239848012659058e+04,0.000000000000000000e+00
2.610000000000038956e+00,1.503670805866754989e+01,6.198651290776129308e-01,4.148211241975715002e-01,-9.085936859722275327e-03,-1.634637265856239002e-02,3.664221066024947720e-03,7.464986179079578505e+02,-7.224041199631625432e+02,-4.154705821991191783e+02,-3.482240658507526621e-02,1.722056730827095237e+02,3.811278489721460210e+04,3.977129128100861271e+04,0.000000000000000000e+00
2.615000000000040625e+00,1.503667626501559695e+01,6.197404085547911778e-01,4.148342661619308647e-01,4.567588501425376944e-03,-5.637116290687960857e-02,-6.638518751776682769e-02,-1.118725911318305862e+03,1.010763683237804457e+03,1.327272580837301803e+03,-3.487232874209494210e-02,1.728784278814144955e+02,2.927282636083931357e+04,4.644492276667079568e+04,0.000000000000000000e+00
2.620000000000042295e+00,1.503666666808984509e+01,6.197178834155128158e-01,4.148538149116944851e-01,6.022210739934094094e-03,1.067285290749092966e-02,-1.990111624626328402e-02,-8.758409366643202247e+02,1.458968946630272285e+03,1.092320839104709876e+03,-3.489884197369320928e-02,1.728493772794925292e+02,3.050572201194722948e+04,4.452279272751379904e+04,0.000000000000000000e+00
2.625000000000043965e+00,1.503678217156772767e+01,6.198980669693993084e-01,4.146183354318831449e-01,2.881808493957493250e-02,2.811178276298950326e-02,-6.796541521393548169e-02,-1.553338625346791332e+03,1.210824401541213092e+03,1.804840829311510561e+03,-3.503980245350094003e-02,1.721778844758710818e+02,2.722065574488503262e+04,4.316167925449511677e+04,0.000000000000000000e+00
2.630000000000045635e+00,1.503690503558471292e+01,6.202136519798753245e-01,4.145263446196009727e-01,2.624702146632667057e-02,1.013635511161827679e-02,-9.223935875099767423e-02,6.527125295981745694e+02,-4.135791398067551654e+02,-3.534276791841332965e+02,-3.490659700000734583e-02,1.707975210838073679e+02,3.890253841734269372e+04,3.746827866914212791e+04,0.000000000000000000e+00
2.635000000000047304e+00,1.503701886974830337e+01,6.203515288552540197e-01,4.143948457932386531e-01,4.668751810363688977e-03,6.094243825160470390e-02,7.184609079688762667e-02,8.140635062008664136e+02,-8.427570401098327011e+02,-6.770155990204614227e+02,-3.477073462553478128e-02,1.702069738479798673e+02,3.724927244958037045e+04,3.719319444450655283e+04,0.000000000000000000e+00
2.640000000000048974e+00,1.503702422098894331e+01,6.202539237774664649e-01,4.142673371212897693e-01,-4.012730638007135781e-03,-2.826002038033164840e-02,-1.246815929187059663e-02,-1.386440674493277356e+03,5.733686485880007240e+02,1.641077946604851377e+03,-3.498529038637364363e-02,1.703795323093507079e+02,2.640115583508578129e+04,4.662673861290416244e+04,0.000000000000000000e+00
2.645000000000050644e+00,1.503692355697623562e+01,6.202121090481587107e-01,4.145160210780502452e-01,-1.205540227367675118e-02,-4.632443625534442277e-02,-3.234514734211435538e-02,6.511207140480180442e+02,-4.319889688164993231e+02,-4.865980840576370383e+02,-3.479816086971476707e-02,1.704384567864002236e+02,3.854503229738202936e+04,3.851213308514310484e+04,0.000000000000000000e+00
2.650000000000052314e+00,1.503683581677397996e+01,6.200589557097877513e-01,4.145792963037308043e-01,-1.858426167514452484e-02,-4.549700455975493746e-02,-4.054332756655410971e-03,9.183466038928323769e+02,-3.478610474362749301e+02,-5.565656617533238659e+02,-3.489245301975118368e-02,1.708653680501323890e+02,3.783750281618128065e+04,3.765441521994821960e+04,0.000000000000000000e+00
2.655000000000053983e+00,1.503674572807466703e+01,6.199776454977972140e-01,4.147298297856580884e-01,-1.248940227179230582e-02,-1.324541467363953180e-02,4.808897099452807272e-02,1.065950918600331079e+03,-5.466475457443053756e+02,-9.360731103150063745e+02,-3.491271442500757521e-02,1.713465262654012520e+02,3.770793317133980599e+04,3.660294400118439080e+04,0.000000000000000000e+00
2.660000000000055653e+00,1.503670154000405290e+01,6.198280861162143163e-01,4.148130547235177601e-01,-6.012648213313102202e-03,-5.017709393029590181e-02,-3.127180864546521416e-02,-1.269395810746070538e+03,6.959310198405936490e+02,1.462934939121088973e+03,-3.483745017033054725e-02,1.719090933152230889e+02,2.827692651300869693e+04,4.666971142259336921e+04,0.000000000000000000e+00
2.665000000000057323e+00,1.503661151956770858e+01,6.197372555887310508e-01,4.149424479871620108e-01,-2.086022350732606376e-02,-3.150363225949361079e-02,1.915372252425500202e-02,6.247368914414271330e+02,-5.246729493484178874e+02,-4.039450840767073601e+02,-3.483969824310401142e-02,1.723081984530715829e+02,3.846005244697512535e+04,4.077979355108601885e+04,0.000000000000000000e+00
2.670000000000058993e+00,1.503653809263589203e+01,6.196453525427223497e-01,4.150043974793803936e-01,-6.906531933156453626e-03,-1.704897627336020294e-03,-5.662084323319750701e-03,6.852307770249850591e+02,-3.643235254796567801e+02,-5.801363670105689607e+02,-3.495011745221001526e-02,1.726433436851924057e+02,3.849925673103133886e+04,3.929748146981972968e+04,0.000000000000000000e+00
2.675000000000060663e+00,1.503659630391250879e+01,6.197537804623816093e-01,4.148772692213925084e-01,2.962000479068765263e-02,6.763856234199126793e-02,-6.866331021117989125e-03,5.851137387691718459e+02,-5.036822813000892438e+02,-4.568714908312510374e+02,-3.518602153657226367e-02,1.720649425924125921e+02,3.704217209850362269e+04,4.006496063639135537e+04,0.000000000000000000e+00
2.680000000000062332e+00,1.503676811568862348e+01,6.199530788158713612e-01,4.146528518949010866e-01,3.937345310026262729e-02,3.399082611048084845e-02,-5.342417109947255466e-02,6.291698121191263908e+02,-6.834413217182718654e+02,-3.547644744771559999e+02,-3.509260266674971152e-02,1.711742257815284063e+02,3.820283547319578065e+04,3.947649331037303637e+04,0.000000000000000000e+00
2.685000000000064002e+00,1.503688970439541883e+01,6.200198775865344292e-01,4.144749652049915523e-01,1.537067423605834038e-02,1.044813733689912765e-03,-3.140337798668754732e-02,-1.188773895756795810e+03,8.247452734505873195e+02,1.294023224091601833e+03,-3.498620680176060815e-02,1.708016067044368071e+02,2.900504080737196637e+04,4.613650797457736917e+04,0.000000000000000000e+00
2.690000000000065672e+00,1.503691355608351010e+01,6.200682862393188666e-01,4.145068455846183664e-01,-8.154082950221356457e-03,6.210632108925811731e-03,4.578530996715859946e-02,8.661083080616208463e+02,-5.791352654693638442e+02,-7.216274605146785461e+02,-3.492678534287544517e-02,1.705644871869953079e+02,3.795356725914820709e+04,3.838311921014306427e+04,0.000000000000000000e+00
2.695000000000067342e+00,1.503688173399811845e+01,6.199869454096844645e-01,4.145554438019650734e-01,-6.802457849612026167e-03,-2.383882149768759909e-02,-8.839062006434248928e-03,6.876369202642679284e+02,-6.043365852512353058e+02,-3.667914214370717900e+02,-3.495341044439770339e-02,1.707030031717184499e+02,3.801246044970381627e+04,3.956321073945048556e+04,0.000000000000000000e+00
2.700000000000069011e+00,1.503683009849025964e+01,6.198412951512393132e-01,4.145615271772181698e-01,-3.941516502122880544e-03,-4.946110341357932982e-02,-5.282869781601492315e-02,-1.363859168014532997e+03,9.728529716286979010e+02,1.674607682386485749e+03,-3.501363423909015227e-02,1.712530735060794598e+02,2.707420123515166415e+04,4.625362225898793258e+04,0.000000000000000000e+00
2.705000000000070681e+00,1.503676829012063720e+01,6.197841894268688590e-01,4.146773067025286696e-01,-1.666324834646980713e-03,-5.224849724995448558e-02,-4.682303451645813963e-02,8.651803162283923712e+02,-5.344869276770530178e+02,-5.636293308569281635e+02,-3.493658717817828274e-02,1.715112930987649520e+02,3.746786403384785081e+04,3.730058142849883734e+04,0.000000000000000000e+00
2.710000000000072351e+00,1.503682648128568999e+01,6.198821770980392776e-01,4.146074501973814885e-01,1.965496069623242498e-02,1.070977430696646096e-02,-6.118458192951409247e-02,3.349879010956593675e+02,-3.590910856438617884e+02,-1.487769638038355993e+02,-3.498116505221559452e-02,1.712697876950248030e+02,3.871796772702749149e+04,3.927803476846114063e+04,0.000000000000000000e+00
2.715000000000074021e+00,1.503698781238063020e+01,6.201232233184021947e-01,4.144022468000508330e-01,3.587836744664966299e-02,2.774215912330756789e-02,-8.074704119357185850e-02,5.529612073347554997e+02,-6.566120540395727403e+02,-2.552978501968080991e+02,-3.480201755089355753e-02,1.706769781010462452e+02,3.826035818894027761e+04,3.914647400330714299e+04,0.000000000000000000e+00
2.720000000000075691e+00,1.503708658125003517e+01,6.202746536351467777e-01,4.142877332765963483e-01,2.528338772037217342e-03,2.548481448306478062e-02,1.086286900976737857e-02,-9.362504919797743241e+02,6.026016586571176958e+02,1.219157984512547728e+03,-3.490531029459499612e-02,1.704452115564724011e+02,2.882562470994698742e+04,4.625448628628670849e+04,0.000000000000000000e+00
2.725000000000077360e+00,1.503706377365535651e+01,6.203061891400990513e-01,4.143756684498748899e-01,-1.180409017165197708e-02,-6.744246403990243784e-03,2.372959558089970597e-02,9.472201027340207702e+02,-3.515093684474239240e+02,-6.677037200240574748e+02,-3.489532687503944797e-02,1.705953993688398214e+02,3.705166187137792440e+04,3.550543150767599582e+04,0.000000000000000000e+00
2.730000000000079030e+00,1.503699597624725293e+01,6.202315394263049342e-01,4.144583701490812122e-01,-1.077428733772260380e-02,-5.590591901393855701e-02,-2.811033235129509200e-02,-1.555253116718506135e+03,7.019416964166925936e+02,1.702456032424963041e+03,-3.492758803458371336e-02,1.710750658267684798e+02,2.623364070307807197e+04,4.659916775877870532e+04,0.000000000000000000e+00
2.735000000000080700e+00,1.503689499550935871e+01,6.201042123124665961e-01,4.146059927451687943e-01,-1.817544730353240490e-02,-2.441186246671603333e-02,1.989692037924066861e-02,8.433173254036523758e+02,-4.992677334653002958e+02,-6.946679189750954038e+02,-3.487061070510653893e-02,1.713951529887923186e+02,3.786288061019690940e+04,3.889175242822187283e+04,0.000000000000000000e+00
2.740000000000082370e+00,1.503682480705296598e+01,6.200007063529859863e-01,4.146657604185680079e-01,-1.144631307152202404e-02,5.581468563334515340e-03,5.399785065126604805e-02,-1.159484709495468451e+03,6.707481151871502334e+02,1.271515148713175222e+03,-3.488912381582001676e-02,1.717786919726249550e+02,2.780673691151712046e+04,4.688900513393221627e+04,0.000000000000000000e+00
2.745000000000084039e+00,1.503677776572485314e+01,6.198847983139188500e-01,4.146932434247737609e-01,-1.647237069707061310e-02,-5.047533084369107935e-03,4.070312153853321985e-02,-1.327535238071626509e+03,5.646869712360910398e+02,1.545673255499284778e+03,-3.492088358189458092e-02,1.720697232840514062e+02,2.647296072331421601e+04,4.633600877479556220e+04,0.000000000000000000e+00
2.750000000000085709e+00,1.503671568441159678e+01,6.197981483135529546e-01,4.147707553279599280e-01,7.340850740216890496e-04,-9.455900573696957717e-03,-9.535220906307741162e-03,5.562483796007815045e+02,-3.535881495487475377e+02,-4.655653492752869056e+02,-3.509421070427794914e-02,1.720200810983860435e+02,3.929418916702453862e+04,3.884771420372571447e+04,0.000000000000000000e+00
2.755000000000087379e+00,1.503673108210378828e+01,6.197416234055217465e-01,4.147821905118936892e-01,2.484561595248336446e-04,-7.091586857405805626e-03,2.700107976760077536e-02,9.754037930303875328e+02,-5.968630205950476011e+02,-7.513762353564463865e+02,-3.520905072292646043e-02,1.721077783465038920e+02,3.827153256219277682e+04,3.747661792499034345e+04,0.000000000000000000e+00
2.760000000000089049e+00,1.503674677186048747e+01,6.196345943467163053e-01,4.147906240109547338e-01,7.029306681737370471e-03,-3.753823450765295111e-02,-3.614781731527693526e-02,-1.448026674074040784e+03,9.581004117619615954e+02,1.588518142206375842e+03,-3.522545338743781479e-02,1.725315488411438309e+02,2.709439482436541221e+04,4.580131684409911395e+04,0.000000000000000000e+00
2.765000000000090719e+00,1.503673794911761696e+01,6.195135877978907857e-01,4.148600196809149043e-01,7.484420981498986778e-04,-4.453760764610011080e-02,-9.117366917968241363e-03,-1.242858055869238797e+03,8.044068870574585617e+02,1.382287892020806794e+03,-3.507274244803861712e-02,1.728533515276599246e+02,2.831531927217095654e+04,4.610728921223220095e+04,0.000000000000000000e+00
2.770000000000092388e+00,1.503671695574119660e+01,6.193746568022314714e-01,4.149243272336043398e-01,2.197896100936327837e-03,-4.316863838371924611e-02,-3.149839088143227550e-02,-1.328199050610500763e+03,8.535344995517510824e+02,1.448820647582710080e+03,-3.504115293359180011e-02,1.731285160286150244e+02,2.824024437751823643e+04,4.585846096365690028e+04,0.000000000000000000e+00
2.775000000000094058e+00,1.503670752213224837e+01,6.193092494055218999e-01,4.149101036468195725e-01,6.573937936997827601e-03,2.167371001628846938e-02,-6.570118173128390755e-03,-1.329276866836154113e+03,1.418758080329099585e+03,1.462187277923559350e+03,-3.499093086657947133e-02,1.730675961712957758e+02,2.833619046943277863e+04,4.288568487199978699e+04,0.000000000000000000e+00
2.780000000000095728e+00,1.503679269155977671e+01,6.194708310855512323e-01,4.147383618349466672e-01,3.173685628575342865e-02,9.449034241888651375e-02,2.538258947878236672e-03,8.110149676272149009e+02,-6.452411184351095699e+02,-6.797843547310587837e+02,-3.498531391116969924e-02,1.719348071902246033e+02,3.807889449327300827e+04,3.744345295979309594e+04,0.000000000000000000e+00
2.785000000000097398e+00,1.503696689305866130e+01,6.196997899983962554e-01,4.144011640298563837e-01,4.263335738081748538e-02,1.015769739824702311e-01,-1.372323197395523310e-02,6.390043068302909433e+02,-6.831173558631878677e+02,-5.229711552174311464e+02,-3.515863946954345121e-02,1.704092829864976579e+02,3.814864767520966416e+04,3.887883609681206872e+04,0.000000000000000000e+00
2.790000000000099067e+00,1.503719377186096651e+01,6.199542463686750216e-01,4.140626834118543154e-01,5.020067666122285388e-02,4.223734816550716448e-02,-5.610882426487900920e-02,4.910584475778726983e+02,-5.718406150356429407e+02,-2.852692127028456639e+02,-3.510860876666782593e-02,1.689222664446880060e+02,3.862880142715529655e+04,3.996310870979949686e+04,0.000000000000000000e+00
2.795000000000100737e+00,1.503743334186791003e+01,6.201485073578180129e-01,4.137492881703575542e-01,4.245839825243986204e-02,4.770302623531310487e-02,-5.380954987680653528e-02,4.714513811099784562e+02,-5.172909679056742789e+02,-3.820547026532375980e+02,-3.507660052558125852e-02,1.678924417990026257e+02,3.935638846855588054e+04,3.791025951066623384e+04,0.000000000000000000e+00
2.800000000000102407e+00,1.503755034466360208e+01,6.202744262671722186e-01,4.136084542286498356e-01,6.474433658251660569e-03,-1.174641908629532605e-02,-1.715405915596074013e-02,-1.314684740137399785e+03,6.441982941489947052e+02,1.535784555504384343e+03,-3.500857355752124561e-02,1.672602781660155813e+02,2.785545962743170458e+04,4.646783871481111419e+04,0.000000000000000000e+00
2.805000000000104077e+00,1.503748408259583869e+01,6.202267183072628365e-01,4.137162270533030206e-01,-2.382922489433782903e-02,-3.335576114946492421e-02,1.187659424488109574e-03,-1.431351412595645343e+03,5.342672634339029401e+02,1.734603523489309055e+03,-3.513502410077755378e-02,1.674868462898238022e+02,2.670653412824907355e+04,4.602850967408724682e+04,0.000000000000000000e+00
2.810000000000105747e+00,1.503730035311950886e+01,6.200900442641066324e-01,4.139593281232230026e-01,-4.612924445217513741e-02,-1.660637134837616991e-02,7.802746375535005163e-02,7.442606537449906909e+02,-6.262772069692194918e+02,-5.855606296189556588e+02,-3.520952454784539998e-02,1.682292170496341726e+02,3.739447928442964621e+04,3.796655449160547869e+04,0.000000000000000000e+00
2.815000000000107416e+00,1.503702844566395491e+01,6.199309745047446585e-01,4.142988859937398738e-01,-5.456053392389236673e-02,-3.484578656156894771e-02,7.207521430685884245e-02,-1.051654110739803173e+03,7.869435672295328459e+02,1.294133251174725046e+03,-3.507447968291810270e-02,1.693416392235924945e+02,2.801093252249573925e+04,4.626708887806130224e+04,0.000000000000000000e+00
2.820000000000109086e+00,1.503682458734805394e+01,6.198091296498399183e-01,4.145802175623423125e-01,-3.248167052424041218e-02,-1.943994198365804268e-02,5.165089396271600741e-02,-1.106074257471047304e+03,8.616645224826379490e+02,1.290846680678581833e+03,-3.505133200754752959e-02,1.704901011435529483e+02,2.719021884434020831e+04,4.673272210197961249e+04,0.000000000000000000e+00
2.825000000000110756e+00,1.503669102749920761e+01,6.197351121423916309e-01,4.148070174954469613e-01,-2.235193610618917137e-02,-1.692862655845275496e-02,3.625715295945809019e-02,9.086746526721327655e+02,-6.330500488201599865e+02,-6.838942309644702391e+02,-3.501841508744758802e-02,1.712797384258205113e+02,3.828554847136214084e+04,3.806776808218940278e+04,0.000000000000000000e+00
2.830000000000112426e+00,1.503666013450142280e+01,6.196045694822900352e-01,4.148877005596451895e-01,5.962954191010441315e-03,-4.281624150793843925e-02,-2.246986052353726684e-02,-1.090306131598597176e+03,9.886595406048877521e+02,1.199744209705938147e+03,-3.488114954067744050e-02,1.720567103460342366e+02,2.861964022454344740e+04,4.671649035941854527e+04,0.000000000000000000e+00
2.835000000000114095e+00,1.503665572026713093e+01,6.195743834956217722e-01,4.149768748758186909e-01,-6.033109562891375045e-03,-4.508392149914379476e-03,1.662501792419292940e-02,9.150310516202539475e+02,-6.825093933427093589e+02,-7.700485754118667501e+02,-3.483938694872608377e-02,1.722753907882407134e+02,3.662549064642719895e+04,3.799628623380111821e+04,0.000000000000000000e+00
2.840000000000115765e+00,1.503669301143597181e+01,6.195970339808735128e-01,4.148470255682606966e-01,1.529632427240704660e-02,2.149040153770741257e-02,-4.942229972680936556e-02,7.901088506988032805e+02,-5.520330399886385067e+02,-5.552623805387194125e+02,-3.499895833483360197e-02,1.720225968366930260e+02,3.798745585269619187e+04,3.778634344670434803e+04,0.000000000000000000e+00
2.845000000000117435e+00,1.503682501158584195e+01,6.198464174771777246e-01,4.145925836225610173e-01,3.018434092705951644e-02,2.875483114476963184e-02,-8.831878230108752836e-02,5.484044799378477819e+02,-3.729910717372212048e+02,-4.054033961670319286e+02,-3.504835406106379669e-02,1.708607397604074265e+02,3.609165884356386960e+04,3.812657365833852236e+04,0.000000000000000000e+00
2.850000000000119105e+00,1.503701285296723711e+01,6.201166439241797557e-01,4.142882770251368196e-01,3.485837880517240334e-02,3.204875933508072317e-02,-8.177417979457810016e-02,6.678331656983364155e+02,-5.439315574490743757e+02,-5.275305417658016722e+02,-3.486767943365132877e-02,1.696837151827601815e+02,3.782723894390904024e+04,3.514489775589972851e+04,0.000000000000000000e+00
2.855000000000120775e+00,1.503717513844684817e+01,6.203642678755001416e-01,4.140848232413761876e-01,1.300113423571718982e-02,4.545923806061361039e-02,1.511484655684058355e-02,5.488866757344532061e+02,-7.735325215575523998e+02,-3.101116743161559839e+02,-3.488978330911771120e-02,1.685735062264894566e+02,3.817258445031903830e+04,3.928371003591187764e+04,0.000000000000000000e+00
2.860000000000122444e+00,1.503717308960378318e+01,6.203474148352986495e-01,4.141165610917871276e-01,-1.870749679558739512e-02,3.128621988890971980e-03,7.291797977985201018e-02,8.704298767142367979e+02,-6.162012673755464220e+02,-7.189918513983336652e+02,-3.486678594619487676e-02,1.685182885474045236e+02,3.760330252107453271e+04,3.774020801308444788e+04,0.000000000000000000e+00
2.865000000000124114e+00,1.503702588818467945e+01,6.201922722176355096e-01,4.143037769143777527e-01,-4.057282926754817581e-02,-1.225290639116994977e-02,8.565142372874355592e-02,5.925738412333867018e+02,-5.857606392770628645e+02,-4.097163751760875812e+02,-3.492847538362080922e-02,1.689826705596193506e+02,3.835700024900115386e+04,4.111572167380280007e+04,0.000000000000000000e+00
2.870000000000125784e+00,1.503684631207112510e+01,6.199846339740500145e-01,4.145213742624843656e-01,-3.336272064306332330e-02,-4.042410998916672049e-02,4.161581563259226374e-02,8.005763631270136784e+02,-3.996253671724408036e+02,-6.362774590168895656e+02,-3.505114353305613384e-02,1.697309005232545189e+02,3.859009201915904123e+04,3.897898317028977908e+04,0.000000000000000000e+00
2.875000000000127454e+00,1.503671245725885619e+01,6.198421834519185492e-01,4.146771317445415717e-01,-1.898125905510562178e-02,-2.682168042891025506e-02,1.686481456208008961e-02,-1.288981495892016483e+03,8.916245573711718180e+02,1.536779975357167132e+03,-3.521643908432216252e-02,1.706357802672383457e+02,2.651923492537742277e+04,4.596228201966259803e+04,0.000000000000000000e+00
2.880000000000129123e+00,1.503662448859379275e+01,6.197621941429714010e-01,4.148361062919790898e-01,-1.638235590119484567e-02,1.264784369099135677e-02,6.112818946658943320e-02,-1.188412870736613741e+03,6.395098061333769692e+02,1.454524212277581682e+03,-3.506415886259044851e-02,1.713450872273448056e+02,2.695773860295023042e+04,4.557593952942847682e+04,0.000000000000000000e+00
2.885000000000130793e+00,1.503658629154262094e+01,6.197197482057839046e-01,4.149023066474719634e-01,-4.006458617969990352e-03,1.953560073323002202e-02,4.223432037930256039e-02,-1.312123433344835121e+03,6.684004623521038866e+02,1.515245202184468553e+03,-3.496327623512796023e-02,1.719544318395814742e+02,2.633339854301195737e+04,4.608510234711031080e+04,0.000000000000000000e+00
2.890000000000132463e+00,1.503656214813342906e+01,6.197141149606674171e-01,4.149837852277117878e-01,-8.111325315345613296e-03,-1.614325902676095863e-05,2.013354296324064083e-02,1.031012729258276522e+03,-6.481504644440292395e+02,-8.808803310441410304e+02,-3.476647927600620691e-02,1.722581830739812006e+02,3.679702722935124621e+04,3.555845063231889071e+04,0.000000000000000000e+00
2.895000000000134133e+00,1.503653644896948016e+01,6.197486209728396700e-01,4.149939829764464072e-01,6.390122176603113026e-03,4.419621755696898774e-02,-4.698043592785622943e-04,7.120188201904020389e+02,-5.041313705077406553e+02,-5.810677059378000422e+02,-3.471401214895913911e-02,1.722731813694935852e+02,3.860161416284475126e+04,3.968451817018925794e+04,0.000000000000000000e+00
2.900000000000135802e+00,1.503664829759574673e+01,6.199187047616888657e-01,4.147536862774708899e-01,3.189671168174692401e-02,6.220122346394668655e-02,-4.017509547401022091e-02,7.309330616517122508e+02,-6.110199343795623008e+02,-5.535746726976143464e+02,-3.491468282937358614e-02,1.715821044044993471e+02,3.847625615386019490e+04,3.810681339965563529e+04,0.000000000000000000e+00
2.905000000000137472e+00,1.503684249489032787e+01,6.201633136155569881e-01,4.144768623637563598e-01,4.051261926333504793e-02,5.481822885505149845e-02,-4.273165140153260821e-02,7.776624292624062491e+02,-5.358924219150777617e+02,-6.210776341278542532e+02,-3.491663800832082998e-02,1.702513379708136938e+02,3.813042762170682545e+04,3.521638162705094146e+04,0.000000000000000000e+00
2.910000000000139142e+00,1.503700395306120541e+01,6.203042121416856292e-01,4.142767095374225716e-01,2.919913640502655450e-02,-4.724357477692793517e-03,-6.114268281319466120e-02,7.255031865175050143e+02,-3.742789123844622736e+02,-4.752977642932583535e+02,-3.482410989717265454e-02,1.695273873909063980e+02,3.786179546220387419e+04,3.783084824829807621e+04,0.000000000000000000e+00
2.915000000000140812e+00,1.503708089473518861e+01,6.203607381916818042e-01,4.141931300602001431e-01,1.001843686554385916e-02,-1.613805444416353471e-02,-5.726184694529213443e-02,-1.273478583247410597e+03,9.190741913504153899e+02,1.466401114544092934e+03,-3.485257399311107035e-02,1.696279374006283831e+02,2.792675801397338728e+04,4.642249279490465415e+04,0.000000000000000000e+00
2.920000000000142482e+00,1.503705055398738111e+01,6.203777205092906311e-01,4.142928289991174018e-01,-8.634739234476076358e-03,-4.938013177733151932e-02,-3.428113136292919305e-02,-1.127058292852381328e+03,8.952101492896933905e+02,1.261256874563603560e+03,-3.487532783583299767e-02,1.700355698051600939e+02,2.845028811258152200e+04,4.694831697458945564e+04,0.000000000000000000e+00
2.925000000000144151e+00,1.503695441626395635e+01,6.203122070763843476e-01,4.144331193458631879e-01,-1.776668856514770564e-02,-2.334105345107801571e-02,4.953688027136121837e-03,-1.238764715664840196e+03,6.669965643021329242e+02,1.442744959683565412e+03,-3.489077175777117318e-02,1.706438582223198637e+02,2.762251323140744717e+04,4.636369526513441815e+04,0.000000000000000000e+00
2.930000000000145821e+00,1.503686129617151046e+01,6.202454177662307666e-01,4.145673185647956172e-01,-1.659891268729445091e-02,-3.191405254888009246e-02,-2.046450117179334817e-03,-1.372513146612045830e+03,7.750554505414992263e+02,1.468810595102540219e+03,-3.485710932068475376e-02,1.711052113445793452e+02,2.754549542949922761e+04,4.661557888962581637e+04,0.000000000000000000e+00
2.935000000000147491e+00,1.503675742448493047e+01,6.201531037959963077e-01,4.147174496610817607e-01,-2.341217299341270472e-02,-1.359484937360108496e-02,5.476282868512725305e-02,9.529855985904711133e+02,-6.935113920665907017e+02,-7.140769796739685944e+02,-3.477691808764887815e-02,1.715063017306104030e+02,3.812189902438391437e+04,3.827005676144827885e+04,0.000000000000000000e+00
2.940000000000149161e+00,1.503666128721649287e+01,6.200263609855724001e-01,4.148424500415027749e-01,-2.233938059662008216e-02,-8.462210313253807834e-03,4.078692995782178671e-02,9.650964043987579544e+02,-4.920790464917606073e+02,-7.383919487488039977e+02,-3.477055429028351463e-02,1.717795798867862516e+02,3.827938071423472866e+04,3.760989266276024136e+04,0.000000000000000000e+00
2.945000000000150830e+00,1.503663637144610199e+01,6.199449561436232159e-01,4.147479571196057702e-01,5.899754340487150736e-03,-9.177118525327975299e-03,-4.974582981671844817e-02,-1.216402081197994448e+03,8.297711014383334032e+02,1.603157828546785368e+03,-3.502221743038579083e-02,1.718199177638696256e+02,2.688752613107466459e+04,4.675314805759708543e+04,0.000000000000000000e+00
2.950000000000152500e+00,1.503666172526569156e+01,6.199609642333099302e-01,4.147507784913502249e-01,-2.397888478444853543e-03,8.844371347377373571e-03,3.444027510906737255e-02,8.831657956006906716e+02,-6.961849178566068304e+02,-6.956223669761162682e+02,-3.516378426501469423e-02,1.715093528765884230e+02,3.716959225760061236e+04,3.797922357150686730e+04,0.000000000000000000e+00
2.955000000000154170e+00,1.503666396762603696e+01,6.199131914496233131e-01,4.147818350750362981e-01,1.480607140940470763e-05,1.251465120003077787e-03,1.272594619546253518e-02,7.085679545752925605e+02,-7.409865185509960384e+02,-4.240164929541037395e+02,-3.530465701994819211e-02,1.715741507931937235e+02,3.794281047273875447e+04,3.986683013587841560e+04,0.000000000000000000e+00
2.960000000000155840e+00,1.503665968012441745e+01,6.198629180124562987e-01,4.148179195294757760e-01,-2.322491737571368443e-03,-1.133224137228020997e-03,7.515699568385021158e-03,8.400357502253830262e+02,-6.081347750130200893e+02,-6.426919171727087132e+02,-3.513495828656373887e-02,1.717863466005956354e+02,3.796007739400582068e+04,3.806267583374191599e+04,0.000000000000000000e+00
2.965000000000157510e+00,1.503662767412522427e+01,6.198239278528075991e-01,4.148843711437376625e-01,-1.611977091904262527e-02,1.635110793969794113e-02,7.444296731753888285e-02,1.143957243913151842e+03,-6.151649363711517253e+02,-1.013076810350619780e+03,-3.501547752691425153e-02,1.721669075162685658e+02,3.728056479919589037e+04,3.609562552130367840e+04,0.000000000000000000e+00
2.970000000000159179e+00,1.503658327618403590e+01,6.197813933569180644e-01,4.149734715465986934e-01,-5.329517626230507316e-03,-2.631991375643538342e-02,-5.654657733483702160e-03,6.925286532219581659e+02,-5.594982682859978240e+02,-5.268604266232074451e+02,-3.501727220094503351e-02,1.722639859992585798e+02,3.831070922136808076e+04,3.851254084932166006e+04,0.000000000000000000e+00
2.975000000000160849e+00,1.503656124973088382e+01,6.196537894314176897e-01,4.149824030538178943e-01,-3.718898081818391901e-03,-2.536524410784754199e-02,3.366864949438268684e-03,-1.183835383413192858e+03,8.740002924947908696e+02,1.338210434261526871e+03,-3.510767959061693311e-02,1.725684711784744820e+02,2.765975815144313310e+04,4.656523481632800394e+04,0.000000000000000000e+00
2.980000000000162519e+00,1.503654798102946977e+01,6.195900073900799665e-01,4.149899331200029295e-01,-7.160151009855773982e-04,-1.798247560345354532e-02,-4.994176681049340531e-03,-1.104144952438269684e+03,8.899686184408101326e+02,1.297922358008431274e+03,-3.508435149477076576e-02,1.727434791565111993e+02,2.678367103720435989e+04,4.675074621735072287e+04,0.000000000000000000e+00
2.985000000000164189e+00,1.503655917799811270e+01,6.196366274060632895e-01,4.150036089602890388e-01,1.219659062151530124e-02,4.272863562062874376e-02,-5.765608787581242602e-03,5.821349023999472365e+02,-5.340655860764493355e+02,-3.877931799816822718e+02,-3.513524908939786445e-02,1.724298330094967469e+02,3.866968021776273963e+04,4.071927374937380227e+04,0.000000000000000000e+00
2.990000000000165858e+00,1.503668220026864510e+01,6.197969128907976355e-01,4.147367306210537619e-01,3.176655378454178169e-02,2.211162386637930549e-02,-8.251715691311406475e-02,-1.097883804224398546e+03,1.545163244115663019e+03,1.247895169871406324e+03,-3.520873112383040432e-02,1.716030861093188946e+02,3.023636796387627328e+04,4.482467156277046888e+04,0.000000000000000000e+00
2.995000000000167528e+00,1.503688080964059104e+01,6.201224921035345394e-01,4.144491644231698690e-01,4.229078501774705123e-02,1.051666322041208412e-01,1.086644395554668859e-02,9.236863888118016348e+02,-5.339652725725907203e+02,-6.998257969807827976e+02,-3.509659794110541603e-02,1.700138147734463701e+02,3.808553221438775654e+04,3.624732443363768834e+04,0.000000000000000000e+00
3.000000000000169198e+00,1.503705101635299535e+01,6.203195292956570350e-01,4.141783362517675871e-01,2.556410141078013787e-02,3.109230672777885465e-02,-1.193708888675830936e-02,-1.565735972881377165e+03,5.340875725351270376e+02,1.747306454108177604e+03,-3.489232654250262050e-02,1.691097292846414177e+02,2.618751529027445940e+04,4.558391803224240721e+04,0.000000000000000000e+00
3.005000000000170868e+00,1.503706175367461739e+01,6.203891266343659616e-01,4.142605749206137444e-01,-1.163004373557332410e-02,-6.711014464504829954e-03,2.351863652251385411e-02,6.516363409153091197e+02,-5.557917145062754116e+02,-5.407104326194688610e+02,-3.473487142282188911e-02,1.689199698969708550e+02,3.831175937372017506e+04,3.832268621615837037e+04,0.000000000000000000e+00
3.010000000000172538e+00,1.503694124612849770e+01,6.203116104856278845e-01,4.144590396639202812e-01,-2.909485166793500041e-02,-2.877001861690993423e-02,3.712245774066114112e-02,7.456970375662650667e+02,-5.949061670206996268e+02,-4.418551347264003653e+02,-3.471397701757917426e-02,1.693581522193205728e+02,3.793126036022528569e+04,4.003237857625810284e+04,0.000000000000000000e+00
3.015000000000174207e+00,1.503681059113465324e+01,6.201473826861148009e-01,4.146249554763538625e-01,-3.396918388206543460e-02,2.997588680994804633e-03,8.541433350193920748e-02,9.638511196965090448e+02,-5.968988304722064413e+02,-7.422821299484211295e+02,-3.489960829427220246e-02,1.700575532846238787e+02,3.790656041224693035e+04,3.851837703991697344e+04,0.000000000000000000e+00
3.020000000000175877e+00,1.503669027524384560e+01,6.199830174952624118e-01,4.147333093312309815e-01,-2.939432486539490796e-02,9.293215275460923672e-03,9.456403475701946615e-02,1.106527124472455398e+03,-6.139937368508935833e+02,-9.919225870589164060e+02,-3.505000947885211077e-02,1.707614219576181540e+02,3.726784590943633521e+04,3.728055338130136079e+04,0.000000000000000000e+00
3.025000000000177547e+00,1.503660627011523232e+01,6.198659774017372115e-01,4.148311511807180052e-01,-1.426989627843186677e-02,-2.737549295081419254e-02,2.868193266623319734e-02,-1.257540982247524425e+03,7.217519215971495896e+02,1.533676323822187214e+03,-3.516113336733027450e-02,1.712951901582765402e+02,2.678728697982583617e+04,4.596972393609034043e+04,0.000000000000000000e+00
3.030000000000179217e+00,1.503651601781371738e+01,6.196917491532709654e-01,4.150425645801892327e-01,-1.956328966705817018e-02,-3.959832587709632978e-02,3.858844575677785466e-02,1.117762834424953326e+03,-3.993033607343798508e+02,-9.366685053114912307e+02,-3.524868776585519947e-02,1.719561649174238482e+02,3.666647190586053330e+04,3.593833166268739296e+04,0.000000000000000000e+00
3.035000000000180886e+00,1.503644765823259810e+01,6.195646808715964404e-01,4.151860729178851739e-01,-1.188786053794109628e-02,-2.138817287769263775e-02,1.574660923694304326e-02,8.355971064132801303e+02,-4.066265027285863880e+02,-7.680145539639537446e+02,-3.506495957953581488e-02,1.725393870587166134e+02,3.824075004893481673e+04,3.736679913654933625e+04,0.000000000000000000e+00
3.040000000000182556e+00,1.503639990308104579e+01,6.195137445014815558e-01,4.151788829321261254e-01,-8.072515588986457422e-03,-7.847931097259770380e-03,-1.677354048225627656e-02,-1.206705958814259702e+03,9.574135690366418885e+02,1.335049894576701945e+03,-3.485399404331138845e-02,1.728740585154970972e+02,2.664016612755315873e+04,4.753436408439680235e+04,0.000000000000000000e+00
3.045000000000184226e+00,1.503640516026587548e+01,6.197219348559180885e-01,4.151435648592355920e-01,1.647458680131205430e-02,-2.377366854232535517e-03,-9.352712705598188736e-02,8.163799647001440007e+02,-4.973990639044969839e+02,-6.633456439203614536e+02,-3.478074304291670776e-02,1.721421199499413319e+02,3.728333455411297473e+04,3.670311182769321022e+04,0.000000000000000000e+00
3.050000000000185896e+00,1.503654531557176988e+01,6.199763802190346729e-01,4.148154438700310531e-01,3.314240120422164149e-02,4.850097642203407555e-02,-7.354322674288113482e-02,-1.120195348280250300e+03,1.390287247282472208e+03,1.264053015991923075e+03,-3.498908632627148463e-02,1.708718296126771463e+02,2.979995301340130027e+04,4.459064586352137849e+04,0.000000000000000000e+00
3.055000000000187566e+00,1.503675224174686065e+01,6.202932132179485025e-01,4.144837638503104937e-01,4.491761387571713282e-02,3.238595446527274546e-02,-9.682304553210085984e-02,6.408342537905380141e+02,-4.433981018672677692e+02,-4.004819857108902852e+02,-3.518890447054551923e-02,1.693316110733211985e+02,3.855357470267904864e+04,3.851296412817205419e+04,0.000000000000000000e+00
3.060000000000189235e+00,1.503699763374766718e+01,6.205352509298327490e-01,4.141668721231735462e-01,4.225064081519072645e-02,2.278136923766129265e-02,-8.053411723017304957e-02,1.510205872751207323e+02,-4.508903083871773561e+02,-5.654033903137565176e+01,-3.498043221002587744e-02,1.682322355124908597e+02,3.975968239624469425e+04,4.062743137565979123e+04,0.000000000000000000e+00
3.065000000000190905e+00,1.503710658426834357e+01,6.205639924239408911e-01,4.140973279613801017e-01,4.246749041870414437e-03,-3.148176625849261751e-02,-1.025015408318160140e-02,5.630134568251298788e+02,-5.466336793195786186e+02,-3.169719633703943487e+02,-3.477108374583796208e-02,1.678986226461385911e+02,3.889911937427298835e+04,3.942542678325482120e+04,0.000000000000000000e+00
3.070000000000192575e+00,1.503703612141045909e+01,6.203587298674796413e-01,4.142610160672173802e-01,-2.461913109686950790e-02,-4.886391762181509918e-02,3.348036211386152400e-02,7.473500099914280099e+02,-3.446059518463693507e+02,-5.005588616477178903e+02,-3.481440160178070342e-02,1.684131022813615175e+02,3.825771244497689622e+04,3.997583689964603400e+04,0.000000000000000000e+00
3.075000000000194245e+00,1.503690610517025839e+01,6.201965537441126441e-01,4.144595039808287029e-01,-3.679523617558073945e-02,-9.226149604307265148e-03,8.406290200028126991e-02,7.936795631989866706e+02,-6.584775289688491284e+02,-5.398507097400590737e+02,-3.492902881819000271e-02,1.693036541361563252e+02,3.760437496692300192e+04,4.003105890213236853e+04,0.000000000000000000e+00
3.080000000000195914e+00,1.503676336603824915e+01,6.200471847371836764e-01,4.146862630283510986e-01,-2.008494807808539409e-02,-3.829503126176760086e-02,1.768566217711724231e-02,4.864375355303185415e+02,-5.496908063322828184e+02,-3.151906212836856298e+02,-3.479637609391603853e-02,1.700812204200999247e+02,3.811864690980685555e+04,4.051334444724077184e+04,0.000000000000000000e+00
3.085000000000197584e+00,1.503665763920804643e+01,6.199405868815679455e-01,4.148389844614014943e-01,-2.102890319642919045e-02,1.002199505718939874e-03,4.302962508464398816e-02,1.042556287451958724e+03,-5.545322538217948249e+02,-7.832322328311367983e+02,-3.465951883341684275e-02,1.708754712085568030e+02,3.811419026949626277e+04,3.772059446771662624e+04,0.000000000000000000e+00
3.090000000000199254e+00,1.503659187143833620e+01,6.198547064620834046e-01,4.148820791532432106e-01,-1.478308888463294654e-02,6.062813770062260065e-04,4.133417147101439704e-02,9.193727960052704020e+02,-5.400937691688275208e+02,-6.017353049932200975e+02,-3.468931631524331538e-02,1.714033691377734385e+02,3.810925334999270854e+04,3.958446103002874588e+04,0.000000000000000000e+00
3.095000000000200924e+00,1.503656065277580645e+01,6.197966990689872668e-01,4.149221519203245001e-01,5.293831215025631342e-04,-3.154680973154851825e-02,-3.271951502615406265e-02,7.209828013509620632e+02,-4.665046682279747188e+02,-5.618761990547149026e+02,-3.473935708248800103e-02,1.719096587988423153e+02,3.863096627008984069e+04,3.818758868826397520e+04,0.000000000000000000e+00
3.100000000000202593e+00,1.503656435517953582e+01,6.197739788446741116e-01,4.149158769506636202e-01,1.580679256029740229e-02,5.020905435087692770e-02,1.154487069646966367e-02,7.225537827967673365e+02,-5.817040476846506181e+02,-6.236887729759613421e+02,-3.484520139035177100e-02,1.721410149097246460e+02,3.885827388218019769e+04,3.949545059857804154e+04,0.000000000000000000e+00
3.105000000000204263e+00,1.503668947001145817e+01,6.199270451077752986e-01,4.147068412913746949e-01,3.085273247423361148e-02,1.521422369879691858e-02,-8.244058735981094066e-02,4.114810592562802185e+02,-3.638163484591041765e+02,-2.310632877997894070e+02,-3.495035511310272403e-02,1.715986332153324554e+02,3.697482941668048443e+04,3.997928921795826318e+04,0.000000000000000000e+00
3.110000000000205933e+00,1.503687624445099047e+01,6.201988073409392399e-01,4.144176583089809740e-01,3.900077917030677493e-02,1.609252780038721020e-02,-1.178143510322425119e-01,8.363449656514809476e+02,-3.567112921215779693e+02,-4.746495549914393450e+02,-3.476072484273484003e-02,1.703908565507854576e+02,3.738555079538747668e+04,3.625993162336295063e+04,0.000000000000000000e+00
3.115000000000207603e+00,1.503708416024777605e+01,6.205603039316258673e-01,4.141976742328447036e-01,2.846479021356679295e-02,4.664651827968378101e-02,-4.744263959614402476e-02,2.875687131341157396e+02,-6.433975053600377123e+02,-2.354723128583781033e+01,-3.471641502427171705e-02,1.688625182846110704e+02,3.776417020353553380e+04,4.113713425699433719e+04,0.000000000000000000e+00
3.120000000000209273e+00,1.503710575573724384e+01,6.205604472997418020e-01,4.141592027272977816e-01,-2.169253974671089130e-02,3.513787082441763993e-02,1.159360421039947048e-01,6.610865938587342043e+02,-6.865455020350592577e+02,-6.135176134235393874e+02,-3.483993408020923804e-02,1.692324636631203418e+02,3.860143201064766617e+04,3.919126272188181611e+04,0.000000000000000000e+00
3.125000000000210942e+00,1.503700818545427964e+01,6.204203386564616229e-01,4.142254924512662195e-01,-2.171739972766021515e-02,-2.671180053160102791e-02,1.949445018779811731e-02,-1.336970344118711637e+03,5.256339002036787633e+02,1.620631776934765639e+03,-3.497609375278676325e-02,1.696447877576231917e+02,2.614088614065173169e+04,4.649160415406426182e+04,0.000000000000000000e+00
3.130000000000212612e+00,1.503685846150623107e+01,6.202957911967967863e-01,4.144327339506219121e-01,-1.659922654345142787e-02,-7.077912178065999538e-02,-4.802724860764454734e-02,-1.256266195855125943e+03,9.545497466376940565e+02,1.515930256369829294e+03,-3.492648532542377837e-02,1.701757685189014637e+02,2.709016526340396376e+04,4.761451746177127643e+04,0.000000000000000000e+00
3.135000000000214282e+00,1.503673580691945411e+01,6.202247393474131787e-01,4.146509266703674035e-01,-1.618158513804902193e-02,-4.404954932415485608e-02,-1.202473470205859402e-02,9.161348826520480770e+02,-4.518191371474177345e+02,-7.310065762477488533e+02,-3.484213751305520468e-02,1.705774744844569568e+02,3.771924420712326537e+04,3.650273785752075491e+04,0.000000000000000000e+00
3.140000000000215952e+00,1.503661659078520074e+01,6.200895074647923000e-01,4.148747718828977860e-01,-1.719184355389562213e-02,-5.886357970604714357e-02,-5.474270471558900265e-03,8.504246401563191284e+02,-6.130515423246075670e+02,-6.109378575213044087e+02,-3.485776843178193390e-02,1.713354027351767286e+02,3.727898996180186805e+04,3.791792675706777663e+04,0.000000000000000000e+00
3.145000000000217621e+00,1.503650162660993317e+01,6.199122903956333364e-01,4.151291244229793898e-01,-2.570245625684803789e-02,-3.774748805050806566e-02,5.734806704370148944e-02,1.079370910811731164e+03,-5.498711142204781481e+02,-8.219672109192902099e+02,-3.486588065066500292e-02,1.720008680933408982e+02,3.838391620644669456e+04,3.801988035021803807e+04,0.000000000000000000e+00
3.150000000000219291e+00,1.503645564366896004e+01,6.196677930159238956e-01,4.151586203178052048e-01,-1.916366794475479751e-02,1.225061534589728419e-02,1.084786401689317448e-01,-8.009690591118622933e+02,7.946519123877396851e+02,8.901705147990663818e+02,-3.500839816832401058e-02,1.729428850740756047e+02,2.928541969916662856e+04,4.627700614473429596e+04,0.000000000000000000e+00
3.155000000000220961e+00,1.503643532815916473e+01,6.195238561861807769e-01,4.151756933969578678e-01,1.512102140951882001e-02,-8.147071785647547193e-02,-1.103187521938124444e-01,-1.280043252418998463e+03,8.480882308514323995e+02,1.514689871933903305e+03,-3.515717514793698789e-02,1.735959234782235114e+02,2.876218105745163484e+04,4.673354951976882876e+04,0.000000000000000000e+00
3.160000000000222631e+00,1.503646073130153482e+01,6.195117565335120924e-01,4.152288452884690395e-01,7.231193529886636648e-03,-2.219863398969343718e-02,-3.355698740577343214e-02,8.968212366030951443e+02,-5.186660480609859860e+02,-7.754428136104927489e+02,-3.504739768528864624e-02,1.729875780887519170e+02,3.677065193717485818e+04,3.736916270435295883e+04,0.000000000000000000e+00
3.165000000000224301e+00,1.503651771552812733e+01,6.195913502278270757e-01,4.150767299914824293e-01,1.729573888797648201e-02,1.470417638512399629e-02,-5.986072259750152558e-02,1.003091233560819205e+03,-4.878288390986679701e+02,-7.956143417664641220e+02,-3.496432683020266746e-02,1.722978696552739279e+02,3.737044455853530962e+04,3.641059390319794329e+04,0.000000000000000000e+00
3.170000000000225970e+00,1.503667313526860916e+01,6.198226284519201545e-01,4.147670506905055121e-01,3.665861873606312410e-02,2.365527390429931348e-02,-1.085882279760922858e-01,6.264447245448056947e+02,-4.665933496265005260e+02,-4.541699328225349177e+02,-3.503583974683239372e-02,1.711318557262550542e+02,3.838490155748128018e+04,3.781761356048842572e+04,0.000000000000000000e+00
3.175000000000227640e+00,1.503688828748103923e+01,6.201261008196738977e-01,4.144415230270527273e-01,4.150652629097027063e-02,5.117167331942322483e-02,-7.634100764409565421e-02,8.405927938462730253e+02,-5.493208551905713648e+02,-6.357474056916746576e+02,-3.519433856729251714e-02,1.694050554145294996e+02,3.793173129421338672e+04,3.638996550827219471e+04,0.000000000000000000e+00
3.180000000000229310e+00,1.503711552460076994e+01,6.203537276902275632e-01,4.141001278224469284e-01,4.287259776308809112e-02,4.825998441205692213e-02,-5.014840605070945007e-02,3.654518508388983946e+02,-5.269167620816552926e+02,-2.316316752261740533e+02,-3.503851672229810199e-02,1.681749612179183373e+02,3.920946064602427941e+04,3.983955754633234028e+04,0.000000000000000000e+00
3.185000000000230980e+00,1.503726276783104510e+01,6.205039988026703757e-01,4.139020891454510132e-01,1.912981859935511397e-02,1.677898692108276482e-02,-2.612678474620771726e-02,7.959226251236290182e+02,-4.346919192668215715e+02,-6.047626022014105729e+02,-3.500666758401171919e-02,1.674165579591013966e+02,3.806186085922108032e+04,3.615359042307718482e+04,0.000000000000000000e+00
3.190000000000232649e+00,1.503730206305725048e+01,6.204947895090096033e-01,4.139254817802582864e-01,-5.568641175172736602e-03,-1.857804768764697093e-02,1.828598307087922481e-02,2.083702466038022010e+02,-7.070976995233506841e+02,-1.315747228222929550e+02,-3.481817575785210034e-02,1.674513904205392691e+02,3.803851035156800208e+04,4.049426246470062324e+04,0.000000000000000000e+00
3.195000000000234319e+00,1.503718772055931829e+01,6.203061249485307682e-01,4.140935799490707558e-01,-2.978624830790956024e-02,-6.923846632815605640e-02,-6.412775785850846101e-03,-1.403393053651855325e+03,7.323999692500689207e+02,1.640596494832021335e+03,-3.479420746890157096e-02,1.682521355620511940e+02,2.582608591399110446e+04,4.702859663333822391e+04,0.000000000000000000e+00
3.200000000000235989e+00,1.503695095054103703e+01,6.200751049782282642e-01,4.144020752708260091e-01,-3.858773480662316957e-02,-8.464670883586566941e-02,-1.602011143768873255e-02,-1.037316811312973641e+03,8.986583263677696323e+02,1.220175639502044987e+03,-3.482674339310857375e-02,1.692285012695553235e+02,2.807535460610959854e+04,4.697676400660630316e+04,0.000000000000000000e+00
3.205000000000237659e+00,1.503673619500655967e+01,6.199083100608508978e-01,4.147253619942111169e-01,-2.905019431677788311e-02,-5.703967541011730619e-02,-8.531908971265867586e-03,9.120025519644095766e+02,-2.946789693916472856e+02,-7.615365978196774677e+02,-3.480035299662396359e-02,1.700689485184252874e+02,3.749630593001540547e+04,3.830760034521554189e+04,0.000000000000000000e+00
3.210000000000239329e+00,1.503660522040455128e+01,6.198209841662575270e-01,4.149023189872947937e-01,-2.334321399067127573e-02,-1.063730719240467415e-02,3.313622809386175538e-02,1.074249790555946220e+03,-4.937198940711705859e+02,-9.009726036815300176e+02,-3.479419811840694238e-02,1.708017481170788585e+02,3.702792547091271263e+04,3.605324919693341508e+04,0.000000000000000000e+00
3.215000000000240998e+00,1.503654328236826920e+01,6.197572598259353249e-01,4.149134956941474273e-01,-9.465674161946976972e-03,-1.876510338550381159e-03,8.565222035595848257e-03,-1.339802384892186637e+03,7.470159806192331189e+02,1.567928245578310452e+03,-3.488077028544590147e-02,1.713879568664233091e+02,2.578892615148944969e+04,4.643447380409124889e+04,0.000000000000000000e+00
3.220000000000242668e+00,1.503650105150065386e+01,6.197815434602731433e-01,4.149879364321099051e-01,-2.156832073738360490e-03,-9.042339199582010573e-03,-1.300660627029580699e-02,1.054268048888434578e+03,-5.034756687362208254e+02,-8.330750186340341088e+02,-3.496398504299051690e-02,1.717161512488371500e+02,3.755825592978190252e+04,3.611398473291543633e+04,0.000000000000000000e+00
3.225000000000244338e+00,1.503648597807639575e+01,6.197694073273791737e-01,4.150635610334786341e-01,-1.454416586148097332e-03,-2.492122158971292467e-02,-1.191261878357286960e-02,7.519403720132934268e+02,-4.944659229428746698e+02,-5.846702180546104728e+02,-3.504839046340559733e-02,1.720675548426976036e+02,3.802110225746340438e+04,3.812555800141271175e+04,0.000000000000000000e+00
3.230000000000246008e+00,1.503652239501600540e+01,6.198474184501114870e-01,4.150446426761962293e-01,1.232958373608841231e-02,6.581958019003604499e-02,1.969183079683988966e-02,9.728132924253412739e+02,-6.646142511456657758e+02,-7.547292431494321363e+02,-3.508745014627279862e-02,1.715950659984796403e+02,3.768119185124830256e+04,3.713456399466671428e+04,0.000000000000000000e+00
3.235000000000247677e+00,1.503665933789532261e+01,6.198854426448410226e-01,4.146694788354900463e-01,4.913865330591416641e-02,3.769385648637831737e-02,-6.215805871315085301e-02,-1.160298455030675768e+03,1.263943547285121667e+03,1.460442600728599473e+03,-3.516865435616366858e-02,1.711896414730152856e+02,2.870924417293421357e+04,4.303530109743966750e+04,0.000000000000000000e+00
3.240000000000249347e+00,1.503694547657851821e+01,6.201127746370430627e-01,4.143195960980676218e-01,5.876177108421710288e-02,3.120181357085944143e-02,-9.871647666833865964e-02,-1.345214407018344446e+03,9.957374965838880598e+02,1.733451727188233917e+03,-3.505833416724567914e-02,1.698703121449804883e+02,2.855147934442773112e+04,4.141104834139387822e+04,0.000000000000000000e+00
3.245000000000251017e+00,1.503719650767322236e+01,6.203102677581601165e-01,4.140311009011629628e-01,3.684652768325171607e-02,3.190254083088055886e-02,-1.202352474699463526e-02,-1.346554307968727016e+03,5.865116779371769553e+02,1.560148155792679745e+03,-3.502925326435264719e-02,1.686186114276386547e+02,2.666835697351539056e+04,4.563380577930922300e+04,0.000000000000000000e+00
3.250000000000252687e+00,1.503723548479083760e+01,6.203112959022972772e-01,4.140865240387034962e-01,-1.796158821923212953e-02,2.221210004062699334e-02,9.146772308547909680e-02,8.770738712507863966e+02,-6.378895630403069390e+02,-8.232353143596125165e+02,-3.471931933176727186e-02,1.684352007484849025e+02,3.692571332737711055e+04,3.617609374168152863e+04,0.000000000000000000e+00
3.255000000000254357e+00,1.503710344041406088e+01,6.201759780233597752e-01,4.142354095348647069e-01,-4.365140348739342258e-02,4.650835419054048054e-04,1.085876283052746027e-01,7.362382005502103084e+02,-5.562645016631632870e+02,-6.926967587989688582e+02,-3.471370538163171676e-02,1.689579487925448404e+02,3.812386188735668111e+04,3.931949621106943960e+04,0.000000000000000000e+00
3.260000000000256026e+00,1.503690339167058276e+01,6.200522643890749031e-01,4.145005291337525155e-01,-4.107670209662844796e-02,2.355860467994993113e-04,7.946522288288800084e-02,1.128243653115831648e+03,-4.179287767621344756e+02,-8.686810406561273794e+02,-3.464428003145753748e-02,1.693401780545976578e+02,3.622261087743086682e+04,3.644189183311275701e+04,0.000000000000000000e+00
3.265000000000257696e+00,1.503673861810451307e+01,6.199461773488647021e-01,4.146740267445234718e-01,-3.727420403779285046e-02,2.045858616853783556e-03,8.207828313744486293e-02,9.178493148821364684e+02,-5.372295237863734201e+02,-6.673150624948165159e+02,-3.465868677094674499e-02,1.699739220819518266e+02,3.832566746529687225e+04,4.044293342980874149e+04,0.000000000000000000e+00
3.270000000000259366e+00,1.503661303902815227e+01,6.198317501455167244e-01,4.148242199591353208e-01,-1.813041536531626377e-02,-3.673171487423726456e-02,6.550655419178142563e-03,7.947229349650000358e+02,-6.346722630322293526e+02,-4.394484622612304747e+02,-3.468576638604820017e-02,1.704720994215461758e+02,3.800166174475590378e+04,3.987729475461789116e+04,0.000000000000000000e+00
3.275000000000261036e+00,1.503653154059848163e+01,6.197012432523822945e-01,4.149910045603459885e-01,-1.531817690319806601e-02,-5.631362346952956816e-03,5.269532392602135906e-02,9.286253049609894106e+02,-6.986555595515794721e+02,-7.279502152137453095e+02,-3.476929038287854962e-02,1.710090122046322847e+02,3.787433824833270774e+04,3.824033951294413419e+04,0.000000000000000000e+00
3.280000000000262705e+00,1.503648165609964238e+01,6.196038271743845582e-01,4.150914617615520386e-01,-1.341499582622004798e-02,-9.464084964080557785e-03,3.089790990680167659e-02,5.680604820381906848e+02,-5.915779329954584682e+02,-4.231833994760036148e+02,-3.490454755422877503e-02,1.715165828353364930e+02,3.830729554406789248e+04,4.069544327817290468e+04,0.000000000000000000e+00
3.285000000000264375e+00,1.503640028331870582e+01,6.195184823610432323e-01,4.151778673091477412e-01,-2.125994696888352381e-02,-1.940704840332885435e-03,3.468693178312159259e-02,9.985819483787021227e+02,-6.350561504874772254e+02,-7.734595795174793693e+02,-3.493827757583620186e-02,1.720368174414394957e+02,3.665540002371907030e+04,3.849489614470995730e+04,0.000000000000000000e+00
3.290000000000266045e+00,1.503640688397606873e+01,6.195945545516983177e-01,4.150807882202085519e-01,1.820823103574266758e-02,4.285919513478602533e-02,-4.492303272871073921e-02,6.802003586075275052e+02,-5.028201338036302559e+02,-5.326386640222174265e+02,-3.500343995938114822e-02,1.720048556558244286e+02,3.870376376781709405e+04,3.897821573520043603e+04,0.000000000000000000e+00
3.295000000000267715e+00,1.503655040660212627e+01,6.199043646402373486e-01,4.148113461717272688e-01,4.029701078612171750e-02,9.871687909202112032e-02,-2.953740113389156582e-02,9.204928833367806646e+02,-7.329274114162421938e+02,-7.506079622380892715e+02,-3.509816615898100206e-02,1.709303317330915490e+02,3.803480069499515957e+04,3.681709916089577746e+04,0.000000000000000000e+00
3.300000000000269385e+00,1.503677616864806588e+01,6.202120679566782702e-01,4.144800259569006440e-01,3.876452125123701353e-02,3.427330761179610275e-02,-7.118559955674844120e-02,-1.256469595159461278e+03,8.293190110226303204e+02,1.443849718774973326e+03,-3.506673908587807503e-02,1.696930870289442623e+02,2.709790517752436426e+04,4.628252041145430121e+04,0.000000000000000000e+00
3.305000000000271054e+00,1.503691105458994137e+01,6.204361654591610264e-01,4.143780968699088962e-01,1.577332989341547267e-02,3.086272178047578738e-02,-9.673048182029998776e-03,6.226338430917751339e+02,-7.460193143413357575e+02,-3.732085110808731088e+02,-3.479803451970145400e-02,1.689833535619727343e+02,3.835288848440365837e+04,4.026641830734441464e+04,0.000000000000000000e+00
3.310000000000272724e+00,1.503692484314319877e+01,6.204541591162610059e-01,4.143836346854367636e-01,-8.825647998124337354e-03,-6.101698697691031702e-03,2.543747738068122613e-02,9.544775822303946597e+02,-4.830773712234226878e+02,-8.473379936878026228e+02,-3.481329861995862557e-02,1.692373964431166087e+02,3.774760210354723677e+04,3.715393311777259078e+04,0.000000000000000000e+00
3.315000000000274394e+00,1.503685901236118205e+01,6.203716958408069804e-01,4.144471987600256702e-01,-1.745696042966429426e-02,-1.622631719614523946e-02,2.083936612364230626e-02,-1.371427539233972539e+03,5.859819748697905197e+02,1.586828081219054184e+03,-3.493723333530386610e-02,1.697288462926442776e+02,2.544528153031177862e+04,4.623775590112544160e+04,0.000000000000000000e+00
3.320000000000276064e+00,1.503674530259452702e+01,6.202441843512035424e-01,4.146355036815224104e-01,-2.283501207996227814e-02,-3.306484366476684922e-02,4.146176530061060350e-02,9.937958639567646060e+02,-4.246927501723026239e+02,-8.168405882656176118e+02,-3.490269826679481130e-02,1.703992999163902766e+02,3.719185058194550948e+04,3.628677656135533471e+04,0.000000000000000000e+00
3.325000000000277733e+00,1.503667316088584194e+01,6.200724077781099020e-01,4.147836260038595402e-01,-4.186259147719782053e-03,-6.855485823119378264e-02,-2.068336964003779713e-02,7.615023864622596648e+02,-2.857404109915559047e+02,-7.134640509291336912e+02,-3.475190643917935862e-02,1.711349679501179821e+02,3.869125613683403935e+04,3.740613013112055341e+04,0.000000000000000000e+00
3.330000000000279403e+00,1.503663022601788590e+01,6.199031597200936883e-01,4.148478063948220496e-01,-2.033042770310423183e-03,-6.016652992429488700e-02,-3.357009911870321300e-02,-1.339898165556951199e+03,9.718644286127042733e+02,1.442109932812485113e+03,-3.474123788261760520e-02,1.717903535473455463e+02,2.764651182589490418e+04,4.682210002541852009e+04,0.000000000000000000e+00
3.335000000000281073e+00,1.503658912094225464e+01,6.197976603064930812e-01,4.148917407244031019e-01,2.134368375631493561e-03,-3.441788958092182465e-02,-4.868258841630180439e-02,-1.124271922602856193e+03,1.531843848576153960e+03,1.390176246985312673e+03,-3.473949197861529031e-02,1.722642526795383162e+02,2.989097934445997453e+04,4.404587753194455581e+04,0.000000000000000000e+00
3.340000000000282743e+00,1.503667068414796226e+01,6.199863828768039653e-01,4.147473338608735904e-01,2.135967801495576926e-02,5.071119431046826331e-02,-4.445905936811957171e-02,7.567942657540136224e+02,-5.893972816356534850e+02,-5.249458173288447824e+02,-3.472472263037784668e-02,1.714585124945787129e+02,3.843485171465089661e+04,3.845189644890074123e+04,0.000000000000000000e+00
3.345000000000284412e+00,1.503680384132601411e+01,6.201945000472489644e-01,4.144640069857666864e-01,2.503856474624123127e-02,5.493650373764699668e-02,-2.471600746668611501e-02,-1.042596331975309340e+03,1.182923217904908597e+03,1.469682706876912334e+03,-3.491474246500488043e-02,1.705057593082448761e+02,2.937945507686396377e+04,4.366386088958967593e+04,0.000000000000000000e+00
3.350000000000286082e+00,1.503694101116866477e+01,6.203805377035084279e-01,4.142869392567465892e-01,1.538841783980695634e-02,4.113252727526522240e-02,2.430964584454183008e-02,-1.052905544146000011e+03,5.647680171225242702e+02,1.186206486174399970e+03,-3.496708802391459286e-02,1.696705079513639873e+02,2.826983844410781603e+04,4.614912146730564564e+04,0.000000000000000000e+00
3.355000000000287752e+00,1.503700143598118011e+01,6.203857049367034193e-01,4.142638593778437683e-01,7.490271896906735248e-03,8.230704486175525331e-03,3.789665018375002609e-02,7.484597668930624650e+02,-5.831065952256651599e+02,-5.398327423277264643e+02,-3.504145453369181956e-02,1.694189663012305971e+02,3.835181368537942035e+04,3.993658464316883328e+04,0.000000000000000000e+00
3.360000000000289422e+00,1.503698829109362833e+01,6.202705884098819178e-01,4.143295102605335511e-01,-1.053413493901738177e-02,-4.067079716152822988e-02,8.305887820486208134e-03,7.892096317330475586e+02,-5.160393644009908485e+02,-6.286577016064859436e+02,-3.514044248791933084e-02,1.696548413733279972e+02,3.852324075809534406e+04,3.863295618107600603e+04,0.000000000000000000e+00
3.365000000000291092e+00,1.503693416168344932e+01,6.201094863379380540e-01,4.144269519268165003e-01,-6.808647431253046431e-03,-4.352788715799884439e-02,1.434052024782460702e-02,-1.027160548123639046e+03,5.314169594893023714e+02,1.406697646489925773e+03,-3.517542382906028997e-02,1.702814806063503568e+02,2.756412297702542128e+04,4.619672981698442891e+04,0.000000000000000000e+00
3.370000000000292761e+00,1.503687077267978545e+01,6.199426390151826505e-01,4.146551591679680238e-01,-1.901137150893075431e-02,-2.380298693075965505e-02,6.566544064980267548e-02,6.073219260147676550e+02,-6.698447022465962846e+02,-4.376501817676311816e+02,-3.496261101015214756e-02,1.707524142195343302e+02,3.823792240325369494e+04,4.108697317611682229e+04,0.000000000000000000e+00
3.375000000000294431e+00,1.503680555836151100e+01,6.197034864683163002e-01,4.147617819644484616e-01,-1.677946800292492296e-02,-2.054597991440517898e-02,5.621001412192785235e-02,1.025172027377373752e+03,-4.868336946715540989e+02,-8.306873621512098680e+02,-3.493881844701353379e-02,1.713688435342320702e+02,3.785781753055899026e+04,3.759059113185350725e+04,0.000000000000000000e+00
3.380000000000296101e+00,1.503676426544033973e+01,6.195970755044989398e-01,4.147875683047266282e-01,-7.402632625208479741e-03,2.751486680816936717e-03,9.876491713957475868e-03,1.006827259733425649e+03,-5.488991145045713438e+02,-8.654055290325145506e+02,-3.501562698875494012e-02,1.718450978776569400e+02,3.759195297490673693e+04,3.654542318474870990e+04,0.000000000000000000e+00
3.385000000000297771e+00,1.503671441634860528e+01,6.195324482206027161e-01,4.147993686925691703e-01,-1.120460779570138683e-02,-9.380931967596824184e-03,2.762825616140834883e-02,-1.201876853389414237e+03,9.504269379016137691e+02,1.331106679983529375e+03,-3.498947926418503190e-02,1.722957526769217509e+02,2.681756907078635777e+04,4.688838591284097492e+04,0.000000000000000000e+00
3.390000000000299440e+00,1.503670055970654040e+01,6.195386675133384147e-01,4.147963804147975497e-01,1.679824889034900112e-02,4.025986932588257981e-03,-4.830777897619106809e-02,-1.222012280126992664e+03,1.362938000672077351e+03,1.564884050717456375e+03,-3.502217025663487138e-02,1.722741672109174544e+02,2.866161382697368390e+04,4.311550036088542402e+04,0.000000000000000000e+00
3.395000000000301110e+00,1.503684232466088488e+01,6.197956905390574756e-01,4.146018862214741474e-01,3.462130122667039789e-02,7.027181828808332087e-02,-4.513827376863836088e-02,4.787185672405510672e+02,-5.107465194479406136e+02,-3.031113103416245167e+02,-3.504267188406579719e-02,1.711881262019176120e+02,3.717071364474112488e+04,4.003856834886129218e+04,0.000000000000000000e+00
3.400000000000302780e+00,1.503699071250624364e+01,6.199977103554545899e-01,4.143767869175140617e-01,1.962166213983445803e-02,2.941271699628345004e-02,-1.678278121129678571e-02,7.119150024949183262e+02,-6.710459441673835954e+02,-5.217832991853139220e+02,-3.488214779920805614e-02,1.701715851312572170e+02,3.760799899128429388e+04,3.758635765303258086e+04,0.000000000000000000e+00
3.405000000000304450e+00,1.503703196667322217e+01,6.200305508123559184e-01,4.142886335013338250e-01,2.159481452796116127e-03,1.104572488706674627e-02,-7.065373782385105279e-04,-1.438092064386188667e+03,5.125783405486075708e+02,1.665185592524438789e+03,-3.487518385150877032e-02,1.698212476910958912e+02,2.592256412046859259e+04,4.596093042986988439e+04,0.000000000000000000e+00
3.410000000000306120e+00,1.503698980666583829e+01,6.199645193066759541e-01,4.143538915094673314e-01,-1.618145334171268435e-02,-1.396347589641553852e-02,3.267490903102120842e-02,1.009383460681563292e+03,-4.640943273092897243e+02,-8.737830394078471272e+02,-3.499646985678562389e-02,1.699396083075330921e+02,3.764089389471471804e+04,3.638358035585682956e+04,0.000000000000000000e+00
3.415000000000307789e+00,1.503691729874542560e+01,6.198942273163251526e-01,4.144744185825688931e-01,-2.192481452823168142e-02,1.380025668783988434e-02,8.831422078154832489e-02,1.014305934116782737e+03,-4.723670326806510502e+02,-8.212380273870464862e+02,-3.509252325312368914e-02,1.702816153805923989e+02,3.798275583076255862e+04,3.839060964286339731e+04,0.000000000000000000e+00
3.420000000000309459e+00,1.503684544361718878e+01,6.197960853133253067e-01,4.145714510948276255e-01,-1.540445768397846749e-02,-2.196815434316864990e-02,1.460282029425014408e-02,9.829433183393482523e+02,-5.651683604411122133e+02,-8.344033013544876667e+02,-3.521500228331887056e-02,1.706136744000768601e+02,3.730514035395396786e+04,3.665636611552800605e+04,0.000000000000000000e+00
3.425000000000311129e+00,1.503676787704941908e+01,6.197053791562211478e-01,4.146645004426229852e-01,-1.411161734761369295e-02,-3.450341810695305850e-02,-6.016183266190216171e-03,-1.153150633890073550e+03,9.151056883383776039e+02,1.285053155032641371e+03,-3.534542408675021841e-02,1.711711104045951402e+02,2.880367159587184506e+04,4.705121044010109472e+04,0.000000000000000000e+00
3.430000000000312799e+00,1.503667598280907747e+01,6.196021345874657138e-01,4.148107897855277670e-01,-1.639767711056907065e-02,-4.581467656055045884e-02,2.259611684284696092e-03,-1.212623574609058778e+03,7.877702867713113619e+02,1.549739322539615614e+03,-3.535233674712549151e-02,1.717940775773371342e+02,2.590807672776588879e+04,4.636451126050532912e+04,0.000000000000000000e+00
3.435000000000314468e+00,1.503665672591316849e+01,6.195909582137324456e-01,4.148579519237611257e-01,1.511995600567864889e-02,8.215464833442952253e-02,3.497555192348219405e-02,9.646843596693128120e+02,-5.909610185170706700e+02,-7.534854516296234124e+02,-3.539992690429387412e-02,1.718859630484715240e+02,3.827332529526927829e+04,3.852487216360712773e+04,0.000000000000000000e+00
3.440000000000316138e+00,1.503680482523362372e+01,6.197505081981390385e-01,4.146627012587019712e-01,4.100532851305358634e-02,7.384937166788686780e-02,2.592879978375869227e-02,9.651050160575481414e+02,-6.003747390724922752e+02,-8.623699530953648491e+02,-3.538470206044778271e-02,1.708019097333075251e+02,3.798578249788817629e+04,3.551822649713483406e+04,0.000000000000000000e+00
3.445000000000317808e+00,1.503702030755242092e+01,6.197760895445457718e-01,4.143140144201656327e-01,4.472808620832242898e-02,-9.227165982818827687e-04,-5.502022984076197082e-02,-1.570872239722146560e+03,6.494439249777816485e+02,1.817378942835960970e+03,-3.536923127728607008e-02,1.700859047525252379e+02,2.569447913042666187e+04,4.545907775440294790e+04,0.000000000000000000e+00
3.450000000000319478e+00,1.503710721604980627e+01,6.197426535849511753e-01,4.142961484270292760e-01,1.136253052446487520e-02,-6.198320599900516981e-02,-7.220561271191248964e-02,-1.151734673142223528e+03,8.990678861968829096e+02,1.329694997229969431e+03,-3.500931814765478878e-02,1.696930492581091414e+02,2.913078720160426383e+04,4.656463773049850715e+04,0.000000000000000000e+00
3.455000000000321148e+00,1.503708909400319627e+01,6.197022863271666182e-01,4.143803322114886223e-01,-7.723911990285744003e-03,-3.730774245389893717e-02,-3.186698469544156642e-02,5.038699960362805541e+02,-5.971602503929398154e+02,-2.742298513157530806e+02,-3.490657812502213908e-02,1.694720029690534489e+02,3.800655355292194872e+04,3.897418194022064563e+04,0.000000000000000000e+00
3.460000000000322817e+00,1.503698363394927284e+01,6.196104311433306977e-01,4.145636780185598669e-01,-2.420181526973217562e-02,-2.376951449750347098e-02,4.404656545544026469e-02,7.180034153322487782e+02,-5.764826178101360483e+02,-6.182013424126535028e+02,-3.493825227692812924e-02,1.697852764298261263e+02,3.783553532550497039e+04,3.883153431092124083e+04,0.000000000000000000e+00
3.465000000000324487e+00,1.503689385471690443e+01,6.194153459903583014e-01,4.146145547675568199e-01,-2.897652134841438229e-02,1.448232007654382328e-02,1.084249046566718444e-01,1.174254479168594344e+03,-6.294560045195237308e+02,-1.047624580363817586e+03,-3.502729075694557825e-02,1.704717978991621123e+02,3.681550671149608388e+04,3.629412574788457277e+04,0.000000000000000000e+00
3.470000000000326157e+00,1.503680090429586080e+01,6.192222155563467112e-01,4.146664183597983389e-01,-2.027062788447180075e-02,-5.330118644507500329e-03,4.868704787382268501e-02,-1.067260193512019441e+03,8.777326799503666734e+02,1.232556539524020081e+03,-3.513562262384854057e-02,1.709493835972761246e+02,2.730513726419101295e+04,4.687046643351685634e+04,0.000000000000000000e+00
3.475000000000327827e+00,1.503673030424403123e+01,6.192086459402795784e-01,4.147275853940425305e-01,3.323624905726517073e-03,3.289462765208777360e-03,-3.544140040233990235e-02,-9.818947270852273732e+02,1.423350455089874913e+03,1.299186372220533940e+03,-3.516495339979897050e-02,1.709784539467788420e+02,2.968430645185862159e+04,4.349733612107569206e+04,0.000000000000000000e+00
3.480000000000329496e+00,1.503684029951359236e+01,6.194545345035969985e-01,4.145893681394353103e-01,3.601691498638396466e-02,6.737603582005349812e-02,-3.097392748883085606e-02,7.620889732862490291e+02,-6.437146991720190954e+02,-5.772025356255685438e+02,-3.531008219006660787e-02,1.699907149508778446e+02,3.800160063789675041e+04,3.766317426315596822e+04,0.000000000000000000e+00
3.485000000000331166e+00,1.503707755004346502e+01,6.196681210233440096e-01,4.142365910334817602e-01,4.958955499861117389e-02,1.785105662788284350e-02,-9.415141876898558415e-02,-1.326961920692685226e+03,8.443366397690581380e+02,1.425273011997921913e+03,-3.533697569944373174e-02,1.689836821707982608e+02,2.823850841252115060e+04,4.632907446609238832e+04,0.000000000000000000e+00
3.490000000000332836e+00,1.503717533711943766e+01,6.198069878361686103e-01,4.141236926471966173e-01,3.521071596412228381e-03,1.624760209163024494e-02,-7.713183413942531486e-03,-1.148561509644653597e+03,6.445838035159033552e+02,1.287767876159871321e+03,-3.520670318091940337e-02,1.683438725245490559e+02,2.809873324066909481e+04,4.611904287586968712e+04,0.000000000000000000e+00
3.495000000000334506e+00,1.503711712841487547e+01,6.198235711215202004e-01,4.141927781731992164e-01,-2.554690801049748494e-02,-1.560234772521964033e-02,3.880359072499576373e-02,-1.279520154425312057e+03,7.049483653367334455e+02,1.406320696050379865e+03,-3.526995708071545971e-02,1.685476656151423640e+02,2.676092096034615679e+04,4.620929846577781427e+04,0.000000000000000000e+00
3.500000000000336176e+00,1.503696574791205265e+01,6.197201401508296570e-01,4.144277137353409302e-01,-3.253669354611884307e-02,-2.736251414866367263e-02,5.104255177672090138e-02,6.922520756095170782e+02,-4.838873458499708704e+02,-5.638903872725458086e+02,-3.530621822240075786e-02,1.690938973274793682e+02,3.824274534367632441e+04,3.892871564168280020e+04,0.000000000000000000e+00
3.505000000000337845e+00,1.503683127035031397e+01,6.195544096961518310e-01,4.145815889073959926e-01,-2.483896978804539524e-02,-1.360535081685400674e-02,4.485432583693103881e-02,8.002455670128314296e+02,-4.860271952538391247e+02,-6.294249773624521822e+02,-3.531984809496661187e-02,1.698019324331976634e+02,3.894154226793177077e+04,3.891478332562002470e+04,0.000000000000000000e+00
3.510000000000339515e+00,1.503674152417306509e+01,6.194351685834814658e-01,4.146923559037706264e-01,-1.108211356949352806e-02,-4.116292902937949277e-02,-2.007342330597523469e-02,9.017364669073203913e+02,-3.772049019106401602e+02,-6.322239366661588065e+02,-3.536067709819957355e-02,1.704349513383625379e+02,3.809698824568518467e+04,3.756345464621583960e+04,0.000000000000000000e+00
3.515000000000341185e+00,1.503668544061070023e+01,6.193906072505055427e-01,4.147803486120966721e-01,-1.950067867524362016e-03,-3.850107584658028770e-02,-4.899458304611402359e-02,6.856636913953943804e+02,-4.421884533240517499e+02,-5.139889776415919869e+02,-3.538118844194457907e-02,1.711115446810455865e+02,3.743877578813442960e+04,3.855626806630167266e+04,0.000000000000000000e+00
3.520000000000342855e+00,1.503672373318544686e+01,6.195328000776212374e-01,4.146968170578901880e-01,2.052558534977876742e-02,1.811310898740557673e-02,-7.323328985774492372e-02,5.305835421546328234e+02,-4.219132654332696006e+02,-4.000155464551268096e+02,-3.528846343192591772e-02,1.709097882618624453e+02,3.841104813299605303e+04,3.929929898337889608e+04,0.000000000000000000e+00
3.525000000000344524e+00,1.503689558913467827e+01,6.198511780257499604e-01,4.144139642289650372e-01,4.047800332868203843e-02,2.411711986554130119e-02,-1.137500681860651175e-01,1.896101124363247550e+02,-4.016139028602023586e+02,6.821501285721811314e+01,-3.523920553313516363e-02,1.699491064469933690e+02,3.745024715817398828e+04,4.172808139565093734e+04,0.000000000000000000e+00
3.530000000000346194e+00,1.503711928502240447e+01,6.201461911184429354e-01,4.140749562019409025e-01,4.258147203498078431e-02,1.988158788346584827e-02,-1.122109277983032727e-01,6.354839468273936518e+02,-4.859594485587277859e+02,-4.639279034324229087e+02,-3.502131298926218494e-02,1.686062125779771748e+02,3.776554490395709581e+04,3.608812770809038193e+04,0.000000000000000000e+00
3.535000000000347864e+00,1.503730900111487401e+01,6.204317317592048520e-01,4.138682117354414713e-01,2.893707688263997754e-02,2.698249868231426471e-02,-7.070693207244591050e-02,5.098385850005270186e+02,-2.887935449826090348e+02,-2.388896491659137382e+02,-3.512144405459795282e-02,1.672129599170766880e+02,3.862103783839863900e+04,3.739888557230094739e+04,0.000000000000000000e+00
3.540000000000349534e+00,1.503740271411214557e+01,6.205143073366683470e-01,4.137250675880458362e-01,5.393573588515389663e-03,1.748259202693056708e-02,3.409167441305580720e-02,6.714350299790746703e+02,-5.260854232680301266e+02,-5.693251061536126372e+02,-3.497549710858818828e-02,1.671339488062061776e+02,3.870838700868318847e+04,3.837396320461513824e+04,0.000000000000000000e+00
3.545000000000351204e+00,1.503732371193732931e+01,6.204444673369005070e-01,4.138879826690475827e-01,-2.559367894128738649e-02,-3.451661945056676284e-02,1.605410637885270123e-02,-1.328046022000965422e+03,6.402328850364079926e+02,1.510000540430313094e+03,-3.479332361533186979e-02,1.677583261501268623e+02,2.735958134439352216e+04,4.637199636948629632e+04,0.000000000000000000e+00
3.550000000000352873e+00,1.503712077106045086e+01,6.203370950904055769e-01,4.142145050933906392e-01,-4.789729659478887680e-02,-1.841587990327696669e-02,7.656044065787596942e-02,8.169992443051207829e+02,-4.868243857925297107e+02,-8.090759465735354752e+02,-3.479996123216836518e-02,1.686812831620303257e+02,3.732063945734946174e+04,3.679669749845236220e+04,0.000000000000000000e+00
3.555000000000354543e+00,1.503684929566078310e+01,6.201162167116224255e-01,4.145300728801498136e-01,-5.033005827718666642e-02,-7.206338624171008955e-02,2.985399082516529065e-02,-1.166313652456227373e+03,6.996007009359498170e+02,1.344083060495345308e+03,-3.488301530641004650e-02,1.696599974021440289e+02,2.675318243873199026e+04,4.707856932232163672e+04,0.000000000000000000e+00
3.560000000000356213e+00,1.503660818917200004e+01,6.198826169017940257e-01,4.148217684969509600e-01,-3.348043963240353998e-02,-6.538821223559146412e-02,-3.639958394906875425e-03,-9.610992596358996707e+02,1.017487489790017321e+03,1.165799933643629856e+03,-3.495409114542301354e-02,1.707472970484006396e+02,2.823793260971854397e+04,4.691829084296592191e+04,0.000000000000000000e+00
3.565000000000357883e+00,1.503645825699196159e+01,6.197477361224216219e-01,4.150467771939434503e-01,-2.305818170283362514e-02,-2.623613901266230383e-02,4.518529457169058461e-02,8.183256184848214616e+02,-5.456968457105257357e+02,-5.652342751587881367e+02,-3.492948394455340499e-02,1.715415810693807259e+02,3.830586351660428045e+04,3.988654192914571468e+04,0.000000000000000000e+00
3.570000000000359552e+00,1.503638629385221570e+01,6.196850673391420816e-01,4.151943982965761726e-01,-9.628792888530298549e-03,-7.931909321351366532e-03,1.149463835526201225e-02,9.146123828930334412e+02,-5.615036021714773824e+02,-6.903491919236104195e+02,-3.489373554329485566e-02,1.719175284008863684e+02,3.795300006410392962e+04,3.808710048080322304e+04,0.000000000000000000e+00
3.575000000000361222e+00,1.503639963795303558e+01,6.196424686449527597e-01,4.151533626290011547e-01,-2.296374595636311005e-03,3.052376425853530958e-02,4.976826280218400733e-02,1.001856338998011665e+03,-6.657845376082100302e+02,-7.890971999133635109e+02,-3.501424792854292839e-02,1.722490765497870484e+02,3.719718777258705086e+04,3.782096263720526622e+04,0.000000000000000000e+00
3.580000000000362892e+00,1.503642507562887864e+01,6.196550530110612742e-01,4.151547108688614096e-01,4.706769641320446046e-04,2.945831099033090206e-02,3.541612843561650625e-02,1.063632273690589045e+03,-7.688526005650231809e+02,-7.670440133862173298e+02,-3.503809100800457654e-02,1.723446228395668811e+02,3.654428992878821009e+04,3.805758358344173757e+04,0.000000000000000000e+00
3.585000000000364562e+00,1.503652566239621535e+01,6.197804663961516969e-01,4.149851606425337680e-01,3.307451997494692542e-02,9.526826357604530060e-02,-6.901526377099812155e-03,8.523039715588795389e+02,-7.030268084356226836e+02,-6.718196906132284312e+02,-3.499282267925166862e-02,1.719581047238424674e+02,3.749289626080133166e+04,3.831701044564046606e+04,0.000000000000000000e+00
3.590000000000366231e+00,1.503673629581811433e+01,6.201272379867500684e-01,4.146404296782860710e-01,4.496267162285983582e-02,8.695491713741999862e-02,-5.964038860725510982e-02,6.586805189512978131e+02,-6.557956543115136583e+02,-3.421704495965034312e+02,-3.503173472103348479e-02,1.703432528167856219e+02,3.838403680222846015e+04,3.989815212975107715e+04,0.000000000000000000e+00
3.595000000000367901e+00,1.503697825158919876e+01,6.203581653132548279e-01,4.142007860166607713e-01,5.275662286450522737e-02,3.133793176285991355e-02,-1.102150549357274606e-01,-1.126069812654109910e+03,1.097670433591549227e+03,1.423485087385675115e+03,-3.495594012037490234e-02,1.691879927440932363e+02,3.100910308518290913e+04,4.207407253532299364e+04,0.000000000000000000e+00
3.600000000000369571e+00,1.503720967679357123e+01,6.205824219265931863e-01,4.139410364510623941e-01,3.303188975496814533e-02,1.860688340772666954e-02,-4.219535258431322822e-02,6.160106402137818122e+02,-5.464075579594059491e+02,-2.350096481108239743e+02,-3.494555282606192498e-02,1.679078312299781715e+02,3.753917172566645604e+04,3.713656358173662738e+04,0.000000000000000000e+00
3.605000000000371241e+00,1.503721582600500639e+01,6.205387749705039147e-01,4.140026346795445122e-01,-1.543288274940778602e-02,-2.874627610373212822e-02,1.536192843228880930e-02,8.146851920556805453e+02,-4.714737750920599524e+02,-7.460008678155942334e+02,-3.493066943132615981e-02,1.680183462051679157e+02,3.818346799073298462e+04,3.646836978826740233e+04,0.000000000000000000e+00
3.610000000000372911e+00,1.503710054017608222e+01,6.204350505817072259e-01,4.142332003583434896e-01,-3.347123017820239493e-02,-1.343228307783134179e-02,8.087866613796350357e-02,6.014463288176907554e+02,-6.520185340710654600e+02,-5.424409083861597765e+02,-3.479194612536181536e-02,1.687984271846536615e+02,3.825393598178822140e+04,3.830728430699397722e+04,0.000000000000000000e+00
3.615000000000374580e+00,1.503689034173069139e+01,6.202499666882513862e-01,4.145424824526058316e-01,-3.733067964932430122e-02,-6.127176177563421061e-02,1.945591833811832760e-02,9.712705695207833969e+02,-4.753298679741817523e+02,-6.704641532930517087e+02,-3.471032488272974420e-02,1.695780774287752592e+02,3.746543090887795552e+04,3.727430996993056033e+04,0.000000000000000000e+00
3.620000000000376250e+00,1.503670879013239947e+01,6.200667414140210720e-01,4.147438768401964237e-01,-3.516721694036646639e-02,-2.668613412541720117e-02,5.370774534716870469e-02,-1.249622739928555347e+03,5.930817300302963986e+02,1.487618320720493557e+03,-3.474550665095085117e-02,1.706385050200067326e+02,2.613651174136232294e+04,4.616909769720927579e+04,0.000000000000000000e+00
3.625000000000377920e+00,1.503657116716268405e+01,6.199271018548062617e-01,4.149363000170473437e-01,-2.111852328102584858e-02,-2.687320919225488422e-02,3.000053877389708204e-02,1.020538357360826012e+03,-5.368753676358801386e+02,-7.371793210431052330e+02,-3.469314298788155060e-02,1.712787078980137494e+02,3.810608469583893748e+04,3.776994873884517438e+04,0.000000000000000000e+00
3.630000000000379590e+00,1.503650271849194020e+01,6.197858597494262378e-01,4.149811207645014988e-01,-5.488283787681404527e-03,-4.297986724330209174e-02,-3.448404146140826576e-02,-1.188847513514341699e+03,8.086927315997883170e+02,1.455289991461818772e+03,-3.480735316131995660e-02,1.719031221618052996e+02,2.811474726665921844e+04,4.674001316125412268e+04,0.000000000000000000e+00
3.635000000000381259e+00,1.503645472364317470e+01,6.197157697983506353e-01,4.150623402282129226e-01,-8.314234836092544365e-03,-8.112518282901078417e-03,2.687051137164888845e-02,9.725277564974423967e+02,-5.252162388556009773e+02,-7.635811273511849322e+02,-3.495191930414263265e-02,1.722223031313906461e+02,3.783450232805056294e+04,3.792396803026404814e+04,0.000000000000000000e+00
3.640000000000382929e+00,1.503642740678326106e+01,6.196522504373397355e-01,4.150978441561254395e-01,-6.871271715811667728e-03,-5.480592392195687878e-04,2.132430599299388677e-02,1.214777690705201849e+03,-6.678050302420788285e+02,-9.167531400306078240e+02,-3.509532360567415438e-02,1.726982089726468530e+02,3.539308180662161612e+04,3.645116531949076307e+04,0.000000000000000000e+00
3.645000000000384599e+00,1.503644122392022275e+01,6.196149779439916738e-01,4.150637788409446416e-01,1.826227518902881486e-02,-5.676855901271185903e-03,-5.055527113134673095e-02,-1.050757920532488242e+03,1.440667192525099153e+03,1.316053781468904845e+03,-3.513624615245242860e-02,1.729635101264474599e+02,2.989199114524120887e+04,4.385259418273909250e+04,0.000000000000000000e+00
3.650000000000386269e+00,1.503661057861827999e+01,6.198254755035795815e-01,4.148651328619180623e-01,4.751352963709518790e-02,5.875498396257011757e-02,-3.993104859270345947e-02,8.924183017504032023e+02,-6.776542376775465755e+02,-7.615620164188513854e+02,-3.500967727376411154e-02,1.719323226315426609e+02,3.700911812958237715e+04,3.650100203617032821e+04,0.000000000000000000e+00
3.655000000000387939e+00,1.503685822751529955e+01,6.201261111079073851e-01,4.145344814792071841e-01,5.030126884933806830e-02,4.349570757341759270e-02,-9.048056690567607419e-02,7.890521946237396378e+02,-5.727546524059612238e+02,-6.352704348550040550e+02,-3.493780093776021473e-02,1.703391859224213931e+02,3.757802805736923619e+04,3.633974422505630355e+04,0.000000000000000000e+00
3.660000000000389608e+00,1.503712525184442761e+01,6.204163626938321574e-01,4.142262490011905940e-01,4.049987948283070155e-02,6.184587087565336649e-02,-1.144478934857343262e-02,6.404958840993300555e+02,-5.654215769143471562e+02,-5.408963403228827929e+02,-3.505558827327916183e-02,1.685456388416562845e+02,3.853368736814947624e+04,3.747587012830720050e+04,0.000000000000000000e+00
3.665000000000391278e+00,1.503726922046716297e+01,6.204053139608076695e-01,4.138877533386571828e-01,2.024138741521230508e-02,-1.490261572529352763e-02,-1.639459633073768810e-02,-1.542614877318813114e+03,5.540471553308721013e+02,1.832534243948302901e+03,-3.496654364810657806e-02,1.684018252133354565e+02,2.496805635636522129e+04,4.566743328276045213e+04,0.000000000000000000e+00
3.670000000000392948e+00,1.503725428612806425e+01,6.203854615129422712e-01,4.140448428541801951e-01,-1.525829363581870414e-02,-4.252902066885919791e-03,3.702657303590991406e-02,-1.318974786683396587e+03,5.212313293612726284e+02,1.440203095662645410e+03,-3.481172296671575933e-02,1.685056653066878880e+02,2.732762722793874127e+04,4.624690207991971693e+04,0.000000000000000000e+00
3.675000000000394618e+00,1.503711182405755942e+01,6.202825891869083730e-01,4.142449175085299307e-01,-3.208150783499750386e-02,-2.191261488332427523e-02,4.459348133594562974e-02,-1.137615759770168324e+03,5.632917943555208922e+02,1.344684977316062941e+03,-3.481942251491327439e-02,1.691631118600860475e+02,2.756483259220631953e+04,4.641146977453750878e+04,0.000000000000000000e+00
3.680000000000396287e+00,1.503691808263298846e+01,6.201023143909333291e-01,4.145061019356894860e-01,-4.001143834208967243e-02,-4.205510216156826270e-02,6.569188749912735492e-02,-1.021722299047442561e+03,7.365257214550215394e+02,1.064347458202108328e+03,-3.492009910685576340e-02,1.700427812681833757e+02,2.719408597684438428e+04,4.767703827782670123e+04,0.000000000000000000e+00
3.685000000000397957e+00,1.503672328468245034e+01,6.198935661475463155e-01,4.147444314879443761e-01,-3.208092427081721959e-02,-3.858723375952745338e-02,4.093962727130980722e-02,-1.165350379356895701e+03,8.322908449847233214e+02,1.355027562000248508e+03,-3.504404292870234167e-02,1.709026381419995460e+02,2.702547576918281629e+04,4.690917041183144465e+04,0.000000000000000000e+00
3.690000000000399627e+00,1.503660072956609994e+01,6.197953896176688904e-01,4.149110237709925375e-01,-1.166420942283209229e-02,-2.419465003704766165e-02,-1.337357015688797439e-02,8.257417885098676607e+02,-5.223869006222364533e+02,-6.072740754319671623e+02,-3.507337936613254270e-02,1.714899050590024956e+02,3.851066985095923155e+04,3.850053486969883670e+04,0.000000000000000000e+00
3.695000000000401297e+00,1.503655845586872353e+01,6.197555403932358820e-01,4.149429738156119596e-01,-8.052489094528993488e-03,1.338967195914691349e-02,3.970213720594503726e-02,9.822883038045333706e+02,-5.080627695003952908e+02,-8.633023195227494853e+02,-3.503883040434224022e-02,1.719185937839798441e+02,3.848343362597619125e+04,3.717648768639675109e+04,0.000000000000000000e+00
3.700000000000402967e+00,1.503656163803595724e+01,6.197369626392317254e-01,4.149260354216706692e-01,4.266219579616730394e-03,-1.354270972824985104e-02,-2.805073976980848247e-02,-1.083302319702969044e+03,9.458049213958381642e+02,1.210616046479231272e+03,-3.500741961051748868e-02,1.722548523467726227e+02,2.822603479797713590e+04,4.720199321189029433e+04,0.000000000000000000e+00
3.705000000000404636e+00,1.503656543892751785e+01,6.198116659428365427e-01,4.149110562336225660e-01,4.482587321917593827e-03,3.580698807497628006e-02,4.294685318552979476e-03,9.241050238364521192e+02,-5.788718537216541336e+02,-6.938140624281570581e+02,-3.487690036057412846e-02,1.723132809742777454e+02,3.878088262524476886e+04,3.839124249822839920e+04,0.000000000000000000e+00
3.710000000000406306e+00,1.503666114706863866e+01,6.199817950180892545e-01,4.147066501875540379e-01,2.874525720962358213e-02,5.583251307392915475e-02,-4.510258506051742500e-02,-1.311226774127700764e+03,1.413921118718343223e+03,1.464919028919828406e+03,-3.494221404054156238e-02,1.716978933903565974e+02,2.980497535997889645e+04,4.337955081580617116e+04,0.000000000000000000e+00
3.715000000000407976e+00,1.503681730688224150e+01,6.202806618556487850e-01,4.144781682360899611e-01,3.431947080580687731e-02,1.128984039278036616e-01,4.151472173060859715e-03,8.217154303813084653e+02,-7.055825714459959954e+02,-7.279507753747460583e+02,-3.491763281949596814e-02,1.704048873939765656e+02,3.823633641801879276e+04,3.782424858315841993e+04,0.000000000000000000e+00
3.720000000000409646e+00,1.503700563740769702e+01,6.205472186682506885e-01,4.141740503562511000e-01,3.791554215396368555e-02,4.345789259556182005e-02,-5.485301628078074337e-02,4.669793500266169417e+02,-4.110751644050351388e+02,-3.935714921357286471e+02,-3.481624575099000196e-02,1.693083003621480884e+02,3.786651841010591306e+04,3.816001229135501490e+04,0.000000000000000000e+00
3.725000000000411315e+00,1.503710029979058405e+01,6.206489884775061583e-01,4.141155515641186113e-01,5.439707555805679048e-04,-2.861332866612450489e-03,7.917880375776835400e-03,5.692984712433744789e+02,-6.756949730012432838e+02,-5.462889623371614789e+02,-3.487282028423824287e-02,1.689760451619657715e+02,3.770657659033724485e+04,3.652458796342100686e+04,0.000000000000000000e+00
3.730000000000412985e+00,1.503701847224065347e+01,6.205822294821130569e-01,4.142747584727450860e-01,-2.359247207339808597e-02,-2.998048023475953158e-02,2.821333285717920331e-02,8.859275072372292925e+02,-4.464365654439363880e+02,-6.863544057180757818e+02,-3.487001835599853189e-02,1.694004066842364580e+02,3.851888967066141049e+04,3.850482891507749446e+04,0.000000000000000000e+00
3.735000000000414655e+00,1.503691496960851559e+01,6.204376269129350252e-01,4.144597484931729081e-01,-1.529824578075631228e-02,-2.845378412520334008e-02,2.930284151476895277e-02,6.590780187176850404e+02,-5.962456400704392081e+02,-4.387942089231616478e+02,-3.485418789712092097e-02,1.700634157924155545e+02,3.803191983011315460e+04,4.017510689917476702e+04,0.000000000000000000e+00
3.740000000000416325e+00,1.503686070355626647e+01,6.202920801598942324e-01,4.145789233128430729e-01,-9.206765972019852196e-03,-3.027441287399494987e-02,2.078507732597311211e-02,-1.019488918003466893e+03,8.249359240664637127e+02,1.113351848243520180e+03,-3.486981911941838125e-02,1.706820371866549237e+02,2.853307190554662157e+04,4.691139781882725219e+04,0.000000000000000000e+00
3.745000000000417995e+00,1.503679597075663033e+01,6.201684850810078586e-01,4.146698105543828450e-01,-1.160266118084441085e-02,-2.696795561030511726e-02,2.114241280325624903e-03,-1.162047685383028238e+03,6.844798568147153901e+02,1.349055575431175839e+03,-3.487546786578611668e-02,1.711525918481175097e+02,2.759381696524129075e+04,4.673334824201988522e+04,0.000000000000000000e+00
3.750000000000419664e+00,1.503672403074034669e+01,6.201036760564818673e-01,4.147695693470445089e-01,-9.382762961142142658e-03,-3.294903081372429349e-02,-2.215345791961089231e-02,7.046420644211859781e+02,-6.836568133178308244e+02,-3.388729964092499358e+02,-3.482977488063085381e-02,1.714900784723332379e+02,3.830559322932150098e+04,4.013705949677059834e+04,0.000000000000000000e+00
3.755000000000421334e+00,1.503666475332808261e+01,6.199582097553849591e-01,4.147878125853444731e-01,-8.524105798396949818e-03,-3.612895784072735900e-02,-9.722369419912526428e-03,-1.190032206192917101e+03,8.364258669576273633e+02,1.443922727419245348e+03,-3.484433170344938130e-02,1.718647038220425713e+02,2.786503910006377191e+04,4.686790274388287799e+04,0.000000000000000000e+00
3.760000000000423004e+00,1.503661815869881657e+01,6.198843087631001891e-01,4.148909351529755929e-01,-1.589336046320213511e-02,3.232579224774700943e-02,7.747619690542895121e-02,1.079313622182721929e+03,-8.374077911326038475e+02,-8.097056568898489104e+02,-3.492457977994335022e-02,1.722477101520641440e+02,3.742709170477934094e+04,3.798427392129618238e+04,0.000000000000000000e+00
3.765000000000424674e+00,1.503659784795713961e+01,6.198832152370918891e-01,4.149010213164469052e-01,5.436360634806956457e-04,4.106118830096635447e-02,2.454964710167593933e-02,6.638138934488558789e+02,-4.741803785311647630e+02,-5.746183041343230116e+02,-3.515809549573021414e-02,1.722137969635010961e+02,3.911556822924457083e+04,3.986993900567005767e+04,0.000000000000000000e+00
3.770000000000426343e+00,1.503666046323299810e+01,6.199946657838197872e-01,4.147369023710610891e-01,2.120635844204611306e-02,1.726952299793148293e-02,-5.461145097976116691e-02,-1.370687967324035071e+03,1.268877457430113282e+03,1.721588764185338277e+03,-3.514704287036114760e-02,1.718450745637197485e+02,2.919821767007223752e+04,4.190895223435250955e+04,0.000000000000000000e+00
3.775000000000428013e+00,1.503674004098803074e+01,6.201084894383320778e-01,4.146725370401863064e-01,2.322728611866315025e-03,3.225828601281795910e-02,5.337903935962683838e-02,9.952521802318060509e+02,-6.895169883621630333e+02,-8.918568174231785406e+02,-3.519417404917340314e-02,1.715133873665019451e+02,3.700902204508020077e+04,3.643767365842183790e+04,0.000000000000000000e+00
3.780000000000429683e+00,1.503674052161583319e+01,6.201224081687134460e-01,4.147792301852760155e-01,-8.621539571249323131e-03,1.110072302757544177e-02,5.043387570096959788e-02,1.112563155019828400e+03,-6.331524194598714530e+02,-8.591103071445299975e+02,-3.505044257393726687e-02,1.715784711685907951e+02,3.781357844278752600e+04,3.726352450760337524e+04,0.000000000000000000e+00
3.785000000000431353e+00,1.503673254912030188e+01,6.200215782411651055e-01,4.148075156645463224e-01,-1.314876464089476116e-02,3.876198173643141936e-03,5.433848928428283709e-02,8.491011734716751107e+02,-7.178926655684912248e+02,-5.458211508755073282e+02,-3.489663947644004727e-02,1.717682928513735021e+02,3.833668409684632934e+04,4.005148398803220334e+04,0.000000000000000000e+00
3.790000000000433023e+00,1.503668975137243358e+01,6.198734500752686172e-01,4.148864337546865344e-01,-7.443323482547667576e-03,-4.470878269862417487e-02,-1.053951250005006127e-02,8.117954108378119145e+02,-5.044739755366449003e+02,-6.230941821557549929e+02,-3.475764822851041408e-02,1.717648077531387401e+02,3.813592502749794949e+04,3.853089417156735726e+04,0.000000000000000000e+00
3.795000000000434692e+00,1.503663803355942008e+01,6.197268475083044237e-01,4.149611576047361750e-01,-7.690289374622940634e-03,-4.746771394446491765e-02,-1.329034291249331194e-02,9.603822638718005464e+02,-4.792643029220002973e+02,-6.613070861741830413e+02,-3.481403677104059902e-02,1.717382015918642821e+02,3.812894942313627689e+04,3.761500250228692312e+04,0.000000000000000000e+00
3.800000000000436362e+00,1.503660872970669438e+01,6.195858743052183870e-01,4.149685575066119347e-01,-2.703165560062146394e-03,-4.313381059559404096e-02,-3.735669012722727528e-02,6.356075453857956745e+02,-4.881190602705144101e+02,-4.789866899142477337e+02,-3.495742908385754411e-02,1.720073727838096431e+02,3.873671669001862028e+04,3.941037412510034483e+04,0.000000000000000000e+00
3.805000000000438032e+00,1.503660315051488539e+01,6.195480345933186417e-01,4.149494788151280034e-01,7.184035214153327090e-03,3.648915451211095368e-02,1.431588904258890294e-02,5.394587628242638857e+02,-4.313623959548794460e+02,-4.336662781237486683e+02,-3.504708756759480903e-02,1.719128798318122620e+02,3.934705442231435154e+04,4.086783180028924835e+04,0.000000000000000000e+00
3.810000000000439702e+00,1.503670079968780549e+01,6.196872164157204432e-01,4.147232838657733400e-01,2.744033129940761512e-02,1.406833122441262206e-02,-8.901832898833976493e-02,-1.021288834968828951e+03,1.495217085895515538e+03,1.260585531502269305e+03,-3.514823529211894004e-02,1.711856119900470219e+02,3.035427325284753533e+04,4.443788975359286269e+04,0.000000000000000000e+00
3.815000000000441371e+00,1.503689625726550894e+01,6.199831832493443162e-01,4.144214630715474801e-01,4.625384341645065456e-02,1.099622299729233893e-01,-3.920013719669865337e-03,9.462213981045849778e+02,-7.033235450936654161e+02,-7.778703020227843581e+02,-3.509738459562172092e-02,1.697681909182306015e+02,3.785345722652843688e+04,3.681567546833588858e+04,0.000000000000000000e+00
3.820000000000443041e+00,1.503713616481211979e+01,6.202860578185480644e-01,4.141183942276892571e-01,4.947062360824242000e-02,8.097702809726424478e-02,-1.533110330268772255e-02,4.532501415294628373e+02,-4.927615521747752041e+02,-2.937858612879396674e+02,-3.492089174606490681e-02,1.682968694794186035e+02,3.924559848878977937e+04,3.957399957028461358e+04,0.000000000000000000e+00
3.825000000000444711e+00,1.503728417888110513e+01,6.204529164008730779e-01,4.139174288033708460e-01,9.696635195925838377e-03,5.342044273002351240e-02,5.144125072162827883e-02,5.066998393731036572e+02,-8.215259279618652499e+02,-4.465194285572391664e+02,-3.467713289346933264e-02,1.676793586578882298e+02,3.775570046252411703e+04,3.820174599381451117e+04,0.000000000000000000e+00
3.830000000000446381e+00,1.503724637488111604e+01,6.204610223433552063e-01,4.140079059068071943e-01,-2.247568710733729644e-02,-1.329494184998809142e-02,3.539604631312126548e-02,7.160916726834410611e+02,-4.990360783229457411e+02,-5.969127362601896039e+02,-3.471141058499249699e-02,1.677691528317265295e+02,3.844698923202080914e+04,3.870019215498618723e+04,0.000000000000000000e+00
3.835000000000448050e+00,1.503710143079896255e+01,6.203292187102146249e-01,4.141784890351701831e-01,-3.911891933882916811e-02,-2.919988922128516351e-02,6.188888587413172299e-02,5.626303732015574042e+02,-6.776321816763924062e+02,-3.571869029400649538e+02,-3.473987113571154473e-02,1.684658821704143747e+02,3.796681118524397607e+04,4.013185554077306006e+04,0.000000000000000000e+00
3.840000000000449720e+00,1.503686549869442857e+01,6.201323459952450268e-01,4.144996295410952047e-01,-5.307111867520877130e-02,-3.728611323190634402e-02,6.794351959136360475e-02,8.467152126295197831e+02,-5.157118346080384299e+02,-6.451367250420779555e+02,-3.475586090422233543e-02,1.693154935017740854e+02,3.794225637682670640e+04,3.874954913299687178e+04,0.000000000000000000e+00
3.845000000000451390e+00,1.503666355721411918e+01,6.199030933580910174e-01,4.147320497159316943e-01,-2.733099518654290641e-02,-5.697903227345824800e-02,1.079431462906565130e-03,7.247513607926689474e+02,-3.113876605769222579e+02,-5.582672510367493715e+02,-3.488197235216005526e-02,1.702125682090670864e+02,3.875883872407212039e+04,3.923242579705296521e+04,0.000000000000000000e+00
3.850000000000453060e+00,1.503654135690686822e+01,6.197418820176540111e-01,4.149101100965496003e-01,-2.207532209862869341e-02,-2.116500098228948565e-02,6.091709325301115224e-02,9.563426055686163636e+02,-5.555545890082960341e+02,-7.744445902813052953e+02,-3.509977462196068460e-02,1.711941306015207829e+02,3.792181698060295457e+04,3.845838333006216999e+04,0.000000000000000000e+00
3.855000000000454730e+00,1.503647208023442339e+01,6.195942623263243076e-01,4.150484744065833786e-01,-1.047618569912412562e-02,-1.298242935758528969e-02,4.613830332471574591e-02,9.594338734127188673e+02,-5.051411071616986419e+02,-7.791897001685493933e+02,-3.521322584103435405e-02,1.720474740083317045e+02,3.807233087058390083e+04,3.810889583802469861e+04,0.000000000000000000e+00
3.860000000000456399e+00,1.503647689042501945e+01,6.194943432210218148e-01,4.151023793613831669e-01,1.883417731583372735e-03,6.354375006359242774e-03,3.839220588213824309e-02,1.167150791994248266e+03,-6.327850969973649171e+02,-1.003518238157116571e+03,-3.516948730085400765e-02,1.726096733139258674e+02,3.584737535122127156e+04,3.673808569849083142e+04,0.000000000000000000e+00
3.865000000000458069e+00,1.503652128394404919e+01,6.195897340152261012e-01,4.150672258071068099e-01,1.784742742541389759e-02,5.816779345141376983e-02,-1.632198003714235152e-02,6.056598261852778933e+02,-5.211564965789278858e+02,-5.578367622664839018e+02,-3.516314788478677733e-02,1.725192415696858177e+02,3.845445770165308204e+04,3.903586977253880468e+04,0.000000000000000000e+00
3.870000000000459739e+00,1.503668304851427351e+01,6.197765409370091794e-01,4.147399913488289958e-01,4.091824680134933251e-02,1.699921823950005864e-02,-9.808791422779780667e-02,-1.295497915539324595e+03,1.324274366895541334e+03,1.475729435741318866e+03,-3.521099316055621709e-02,1.717219323675576277e+02,2.977121516850654371e+04,4.364821825393608015e+04,0.000000000000000000e+00
3.875000000000461409e+00,1.503690275076187710e+01,6.201052867647917077e-01,4.144424147786220924e-01,4.139962352885652452e-02,6.536405612103055041e-02,-5.256485266149912849e-02,7.600426736178975489e+02,-5.876164251169069530e+02,-5.196894112029681310e+02,-3.509706612434250472e-02,1.700933949408325816e+02,3.836991687629654189e+04,3.817852559034866135e+04,0.000000000000000000e+00
3.880000000000463078e+00,1.503714267545234051e+01,6.204096410105032211e-01,4.141502354000077268e-01,4.538866025683598038e-02,8.058226816381802715e-02,-1.790739954619456273e-02,6.535134634689355835e+02,-6.160417510697019452e+02,-5.256150638933365826e+02,-3.505016507237063150e-02,1.685723737199110417e+02,3.868141739566058823e+04,3.731174047662565863e+04,0.000000000000000000e+00
3.885000000000464748e+00,1.503728851990698878e+01,6.204581509499880188e-01,4.138278596343611948e-01,1.772303205608446314e-02,-2.042018688142667113e-02,-5.903744690358212616e-02,-1.311163903241974367e+03,4.716886391791380220e+02,1.632766867270798230e+03,-3.498139119150152354e-02,1.683036001497225413e+02,2.831877198999607936e+04,4.615991014327739686e+04,0.000000000000000000e+00
3.890000000000466418e+00,1.503722437670160694e+01,6.204956994833044082e-01,4.140940945502509796e-01,-2.480305650359296982e-02,-3.214851007169615416e-02,1.731962351817633791e-02,5.700993134992259002e+02,-5.262160992298413476e+02,-3.215518363127443422e+02,-3.483913122749511537e-02,1.683160256310949308e+02,3.799173144001530454e+04,3.928771725883969339e+04,0.000000000000000000e+00
3.895000000000468088e+00,1.503705622714786116e+01,6.203412799998532234e-01,4.143557723055324438e-01,-3.986584048431382477e-02,-1.719702612880897805e-02,8.790818574350359182e-02,9.097546580122900650e+02,-6.251629867836034009e+02,-8.332371117261715199e+02,-3.486974736586488655e-02,1.691994899724578829e+02,3.746978807048250019e+04,3.621957362930109957e+04,0.000000000000000000e+00
3.900000000000469758e+00,1.503688007826349526e+01,6.201359725265225276e-01,4.145657069082154811e-01,-4.217542447149584539e-02,-1.705563298778582648e-02,7.950773462605810471e-02,9.823884207733150333e+02,-5.386107010194725717e+02,-7.682017895663601621e+02,-3.491247238568647576e-02,1.701285944093604030e+02,3.770210430203042051e+04,3.835576199569068558e+04,0.000000000000000000e+00
3.905000000000471427e+00,1.503673989791681009e+01,6.199835447235355623e-01,4.147138115190636132e-01,-1.787567661197949492e-02,-4.411924043987733302e-02,-1.622231433899846628e-02,-1.228495667297336468e+03,7.539637449690176254e+02,1.411012452329607413e+03,-3.488759791524134735e-02,1.708302788016276281e+02,2.724783674816514031e+04,4.658279078411520459e+04,0.000000000000000000e+00
3.910000000000473097e+00,1.503663987346526376e+01,6.199113606563374512e-01,4.148381617689059775e-01,-1.528495820918235153e-02,-1.497224496732226830e-02,1.488036079070373212e-02,-1.223095728164087632e+03,7.426666814230369482e+02,1.419714436593396158e+03,-3.488673943738367783e-02,1.712708413494752904e+02,2.736684960228385171e+04,4.636736412312198809e+04,0.000000000000000000e+00
3.915000000000474767e+00,1.503657121475361080e+01,6.198445037340151176e-01,4.149150488150752936e-01,-1.028253891518423127e-02,-1.692418677817158004e-02,1.221622122365778433e-03,-1.441803162600509950e+03,7.358709466198955624e+02,1.657668874762747919e+03,-3.489620626019632882e-02,1.717351044411795158e+02,2.667289523055195241e+04,4.596215358606688096e+04,0.000000000000000000e+00
3.920000000000476437e+00,1.503653110875725041e+01,6.197765382301354542e-01,4.149667873319954903e-01,1.589803090275526080e-03,-5.075225632576820661e-02,-4.131687061341501183e-02,-1.136397670686808624e+03,1.013686328298502076e+03,1.249546418161442034e+03,-3.500573901445026143e-02,1.723811555485838767e+02,2.852849006308852404e+04,4.712096044833094493e+04,0.000000000000000000e+00
3.925000000000478106e+00,1.503651723488547987e+01,6.197156626436430837e-01,4.150396942498357222e-01,3.668824995616664850e-03,-6.216289173329977991e-02,-5.693332396788557820e-02,-1.247620774811125784e+03,1.059151724298148793e+03,1.261865995881953495e+03,-3.484895743959221664e-02,1.727475652920860512e+02,2.715111323727302079e+04,4.813742929628609272e+04,0.000000000000000000e+00
3.930000000000479776e+00,1.503656221295781137e+01,6.197947717617627861e-01,4.149744980380826731e-01,1.902044625881273501e-02,5.482138824482386125e-02,-1.688632524517061709e-02,9.349525764217805772e+02,-5.893049318874203664e+02,-8.284779416630116202e+02,-3.471880751641114038e-02,1.722389724434314644e+02,3.765542888163031603e+04,3.709246922802747576e+04,0.000000000000000000e+00
3.935000000000481446e+00,1.503669928232662301e+01,6.200720107517422308e-01,4.147297276907895847e-01,3.179732293119001685e-02,6.056832851180603966e-02,-4.903420505912649968e-02,7.646133929872135013e+02,-5.550095395742335995e+02,-5.348930498447990658e+02,-3.474859446371061228e-02,1.710447641993797276e+02,3.823950340749139286e+04,3.869532461957203486e+04,0.000000000000000000e+00
3.940000000000483116e+00,1.503687481506573853e+01,6.203053464739309852e-01,4.143950036603595288e-01,3.560416475133827696e-02,6.095440747343852661e-02,-2.845298240495212558e-02,5.015008974641000918e+02,-4.701648148417849029e+02,-4.571478970611888144e+02,-3.489862005245736309e-02,1.700114451885804954e+02,3.756789959208959044e+04,3.946951465733131045e+04,0.000000000000000000e+00
3.945000000000484786e+00,1.503703211238670967e+01,6.204527889201408852e-01,4.142062013065160309e-01,3.247618281369689386e-02,3.567617330955305511e-04,-7.138582168173417120e-02,3.168967732966676749e+02,-5.277411388965671222e+02,-1.392310194864132598e+02,-3.487419232016764764e-02,1.693324950708922074e+02,3.934885249278531410e+04,4.077863446946213662e+04,0.000000000000000000e+00
3.950000000000486455e+00,1.503705112895282170e+01,6.203708385428695626e-01,4.142078580955623757e-01,-1.514472424407215315e-02,-4.062279614040265746e-02,1.809521968192231642e-02,-1.352393698025176491e+03,6.192996682966668232e+02,1.584052273217132324e+03,-3.500017439966818938e-02,1.692911518921187337e+02,2.604514531047410492e+04,4.620665058488466457e+04,0.000000000000000000e+00
3.955000000000488125e+00,1.503695303296138164e+01,6.201992016800771390e-01,4.143924080121520470e-01,-2.196716457360899794e-02,-3.677161509684002266e-02,1.883022801560059814e-02,4.847360150365623213e+02,-5.456104157678171305e+02,-2.882466074951156543e+02,-3.505523187729862183e-02,1.697247552873986081e+02,3.839524464649191214e+04,4.090973417098842037e+04,0.000000000000000000e+00
3.960000000000489795e+00,1.503683332372339798e+01,6.200886119176051148e-01,4.146007276603715375e-01,-1.784145754438083362e-02,-2.992646928399726042e-02,6.738988369783805582e-03,7.002186294691912281e+02,-3.266962637435623833e+02,-5.673359532724755354e+02,-3.510479955926949086e-02,1.704533865995510666e+02,3.635685447484903852e+04,3.829460804680518049e+04,0.000000000000000000e+00
3.965000000000491465e+00,1.503674918715926978e+01,6.200497876569176503e-01,4.147598488008949480e-01,-1.061355174384633754e-02,-2.281901815128031114e-02,-3.231428200681735717e-03,1.011917775535417150e+03,-4.414077225942812674e+02,-8.658349722918574116e+02,-3.480978595016514382e-02,1.712999856385419264e+02,3.734377192788547836e+04,3.665943433322110650e+04,0.000000000000000000e+00
3.970000000000493134e+00,1.503668892027883963e+01,6.200408972518699491e-01,4.148525279490793416e-01,-1.165237550133953540e-02,8.892321911630174901e-04,1.860535324064718429e-02,9.250013397915020050e+02,-5.501061996394776088e+02,-7.198388973153490724e+02,-3.484578116992916030e-02,1.720348109592472667e+02,3.854796493637008098e+04,3.830803639797540382e+04,0.000000000000000000e+00
3.975000000000494804e+00,1.503665857589856003e+01,6.200265663058457388e-01,4.148449617775910037e-01,-1.861778770255708738e-03,-1.157721773915083678e-02,-5.742497572271488930e-03,-1.329925937953502853e+03,5.738205877590005457e+02,1.573370925689357819e+03,-3.490911340932004170e-02,1.726038387014856710e+02,2.714144001967363874e+04,4.615845993774830276e+04,0.000000000000000000e+00
3.980000000000496474e+00,1.503664870359662231e+01,6.199634721203740595e-01,4.148771170759786853e-01,-9.788021085384089603e-03,8.882152033556413653e-03,5.357762646399983480e-02,9.704731978333563802e+02,-5.821242564619151381e+02,-7.890049604273629029e+02,-3.487440584761067330e-02,1.728929864311349434e+02,3.848487614647990267e+04,3.758598510263142816e+04,0.000000000000000000e+00
3.985000000000498144e+00,1.503663900564606593e+01,6.199438202371099216e-01,4.148719503805671782e-01,6.570320078034163486e-03,1.509743502783659520e-02,-1.358236890093137729e-02,8.304784034825319168e+02,-5.332493675515623863e+02,-6.075910285373754505e+02,-3.484180873462732614e-02,1.727967436375600983e+02,3.866121631609406177e+04,3.745790489064578287e+04,0.000000000000000000e+00
3.990000000000499814e+00,1.503673125086204010e+01,6.200639664421928599e-01,4.146751690552629710e-01,2.537500824327155666e-02,3.432269262434907431e-02,-4.859414320595834003e-02,-1.558159263883793528e+03,6.935546224099002757e+02,1.797387005669532755e+03,-3.488676380580355008e-02,1.720663538819817973e+02,2.676229356769656806e+04,4.620538731802571419e+04,0.000000000000000000e+00
3.995000000000501483e+00,1.503680804432087470e+01,6.201873361430989551e-01,4.146160727172839011e-01,8.573125337079240404e-03,4.913114171151409561e-03,-4.910229511018047652e-03,9.161947034088639157e+02,-4.611916049054965470e+02,-5.349289749514583718e+02,-3.487552585624412865e-02,1.714879482798729669e+02,3.736405436207102321e+04,3.723296484791506373e+04,0.000000000000000000e+00
4.000000000000502709e+00,1.503680074253592558e+01,6.201431224904496720e-01,4.146274280623561403e-01,4.286209256752395304e-04,-4.773798059587316261e-02,-4.898291027287322852e-02,-1.459070123267046711e+03,5.814265668679834107e+02,1.786623287301801383e+03,-3.493392574597785349e-02,1.717630166372618135e+02,2.603801857382737580e+04,4.661565839656448225e+04,0.000000000000000000e+00
4.005000000000499938e+00,1.503675680072294973e+01,6.200004132397012313e-01,4.147358924145035930e-01,-1.305521839830338544e-02,-3.384994183666120010e-02,2.139331508509331736e-02,8.943341194137138928e+02,-4.267361153891802132e+02,-8.413898130770655825e+02,-3.502550346600762088e-02,1.719256125250633431e+02,3.771227507299084391e+04,3.688283460496154294e+04,0.000000000000000000e+00
4.010000000000497167e+00,1.503670713805473902e+01,6.198783164398259382e-01,4.148138765177039056e-01,-5.947914411091222153e-03,1.430444311718378526e-02,5.701888433435491760e-02,8.751074563046122421e+02,-6.159744148297378388e+02,-6.347823798516498073e+02,-3.510597739987000171e-02,1.721780915793912072e+02,3.815568089851626428e+04,3.996548623025869892e+04,0.000000000000000000e+00
4.015000000000494396e+00,1.503670479705517415e+01,6.198313565699765659e-01,4.148537164991971116e-01,2.036946191460461183e-03,-2.007063391479179185e-02,-1.687042536889223759e-02,6.443060323534377858e+02,-5.441304467432819365e+02,-5.026670455909282396e+02,-3.501487575858001911e-02,1.723563509950883486e+02,3.837701871048278554e+04,3.870597098723346426e+04,0.000000000000000000e+00
4.020000000000491625e+00,1.503674978071214596e+01,6.198057398635523629e-01,4.148326597423308559e-01,1.170892979287321140e-02,-2.473455690493136030e-02,-3.977471709817612111e-02,6.152181093293571621e+02,-5.298942493106862912e+02,-4.614085273848862130e+02,-3.478957028138231905e-02,1.724040634850052243e+02,3.856053661920417653e+04,3.830763147023123020e+04,0.000000000000000000e+00
4.025000000000488853e+00,1.503676806180257586e+01,6.197917985306721222e-01,4.148495093771906728e-01,4.928869406561109216e-03,-3.375663919848105772e-03,-1.392500498512324984e-02,8.627391482657632196e+02,-3.651379421198955129e+02,-6.950683662092859549e+02,-3.474776392407666337e-02,1.720746533211035967e+02,3.837213913473496359e+04,3.812690014304139913e+04,0.000000000000000000e+00
4.030000000000486082e+00,1.503687561146883667e+01,6.198450602408190901e-01,4.145971491066455794e-01,2.866543567539851789e-02,2.552869952355801136e-02,-6.252308885507244784e-02,5.789105983626441230e+02,-5.321151752668089330e+02,-4.438496008655775995e+02,-3.499006788417378944e-02,1.715393070047944946e+02,3.926554619110778731e+04,3.742636856361979153e+04,0.000000000000000000e+00
4.035000000000483311e+00,1.503704568335614233e+01,6.200070933112952209e-01,4.143406029407904478e-01,2.987877779172710621e-02,4.278475464292804537e-02,-1.431749349994179688e-02,7.085126022676945468e+02,-6.068855443828442731e+02,-6.490036883106347432e+02,-3.498947427971000473e-02,1.706779833619060582e+02,3.776634775435003394e+04,3.704569927842319885e+04,0.000000000000000000e+00
4.040000000000480540e+00,1.503709512030890316e+01,6.200757275827686321e-01,4.142746069393961061e-01,-1.186318981200876850e-03,-2.441807929219905540e-02,-4.948053899085425728e-02,-1.475829825257311768e+03,6.884181656320803313e+02,1.719248407192380228e+03,-3.490546323900631936e-02,1.705184852404892126e+02,2.629254017045254659e+04,4.666598980623815442e+04,0.000000000000000000e+00
4.045000000000477769e+00,1.503698878265061012e+01,6.200493808155576048e-01,4.144545415445172742e-01,-1.778690553087380194e-02,-4.868206933679129073e-02,-2.537111831145881166e-02,8.312083100682400527e+02,-4.849253617397865810e+02,-5.809293588908357151e+02,-3.483244511317730441e-02,1.707048302760318279e+02,3.841572637653686252e+04,3.790255844871785666e+04,0.000000000000000000e+00
4.050000000000474998e+00,1.503689907949280702e+01,6.199452280573651830e-01,4.145333559916181687e-01,-9.680709374302726850e-03,-4.242900104392421240e-02,-3.437676092177829185e-02,-1.361828118514934431e+03,7.573089562636741903e+02,1.491572227246300372e+03,-3.492532097593409324e-02,1.712191069617094854e+02,2.799654761627625703e+04,4.641499569730766234e+04,0.000000000000000000e+00
4.055000000000472227e+00,1.503681584340185395e+01,6.199161003590719643e-01,4.146640867396560459e-01,-2.228533670056946636e-02,2.333233278436125727e-02,7.729399722551756613e-02,9.437393609277768292e+02,-7.185174821718146632e+02,-6.030073325180117081e+02,-3.491860674962727479e-02,1.715363581966796289e+02,3.825571675105789473e+04,3.984952474800492200e+04,0.000000000000000000e+00
4.060000000000469456e+00,1.503675101026752081e+01,6.198666203651300721e-01,4.147424621135947231e-01,-1.074505537445684042e-02,-9.303759158333641324e-03,1.474115372725665583e-02,1.106144726618244249e+03,-4.955484703910501594e+02,-9.045315061179626355e+02,-3.482420633772460861e-02,1.718290230993830505e+02,3.737707482829409128e+04,3.627437669660204847e+04,0.000000000000000000e+00
4.065000000000466684e+00,1.503669988826248094e+01,6.197808321129444353e-01,4.147987310408053907e-01,-2.268882098059691720e-03,-4.594567980593322609e-02,-4.973177221063949938e-02,-1.295557957271392070e+03,9.118076525589584662e+02,1.496402494387111801e+03,-3.487105949779445435e-02,1.724637456984421249e+02,2.911125749286804057e+04,4.663940442894744774e+04,0.000000000000000000e+00
4.070000000000463913e+00,1.503672734174763725e+01,6.198856295263598382e-01,4.147822161287239018e-01,1.893910054390825909e-02,5.594425929176483764e-02,-1.435555866124012085e-02,8.395803936126650342e+02,-5.956967908147530579e+02,-6.462133976704808447e+02,-3.488653884950826400e-02,1.721247403384574000e+02,3.801757815573251719e+04,3.825568467739981133e+04,0.000000000000000000e+00
4.075000000000461142e+00,1.503686630044597017e+01,6.201263896125029929e-01,4.145607450642004865e-01,2.973476878014346195e-02,5.226580253859152564e-02,-4.442191349296712582e-02,7.305666280049379111e+02,-6.014662581149425478e+02,-5.055548418322059661e+02,-3.499916029215564134e-02,1.710773929324357141e+02,3.876346180705317238e+04,3.771116284273350902e+04,0.000000000000000000e+00
4.080000000000458371e+00,1.503703859711036905e+01,6.202712516397125286e-01,4.142443196167789332e-01,3.228764395043434710e-02,2.914964774287582411e-02,-4.531727253318901250e-02,-1.419660119938994285e+03,4.901488482844181931e+02,1.717708836456706194e+03,-3.491199592537511109e-02,1.703052366223080014e+02,2.643728760606874494e+04,4.567715956375015958e+04,0.000000000000000000e+00
4.085000000000455600e+00,1.503709146748422754e+01,6.203223969555661244e-01,4.142386440940533099e-01,-3.677102844657427570e-03,1.754975089362987434e-02,6.666085129677634669e-02,9.005517220177541731e+02,-2.903191464473441101e+02,-6.374321587060850334e+02,-3.487477271628380143e-02,1.700221693977080974e+02,3.787651217017606541e+04,3.811477174150771316e+04,0.000000000000000000e+00
4.090000000000452829e+00,1.503703032147829077e+01,6.202352511161447479e-01,4.143709719221944088e-01,-2.481137727206573357e-02,-2.417424193931485762e-02,4.402991645415232219e-02,8.198707392538772183e+02,-6.019506536400825780e+02,-6.463454030535381207e+02,-3.485579799035937176e-02,1.702311564351069251e+02,3.809851462328812340e+04,3.845457565743219311e+04,0.000000000000000000e+00
4.095000000000450058e+00,1.503692109290389389e+01,6.201360788660171819e-01,4.145367023696601150e-01,-2.194484529023219346e-02,-2.274996090801249815e-02,2.570698414432903353e-02,6.597539699998545757e+02,-4.768773976866668818e+02,-5.255079768657568593e+02,-3.496669563896830785e-02,1.706239798588481449e+02,3.881401980528641434e+04,3.916263678558165702e+04,0.000000000000000000e+00
4.100000000000447287e+00,1.503683416609095680e+01,6.199739868986845481e-01,4.146021645725159743e-01,-1.406138991826421172e-02,-1.948460074162853412e-02,2.258483810346790036e-02,-1.473771820997949817e+03,6.722052230367302172e+02,1.684738689450514812e+03,-3.511542619330350334e-02,1.712580078251856719e+02,2.626545875682904807e+04,4.587569758600334171e+04,0.000000000000000000e+00
4.105000000000444516e+00,1.503675522531162834e+01,6.198944940132650183e-01,4.147904363895963398e-01,-1.735871991756200022e-02,9.765253651348247688e-03,6.684417148358311189e-02,1.005015991267903814e+03,-5.093555885883857854e+02,-9.203037009310694430e+02,-3.509012563892118658e-02,1.716660306850597522e+02,3.829650657579462859e+04,3.779191664249266614e+04,0.000000000000000000e+00
4.110000000000441744e+00,1.503672022556817822e+01,6.198196187204305652e-01,4.148109189066170877e-01,-4.450126492767209410e-03,-3.215031453131812766e-02,-1.746371531158901619e-02,-1.262319967626835023e+03,8.193649867442837831e+02,1.433836150874857140e+03,-3.505915873618734718e-02,1.722615507357354829e+02,2.766345058475180849e+04,4.699161046539644303e+04,0.000000000000000000e+00
4.115000000000438973e+00,1.503667228457925908e+01,6.197890082733976680e-01,4.148610991600851228e-01,-5.950491928590670096e-03,-2.231139226799875447e-02,-3.754138196951874173e-02,-1.397826100740372340e+03,7.492185465557973885e+02,1.704477039406114955e+03,-3.509669243101903868e-02,1.727043797637876992e+02,2.674722788187267724e+04,4.623226501588399697e+04,0.000000000000000000e+00
4.120000000000436202e+00,1.503665915238214090e+01,6.198454577582945824e-01,4.148537446835642850e-01,9.108608813795085815e-03,-2.164544993209989443e-02,-6.140330609184183747e-02,5.096894315459621225e+02,-3.038324342274362380e+02,-3.061883409387885422e+02,-3.513927463964747894e-02,1.726590802316758015e+02,3.712601322010390140e+04,4.000828608381656522e+04,0.000000000000000000e+00
4.125000000000433431e+00,1.503676701253910508e+01,6.200175205141926771e-01,4.146740635931313590e-01,2.520385477653866793e-02,6.329030573293982845e-03,-8.817252306289505293e-02,-1.293335672628169050e+03,1.307551518944169629e+03,1.557014360569243536e+03,-3.494179349964751657e-02,1.720003980694563666e+02,2.990035476063447641e+04,4.400244183441727364e+04,0.000000000000000000e+00
4.130000000000430660e+00,1.503692815002273875e+01,6.202779598706354980e-01,4.144016549796304405e-01,3.756774359344881853e-02,3.712193148502994757e-04,-1.248379060710225336e-01,-1.363059665474233952e+03,5.463560441416278763e+02,1.879564408535715302e+03,-3.487975179076715365e-02,1.710795483588038337e+02,2.706476721859706595e+04,4.617228016118517553e+04,0.000000000000000000e+00
4.135000000000427889e+00,1.503706012354566113e+01,6.203440035011836828e-01,4.143123574474227300e-01,1.920521100874736375e-02,-5.939046719276927858e-03,-2.912135516812643099e-02,-1.479248073148565481e+03,6.796441892466565378e+02,1.571184153625316412e+03,-3.491594822003318138e-02,1.704328816745106394e+02,2.763552281307785597e+04,4.606276285084254050e+04,0.000000000000000000e+00
4.140000000000425118e+00,1.503706890197371848e+01,6.203383836886567915e-01,4.143748080618398499e-01,-1.359470342257057887e-02,3.966889667376599974e-04,4.353387584393228482e-02,6.880411216205041001e+02,-6.809903236483359024e+02,-4.756997510637581854e+02,-3.485983143186920791e-02,1.703523137264349145e+02,3.821023777490105567e+04,3.978303346991779836e+04,0.000000000000000000e+00
4.145000000000422347e+00,1.503697413007783901e+01,6.202528461004149785e-01,4.144739683010219000e-01,-2.435970221207738734e-02,-1.029437718076189369e-02,3.406956733354254974e-02,8.862932878581325440e+02,-6.625969872354045265e+02,-6.210586593509508475e+02,-3.483643873318943013e-02,1.705605845423099254e+02,3.779035578719737532e+04,3.805239743127350812e+04,0.000000000000000000e+00
4.150000000000419575e+00,1.503685872111901389e+01,6.201005563584713887e-01,4.145529068021031049e-01,-1.752627160164116349e-02,-4.492773644226322194e-02,-2.416792020804972921e-02,-1.358706318707899982e+03,7.393640894738531415e+02,1.708118468313368339e+03,-3.488051395075544847e-02,1.710405604984411809e+02,2.648723559669464521e+04,4.576942760558606824e+04,0.000000000000000000e+00
4.155000000000416804e+00,1.503674851020444692e+01,6.199924844867918949e-01,4.147441560246209469e-01,-1.793701320261499588e-02,-2.513440451806762607e-02,3.515936303906553456e-02,1.068854553773828002e+03,-4.797399046049301887e+02,-9.215761162172755121e+02,-3.480322891762763909e-02,1.715405469938388592e+02,3.732141631220687850e+04,3.663953676815726794e+04,0.000000000000000000e+00
4.160000000000414033e+00,1.503670884540387753e+01,6.198921546280377060e-01,4.147902739963792995e-01,-4.837936927831864437e-03,-2.306139270377793871e-02,8.369613291205382430e-03,-1.350014079780592738e+03,9.395687846792526443e+02,1.413409963968838838e+03,-3.481436147997594294e-02,1.719612304679368435e+02,2.802235420531370619e+04,4.707437041625795246e+04,0.000000000000000000e+00
4.165000000000411262e+00,1.503665865494204112e+01,6.197755131599046452e-01,4.148750245991634222e-01,-1.636637285525232785e-02,-2.763256894829129243e-02,2.335866831218197728e-02,-1.536534394710479319e+03,8.305079124463070457e+02,1.620976646817327492e+03,-3.484852203439015722e-02,1.723205193768156960e+02,2.534817904281257142e+04,4.728015073936703993e+04,0.000000000000000000e+00
4.170000000000408491e+00,1.503660622926334334e+01,6.197322529139682734e-01,4.149017210690126856e-01,2.229109789488422939e-03,7.788664130700003168e-04,-3.157513580688087185e-02,-1.519508700253042662e+03,1.446737799518656175e+03,1.664091862910060172e+03,-3.503538509968399939e-02,1.722522459798320540e+02,2.853973306555440286e+04,4.350408585842113825e+04,0.000000000000000000e+00
4.175000000000405720e+00,1.503666674825018568e+01,6.199238750812275933e-01,4.147187560840375764e-01,2.274087549794382573e-02,2.145337040506107781e-02,-8.348268438200369401e-02,-1.276317475661842764e+03,1.386898979327943835e+03,1.560234147932523229e+03,-3.513737520098767636e-02,1.714009353647129785e+02,2.990968116655086851e+04,4.352189100608749141e+04,0.000000000000000000e+00
4.180000000000402949e+00,1.503683405825783659e+01,6.201884747858396052e-01,4.144651928560677545e-01,3.937016993501585294e-02,5.635815528612603958e-02,-2.914498617943208150e-02,6.391651407077706608e+02,-5.484268133370932219e+02,-5.332377846697630730e+02,-3.506521950089192680e-02,1.702704994167115444e+02,3.646861474975728197e+04,3.789354166133736726e+04,0.000000000000000000e+00
4.185000000000400178e+00,1.503695718291198524e+01,6.203266113232697165e-01,4.143838385356391485e-01,1.338593899077158630e-02,1.885424604178856031e-02,-1.862206127963190756e-03,5.587618943904446951e+02,-6.323686708040222584e+02,-4.529501553908874030e+02,-3.477125541348863313e-02,1.698065817600995899e+02,3.816691372883268195e+04,3.892462718269685865e+04,0.000000000000000000e+00
4.190000000000397407e+00,1.503697077824261186e+01,6.202750354217442252e-01,4.143978529466549876e-01,-8.157624724332141614e-03,-1.220472810123522656e-02,3.494092234073824937e-02,-1.187845012325937660e+03,6.661565528216142411e+02,1.336202390491115693e+03,-3.480095922571380812e-02,1.699831632585597561e+02,2.793519159003418463e+04,4.655155082284029049e+04,0.000000000000000000e+00
4.195000000000394635e+00,1.503691281721821049e+01,6.201901975084749274e-01,4.145172515903573496e-01,-1.425210768532824725e-02,-2.400435482856178374e-02,1.672830284302793263e-02,4.490845970401783234e+02,-5.843329874185616291e+02,-2.977596635247176664e+02,-3.474712438420991117e-02,1.702253513609251172e+02,3.825840889921146299e+04,4.092428265519120760e+04,0.000000000000000000e+00
4.200000000000391864e+00,1.503682026329193633e+01,6.200183170924012943e-01,4.146152786718031447e-01,-2.313717604267228473e-02,-2.949331744697383448e-02,3.676159566574639659e-02,-1.256921432148849590e+03,6.663985619538337914e+02,1.496539821518940926e+03,-3.476886647570379824e-02,1.707932394631403383e+02,2.661663924203047281e+04,4.579820943045357853e+04,0.000000000000000000e+00
4.205000000000389093e+00,1.503671205065049143e+01,6.198494918074426430e-01,4.148191748793112477e-01,-2.102484446296015025e-02,-3.562022130654737828e-02,3.792098095498309257e-02,1.069957393507576171e+03,-4.555080141891357357e+02,-9.254606131039965931e+02,-3.479022302238272968e-02,1.713105879507914437e+02,3.794622097532930638e+04,3.666698666621347365e+04,0.000000000000000000e+00
4.210000000000386322e+00,1.503663284205211603e+01,6.196267947742678528e-01,4.148861683116379928e-01,-1.322028936878276266e-02,-6.947254863730253915e-02,-1.730312571570112243e-02,-1.248972855903230766e+03,8.606872009534749850e+02,1.447376229223190876e+03,-3.496471423148716368e-02,1.720329167897766922e+02,2.789251709412415585e+04,4.679219696527347696e+04,0.000000000000000000e+00
4.215000000000383551e+00,1.503653445509686115e+01,6.194894564124951986e-01,4.150291626258104660e-01,-1.641951842129019817e-02,-2.173054241954136892e-02,1.220993045398620531e-02,7.699711647115084361e+02,-6.316530138491976913e+02,-5.243114372329713433e+02,-3.500514505781064656e-02,1.724127378199860061e+02,3.760557494989032421e+04,3.979692822540863563e+04,0.000000000000000000e+00
4.220000000000380780e+00,1.503652845396642235e+01,6.195035076407995334e-01,4.149767459899497135e-01,1.480442473600560201e-02,3.055959923040564574e-03,-5.271572798885483524e-02,-1.114452032881116111e+03,1.624689190020636715e+03,1.323957357792355651e+03,-3.498186686174420412e-02,1.722200578627824825e+02,2.950286546214739428e+04,4.318537251668385579e+04,0.000000000000000000e+00
4.225000000000378009e+00,1.503670593691217405e+01,6.197137860520893771e-01,4.147042575208610971e-01,5.322861639602356060e-02,6.646089941814865842e-02,-4.499957076692211871e-02,6.771861332751050213e+02,-5.656075433953515130e+02,-6.411110266030166258e+02,-3.512499526083067564e-02,1.710108303270211252e+02,3.849061803240745212e+04,3.704127730048431113e+04,0.000000000000000000e+00
4.230000000000375238e+00,1.503699316758839188e+01,6.199006668941745568e-01,4.143547936889718231e-01,6.400454376908373821e-02,5.671978948818776761e-02,-4.275544679754227084e-02,6.409478801740392555e+02,-5.801272076063684153e+02,-5.099307529070596843e+02,-3.513643328164336305e-02,1.695447658807125606e+02,3.884809066564727254e+04,3.751670714586655959e+04,0.000000000000000000e+00
4.235000000000372467e+00,1.503728231169114160e+01,6.200536804849704486e-01,4.139657156350645684e-01,4.747012974285449993e-02,4.375330680492883588e-03,-1.046280914115828298e-01,-1.789441053730282420e+03,6.332203853406959979e+02,2.044864764465105736e+03,-3.519854237005606845e-02,1.684763933550381410e+02,2.521437441549684809e+04,4.568576989640485408e+04,0.000000000000000000e+00
4.240000000000369695e+00,1.503737123346962434e+01,6.200915667920591234e-01,4.138828211268390511e-01,-2.225621396820233900e-03,7.642028576374666456e-04,2.025218112658394576e-02,-1.251753387545783880e+03,5.972800628737348916e+02,1.451918032566100010e+03,-3.516710835532082385e-02,1.677939117636705362e+02,2.736578144745300597e+04,4.622630401886860636e+04,0.000000000000000000e+00
4.245000000000366924e+00,1.503728045817846848e+01,6.200500574929791453e-01,4.140106843615066201e-01,-2.537192129537754054e-02,-1.417536128495065773e-02,2.429746405769864226e-02,4.858562828646340677e+02,-6.299132207514037418e+02,-4.107594789126335399e+02,-3.529283459326600092e-02,1.680827324883244387e+02,3.804102765212210943e+04,3.816340196004202153e+04,0.000000000000000000e+00
4.250000000000364153e+00,1.503709885982694594e+01,6.198862549750556727e-01,4.142053222273887059e-01,-3.973982744802424805e-02,-6.920848229341353131e-02,4.269935679033982565e-03,-1.100744575404128682e+03,8.569029790126141961e+02,1.245458091701781996e+03,-3.536545710946023546e-02,1.688723145346538672e+02,2.811803092401738104e+04,4.699203421337583859e+04,0.000000000000000000e+00
4.255000000000361382e+00,1.503686158737245648e+01,6.196864920549095546e-01,4.145273957913727103e-01,-4.470513871603231520e-02,-4.626254999399841139e-02,5.380015391691644194e-02,8.616014051293832381e+02,-5.142671933577991012e+02,-6.554498082085301576e+02,-3.529619670288737521e-02,1.697901013801332795e+02,3.842033344830795249e+04,3.910725430155263166e+04,0.000000000000000000e+00
4.260000000000358611e+00,1.503667597763135788e+01,6.195254376743482005e-01,4.147987450321289349e-01,-2.966394929350346307e-02,-3.431936089238822596e-02,3.460406833937700044e-02,7.912651810065123072e+02,-5.283866167360839654e+02,-6.029227902257304095e+02,-3.520372987326946673e-02,1.706701317088931091e+02,3.829894156663503964e+04,3.875452736022294994e+04,0.000000000000000000e+00
4.265000000000355840e+00,1.503656242060113080e+01,6.193799963396728891e-01,4.149306201105556480e-01,-1.810497525995091728e-02,-2.595126961885059133e-02,2.038540663058465222e-02,-1.149612263170098913e+03,8.715598227115690406e+02,1.313652889538083173e+03,-3.526150654778864579e-02,1.715734874515502213e+02,2.852042316975891299e+04,4.667147378299174306e+04,0.000000000000000000e+00
4.270000000000353069e+00,1.503648832784017841e+01,6.193321717045408015e-01,4.150513700993124777e-01,-1.135436952968220392e-02,2.107668090721635801e-02,5.303779703451716454e-02,8.670192017964548086e+02,-7.298850089264145709e+02,-6.183187567769224415e+02,-3.526225369444062341e-02,1.721557423872975505e+02,3.751697073539791745e+04,3.950678963298624149e+04,0.000000000000000000e+00
4.275000000000350298e+00,1.503648536933178192e+01,6.194108149093886517e-01,4.150705386494506488e-01,8.117007892717981871e-03,9.445913098885181519e-03,-4.473242196886321326e-02,8.516773886280191164e+02,-4.853441059274239251e+02,-7.498765915508954549e+02,-3.517582257443384319e-02,1.720290138000560205e+02,3.792656511747717013e+04,3.819019890084059443e+04,0.000000000000000000e+00
4.280000000000347526e+00,1.503660780964173327e+01,6.196336545356632142e-01,4.147826670049085118e-01,3.232057093183396401e-02,2.273892845605096288e-02,-1.020963949791887371e-01,-1.200115321830885705e+03,1.403833674575236273e+03,1.526452829633114106e+03,-3.522438725469426157e-02,1.710451770609693938e+02,2.942524259084888035e+04,4.421845919330723700e+04,0.000000000000000000e+00
4.285000000000344755e+00,1.503678817136106716e+01,6.199540444492547264e-01,4.144940208815218186e-01,4.068013511709224483e-02,1.181851929391907058e-01,5.621172534701656450e-04,6.527402601385955450e+02,-7.541717695873463754e+02,-4.452434079639152742e+02,-3.533120019179575300e-02,1.695424506339024617e+02,3.866321147498873324e+04,4.057671411097089003e+04,0.000000000000000000e+00
4.290000000000341984e+00,1.503698512171432711e+01,6.201383008213177117e-01,4.141518489397910674e-01,4.139611034561026942e-02,2.538701816612934023e-02,-7.083177873697295290e-02,-1.529606728633784087e+03,1.106082124319688091e+03,1.874115284348374189e+03,-3.536515560685753179e-02,1.685230738773761345e+02,2.684710708314664225e+04,4.246268757958296919e+04,0.000000000000000000e+00
4.295000000000339213e+00,1.503714469498507178e+01,6.203063752589823565e-01,4.139766793922073917e-01,1.795094153064872786e-02,2.132049305606362882e-02,-8.740014087428514891e-03,-1.285649912551452871e+03,4.936680485395889946e+02,1.527275102786914204e+03,-3.517267490359132776e-02,1.677701894464023837e+02,2.754215853800033074e+04,4.578139013936553238e+04,0.000000000000000000e+00
4.300000000000336442e+00,1.503712564204315072e+01,6.202576289792174347e-01,4.140307616376788236e-01,-1.506792423375883858e-02,-2.103942161037838238e-02,2.497226867154712926e-02,-1.485809141884987412e+03,6.099955504469961625e+02,1.679491623517136759e+03,-3.511443503406156547e-02,1.679095963163107967e+02,2.579455378834622388e+04,4.574739166936123365e+04,0.000000000000000000e+00
4.305000000000333671e+00,1.503698183433462532e+01,6.201564078511031530e-01,4.142935921869821958e-01,-3.919151638031580925e-02,-5.734842860748100811e-03,1.089999209343555930e-01,8.957851250166818318e+02,-5.360489709725969760e+02,-7.526785248641883754e+02,-3.507716065960431173e-02,1.685514079339352804e+02,3.812298216140664590e+04,3.861522095129590889e+04,0.000000000000000000e+00
4.310000000000330900e+00,1.503681084185341810e+01,6.199604514973084957e-01,4.145623714044546215e-01,-3.444703339595273084e-02,-4.489112153171812003e-02,4.212817665037361936e-02,7.643572873938206840e+02,-5.319806511018057336e+02,-6.286324532419417892e+02,-3.507159597540186052e-02,1.692947967434715224e+02,3.756643202505917725e+04,3.854795258578223729e+04,0.000000000000000000e+00
4.315000000000328129e+00,1.503664182052752629e+01,6.197729472607164114e-01,4.147989525843285286e-01,-2.867707515024614517e-02,-3.998529496884231649e-02,3.324534178025715520e-02,8.100000437052682400e+02,-4.836753739801666825e+02,-5.178234840376304646e+02,-3.501725951315104446e-02,1.702094790300538421e+02,3.863584370759386366e+04,4.004303527361412853e+04,0.000000000000000000e+00
4.320000000000325358e+00,1.503652470875615599e+01,6.196214459605058344e-01,4.149692335310844471e-01,-2.768444116015197215e-02,4.132282021927523308e-03,8.868376864937287107e-02,9.890507722700814384e+02,-5.625409059514749970e+02,-8.257691015643508763e+02,-3.503541149312275338e-02,1.711180958679376261e+02,3.821191021723284211e+04,3.866644801550814736e+04,0.000000000000000000e+00
4.325000000000322586e+00,1.503645337566879192e+01,6.195283964514556319e-01,4.150531664982949898e-01,-9.139598251390821868e-03,-1.540077227285988060e-02,4.548809146286390132e-03,-9.346973620097984394e+02,9.175271435367121740e+02,1.129044748028933554e+03,-3.505794203680973747e-02,1.715596152306843862e+02,2.863288658658695567e+04,4.643728523931821110e+04,0.000000000000000000e+00
4.330000000000319815e+00,1.503644665281532511e+01,6.194649680746648901e-01,4.150952314911574570e-01,4.632752412715383100e-03,-1.608586749484737163e-02,-4.406365648591393895e-03,5.669352349101776554e+02,-5.698807277320847788e+02,-3.597198096344970963e+02,-3.509630573004236115e-02,1.719429585784963308e+02,3.825487338317393005e+04,4.037949012440456136e+04,0.000000000000000000e+00
4.335000000000317044e+00,1.503648131480093397e+01,6.194734036876587968e-01,4.150733185998649044e-01,1.658037833668985286e-02,9.116369733285251131e-03,-2.901457271320878953e-02,6.880541094761317709e+02,-5.091941344445080517e+02,-4.507923966786999586e+02,-3.509811450177222070e-02,1.718948550705244145e+02,3.844011032411764609e+04,3.976562525978897611e+04,0.000000000000000000e+00
4.340000000000314273e+00,1.503663246360187955e+01,6.195899725898664778e-01,4.148136370083162494e-01,3.770911745231803058e-02,3.133768724610742906e-02,-7.507587701016399384e-02,-1.189479916978436222e+03,1.268204156195428595e+03,1.424305334588656478e+03,-3.521748116063846967e-02,1.711519598355758092e+02,2.903913326130321366e+04,4.372068973855799413e+04,0.000000000000000000e+00
4.345000000000311502e+00,1.503683789894983569e+01,6.198248485617434689e-01,4.144767013792680643e-01,4.077925754929670465e-02,3.092237135531431674e-02,-9.152490244521066520e-02,7.520276327214595540e+02,-4.908872007157283406e+02,-6.314027866190539271e+02,-3.540223337691317945e-02,1.699010107568189767e+02,3.787905191890947754e+04,3.640478433954217326e+04,0.000000000000000000e+00
4.350000000000308731e+00,1.503709302240859813e+01,6.200868367570551154e-01,4.141391437915981077e-01,5.616363087940482585e-02,6.628837999193019914e-02,-5.076134645453565103e-02,5.839248477502011383e+02,-5.782231057821991271e+02,-4.452039924827615209e+02,-3.527935587743100815e-02,1.684812135381127689e+02,3.847384503575886629e+04,3.827423350167348690e+04,0.000000000000000000e+00
4.355000000000305960e+00,1.503732370058969892e+01,6.203230396682426484e-01,4.138237467118832114e-01,3.664853863334712608e-02,5.530857449044076363e-02,-4.121198974736717258e-02,5.853295458779961109e+02,-6.125331796608747936e+02,-4.451349212494506560e+02,-3.517969872594416819e-02,1.673081969050416262e+02,3.831179001962463371e+04,3.790003135184829443e+04,0.000000000000000000e+00
4.360000000000303189e+00,1.503736720136398120e+01,6.203943846756675429e-01,4.137838127665089960e-01,-9.133861507683112627e-03,-2.629849207613151399e-02,-1.390514322451426657e-02,-1.398516110947401103e+03,6.458050128182153458e+02,1.559112659262252237e+03,-3.494244155457554291e-02,1.671614995790626494e+02,2.785201861418180852e+04,4.614499961882735079e+04,0.000000000000000000e+00
4.365000000000300417e+00,1.503721791045171052e+01,6.203241508339877308e-01,4.140468794038946188e-01,-3.831887129992030128e-02,-1.986272284311510136e-02,5.512732458086207904e-02,7.764722131050594953e+02,-3.738550324324701251e+02,-7.504724562571409479e+02,-3.485928710684801923e-02,1.675717619162199696e+02,3.833353162873318797e+04,3.729522461630367616e+04,0.000000000000000000e+00
4.370000000000297646e+00,1.503702178009904600e+01,6.201959580503420000e-01,4.142288058815287166e-01,-4.023188193619163522e-02,-1.797592931593110233e-02,4.243245315013936814e-02,-1.012834074993639319e+03,7.080622093945729603e+02,1.153244081618085147e+03,-3.487221844532066573e-02,1.684253670989582758e+02,2.767332637420001993e+04,4.708893026997907145e+04,0.000000000000000000e+00
4.375000000000294875e+00,1.503686425343685862e+01,6.201638950069011669e-01,4.144041005614976791e-01,-2.701017842659661494e-02,1.931787887406993462e-02,6.959653675710902876e-02,-8.880563679719433594e+02,6.808010124620312808e+02,1.056070580376290991e+03,-3.487953132501948883e-02,1.692929300116053639e+02,2.808973643472290132e+04,4.705101177988885320e+04,0.000000000000000000e+00
4.380000000000292104e+00,1.503675764360352751e+01,6.201865077842442231e-01,4.146119657304593864e-01,-2.080006060699876591e-02,1.002560870837164789e-02,5.585432455909913885e-02,6.969485794031943442e+02,-5.361004449689556850e+02,-5.756708644161474240e+02,-3.495872682897119277e-02,1.699643225114750749e+02,3.853394960627236287e+04,3.964011491126450710e+04,0.000000000000000000e+00
4.385000000000289333e+00,1.503667855969681533e+01,6.201197744230002584e-01,4.147308074031296754e-01,-9.027124996006228100e-03,-2.609107502298046305e-02,-1.019921446983656881e-02,-1.302286662018439529e+03,6.971192727789497212e+02,1.625168442629801802e+03,-3.481933180799465927e-02,1.708844081432223163e+02,2.655064582219662043e+04,4.632517025771542103e+04,0.000000000000000000e+00
4.390000000000286562e+00,1.503661420887742040e+01,6.200659656163159950e-01,4.148519729287767355e-01,-1.826737366848170049e-02,-8.235258264228034059e-03,4.228940246808176456e-02,-1.254973864151713315e+03,7.442138581649270463e+02,1.376940828248032403e+03,-3.480871079054214529e-02,1.717532793245086395e+02,2.707428584383551788e+04,4.752298119934676652e+04,0.000000000000000000e+00
4.395000000000283791e+00,1.503650771302148037e+01,6.199740347042832500e-01,4.150095281227074162e-01,-3.426709053513712910e-02,2.269143866475427027e-02,1.073281030972634414e-01,9.113979786561239962e+02,-7.414917718939781253e+02,-6.507539054584727864e+02,-3.478938777455407166e-02,1.728110436586785283e+02,3.832136929743448854e+04,4.007262416132486396e+04,0.000000000000000000e+00
4.400000000000281020e+00,1.503639955595448541e+01,6.199058607334945181e-01,4.151597700124899371e-01,-1.118573424253182028e-02,1.367627156227726667e-02,2.084757902934382054e-02,7.855382018724786803e+02,-5.079152651774774085e+02,-5.474472666774111076e+02,-3.475188592017301736e-02,1.733229438670905438e+02,3.857535068370654335e+04,4.027278077408481477e+04,0.000000000000000000e+00
4.405000000000278249e+00,1.503643677955520452e+01,6.200651702051535041e-01,4.150476200162541152e-01,1.801992114052758040e-02,5.351225339494393440e-02,-3.346381767358203724e-02,5.200091928653964715e+02,-4.262896093750942441e+02,-4.362482852425899296e+02,-3.477165600202618279e-02,1.729396124655941662e+02,3.678916502076396137e+04,4.024808370077197469e+04,0.000000000000000000e+00
4.410000000000275477e+00,1.503654499712541792e+01,6.202637916280553387e-01,4.148739864611967199e-01,1.428021549843163686e-02,4.195130455941855491e-02,1.651218527032858457e-02,7.863504442261929626e+02,-7.657766892370807454e+02,-4.863632985528848280e+02,-3.479354510808906759e-02,1.720458008267015657e+02,3.851322090631767060e+04,3.985372678380308207e+04,0.000000000000000000e+00
4.415000000000272706e+00,1.503661696476515530e+01,6.202668020490358369e-01,4.148051833596057003e-01,2.036466238717112443e-04,1.069105902905151048e-02,3.906185616655289544e-02,1.089145696854658581e+03,-6.661421601197325799e+02,-9.252251314405799576e+02,-3.476961009243657169e-02,1.715771906679311769e+02,3.661998248005528148e+04,3.614449524200522865e+04,0.000000000000000000e+00
4.420000000000269935e+00,1.503663094571057535e+01,6.202192215402553277e-01,4.148455544284777585e-01,-2.410999766595012771e-03,-8.414725284003953670e-03,2.740692233911084727e-02,8.383010154025686234e+02,-5.877447230638330211e+02,-5.666152197824977748e+02,-3.479217766335530870e-02,1.713445860647691177e+02,3.790096653710618557e+04,3.994075363014564937e+04,0.000000000000000000e+00
4.425000000000267164e+00,1.503661803509112538e+01,6.200538741132294307e-01,4.148626250616549438e-01,-1.494723198996256164e-02,-8.989828076372712029e-03,6.546487127569408648e-02,8.153971170648565021e+02,-7.587244877581050559e+02,-5.182249128690649513e+02,-3.488600050251319806e-02,1.716082321681730321e+02,3.808552861746117560e+04,4.017836796562763629e+04,0.000000000000000000e+00
4.430000000000264393e+00,1.503658088803980775e+01,6.198241911856170461e-01,4.149222372489214661e-01,-8.737776774801545021e-03,-4.369503133980855158e-02,1.567205178622319006e-02,1.005473045283473539e+03,-3.310290667803382689e+02,-9.368811172972809800e+02,-3.503422577727210996e-02,1.721360912332476403e+02,3.798587202825560962e+04,3.693820424949676817e+04,0.000000000000000000e+00
4.435000000000261622e+00,1.503662924876552154e+01,6.198378659315955108e-01,4.148562645306106411e-01,2.437381971931420685e-02,-1.975435777495867812e-03,-7.285502533595634989e-02,4.030359642237763751e+02,-3.128155413136849461e+02,-2.525135675113183140e+02,-3.509331475789790461e-02,1.718659625623249667e+02,3.789649025410223112e+04,4.038643424632163078e+04,0.000000000000000000e+00
4.440000000000258851e+00,1.503679060737515627e+01,6.200641374944692030e-01,4.146044082468450798e-01,3.464361049439731305e-02,7.218863046832425800e-02,-3.705648939839160244e-02,7.121512626535377422e+02,-6.318923224889381345e+02,-6.338389545889101555e+02,-3.489050358461367324e-02,1.708498830460991087e+02,3.815283429035919107e+04,3.764858230184392596e+04,0.000000000000000000e+00
4.445000000000256080e+00,1.503698189502544125e+01,6.203048960963133407e-01,4.142653535439238532e-01,3.879269698835102753e-02,1.378530919706779864e-02,-1.098936071578320295e-01,-1.319430022552079208e+03,5.762237522184959744e+02,1.716422854953889782e+03,-3.491069530615863170e-02,1.697669553354621428e+02,2.633713107339396447e+04,4.672444152079153719e+04,0.000000000000000000e+00
4.450000000000253308e+00,1.503706901310766852e+01,6.204039230587150566e-01,4.141875498551133017e-01,1.587950382686048297e-03,1.639602270009422880e-02,1.583978557556680808e-02,8.258113760769642795e+02,-5.218903168731168307e+02,-6.117089158360888632e+02,-3.484386966193696311e-02,1.691048983810429434e+02,3.840117733379299898e+04,3.787837718388997018e+04,0.000000000000000000e+00
4.455000000000250537e+00,1.503705067060880118e+01,6.203807819686527614e-01,4.142408743258604309e-01,-7.017294821045208693e-03,-2.904675549662379119e-02,-1.761447618008936747e-02,6.251835089104160943e+02,-4.705571504879357576e+02,-5.023011687882884075e+02,-3.482862591947301356e-02,1.694240873436411619e+02,3.875695919787884486e+04,3.854506289586182538e+04,0.000000000000000000e+00
4.460000000000247766e+00,1.503697061082543485e+01,6.203157168326496329e-01,4.143894728844349507e-01,-1.513455673492848305e-02,-4.467358130771000024e-02,-1.520586867977197394e-02,6.878851138009721353e+02,-4.412890534117246375e+02,-4.186987083411054869e+02,-3.480799600923214360e-02,1.698775473793365904e+02,3.827262370419508079e+04,3.974352673607436736e+04,0.000000000000000000e+00
4.465000000000244995e+00,1.503686921881025285e+01,6.201573788469058046e-01,4.145224178393409620e-01,-2.343235432686227582e-02,-2.328231208708652841e-02,4.854053018680796333e-02,7.175516982103529244e+02,-5.085531004230369945e+02,-6.404227433295686751e+02,-3.488724666545211378e-02,1.705726905627008136e+02,3.810375683446177572e+04,3.898925985339830368e+04,0.000000000000000000e+00
4.470000000000242224e+00,1.503675322283156390e+01,6.199811483266629564e-01,4.146975633263272898e-01,-2.449285910717448334e-02,-2.080924895088452978e-02,7.077962572157543708e-02,1.099337644516087494e+03,-5.899519347944838046e+02,-9.692134636676012178e+02,-3.494979267636222353e-02,1.713452535133670267e+02,3.730311500840782537e+04,3.687269972499077267e+04,0.000000000000000000e+00
4.475000000000239453e+00,1.503666396569910546e+01,6.198227891745065055e-01,4.148285910514405983e-01,-1.812149840415158350e-02,-1.323357959891393806e-02,4.493596641902657812e-02,-1.251898492541937230e+03,6.551638426245916662e+02,1.531000968799037310e+03,-3.495325149806923631e-02,1.720512482122063886e+02,2.679010756718585981e+04,4.619696563110540592e+04,0.000000000000000000e+00
4.480000000000236682e+00,1.503658165179315986e+01,6.197490448886733283e-01,4.149846592139795898e-01,-1.378018296035639703e-02,-1.319566310087294525e-02,1.892172458866916290e-02,8.191869730612397689e+02,-6.782919574738907613e+02,-4.630613163451297396e+02,-3.491345450205388806e-02,1.723983943090678395e+02,3.850835049113800051e+04,3.976470089333281067e+04,0.000000000000000000e+00
4.485000000000233911e+00,1.503653155951266562e+01,6.196408212534919580e-01,4.150033676330742161e-01,-5.620674766650229394e-03,-3.505745557115671346e-02,-3.723787380374345146e-02,-1.187523009687005015e+03,1.519810520293534864e+03,1.397582629523823471e+03,-3.488484201338187124e-02,1.728270913690672899e+02,2.995731526819320425e+04,4.389798810893227346e+04,0.000000000000000000e+00
4.490000000000231140e+00,1.503658579290410735e+01,6.198291084532795425e-01,4.148951039364041082e-01,2.425186588551041938e-02,1.032942133677542673e-01,-7.824796957000409656e-03,6.645521176879772156e+02,-7.061751663016631255e+02,-4.351833662855831335e+02,-3.496269097746648735e-02,1.720969110462869764e+02,3.896041922203206195e+04,4.066717249621152587e+04,0.000000000000000000e+00
4.495000000000228368e+00,1.503672755168803299e+01,6.202253759309563907e-01,4.146160305432228244e-01,2.871009230524037420e-02,9.731306384222875028e-02,-4.385556633970712909e-02,6.824384552101067811e+02,-6.989606837017025782e+02,-4.880255704832953256e+02,-3.505576723592383759e-02,1.705080794578161090e+02,3.825961749504319596e+04,3.918454484874287300e+04,0.000000000000000000e+00
4.500000000000225597e+00,1.503688061549328836e+01,6.204747168756685749e-01,4.143446336018865028e-01,2.887155503894866040e-02,2.941095337473626295e-02,-4.945180174281418178e-02,6.113341932433789907e+02,-5.393966411527350147e+02,-3.809396366021748008e+02,-3.492872205392072438e-02,1.694856564550277938e+02,3.921344087306857546e+04,3.847207413684817584e+04,0.000000000000000000e+00
4.505000000000222826e+00,1.503696988416177049e+01,6.205628013715109859e-01,4.142546781555744295e-01,1.149200321517037483e-04,2.835760443282967641e-02,4.733638228255922231e-02,5.755589348110485162e+02,-7.033343810719726434e+02,-5.371089129457466242e+02,-3.487928664771691722e-02,1.691031589383360370e+02,3.799362939014656149e+04,3.937267782862266904e+04,0.000000000000000000e+00
4.510000000000220055e+00,1.503693212618705921e+01,6.205033093426527424e-01,4.142894412875209875e-01,-1.172697770035787887e-02,-2.156442260912444855e-02,3.176220501488493091e-03,-1.120635449126864842e+03,7.787327086333451689e+02,1.240663162790282968e+03,-3.498446020212282043e-02,1.691612860436874257e+02,2.829261806335182700e+04,4.726800518860016746e+04,0.000000000000000000e+00
4.515000000000217284e+00,1.503686426867618486e+01,6.204186019027608801e-01,4.144136138709751394e-01,-1.756168631230627802e-02,-3.957829374114407370e-03,6.252581208633517518e-02,9.824286517105343819e+02,-5.075466435101663478e+02,-7.705758641428056990e+02,-3.502411522554849804e-02,1.695683377281403921e+02,3.841705206430916587e+04,3.857404741708488291e+04,0.000000000000000000e+00
4.520000000000214513e+00,1.503679999193974837e+01,6.202934981225065592e-01,4.145515678055253228e-01,-1.739761783943154921e-02,-8.042638755639557394e-03,6.609640013786648172e-02,6.130445984301680937e+02,-5.507414633699164597e+02,-4.731685342905316247e+02,-3.500729911643018361e-02,1.702113169093237843e+02,3.881294571903283213e+04,4.125616661438091251e+04,0.000000000000000000e+00
4.525000000000211742e+00,1.503672871311780845e+01,6.201523717138740510e-01,4.146888984087282459e-01,-2.124748105162657663e-02,-1.360349495103336430e-03,6.127574502723120292e-02,7.582464677194693650e+02,-5.699022042649909281e+02,-6.277309323275409270e+02,-3.496799049869983578e-02,1.708991360578343972e+02,3.855344236148579512e+04,3.900819439549074013e+04,0.000000000000000000e+00
4.530000000000208971e+00,1.503665101111421087e+01,6.200669593231490362e-01,4.148008175822065491e-01,-1.044819734137610208e-02,4.671219300682525645e-03,5.299112563428259176e-02,1.072185303853910682e+03,-6.468285741666248896e+02,-9.373819748088894812e+02,-3.489898448868807013e-02,1.715396259687375959e+02,3.741954135913932259e+04,3.683813129209986801e+04,0.000000000000000000e+00
4.535000000000206200e+00,1.503660360262524343e+01,6.199928586422825960e-01,4.148848548443240802e-01,-1.438496294565268056e-02,-2.140453171757069999e-03,2.970850789584987897e-02,-1.040452488123157309e+03,8.050453929995077260e+02,1.135170078764515210e+03,-3.479786153403228305e-02,1.721082647036223818e+02,2.815381500666981810e+04,4.769646373536204919e+04,0.000000000000000000e+00
4.540000000000203428e+00,1.503651136823061663e+01,6.199488832834887386e-01,4.149970474947731192e-01,-1.808337046973058221e-02,-8.982947351973103248e-03,8.194475353851621291e-03,9.129220978094151633e+02,-4.375706608050437580e+02,-6.869263914196594669e+02,-3.476953252117838400e-02,1.726272451386510056e+02,3.836852760239738564e+04,3.863492628649350809e+04,0.000000000000000000e+00
4.545000000000200657e+00,1.503651254605056664e+01,6.200713457558134634e-01,4.149122661234960208e-01,1.451968514940810834e-02,2.318062812082248569e-02,-5.631094542885282245e-02,-1.048849729654790963e+03,1.272044257158604978e+03,1.390729401670483185e+03,-3.480908010223038307e-02,1.724975046278871957e+02,3.032429816987605591e+04,4.362330336051252380e+04,0.000000000000000000e+00
4.550000000000197886e+00,1.503666168740322640e+01,6.203204991642603527e-01,4.146673773199121005e-01,4.465653301223824340e-02,7.781535265013055092e-02,-2.687690642520215029e-02,-1.296933064699200486e+03,3.530401551511105254e+02,1.678771224453196055e+03,-3.486147645193934941e-02,1.716439974844380174e+02,2.627870283561205724e+04,4.632423227381746983e+04,0.000000000000000000e+00
4.555000000000195115e+00,1.503683537783703805e+01,6.205456269298845751e-01,4.145155186827395588e-01,1.173044144100064863e-02,6.460104236930670762e-02,5.015793413018270613e-02,8.282604802837140596e+02,-8.427004001853896398e+02,-5.500083387907986889e+02,-3.486336442656407658e-02,1.708234971234739703e+02,3.806144645218166988e+04,3.984544719907889521e+04,0.000000000000000000e+00
4.560000000000192344e+00,1.503688003724087352e+01,6.205432129177830269e-01,4.144716793943638566e-01,-1.838581478892110151e-03,-1.422171119781129528e-03,1.917784195847841225e-02,1.013920839764536140e+03,-5.149559670498869082e+02,-6.987333581703685468e+02,-3.489154908780839337e-02,1.706433416582908364e+02,3.784724651508993702e+04,3.783331392907275585e+04,0.000000000000000000e+00
4.565000000000189573e+00,1.503689700635891313e+01,6.204492257447826731e-01,4.144826448807702457e-01,-5.230618414521171107e-03,-1.370310187727315915e-02,2.266832823006759839e-02,-1.286559697495166802e+03,6.355531671028129495e+02,1.407146009028858543e+03,-3.488555551894948620e-02,1.707474938946180032e+02,2.690182950366433579e+04,4.666601774363844743e+04,0.000000000000000000e+00
4.570000000000186802e+00,1.503684339085636701e+01,6.203210402122363298e-01,4.145672290851583619e-01,-1.270591225979100444e-02,-2.796778966302253602e-02,9.947425088608312718e-03,-1.351001245349178589e+03,5.556738970555978767e+02,1.601902831499249942e+03,-3.487535471992550540e-02,1.711731991260280097e+02,2.663946338381570240e+04,4.626349764315759967e+04,0.000000000000000000e+00
4.575000000000184031e+00,1.503677099349632229e+01,6.201240691707505803e-01,4.146824781552746475e-01,-5.244404443959760700e-03,-3.858114810295595887e-02,3.864427421314282907e-02,-1.096452991623208391e+03,8.693045976203000009e+02,1.134253113178928743e+03,-3.493378866988827020e-02,1.718138164078883676e+02,2.889718874076926295e+04,4.645008536096275930e+04,0.000000000000000000e+00
4.580000000000181259e+00,1.503672153988875770e+01,6.199118660298594818e-01,4.147998355709049956e-01,-1.253364453535284369e-02,-3.758431524723360867e-02,2.464331259404591370e-02,-1.168020845086382451e+03,7.352969910208570354e+02,1.318165606112966316e+03,-3.482125076847537859e-02,1.723506048068774987e+02,2.810699618713065865e+04,4.620224721223064989e+04,0.000000000000000000e+00
4.585000000000178488e+00,1.503670439093541056e+01,6.198540226952246046e-01,4.148072084774813706e-01,1.039612213011076834e-02,3.120034083001591366e-02,-3.294876095347950423e-03,-1.376070824585337505e+03,1.224962448812870662e+03,1.609381475051491407e+03,-3.482113280800291227e-02,1.722324929503002409e+02,2.860517370886380377e+04,4.304108080060050997e+04,0.000000000000000000e+00
4.590000000000175717e+00,1.503678559416208316e+01,6.199615887605136599e-01,4.145838456063099531e-01,2.229903557372885439e-02,5.807770573371937722e-02,-3.373730782866689315e-02,-1.355651041967649917e+03,1.185981750682350139e+03,1.678926301932547176e+03,-3.500990190724021650e-02,1.714859050667724034e+02,2.941932353725935172e+04,4.245912886661953962e+04,0.000000000000000000e+00
4.595000000000172946e+00,1.503688923924113574e+01,6.202411963609159029e-01,4.144850725564259153e-01,2.220194477505912575e-02,-1.004933641808501699e-02,-7.098402636613304617e-02,3.143536242004537939e+02,-5.076013319445634124e+02,-2.887815591558962680e+01,-3.487985113758142880e-02,1.703462317937030832e+02,3.800215729579164326e+04,4.147470601861280011e+04,0.000000000000000000e+00
4.600000000000170175e+00,1.503696386034691024e+01,6.202668259250837535e-01,4.145270898485534650e-01,8.836264237396307397e-03,-3.498689024252181565e-03,1.322586741412166630e-02,7.491550728635543237e+02,-5.485334544309434932e+02,-6.213702496358627059e+02,-3.471202755977483706e-02,1.699999675862537174e+02,3.753884678475223336e+04,3.831699100857917074e+04,0.000000000000000000e+00
4.605000000000167404e+00,1.503696573093876054e+01,6.201986035573572309e-01,4.145432837274949933e-01,-2.070502598615521148e-02,1.120006642049635459e-02,7.750793371894350303e-02,8.055591003250597169e+02,-7.036726483945706150e+02,-5.490394312252490181e+02,-3.475417038687959870e-02,1.702212394569247067e+02,3.779888523413302755e+04,4.023284751480826526e+04,0.000000000000000000e+00
4.610000000000164633e+00,1.503690589854894277e+01,6.200465993980112112e-01,4.145844999673786169e-01,-2.271688642176827519e-02,5.422708239895961645e-03,8.331014748337425835e-02,7.171376966055315734e+02,-5.577059242577257692e+02,-5.337171945100366202e+02,-3.477304277836918561e-02,1.704688722030597319e+02,3.888852603469035239e+04,4.087059969553884002e+04,0.000000000000000000e+00
4.615000000000161862e+00,1.503682267016231755e+01,6.198976783040770488e-01,4.146661424460091894e-01,-2.136682358682346836e-02,1.835115421898508153e-02,7.538921543035459472e-02,8.801201255085610455e+02,-6.110203742311429096e+02,-6.274475067592220512e+02,-3.473600891075907110e-02,1.706652902691291729e+02,3.835898513995077519e+04,4.045453906156504672e+04,0.000000000000000000e+00
4.620000000000159091e+00,1.503675619999643231e+01,6.197984499946305181e-01,4.147657054480213268e-01,-1.543532226798530367e-02,-2.543500229171727703e-02,2.961083451503489922e-02,7.829855553076289425e+02,-5.012703548834597882e+02,-6.427870691091462731e+02,-3.465530832822817653e-02,1.707383147240915093e+02,3.767196733528863115e+04,4.001548288087597030e+04,0.000000000000000000e+00
4.625000000000156319e+00,1.503667147977282958e+01,6.196153385793906621e-01,4.147989194958177639e-01,-1.651495956056260248e-02,-5.524407700812515587e-02,-2.402772900716993593e-02,-1.218982383365706710e+03,9.892886235544723377e+02,1.351049764384351192e+03,-3.475401403492743568e-02,1.713223951164168568e+02,2.884559215422960551e+04,4.695867881710980146e+04,0.000000000000000000e+00
4.630000000000153548e+00,1.503655285414272136e+01,6.195594209496810834e-01,4.149299064016679361e-01,-1.489763935800551310e-02,-5.500435663807777542e-02,-5.797220315871669943e-02,-1.172496566807045156e+03,1.147111051387172665e+03,1.309940496565948024e+03,-3.473747836258014865e-02,1.718402419695389938e+02,2.784870305173839006e+04,4.767112165506323072e+04,0.000000000000000000e+00
4.635000000000150777e+00,1.503649964612713319e+01,6.197608012300031000e-01,4.150585737177735490e-01,8.335773054738576399e-04,2.130973790754667196e-02,-3.060402545024171889e-02,8.315423248218554590e+02,-5.064264330908804368e+02,-6.935479538475177606e+02,-3.460884442015341872e-02,1.711972702226268837e+02,3.739482740388981620e+04,3.770412892168026883e+04,0.000000000000000000e+00
4.640000000000148006e+00,1.503660128854763478e+01,6.198853114727083113e-01,4.147814811384060718e-01,3.260789906378402242e-02,8.388630455717203949e-02,2.539710283042154963e-03,9.343093789090474957e+02,-5.948108474144739830e+02,-6.777968028882398812e+02,-3.475562218097100198e-02,1.706623899801130619e+02,3.779456552104037110e+04,3.814733355918982124e+04,0.000000000000000000e+00
4.645000000000145235e+00,1.503681483849801737e+01,6.201262445061168638e-01,4.144769451446804753e-01,4.983902106458023423e-02,8.277737775066841552e-02,-3.428950755410285073e-02,6.205032375773943158e+02,-5.704549928303496245e+02,-5.002498664703086888e+02,-3.509683662372956037e-02,1.696230457492332562e+02,3.889708360220882605e+04,3.811072589411534136e+04,0.000000000000000000e+00
4.650000000000142464e+00,1.503701063546263050e+01,6.203128447053637418e-01,4.142499033327807778e-01,2.618026588663358370e-02,5.564134851304393392e-02,6.273549030222809464e-02,8.179152508285453678e+02,-6.691562210209597197e+02,-7.132439652620582820e+02,-3.501164053089537292e-02,1.688345637582206393e+02,3.834483459829540516e+04,3.850245572739540512e+04,0.000000000000000000e+00
4.655000000000139693e+00,1.503708686772512948e+01,6.202579600705447893e-01,4.141871488171008364e-01,-2.110974630728145330e-03,-4.790732712111318392e-04,4.293344975495885091e-02,-1.067074713216301461e+03,6.572719859345238547e+02,1.147676249577733643e+03,-3.477132777726246043e-02,1.689356172558964033e+02,2.803347125236064312e+04,4.629900721866013919e+04,0.000000000000000000e+00
4.660000000000136922e+00,1.503701605672850405e+01,6.202788106553061009e-01,4.143572915735916906e-01,-2.154612574855147705e-02,2.359771032293652218e-02,6.405007652843845711e-02,1.038081951061009249e+03,-5.405005446247645295e+02,-9.316783620023326193e+02,-3.472842925691173310e-02,1.693225282956149158e+02,3.735644593773804809e+04,3.691361736472256598e+04,0.000000000000000000e+00
4.665000000000134150e+00,1.503692262349633069e+01,6.203037027610258658e-01,4.144701396857216613e-01,-2.189276466120251147e-02,1.894958123678211134e-02,5.245313448749248236e-02,7.636767901135134480e+02,-6.619698690589297030e+02,-5.133651233663928224e+02,-3.474541304845002454e-02,1.698574314647292169e+02,3.850263472653708595e+04,4.049610803945452790e+04,0.000000000000000000e+00
4.670000000000131379e+00,1.503684153590813111e+01,6.202146074741625714e-01,4.145354737041215820e-01,-1.354872095705317650e-02,-2.971725085471816144e-02,5.479951165056363808e-03,-1.215603809973010584e+03,7.054070594841873572e+02,1.373805629531088243e+03,-3.478431093246932282e-02,1.704111850341239460e+02,2.760129805910509458e+04,4.668416797844095709e+04,0.000000000000000000e+00
4.675000000000128608e+00,1.503677866879242764e+01,6.201366408797197582e-01,4.146851037465061340e-01,-8.375389205962506176e-03,-1.193728174704809623e-02,4.752515187281333015e-02,9.472494500898629894e+02,-7.205897984989171619e+02,-7.171510126839195891e+02,-3.476712504621362609e-02,1.709030070130256718e+02,3.735183234194791294e+04,3.772387197311917407e+04,0.000000000000000000e+00
4.680000000000125837e+00,1.503671497790801581e+01,6.199606970575480824e-01,4.147584861979898840e-01,-1.684660140014268212e-02,-3.170038743179133534e-02,-3.598063054640021977e-03,6.948924420230647456e+02,-3.760235099669119450e+02,-6.944451622840226719e+02,-3.471214013813444382e-02,1.714663568153462165e+02,3.746682404799072538e+04,3.742856958120235504e+04,0.000000000000000000e+00
4.685000000000123066e+00,1.503669052308913479e+01,6.200542835566918987e-01,4.147095915084007545e-01,8.363095866614236179e-03,4.608546579632896018e-02,-2.608922807648389117e-02,5.042921273407324065e+02,-5.160398019981537345e+02,-2.623539979578364978e+02,-3.471080197051103905e-02,1.711938311911151800e+02,3.947486219315078779e+04,4.125188928594682511e+04,0.000000000000000000e+00
4.690000000000120295e+00,1.503679164402947066e+01,6.202490950772117095e-01,4.145141975733112605e-01,1.695607723089391505e-02,4.390314132679095510e-02,6.064991492503778690e-03,3.640895605895620974e+02,-7.159881957499712826e+02,-1.213672849265151399e+02,-3.495440360636572347e-02,1.705865660248786071e+02,3.666317612967128662e+04,4.148339589551866811e+04,0.000000000000000000e+00
4.695000000000117524e+00,1.503681486036344594e+01,6.202557272797862842e-01,4.145707512183934296e-01,-3.975399025334717951e-03,-1.810442951300891834e-02,2.264716121093534457e-02,9.020586855163609243e+02,-4.592477916821680992e+02,-7.254725598375625850e+02,-3.487051056265534632e-02,1.706283797773567414e+02,3.787899411329041322e+04,3.820499661733152607e+04,0.000000000000000000e+00
4.700000000000114753e+00,1.503677594579730226e+01,6.201222259988490304e-01,4.146649081781929591e-01,-6.452976043109852518e-03,-6.125180537484448129e-02,-2.587474081177698615e-02,7.703245057570188692e+02,-2.852263531291784489e+02,-7.085552524146572750e+02,-3.486463041779096911e-02,1.711179395695197911e+02,3.841315823494889628e+04,3.711001227282312175e+04,0.000000000000000000e+00
4.705000000000111982e+00,1.503669948730639661e+01,6.200174349970460907e-01,4.148638380598178577e-01,-1.221465572693995576e-02,-4.123151245787885777e-02,6.576970195304203057e-03,9.998710584290704446e+02,-4.316734163096285783e+02,-7.517015935575692538e+02,-3.482572355396421071e-02,1.711615556581941462e+02,3.793083287872213987e+04,3.779879716035377351e+04,0.000000000000000000e+00
4.710000000000109210e+00,1.503666770721307877e+01,6.198554423725031182e-01,4.148724376364996136e-01,-1.194229355912394645e-02,8.778479618954750791e-03,5.677084628544160072e-02,1.015542385321521124e+03,-5.862751320359375313e+02,-7.793727282326794921e+02,-3.489304702578440581e-02,1.716417761498217374e+02,3.801450874630214821e+04,3.804664742596547876e+04,0.000000000000000000e+00
4.715000000000106439e+00,1.503663825862000181e+01,6.197490300067518554e-01,4.149623189363046416e-01,-1.525919055673704595e-02,3.788112450467711473e-03,7.181389572037308322e-02,8.366914603262355286e+02,-5.690371310683118509e+02,-7.071685888522773666e+02,-3.496664179623747148e-02,1.721404872783868996e+02,3.861106144936245983e+04,3.904719799105537095e+04,0.000000000000000000e+00
4.720000000000103668e+00,1.503661606209992030e+01,6.196234613678662795e-01,4.149115602273852343e-01,-1.041019729876657869e-02,3.372521499530145572e-02,5.265190083926245962e-02,-1.159278020412654314e+03,7.476626690691211934e+02,1.304721314723707110e+03,-3.507302201886819404e-02,1.725529341591374077e+02,2.633506210215921237e+04,4.731068907700802083e+04,0.000000000000000000e+00
4.725000000000100897e+00,1.503660696762145221e+01,6.196873684468737764e-01,4.148880321286549377e-01,1.065590364631872206e-02,4.787884871198980208e-02,1.671975956396629668e-03,-1.366001570466489056e+03,1.362038860550866048e+03,1.511996629511205128e+03,-3.510287802032415611e-02,1.722779275209252035e+02,2.841738051994560374e+04,4.363322143796118326e+04,0.000000000000000000e+00
4.730000000000098126e+00,1.503668296481430033e+01,6.198291096834255276e-01,4.146831038322165708e-01,2.486553649088193638e-02,2.585624847051179800e-02,-7.240189780858875823e-02,-1.126607585022314652e+03,1.368369732263666947e+03,1.456947400734124130e+03,-3.518251820557247861e-02,1.715750824939314327e+02,2.983385404072021265e+04,4.395033732446235081e+04,0.000000000000000000e+00
4.735000000000095355e+00,1.503683392001086361e+01,6.201384370273146374e-01,4.144847411404654625e-01,3.589235362427375953e-02,7.125977725015911202e-02,-1.745937300339294590e-02,7.225655985184178007e+02,-6.626103451333350449e+02,-5.101471636116147579e+02,-3.519425469779294269e-02,1.702482029576900686e+02,3.966337744184109033e+04,3.809752554130436329e+04,0.000000000000000000e+00
4.740000000000092584e+00,1.503698482066789666e+01,6.202841302030601689e-01,4.143083747575357356e-01,1.809985938450122886e-02,3.766302475115822224e-02,2.006465551675103154e-02,5.338784478315839124e+02,-6.938283818609770606e+02,-3.761335764754807656e+02,-3.510493948961699445e-02,1.695723203433832964e+02,3.855987852419004048e+04,4.045478099960144027e+04,0.000000000000000000e+00
4.745000000000089813e+00,1.503704017751388555e+01,6.203094441352968724e-01,4.142779039915034933e-01,-2.141901964369662126e-03,1.581173283715880257e-02,2.803753187474682801e-02,8.917108739780538826e+02,-4.514660734165863119e+02,-5.801218750814665555e+02,-3.498001287608832471e-02,1.695029699255449316e+02,3.718932013349400950e+04,3.787107066439341725e+04,0.000000000000000000e+00
4.750000000000087041e+00,1.503701517190593506e+01,6.202974581307937330e-01,4.143457166028511329e-01,-9.535428081952408708e-03,4.800450522860054241e-03,2.598708476478588797e-02,7.853904117161682734e+02,-5.296683390064464447e+02,-6.529629493479792472e+02,-3.490850451404490379e-02,1.698542346675585577e+02,3.824336072486252669e+04,3.890981919421982457e+04,0.000000000000000000e+00
4.755000000000084270e+00,1.503695317282423005e+01,6.202176616212088378e-01,4.144419641319711523e-01,-1.198830656877315423e-02,-3.839738421185091150e-02,-7.924292028093218171e-03,-1.396971629634497731e+03,5.707070631468645843e+02,1.662108781872593681e+03,-3.487575552804660084e-02,1.703549202511437670e+02,2.669366527504972692e+04,4.623645797422200121e+04,0.000000000000000000e+00
4.760000000000081499e+00,1.503686987472405079e+01,6.200608460984241566e-01,4.145743986493571342e-01,-2.180136703741056281e-02,-1.419977578018489714e-02,5.967424085631006098e-02,9.776246183706595048e+02,-4.761324875808208503e+02,-7.603128692623669167e+02,-3.492992054950268960e-02,1.709695874571743559e+02,3.827749880658135226e+04,3.819518096374887682e+04,0.000000000000000000e+00
4.765000000000078728e+00,1.503677687506293381e+01,6.198928413942326188e-01,4.147178930813405495e-01,-1.928266756516910929e-02,-1.119981642122803295e-02,6.423643998851667758e-02,8.391891344178083045e+02,-5.300919435667101425e+02,-7.209168354243812473e+02,-3.495617626621264074e-02,1.715750805121658971e+02,3.833779276530395873e+04,3.903726052238592092e+04,0.000000000000000000e+00
4.770000000000075957e+00,1.503669310042013940e+01,6.197362893356872515e-01,4.148315509780365895e-01,-1.359977338519508493e-02,-3.848556328988510244e-02,-1.052139545707466914e-02,1.041846133757775306e+03,-4.263841431587831039e+02,-8.529695822394567131e+02,-3.489347401166568996e-02,1.721031020294141172e+02,3.733484242870891467e+04,3.576993375193113025e+04,0.000000000000000000e+00
4.775000000000073186e+00,1.503668158903429841e+01,6.198497436378159753e-01,4.148911406090240450e-01,1.011822048608086722e-02,6.895758745198550532e-03,-5.368637329520830476e-02,7.327735147028211031e+02,-4.979387475801460141e+02,-5.531131313145521062e+02,-3.491200890705105364e-02,1.718715732209476528e+02,3.820350447637637990e+04,3.812140383671878953e+04,0.000000000000000000e+00
4.780000000000070415e+00,1.503679744106599614e+01,6.199872231481148299e-01,4.146442894009146896e-01,3.006580175540554331e-02,2.422594595375516038e-02,-5.854065185498007889e-02,4.029358061864618890e+02,-4.306419418580073852e+02,-2.244989614916914604e+02,-3.495536689859774643e-02,1.712266251415196905e+02,3.817537205032595375e+04,3.907323663346935064e+04,0.000000000000000000e+00
4.785000000000067644e+00,1.503697301924699126e+01,6.201025841442550091e-01,4.144069427808835804e-01,3.063834800348205073e-02,3.517153338000303386e-02,-9.630410471647091880e-04,7.542969440468498306e+02,-5.904835970795146523e+02,-6.132456950258198276e+02,-3.485377575802893479e-02,1.704030631403617235e+02,3.847106636314640491e+04,3.798330317544114223e+04,0.000000000000000000e+00
4.790000000000064873e+00,1.503707706967680302e+01,6.200846968741935417e-01,4.142598873494661715e-01,1.259662358238720914e-02,-1.525690217349080606e-02,-3.334819598798599571e-02,-1.165714374502448663e+03,7.905286387882697454e+02,1.281716919494564081e+03,-3.483100789443339951e-02,1.700932311411574460e+02,2.827870633805503894e+04,4.608173017813893966e+04,0.000000000000000000e+00
4.795000000000062101e+00,1.503706623082230820e+01,6.200791308934906487e-01,4.142958763697625613e-01,-1.017413403107865315e-02,-3.502059190787450149e-03,2.938695017510735072e-02,-1.516833091457215687e+03,5.574435853624631818e+02,1.651290880230582616e+03,-3.491564609400132912e-02,1.699466420673145421e+02,2.548545618999069120e+04,4.590729593015208957e+04,0.000000000000000000e+00
4.800000000000059330e+00,1.503697069115985308e+01,6.199617118822724482e-01,4.144350751095114971e-01,-2.525738381959199974e-02,-1.603474674372429298e-02,5.104095860196065926e-02,8.197403978776684426e+02,-4.237891162676532417e+02,-7.879418492475559788e+02,-3.504444020271251653e-02,1.701109322940710626e+02,3.766469840083978488e+04,3.746298130598603166e+04,0.000000000000000000e+00
4.805000000000056559e+00,1.503685586357691584e+01,6.198427078133714740e-01,4.145487366289592468e-01,-2.196432380674827323e-02,-1.199213068072405887e-02,3.348988198471615496e-02,6.418109230419916003e+02,-4.355059277637737978e+02,-4.553585829227481554e+02,-3.521665880148915767e-02,1.705505879958282662e+02,3.709398981383386854e+04,4.014452208497351967e+04,0.000000000000000000e+00
4.810000000000053788e+00,1.503677978618480360e+01,6.197459830557480176e-01,4.146909329232268404e-01,-1.213890242044387245e-02,-4.515776562471413708e-02,-6.578670553853106177e-04,7.771482591589661979e+02,-4.742312429840824848e+02,-6.907569213822235952e+02,-3.504105409453981551e-02,1.712042343178640067e+02,3.766639818695037684e+04,3.714859400777948031e+04,0.000000000000000000e+00
4.815000000000051017e+00,1.503671830866363202e+01,6.197110686677878011e-01,4.147769998414597703e-01,-3.299511456195380605e-04,1.675919194380668872e-02,-4.633577546788362686e-03,6.161997956500283635e+02,-4.665847231814743168e+02,-4.454227849436601332e+02,-3.483723143902769243e-02,1.716795698151351246e+02,3.893566343748968211e+04,4.035926544597177417e+04,0.000000000000000000e+00
4.820000000000048246e+00,1.503677960328142404e+01,6.198822086934765441e-01,4.146123300277394508e-01,2.310424248210547066e-02,5.005546946541185316e-02,-5.354545395300611826e-02,-1.020849066925671536e+03,1.220219038082130965e+03,1.391668651522148366e+03,-3.487211875231294861e-02,1.711985995419437074e+02,3.000004666683895994e+04,4.347980455113852076e+04,0.000000000000000000e+00
4.825000000000045475e+00,1.503695773538197855e+01,6.201760233782164233e-01,4.143567441008378927e-01,3.622557356696367442e-02,3.192690501133095549e-02,-7.356296845544875451e-02,4.553432673184950659e+02,-4.662845742534452711e+02,-3.366966251833902675e+02,-3.500774777632464224e-02,1.700995935264593868e+02,3.630025174639558099e+04,3.796874342872482521e+04,0.000000000000000000e+00
4.830000000000042704e+00,1.503707487903921347e+01,6.203000961978689665e-01,4.142067119320888557e-01,1.047614328020873668e-02,-1.074415724573092069e-03,-2.574046846789119353e-02,-1.289413833211492602e+03,7.133767283291275589e+02,1.362281274619609576e+03,-3.483265511692867217e-02,1.695217712602806159e+02,2.816254820036622914e+04,4.640492699918306607e+04,0.000000000000000000e+00
4.835000000000039933e+00,1.503702491598848212e+01,6.203032772780906479e-01,4.142335962400588434e-01,-1.364924537998679112e-02,-2.436735302381513521e-02,-2.020681316169869318e-02,-1.245310707413498903e+03,5.689078894017338826e+02,1.491459193690890061e+03,-3.489051026255705901e-02,1.695920372316760734e+02,2.734911716563793743e+04,4.664184149281268765e+04,0.000000000000000000e+00
4.840000000000037161e+00,1.503689794001089197e+01,6.202678307698586968e-01,4.144553293594088750e-01,-1.609459580505023454e-02,-4.868568229410528275e-02,-3.042541434302433595e-02,7.042560306247156632e+02,-4.271460860478774748e+02,-5.012503401393168474e+02,-3.480251688928454046e-02,1.699448408877877341e+02,3.788731145867677697e+04,3.815804208279225713e+04,0.000000000000000000e+00
4.845000000000034390e+00,1.503678827238653248e+01,6.201996113553639445e-01,4.146677980608343139e-01,-1.752067583729348052e-02,-2.594203354090819300e-02,1.451206143697522308e-02,7.202399862160584689e+02,-6.309891923635904050e+02,-4.058067988678871529e+02,-3.479360696721010837e-02,1.704337084575818437e+02,3.814832848032876791e+04,3.983895338543232356e+04,0.000000000000000000e+00
4.850000000000031619e+00,1.503672865535303593e+01,6.200841216285747359e-01,4.147553113801951685e-01,-6.782465469582538327e-03,-2.504239050483453299e-02,7.082842821219548744e-03,9.745860626097406794e+02,-4.599481967404977354e+02,-7.162530688813034203e+02,-3.490967823591167862e-02,1.711554259758636647e+02,3.840047061833472981e+04,3.779583113298843091e+04,0.000000000000000000e+00
4.855000000000028848e+00,1.503674099260665642e+01,6.199596708142048884e-01,4.147547745574973743e-01,4.688381904727079857e-03,-3.208806114715621188e-02,-4.221297963736628418e-03,-1.032117564545668301e+03,8.512285441846798903e+02,1.135548566780840019e+03,-3.480132557986406056e-02,1.716882127647377558e+02,2.887114666639741336e+04,4.661579780204066628e+04,0.000000000000000000e+00
4.860000000000026077e+00,1.503672522797115718e+01,6.198833628594305756e-01,4.148121905193536407e-01,-1.766955464300183978e-02,-6.273960237264663946e-03,2.977829069157733946e-02,6.410466424977333872e+02,-6.889279971500676538e+02,-4.149459562164853423e+02,-3.474348423520232099e-02,1.719383265283086644e+02,3.833287072319102299e+04,3.988441029970053933e+04,0.000000000000000000e+00
4.865000000000023306e+00,1.503666109309905785e+01,6.198651489390130109e-01,4.148099149254204643e-01,2.752395279710121746e-03,5.897831014474427119e-02,1.354686575747253950e-02,7.443966430819183415e+02,-5.785546489789397810e+02,-5.920187757383653206e+02,-3.471147289963179977e-02,1.718035152479710632e+02,3.838013470789288112e+04,3.958426821830903646e+04,0.000000000000000000e+00
4.870000000000020535e+00,1.503672447191996042e+01,6.200801868322399768e-01,4.146104521872681636e-01,2.169445958244092462e-02,2.811684282859797102e-02,-8.090336499166615736e-02,-1.203112876889726749e+03,1.256702492379832847e+03,1.553246837632605320e+03,-3.475576201531764553e-02,1.708768856417654263e+02,3.035993050836615657e+04,4.369628397066463367e+04,0.000000000000000000e+00
4.875000000000017764e+00,1.503685941854586083e+01,6.203250293276509897e-01,4.144036162068168716e-01,2.088535075394605534e-02,2.573311443385624050e-02,-2.966069742156984476e-02,4.674257515854737903e+02,-4.337908515857370730e+02,-3.082210075587054234e+02,-3.491876695754625448e-02,1.699515982259202644e+02,3.735996022623780300e+04,4.016445884465613199e+04,0.000000000000000000e+00
4.880000000000014992e+00,1.503695850151772540e+01,6.203917774283007613e-01,4.143538492038177368e-01,1.310897623850246045e-02,9.272188802982280278e-03,5.933101329634322095e-03,-1.562520113397484693e+03,5.481390863527643660e+02,1.670828514210522599e+03,-3.482174036005258877e-02,1.699184687756803669e+02,2.559403581450246929e+04,4.598711470183839265e+04,0.000000000000000000e+00
4.885000000000012221e+00,1.503695379006201982e+01,6.203511404065280566e-01,4.144301758717050532e-01,-6.494864840720915126e-03,-1.348084329587437638e-02,1.238768612559280197e-02,-1.211196618736408027e+03,6.577340993784391685e+02,1.349179846560222813e+03,-3.485136542478887989e-02,1.704212490194565817e+02,2.734740429624581157e+04,4.674673501351653977e+04,0.000000000000000000e+00
4.890000000000009450e+00,1.503687726634001898e+01,6.202759725500190946e-01,4.145745652181639929e-01,-2.373666791507209398e-02,2.361453208703530489e-03,7.558047449820445851e-02,9.734334966252592949e+02,-4.579454505652723242e+02,-9.170860111749922225e+02,-3.480500134047019578e-02,1.708915577367612002e+02,3.760313678201601579e+04,3.725438223405212193e+04,0.000000000000000000e+00
4.895000000000006679e+00,1.503678285191618258e+01,6.201557352959257141e-01,4.146993155209447446e-01,-1.600044126857090923e-02,-3.743948194083426828e-02,-3.081403903121626448e-03,9.858379248087769611e+02,-4.264209798083700775e+02,-5.536989596863937777e+02,-3.482986628703941406e-02,1.713288517415336969e+02,3.771092494084216014e+04,3.767927129779646930e+04,0.000000000000000000e+00
4.900000000000003908e+00,1.503672853247146968e+01,6.200426054665844067e-01,4.147630050255379786e-01,-1.375016704104599363e-02,-8.484419119596671097e-03,3.531967042255774319e-02,-1.076777962775154947e+03,7.350696680145819073e+02,1.145731322217656498e+03,-3.485094326602688336e-02,1.719020544183420327e+02,2.879963479231785459e+04,4.678523189457147237e+04,0.000000000000000000e+00
4.905000000000001137e+00,1.503663531682682830e+01,6.199682753329360807e-01,4.148789133429222065e-01,-2.109286445314048283e-02,-2.129826978000452439e-02,1.058841298000909661e-02,6.973170381413507357e+02,-5.807813725445956834e+02,-4.894468863807258003e+02,-3.478879447757782933e-02,1.723908046645158265e+02,3.844726841562739719e+04,3.893296725477988366e+04,0.000000000000000000e+00
4.909999999999998366e+00,1.503661969949205535e+01,6.200154731776407191e-01,4.148583675383734071e-01,1.520231915922568532e-02,5.604165387252414698e-02,1.901067716805847471e-04,9.502972084085594133e+02,-5.616746762458476496e+02,-8.511943614088760341e+02,-3.479726401883606601e-02,1.724961252460720118e+02,3.801961814275201323e+04,3.743934335526832001e+04,0.000000000000000000e+00
4.914999999999995595e+00,1.503673597563584607e+01,6.202484058261292788e-01,4.146532898088220453e-01,2.944597735205182337e-02,1.665696508342994625e-02,-9.016468798554309882e-02,-1.373565249943436584e+03,5.082460778188591348e+02,1.826256140124330614e+03,-3.486631916724891589e-02,1.718929260970535040e+02,2.643917740004670122e+04,4.612473934447456122e+04,0.000000000000000000e+00
4.919999999999992824e+00,1.503685111974656508e+01,6.203563199990175248e-01,4.145202141039945332e-01,1.521044206132977569e-02,1.227543415380732798e-02,-8.016181193571204899e-03,-1.320383334963022435e+03,6.126608422510253149e+02,1.467240594998576853e+03,-3.490352404369619077e-02,1.711271170171926030e+02,2.705420776118488720e+04,4.623981698321057775e+04,0.000000000000000000e+00
4.924999999999990052e+00,1.503686800469504448e+01,6.203239331067189610e-01,4.145557835261465263e-01,-2.532888070368917357e-03,-1.892300645217292673e-02,1.197826192197453538e-02,5.997635652538975819e+02,-4.913937326666424497e+02,-5.201717994437258312e+02,-3.485046065291173140e-02,1.709447924666044116e+02,3.835394252696127660e+04,3.922538051881420688e+04,0.000000000000000000e+00
4.929999999999987281e+00,1.503681158880447732e+01,6.201808422804503396e-01,4.146658532458633584e-01,-1.416716539629522993e-02,-3.816843011069979974e-02,1.349080243016842831e-02,9.872542510970316698e+02,-4.383956620530507848e+02,-7.265054381824844540e+02,-3.485415775467629734e-02,1.712523252539115788e+02,3.794356247624349635e+04,3.768055131113402604e+04,0.000000000000000000e+00
4.934999999999984510e+00,1.503678144118432414e+01,6.200170264230171480e-01,4.147328513691081464e-01,-2.232143863150046030e-03,-3.913350972748722706e-02,8.084835904902241965e-03,7.938787999991744755e+02,-5.096125847624683729e+02,-5.021270516887892654e+02,-3.480565097640039851e-02,1.716788971211076671e+02,3.870968411238486442e+04,3.971357433410955855e+04,0.000000000000000000e+00
4.939999999999981739e+00,1.503674670052582130e+01,6.198245149342609395e-01,4.148032937379292906e-01,-7.548768272914650052e-03,-3.626866371301474407e-02,9.776155946390341009e-03,-1.090098468394872043e+03,8.141135268578166233e+02,1.162086366857923622e+03,-3.480459281895227630e-02,1.721322949903676829e+02,2.896898941742235911e+04,4.707925890119114047e+04,0.000000000000000000e+00
4.944999999999978968e+00,1.503668031346203016e+01,6.196845834566500066e-01,4.149035470629915401e-01,-1.662604374093189924e-02,-4.039769527387754994e-02,5.816883662948364730e-03,8.328400116105376583e+02,-6.877856932509192802e+02,-6.116057793812941554e+02,-3.473291938948073337e-02,1.723474904517752009e+02,3.693714838350479113e+04,3.858078171413224482e+04,0.000000000000000000e+00
4.949999999999976197e+00,1.503663827210013970e+01,6.196076589286380054e-01,4.149044452514384917e-01,2.528199383886465222e-03,-1.358212847674532785e-02,-3.304285666607408717e-02,-1.280372884257506257e+03,1.310884996090560207e+03,1.627272381729960671e+03,-3.468915520947073172e-02,1.721863303244216468e+02,2.879648227404012141e+04,4.311949298694993195e+04,0.000000000000000000e+00
4.954999999999973426e+00,1.503669963957797506e+01,6.197182070280708999e-01,4.148006700893254739e-01,1.745396750871284347e-02,4.965408711243212564e-02,-1.193852440812808065e-02,7.931483068833474590e+02,-5.926964238433815808e+02,-6.208627653686020267e+02,-3.469937334350078895e-02,1.713697930098695110e+02,3.854043694848887390e+04,3.830996196521965612e+04,0.000000000000000000e+00
4.959999999999970655e+00,1.503681465285217556e+01,6.198543656550480341e-01,4.146037219572213384e-01,2.272192735309256847e-02,7.694652150660216683e-03,-4.742269845513034238e-02,6.090768635042744563e+02,-7.587064124939471412e+02,-2.811354217751899682e+02,-3.502321286958755969e-02,1.705471499629115044e+02,3.839017960453900014e+04,3.960904239529770712e+04,0.000000000000000000e+00
4.964999999999967883e+00,1.503689002650049922e+01,6.198284611269224698e-01,4.145319270119715571e-01,9.403198078824375611e-03,-1.598506931683569415e-02,-6.191896233154280289e-03,9.219280007869759856e+02,-4.367033355471970140e+02,-7.141844578987189607e+02,-3.530052464324130723e-02,1.701653794601535878e+02,3.784999690345305862e+04,3.753368207234168221e+04,0.000000000000000000e+00
4.969999999999965112e+00,1.503692140959754298e+01,6.197499741199157253e-01,4.145234078738364580e-01,1.809222775685545397e-04,-2.146814045130135060e-02,-9.628093577299642880e-03,9.185404693766131459e+02,-4.716232128321798314e+02,-8.004399372814176559e+02,-3.528992625579300407e-02,1.701906414647455392e+02,3.682290910264788545e+04,3.604472616370843753e+04,0.000000000000000000e+00
4.974999999999962341e+00,1.503690915800111583e+01,6.196728808934335309e-01,4.145247026714883876e-01,-1.305984153335815363e-02,3.885593766314350962e-04,6.057649669441642071e-02,7.513603443507785187e+02,-7.385011582306408400e+02,-4.911041773275169930e+02,-3.520225826120086665e-02,1.703853440257990997e+02,3.809708995203655650e+04,4.007185742344230675e+04,0.000000000000000000e+00
4.979999999999959570e+00,1.503686716616238961e+01,6.195284018769289247e-01,4.145656048670006144e-01,-9.370531552768878933e-03,-2.490002585872656479e-02,-1.608802636080604526e-03,-1.131598690374700254e+03,1.303183134307288128e+03,1.379985425931397685e+03,-3.519387136314491848e-02,1.707300066546579842e+02,2.965321190312377075e+04,4.371461525667197566e+04,0.000000000000000000e+00
4.984999999999956799e+00,1.503687804302996156e+01,6.196191809427747943e-01,4.145418451086295142e-01,9.398232816515016477e-03,5.167282028323861437e-02,-4.277378636551496492e-03,6.206054227858468266e+02,-5.220823786057511597e+02,-5.065333993462984949e+02,-3.521219675858044962e-02,1.703825646044224982e+02,3.856334063702579442e+04,3.898966936211474240e+04,0.000000000000000000e+00
4.989999999999954028e+00,1.503698332722253639e+01,6.198266201795761265e-01,4.143328769044393178e-01,2.971347981881180059e-02,7.114779901229940917e-02,-2.627031626859060651e-02,7.193988115120168914e+02,-5.717265418111464896e+02,-4.573233192466880723e+02,-3.514016978253804713e-02,1.697837439067683931e+02,3.869029372135596350e+04,3.734315318012160424e+04,0.000000000000000000e+00
4.994999999999951257e+00,1.503709049182930180e+01,6.200278102722678319e-01,4.142031382898487268e-01,7.228676674558890368e-03,3.573853947661922992e-02,2.033301868974073806e-02,-1.437696163749133120e+03,4.140288592429628238e+02,1.642799428018996650e+03,-3.488704995445883472e-02,1.693441670818652369e+02,2.661512934736646639e+04,4.525698137867164769e+04,0.000000000000000000e+00
