time,x,y,z,vx,vy,vz,Fx,Fy,Fz,min_contact_distance,mechanical_energy,base_load,left_edge_load,right_edge_load
0.000000000000000000e+00,8.000000000000000000e+00,0.000000000000000000e+00,3.868565916282395101e+00,3.579383314800978155e+00,0.000000000000000000e+00,-1.785501354164807930e+00,0.000000000000000000e+00,0.000000000000000000e+00,0.000000000000000000e+00,0.000000000000000000e+00,8.887029569943473462e+02,0.000000000000000000e+00,0.000000000000000000e+00,0.000000000000000000e+00
5.000000000000000971e-03,8.017896916574002830e+00,1.688065511585183231e-40,3.859503522011570542e+00,3.579383314800978155e+00,1.133414294013891871e-37,-1.834551354164807302e+00,0.000000000000000000e+00,0.000000000000000000e+00,0.000000000000000000e+00,0.000000000000000000e+00,8.887006411928957732e+02,0.000000000000000000e+00,0.000000000000000000e+00,0.000000000000000000e+00
1.000000000000000541e-02,8.035793833148005660e+00,2.861571737014286460e-39,3.850195877740746564e+00,3.579383314800978155e+00,7.198288005758391634e-37,-1.883601354164806674e+00,0.000000000000000000e+00,0.000000000000000000e+00,0.000000000000000000e+00,0.000000000000000000e+00,8.886983253914445413e+02,0.000000000000000000e+00,0.000000000000000000e+00,0.000000000000000000e+00
1.500000000000000985e-02,8.053690749722008491e+00,1.760111218177927034e-38,3.840642983469923166e+00,3.579383314800978155e+00,4.754725385391600031e-36,-1.932651354164806046e+00,0.000000000000000000e+00,0.000000000000000000e+00,0.000000000000000000e+00,0.000000000000000000e+00,8.886960095899931957e+02,0.000000000000000000e+00,0.000000000000000000e+00,0.000000000000000000e+00
2.000000000000001429e-02,8.071587666296011321e+00,5.574177271037715390e-38,3.830844839199098573e+00,3.579383314800978155e+00,9.066885560468293297e-36,-1.981701354164805418e+00,0.000000000000000000e+00,0.000000000000000000e+00,0.000000000000000000e+00,0.000000000000000000e+00,8.886936937885417365e+02,0.000000000000000000e+00,0.000000000000000000e+00,0.000000000000000000e+00
2.500000000000001874e-02,8.089484582870014151e+00,1.244574126215789555e-37,3.820801444928275004e+00,3.579383314800978155e+00,2.352189144760128952e-35,-2.030751354164805011e+00,0.000000000000000000e+00,0.000000000000000000e+00,0.000000000000000000e+00,0.000000000000000000e+00,8.886913779870903909e+02,0.000000000000000000e+00,0.000000000000000000e+00,0.000000000000000000e+00
3.000000000000002318e-02,8.107381499444016981e+00,2.722052539886407705e-37,3.810512800657451127e+00,3.579383314800978155e+00,2.877943176215326156e-35,-2.079801354164804383e+00,0.000000000000000000e+00,0.000000000000000000e+00,0.000000000000000000e+00,0.000000000000000000e+00,8.886890621856389316e+02,0.000000000000000000e+00,0.000000000000000000e+00,0.000000000000000000e+00
3.500000000000002415e-02,8.125278416018019811e+00,4.893204004014546086e-37,3.799978906386626498e+00,3.579383314800978155e+00,5.785911259878424672e-35,-2.128851354164803755e+00,0.000000000000000000e+00,0.000000000000000000e+00,0.000000000000000000e+00,0.000000000000000000e+00,8.886867463841873587e+02,0.000000000000000000e+00,0.000000000000000000e+00,0.000000000000000000e+00
4.000000000000002859e-02,8.143175332592022642e+00,8.521450679129968365e-37,3.789199762115802894e+00,3.579383314800978155e+00,8.318838315563098391e-35,-2.177901354164803127e+00,0.000000000000000000e+00,0.000000000000000000e+00,0.000000000000000000e+00,0.000000000000000000e+00,8.886844305827361268e+02,0.000000000000000000e+00,0.000000000000000000e+00,0.000000000000000000e+00
4.500000000000003303e-02,8.161072249166025472e+00,1.339766454782745201e-36,3.778175367844978538e+00,3.579383314800978155e+00,1.115075648220483588e-34,-2.226951354164802499e+00,0.000000000000000000e+00,0.000000000000000000e+00,0.000000000000000000e+00,0.000000000000000000e+00,8.886821147812845538e+02,0.000000000000000000e+00,0.000000000000000000e+00,0.000000000000000000e+00
5.000000000000003747e-02,8.178969165740028302e+00,1.996168346612247392e-36,3.766905723574154319e+00,3.579383314800978155e+00,1.418322688196341383e-34,-2.276001354164801871e+00,0.000000000000000000e+00,0.000000000000000000e+00,0.000000000000000000e+00,0.000000000000000000e+00,8.886797989798332083e+02,0.000000000000000000e+00,0.000000000000000000e+00,0.000000000000000000e+00
5.500000000000004191e-02,8.196849136500011568e+00,-1.177982535914563974e-06,3.755400564584149503e+00,3.568957192302904424e+00,-8.252910194077075611e-04,-2.318456551755910144e+00,3.761893697078399157e+01,1.048876295500455053e-01,8.641656779950724854e+01,-1.102585430017241543e-03,8.876310070780631349e+02,5.424673763665922621e+01,2.361938653722231152e+01,1.626711879357877777e+01
6.000000000000004635e-02,8.214362847093884312e+00,1.402862941110015493e-04,3.744781509685267018e+00,3.541003644598019751e+00,9.343737897418726013e-02,-1.857551753210274770e+00,3.579833161514861928e+01,-1.149982761896445282e+01,3.558082966352051244e+03,-1.328047342191243825e-03,8.660099169894406259e+02,1.259076568566224665e+02,1.934217973739995614e+03,1.601119730156132619e+03
6.500000000000004385e-02,8.231668869461872262e+00,1.350152455412803902e-03,3.736619021324892209e+00,3.467721239905715347e+00,2.897730105455749716e-01,-1.573631122417673778e+00,1.735792307351020156e+02,-2.950832991912242242e+00,4.038780728141809959e+02,-1.197993707054588984e-03,8.507092576663203545e+02,2.178311423269250326e+02,7.492406564527712476e+01,1.463111076859271122e+02
7.000000000000004829e-02,8.249146508184583837e+00,2.797193526263813679e-03,3.728842533147054272e+00,3.514642953875966480e+00,2.890057826839898536e-01,-1.552479249656860016e+00,3.367126224262788980e+01,-4.446852386472127105e-01,7.878594687376775596e+01,-3.200882408554085908e-04,8.506240065511362900e+02,6.194968242669980896e+01,0.000000000000000000e+00,2.362412467530135984e+01
7.500000000000005274e-02,8.266746764369697686e+00,4.238847322859096677e-03,3.720968974360527426e+00,3.521386236161187178e+00,2.882526135713476823e-01,-1.595824849613288521e+00,0.000000000000000000e+00,0.000000000000000000e+00,0.000000000000000000e+00,0.000000000000000000e+00,8.505909590547458947e+02,0.000000000000000000e+00,0.000000000000000000e+00,0.000000000000000000e+00
8.000000000000005718e-02,8.284359510970231710e+00,5.680108707180219450e-03,3.712860271021466652e+00,3.523703741732216344e+00,2.882514345199103101e-01,-1.642735082880991904e+00,0.000000000000000000e+00,0.000000000000000000e+00,0.000000000000000000e+00,0.000000000000000000e+00,8.505852430957734214e+02,0.000000000000000000e+00,0.000000000000000000e+00,0.000000000000000000e+00
8.500000000000006162e-02,8.301984987800786087e+00,7.121352520294479439e-03,3.704519703353624127e+00,3.526013269362429980e+00,2.882459611436358760e-01,-1.688868742013170055e+00,0.000000000000000000e+00,0.000000000000000000e+00,0.000000000000000000e+00,0.000000000000000000e+00,8.505787312716065571e+02,0.000000000000000000e+00,0.000000000000000000e+00,0.000000000000000000e+00
9.000000000000006606e-02,8.319616910815817334e+00,8.562448344268233993e-03,3.695947730340365389e+00,3.526385029692120199e+00,2.880784870701023070e-01,-1.735410442037263801e+00,9.948773558616387902e+00,-2.080073411839507558e-01,2.286815481920482185e+01,-3.970483145933395488e-04,8.505640387326011478e+02,2.054485105414712365e+01,0.000000000000000000e+00,4.362933279237603656e+00
9.500000000000007050e-02,8.337082823292575995e+00,9.999655497911505084e-03,3.687224139502012221e+00,3.478364993859977439e+00,2.868178167400307621e-01,-1.757977719740254408e+00,0.000000000000000000e+00,0.000000000000000000e+00,0.000000000000000000e+00,0.000000000000000000e+00,8.469587571205356653e+02,0.000000000000000000e+00,0.000000000000000000e+00,0.000000000000000000e+00
1.000000000000000749e-01,8.354465414572395332e+00,1.143371908118202135e-02,3.678313771553737954e+00,3.475043442043097563e+00,2.868093543526632483e-01,-1.802421288810453381e+00,0.000000000000000000e+00,0.000000000000000000e+00,0.000000000000000000e+00,0.000000000000000000e+00,8.469472314999209175e+02,0.000000000000000000e+00,0.000000000000000000e+00,0.000000000000000000e+00
1.050000000000000794e-01,8.371830796040912404e+00,1.286690179449747132e-02,3.669175327602628212e+00,3.471408884968302910e+00,2.861603114601977693e-01,-1.847827254568317645e+00,1.220047251215472173e+01,-2.584267403138178487e-01,2.797383541307273092e+01,-1.471330639451246154e-04,8.469292950716210271e+02,1.288677037356206156e+01,0.000000000000000000e+00,1.759436099727824399e+01
1.100000000000000838e-01,8.389191460716912019e+00,1.427664671282592723e-02,3.659927247069710621e+00,3.475766540633741464e+00,2.770461578521090096e-01,-1.831292119464992041e+00,1.203276942107252268e+02,-2.879967880188278428e+00,2.748035935749997520e+02,-7.795227280373256788e-05,8.466532209625604537e+02,2.961291713476265386e+02,0.000000000000000000e+00,3.496493200700664161e+00
1.150000000000000883e-01,8.406581706511454755e+00,1.564811274161270055e-02,3.650744057342838023e+00,3.478085079479659836e+00,2.742166927599529735e-01,-1.855924879050465437e+00,1.197280691825475074e+01,-2.506861565823553240e-01,2.741295571694411848e+01,-3.285531607323530830e-04,8.465298851791598054e+02,6.532006296087629948e+00,2.334513209575268533e+01,0.000000000000000000e+00
1.200000000000000927e-01,8.424113852604547148e+00,1.702728095747267287e-02,3.641543302536011772e+00,3.555719318098923498e+00,2.788243025763170180e-01,-1.779725035757194762e+00,3.339442111528738337e+02,-8.381948828792470607e+00,7.655839319314422937e+02,-4.974777176412128066e-04,8.456301815862755120e+02,7.165052760719889875e+02,1.177220991613917533e+02,0.000000000000000000e+00
1.250000000000000833e-01,8.441976212423059067e+00,1.860801133935797297e-02,3.632991007148029805e+00,3.592950247057295599e+00,3.255089700794988050e-01,-1.683876587807689784e+00,9.326848421653654952e+01,-2.232520958772727937e+00,2.123301459620341518e+02,-2.263840255935253929e-04,8.423041291407691915e+02,1.946949723362564839e+02,3.693190904906961691e+01,0.000000000000000000e+00
1.300000000000000877e-01,8.460000623710701717e+00,2.023651564504344580e-02,3.624506751408650196e+00,3.607332713236612420e+00,3.259231577377949551e-01,-1.716407987088045761e+00,2.368763488718136134e+00,-2.679607613554503553e-02,5.408542077598349707e+00,-7.373313503611280545e-06,8.422712588526651416e+02,5.548982002355165477e+00,3.481948030160627594e-01,0.000000000000000000e+00
1.350000000000000921e-01,8.478038881347709221e+00,2.186539142802615757e-02,3.615794216418304785e+00,3.607731430138995332e+00,3.256365499619867099e-01,-1.763737881104742389e+00,4.745312190465141633e+00,-6.544743377072495538e-02,1.086257127449427529e+01,-4.295354929802685726e-05,8.422583288225580418e+02,8.403602288045696866e+00,0.000000000000000000e+00,3.435616528827456939e+00
1.400000000000000966e-01,8.496075694474283679e+00,2.349219389156165932e-02,3.606847183027234838e+00,3.606902413185895107e+00,3.251335342481553314e-01,-1.810280845061051025e+00,5.451271191874847766e+00,-4.095722284863667628e-02,1.244658899716033140e+01,-1.772556404326880788e-05,8.422436428121368408e+02,5.934113728579292868e+00,0.000000000000000000e+00,7.636987251980593250e+00
1.450000000000001010e-01,8.514104754471343739e+00,2.511608304929629706e-02,3.597669175821010423e+00,3.604739983113644630e+00,3.243493191331285885e-01,-1.856169761569974597e+00,9.785589371100353873e+00,-9.936116063318502223e-02,2.238941871568220421e+01,-6.572881912289790622e-05,8.422256077987226490e+02,1.392535146658232570e+01,0.000000000000000000e+00,1.047880538270885431e+01
1.500000000000001055e-01,8.531888286243621167e+00,2.670626997073683589e-02,3.588595409765411137e+00,3.538774866536563035e+00,3.144985415960196429e-01,-1.787954749818746025e+00,8.957588588071030244e+01,-1.801080149229457916e+00,2.052204384462121141e+02,-1.501881398516733118e-04,8.358910721284364627e+02,1.264227164801707914e+02,1.114959232537910694e+01,8.606983548375241355e+01
1.550000000000001099e-01,8.549563652996308605e+00,2.830080592018666824e-02,3.579567128497422424e+00,3.528832092879440552e+00,3.272587762379866039e-01,-1.823619067655422255e+00,1.314074320525297424e+01,-5.665917857146240966e-01,3.009040512820156010e+01,-1.649253146443229769e-04,8.349878887607212619e+02,2.137512249218502802e+01,8.442383296501716927e+00,2.978478192276058145e+00
1.600000000000001144e-01,8.567396456034996888e+00,2.993820099252633010e-02,3.570569332448847000e+00,3.606394219144670288e+00,3.284207616012057573e-01,-1.763666113860843820e+00,1.963096835995786478e+02,-6.225500061483898229e+00,4.482417179835432535e+02,-2.408631731747497284e-04,8.343650898829798734e+02,3.212389351107186712e+02,1.527650075372931759e+01,1.522472550188111597e+02
1.650000000000001188e-01,8.585556869849312989e+00,3.157931600180649556e-02,3.561803830096694767e+00,3.639079832188245600e+00,3.280471466210913567e-01,-1.764858941941837456e+00,0.000000000000000000e+00,0.000000000000000000e+00,0.000000000000000000e+00,0.000000000000000000e+00,8.342132021975787666e+02,0.000000000000000000e+00,0.000000000000000000e+00,0.000000000000000000e+00
1.700000000000001232e-01,8.603751840969311004e+00,3.321979137888612932e-02,3.552849501374328423e+00,3.638702074810260090e+00,3.281236520409713253e-01,-1.812088264170312213e+00,6.855111584233017474e+00,-3.100902483105636223e-03,1.567827668764886262e+01,-3.354262239499980827e-05,8.341972876556362735e+02,1.075702867191493262e+01,2.692413768855830725e+00,3.640622116054588631e+00
1.750000000000001277e-01,8.621957265466166476e+00,3.486454893659566429e-02,3.543777866975974078e+00,3.646219480908984067e+00,3.286409083599619030e-01,-1.794846436813551716e+00,1.183231062242369518e+02,-1.995936171869178599e+00,2.713816418887356008e+02,-3.949839446795938916e-05,8.339358496308373105e+02,1.752247299899962911e+02,6.845086719073053416e+01,5.201354791179250014e+01
1.800000000000001321e-01,8.640192919377046366e+00,3.650536385531749639e-02,3.534716136087577620e+00,3.646985696812403255e+00,3.278547713495381100e-01,-1.833429847039684368e+00,1.127494373848465514e+01,-3.550348406063191797e-01,2.582903163072911923e+01,-2.000508909750407186e-04,8.338897114993054629e+02,1.936857776901704398e+01,0.000000000000000000e+00,8.780520083340011439e+00
1.850000000000001366e-01,8.658432122412666132e+00,3.814258405027098897e-02,3.525419880539705009e+00,3.648896284963937031e+00,3.272324547119352389e-01,-1.880313809107499567e+00,3.608118815566123239e+00,1.124653643745579176e-02,8.273430316919448302e+00,-2.583921047586996284e-05,8.338685598194711019e+02,9.014711472155243044e+00,0.000000000000000000e+00,0.000000000000000000e+00
1.900000000000001410e-01,8.676852591286619898e+00,3.979546727119892546e-02,3.516210885154822829e+00,3.704476104154482474e+00,3.292402550934843131e-01,-1.806257567503810613e+00,-2.718330554078029309e+03,1.299698194815968755e+01,1.424978970992121731e+03,-4.316265772945360180e-05,8.325182048356487030e+02,3.120603027438027311e+03,5.826885953071560209e+01,1.634693278378912851e+02
1.950000000000001454e-01,8.694996514179020863e+00,4.144764818702041664e-02,3.507238606796109437e+00,3.629678326909516528e+00,3.305502830103799194e-01,-1.815592907522453947e+00,2.757451916546874493e+00,-9.323890305444662574e-02,6.347174467063477543e+00,-9.981379065896779645e-06,8.262363953719012670e+02,3.689616941731385324e+00,3.222384822641542357e+00,0.000000000000000000e+00
2.000000000000001499e-01,8.713208618458423871e+00,4.311309125260193165e-02,3.498159614772124115e+00,3.668182327124711151e+00,3.372428032318347535e-01,-1.790145669947324825e+00,1.912902020104038536e+00,-3.360003853813699291e-03,4.380254710541976237e+00,-6.811568873537482416e-06,8.259043154441237675e+02,4.773767088926301305e+00,0.000000000000000000e+00,0.000000000000000000e+00
2.050000000000001543e-01,8.731555396732014529e+00,4.479130637515688768e-02,3.489112475855694839e+00,3.671059705435960829e+00,3.328631718155208863e-01,-1.818328510879725135e+00,4.104741220310609506e+00,-1.613943077576875385e-01,9.447493619776182072e+00,-2.263124418739638488e-05,8.258194763538218695e+02,3.683668624280427739e+00,0.000000000000000000e+00,6.604723137477964912e+00
2.100000000000001588e-01,8.749928820785733308e+00,4.644237198087028395e-02,3.479943990266948894e+00,3.687554207524754268e+00,3.245777648733251808e-01,-1.831952569961672328e+00,1.342634045718321545e+02,-2.591653225473140143e+00,3.085933425327189639e+02,-1.350753866977139062e-05,8.256578082123771765e+02,2.239405741922655579e+02,0.000000000000000000e+00,1.121821611317728582e+02
2.150000000000001632e-01,8.768446149816890411e+00,4.807138668077692162e-02,3.470818834615148951e+00,3.709734372336687347e+00,3.305150039214366786e-01,-1.822933710235234317e+00,5.908583993181511396e+00,4.801198166193549818e-03,1.356759908665690517e+01,-1.575525650212780682e-05,8.254183206835084547e+02,9.168190282083504172e+00,5.611685340404511280e+00,0.000000000000000000e+00
2.200000000000001676e-01,8.787033935180952327e+00,4.973791299330650867e-02,3.461620275227730748e+00,3.721913696262639792e+00,3.348333765747921187e-01,-1.856123880622991162e+00,3.506282688386851198e+00,-5.513314080008166820e-03,8.031604574975165889e+00,-2.139755146461511451e-05,8.253415403913257933e+02,6.347505782655595397e+00,2.405155925540850781e+00,0.000000000000000000e+00
2.250000000000001721e-01,8.805687515671454690e+00,5.140959290255898290e-02,3.452293788541153763e+00,3.756834300151592920e+00,3.326533506689600128e-01,-1.830283887736319892e+00,1.483963054954594725e+02,-1.472434766214537172e+00,3.416020779292969110e+02,-2.678717792847480975e-05,8.250038233804609717e+02,1.166898133015298811e+02,1.246983063158812968e+02,1.306020174574948385e+02
2.300000000000001765e-01,8.824485544255118441e+00,5.306560637578865841e-02,3.443100704275758872e+00,3.760104884527844860e+00,3.307253140104290390e-01,-1.859147850273115132e+00,0.000000000000000000e+00,0.000000000000000000e+00,0.000000000000000000e+00,0.000000000000000000e+00,8.249274012870220076e+02,0.000000000000000000e+00,0.000000000000000000e+00,0.000000000000000000e+00
2.350000000000001810e-01,8.843299970578698321e+00,5.471654972841284020e-02,3.433688259087922745e+00,3.775560699769709316e+00,3.289583344664205877e-01,-1.888771159983238634e+00,1.569847139000462164e+02,-3.149865099284310688e+00,3.607851106404194184e+02,-2.165488219965086211e-05,8.248190883304527006e+02,3.660212298137820994e+02,0.000000000000000000e+00,2.695739065056752892e+01
2.400000000000001854e-01,8.862258313534530529e+00,5.634424743598040464e-02,3.424341967324155522e+00,3.795339579798563179e+00,3.260685334708169347e-01,-1.869810869924037444e+00,2.508652061047569770e+00,-7.050227546768524090e-02,5.783870278507085239e+00,-8.442130072267624991e-06,8.245374916736616342e+02,4.310642586838198120e+00,1.986231762346602814e+00,0.000000000000000000e+00
2.450000000000001898e-01,8.881291367854965202e+00,5.799362585917675061e-02,3.414930202105829871e+00,3.814022582704298614e+00,3.324067509311500190e-01,-1.894911482760849530e+00,6.117425778790981816e+00,-3.156686435179037464e-02,1.405984063816039331e+01,-2.307402108871290519e-05,8.244178765108943026e+02,1.499304207973078817e+01,3.210034421615261535e-01,0.000000000000000000e+00
2.500000000000001665e-01,8.900377108099853274e+00,5.965468092018892665e-02,3.405410623387891356e+00,3.828514575207058179e+00,3.313823381510216937e-01,-1.888179079293012874e+00,1.718253859925272025e+02,-1.868618257544589323e+00,3.974373038976275438e+02,-4.005136865735002202e-05,8.241766711601370616e+02,1.453965501589192968e+02,1.718608124365705407e+02,1.152458450644153629e+02
2.550000000000001710e-01,8.919609050438094044e+00,6.130290206358966765e-02,3.395946023378206391e+00,3.848399047435345999e+00,3.291579175687389669e-01,-1.911997442629992161e+00,3.170106678574111214e+00,-1.013259710709780576e-01,7.307350984913135505e+00,-1.344822189079750846e-05,8.240444139895851094e+02,3.964759560547321371e+00,0.000000000000000000e+00,3.991029158735456495e+00
2.600000000000001754e-01,8.938870365263214879e+00,6.294317574928345871e-02,3.386359617042243197e+00,3.861520663327762559e+00,3.276330803362920707e-01,-1.917059326027481303e+00,1.724493997498471174e+02,-2.611799316302179097e+00,3.975279536490004944e+02,-2.589363180786202756e-05,8.238485759262326837e+02,1.465117657854213178e+02,1.763538486089334754e+02,1.099216813430353028e+02
2.650000000000001799e-01,8.958276591769367414e+00,6.458910747195219237e-02,3.376792450638175680e+00,3.884820996421661565e+00,3.313345277740160633e-01,-1.919567322576883450e+00,0.000000000000000000e+00,0.000000000000000000e+00,0.000000000000000000e+00,0.000000000000000000e+00,8.236348573078034860e+02,0.000000000000000000e+00,0.000000000000000000e+00,0.000000000000000000e+00
2.700000000000001843e-01,8.977722588661681158e+00,6.623698198496472123e-02,3.367134919879441135e+00,3.903478329671239422e+00,3.278289142011673318e-01,-1.928481271533361907e+00,1.560809974952001653e+02,-2.189211883151175542e+00,3.597045603287917288e+02,-2.876858979836095440e-05,8.234440776137794273e+02,3.420635717558516831e+02,7.443769413058507922e+00,4.211691434270460377e+01
2.750000000000001887e-01,8.997282987815758304e+00,6.787238933976991184e-02,3.357465499180706470e+00,3.913772929077145246e+00,3.268894230776714926e-01,-1.945211348093667247e+00,1.074696175945856602e+01,-1.066759295159693394e-01,2.474094064555558603e+01,-2.002722409519177432e-05,8.233004828838987805e+02,1.731299634573619883e+01,6.864910670683826766e+00,2.763119322515596554e+00
2.800000000000001932e-01,9.016939810263814081e+00,6.953207648290543608e-02,3.347767688783780837e+00,3.936108602604941442e+00,3.335727731417351127e-01,-1.949930015710301223e+00,1.467692121806477985e+02,-7.177769280931993734e-01,3.380054983944462492e+02,-3.067026446518543101e-05,8.230946244980806341e+02,2.115019664217398656e+02,0.000000000000000000e+00,1.565342294330737047e+02
2.850000000000001976e-01,9.036674237179358471e+00,7.116639326677969002e-02,3.338023830857837826e+00,3.958488362303287378e+00,3.230321831304184821e-01,-1.956009148406650633e+00,0.000000000000000000e+00,0.000000000000000000e+00,0.000000000000000000e+00,0.000000000000000000e+00,8.228945173654803966e+02,0.000000000000000000e+00,0.000000000000000000e+00,0.000000000000000000e+00
2.900000000000002021e-01,9.056481831067483057e+00,7.278763355482659181e-02,3.328202069427290244e+00,3.969858798806931599e+00,3.272909461457613189e-01,-1.961740779556233383e+00,1.504883130674209610e+02,-2.186126567305833657e+00,3.471689040985094721e+02,-9.448853010852065887e-06,8.226911150609458900e+02,3.336228758140775881e+02,4.429311977758367647e+01,0.000000000000000000e+00
2.950000000000002065e-01,9.076392351058025554e+00,7.444122591299343061e-02,3.318342792848201217e+00,3.984390423161492389e+00,3.303522547694238143e-01,-1.981623252381983891e+00,1.692209231928221698e+02,-1.014284501475557265e+00,3.903281437267289107e+02,-1.432927988444850781e-05,8.225492067582399613e+02,3.670651249950839201e+02,2.828110650743418475e+01,2.955526806281834951e+01
3.000000000000002109e-01,9.096399186096533640e+00,7.606702185785894910e-02,3.308488206291297917e+00,4.007299897541347633e+00,3.236801891725611391e-01,-1.984502597627414877e+00,7.538773376037386953e+00,-7.614203916479683754e-02,1.737146132974312707e+01,-3.629495060530462530e-05,8.223318974519794438e+02,8.274111390072599548e+00,1.063933943775084501e+01,0.000000000000000000e+00
3.050000000000002154e-01,9.116485365687527320e+00,7.771392731901816120e-02,3.298573038199176466e+00,4.029765571894121656e+00,3.349579168120552786e-01,-1.979008061448205735e+00,6.946475554188323187e+00,-4.619220622998129744e-02,1.600969911917013278e+01,-1.233828990062583314e-05,8.220866433196686103e+02,3.211081769491725524e+00,0.000000000000000000e+00,1.421905858533306954e+01
3.100000000000002198e-01,9.136652051531090279e+00,7.937276521355009218e-02,3.288603644857864161e+00,4.047853562424664986e+00,3.237419995034637732e-01,-1.982185356948007238e+00,1.316284068812056205e+02,-1.081688850466084206e+00,3.037969561782299479e+02,-6.445445554146850969e-06,8.218690656096451903e+02,1.948806221030386041e+02,0.000000000000000000e+00,1.357950307151853906e+02
3.150000000000002243e-01,9.156921926774915121e+00,8.098175102483641530e-02,3.278597301493489713e+00,4.054188211721103663e+00,3.218044677887791916e-01,-2.022599634178680272e+00,8.672837724888958988e+00,-2.412185099397682123e-02,2.004452229434132704e+01,-1.662675985390381014e-05,8.218208935186553390e+02,3.330794705326812988e+00,1.848250882989323074e+01,0.000000000000000000e+00
3.200000000000002287e-01,9.177270993448706449e+00,8.262364800477817184e-02,3.268556760873182032e+00,4.086647172967712294e+00,3.348824706149864938e-01,-1.991882020662223196e+00,3.362888531438541495e+00,-8.540136305979841025e-02,7.779728147719240816e+00,-2.543473029970478444e-06,8.214483013810770444e+02,3.270902361099964128e+00,0.000000000000000000e+00,5.194276442948568828e+00
3.250000000000002331e-01,9.197706132802972334e+00,8.429515430486966832e-02,3.258466613309662030e+00,4.087338362167808548e+00,3.338650369895980186e-01,-2.039185117146494530e+00,1.614544451625907868e+02,-1.195847535640628623e+00,3.730774698975750994e+02,-9.423384175731314844e-06,8.214292385195003590e+02,2.208503384634872475e+02,0.000000000000000000e+00,1.851588986930178748e+02
3.300000000000002376e-01,9.218249754563188958e+00,8.591263378871311085e-02,3.248350828943978197e+00,4.112193966961882552e+00,3.206319115153832833e-01,-2.033393003182366154e+00,1.714412497341609054e+00,2.663682743479818538e-02,3.950147005704683245e+00,-5.691958307610725520e-07,8.211673932159633296e+02,0.000000000000000000e+00,0.000000000000000000e+00,4.300658295723309266e+00
3.350000000000002420e-01,9.238821402688538242e+00,8.751940049555881340e-02,3.238093036358145493e+00,4.126214137710817909e+00,3.246826790422812081e-01,-2.035530517044415344e+00,3.534238875198517462e+02,-1.920963133200997541e+00,8.166063628922498765e+02,-3.348131425171376255e-05,8.209375289301730163e+02,2.735867009202547706e+02,3.989984575668333378e+02,2.161113563514254565e+02
3.400000000000002465e-01,9.259581979382330630e+00,8.915516604576145809e-02,3.227988887237123627e+00,4.155870987564999730e+00,3.279937106626829024e-01,-2.037511763026979228e+00,3.988169213404583413e+00,4.573863684633950460e-02,9.192713302692986588e+00,-1.947667935768733483e-05,8.207103633192468806e+02,9.799380129486769064e+00,2.085312588343680718e-01,0.000000000000000000e+00
3.450000000000002509e-01,9.280362793702916946e+00,9.079680722113341040e-02,3.217677598023596541e+00,4.157421408701659438e+00,3.300793210949118373e-01,-2.073382773046932748e+00,1.785828063042880558e+02,-8.459168071917536058e-02,4.124964562503105299e+02,-3.494362046438034830e-05,8.206445212778714904e+02,3.705968646343075079e+02,6.708102101319036592e+01,1.125291287219275205e+01
3.500000000000002554e-01,9.301191243907677375e+00,9.243745371070982708e-02,3.207318475442307193e+00,4.184879235683479415e+00,3.260199608784260517e-01,-2.069816834570152420e+00,1.625968082976957305e+02,-7.745865158311742160e-01,3.761508709995420645e+02,-1.921060305919066596e-05,8.203636437933678280e+02,3.849571589875556583e+02,0.000000000000000000e+00,2.432038346543066254e+01
3.550000000000002598e-01,9.322192730125024696e+00,9.404694280070287349e-02,3.197025680337508113e+00,4.202141682786030508e+00,3.227175222641290309e-01,-2.069843556691219888e+00,9.958136113743083939e+00,1.004304264189361841e-02,2.300114371348102082e+01,-2.124004012772845798e-05,8.201385598074190284e+02,1.261362005024005484e+01,1.241927918179262313e+01,0.000000000000000000e+00
3.600000000000002642e-01,9.343229822783641225e+00,9.567763963829083174e-02,3.186616334725242528e+00,4.223955846584136253e+00,3.339025483715160614e-01,-2.073157500729261304e+00,9.570448408498256399e+00,-2.714186722519246198e-02,2.212903566989685800e+01,-3.594120343634096132e-05,8.199141771264293084e+02,1.996693867903518438e+01,4.112946184436913732e+00,0.000000000000000000e+00
3.650000000000002687e-01,9.364361843169792365e+00,9.734676061287361737e-02,3.176185777710015756e+00,4.237116774795249619e+00,3.279669064190883776e-01,-2.071915007491089700e+00,1.627133263457829173e+02,-4.906241472113108126e-01,3.763599321460249030e+02,-6.194228958235369932e-05,8.196814979520730731e+02,2.649074189326701685e+02,0.000000000000000000e+00,1.446066192327146780e+02
3.700000000000002731e-01,9.385611115550844374e+00,9.896878402686518084e-02,3.165768153151770736e+00,4.250912921162752767e+00,3.241441109444567203e-01,-2.104054872737847859e+00,6.503439019551306544e+00,-2.976111772004239389e-02,1.503559529771345460e+01,-2.591755012066720293e-05,8.195852000685456460e+02,9.435734472414745611e+00,4.790833204739412210e+00,2.134891661529028983e+00
3.750000000000002776e-01,9.406906377002224318e+00,1.005932310383517575e-01,3.155182533174186510e+00,4.278938845998506046e+00,3.264750483433092043e-01,-2.095157530853967831e+00,1.715690015384810749e+02,-1.811981756286791700e+00,3.969070800023358743e+02,-3.055370560076488620e-05,8.192805572192512500e+02,4.164770658473284470e+02,6.804721490499426650e+00,8.586047800132570629e+00
3.800000000000002820e-01,9.428311242551005833e+00,1.022303691141677046e-01,3.144679253976494948e+00,4.271466613890980923e+00,3.260114783425237528e-01,-2.116412986118940687e+00,1.567958152090639823e+00,2.027982454648313837e-02,3.616126181439102361e+00,-3.452166053113676220e-06,8.181945101241444718e+02,3.275127511389436918e+00,6.613021777145207114e-01,0.000000000000000000e+00
3.850000000000002864e-01,9.449768429957723370e+00,1.038622002724914339e-01,3.134081203437955487e+00,4.298086917119636752e+00,3.260579604693577549e-01,-2.123357440290273068e+00,1.911689356145845977e+02,4.403790716287773743e-01,4.429323329739809196e+02,-1.416994206866273656e-05,8.179669545404556175e+02,4.718453692701863247e+02,2.573209182164365671e+00,7.398059792046235650e+00
3.900000000000002909e-01,9.471279715637912489e+00,1.054894829710694981e-01,3.123452707537352158e+00,4.303023657242200706e+00,3.253701692505904242e-01,-2.145985861531940486e+00,1.966745787315451537e+02,-5.186491255367491338e-01,4.552802058414812336e+02,-1.417313643269340478e-05,8.178495278981783940e+02,3.339966194510608943e+02,7.478447354458874941e+01,8.654078030381016617e+01
3.950000000000002953e-01,9.492917480497711225e+00,1.071181155409977881e-01,3.112833582762104978e+00,4.332081743209052149e+00,3.254241637868500736e-01,-2.128197025978155299e+00,0.000000000000000000e+00,0.000000000000000000e+00,0.000000000000000000e+00,0.000000000000000000e+00,8.175231945681433672e+02,0.000000000000000000e+00,0.000000000000000000e+00,0.000000000000000000e+00
4.000000000000002998e-01,9.514626776433784627e+00,1.087478477571678509e-01,3.102119308263356690e+00,4.355524845658084843e+00,3.266680262285707181e-01,-2.147388633450435957e+00,8.506007352674583188e+00,1.282926777001709012e-02,1.968167585065385694e+01,-9.386790650128535966e-05,8.173606606828959684e+02,1.923316624403641129e+01,2.181029170558768548e+00,0.000000000000000000e+00
4.050000000000003042e-01,9.536428565243719291e+00,1.103767706373317281e-01,3.091433754261769806e+00,4.362530236760042257e+00,3.260421405698344932e-01,-2.147039072112677083e+00,1.638438668644386809e+01,-8.677185458358341319e-02,3.795205935108671724e+01,-1.803907589112171798e-04,8.170854270982218850e+02,2.804069114062776436e+01,4.705917082348038960e+00,8.539603210156393232e+00
4.100000000000003086e-01,9.558316633233319592e+00,1.120043264085500007e-01,3.080650389866954164e+00,4.386978740331196391e+00,3.250015841831214725e-01,-2.167428490934625085e+00,5.745949852173549033e+00,8.081622474934525846e-02,1.326826262419425539e+01,-1.863502553260936584e-05,8.169152335524938735e+02,7.684964654326070566e+00,6.755669662216670091e+00,0.000000000000000000e+00
4.150000000000003131e-01,9.580266525737863859e+00,1.136355044347104187e-01,3.069779142355320012e+00,4.400846266750562563e+00,3.304351201737352195e-01,-2.155021895472128968e+00,1.824778233262796050e+02,2.055185387258108010e-01,4.232467554580276214e+02,-5.946425774608441600e-06,8.166220468488809274e+02,4.542571777924678145e+02,6.069453364266520268e+00,0.000000000000000000e+00
4.200000000000003175e-01,9.602335291727639444e+00,1.152832687766045805e-01,3.058948929191021016e+00,4.416047410992344879e+00,3.288316748368501075e-01,-2.185046069132352997e+00,9.323930029814915699e+00,5.324693493307598030e-02,2.160034158411268024e+01,-6.145405612333889808e-05,8.165117738515029941e+02,1.514638576707665862e+01,0.000000000000000000e+00,8.350622857765124252e+00
4.250000000000003220e-01,9.624477615563197475e+00,1.169036575678475964e-01,3.048023435449577878e+00,4.436551917995374517e+00,3.203065540178632875e-01,-2.180569140753465529e+00,5.526630047130550949e+00,8.662786666621374865e-02,1.279168123681204250e+01,-1.281274323443023014e-05,8.162273696055747223e+02,6.260266020845040913e+00,7.656553963094875570e+00,0.000000000000000000e+00
4.300000000000003264e-01,9.646714249237948735e+00,1.185277709981333999e-01,3.037072910320148811e+00,4.452955912252247295e+00,3.280614065695677262e-01,-2.187320246502526100e+00,6.158115662392809497e+00,-7.784172873956771155e-02,1.430205147979963343e+01,-5.327479433885214631e-05,8.160087479978055853e+02,8.777186197179062788e+00,0.000000000000000000e+00,6.775034145821086540e+00
4.350000000000003308e-01,9.669031679831880055e+00,1.201745445374170912e-01,3.026082682325090811e+00,4.471868105090155865e+00,3.268733875125754973e-01,-2.193323046457600789e+00,9.226104495421232343e+00,7.540844251662934261e-02,2.142453303817183752e+01,-3.009825790570687734e-05,8.157845809142653479e+02,1.124813442291856980e+01,7.967924720264434768e+00,4.081165112661057748e+00
4.400000000000003353e-01,9.691440506129106680e+00,1.217969749892156006e-01,3.015046171777806983e+00,4.488361461468029390e+00,3.241076023504149695e-01,-2.211560907695815370e+00,1.722048834598274993e+02,1.376747304894439861e+00,3.993906579793572860e+02,-3.219070851975380093e-05,8.156114032647735712e+02,4.227553614266984710e+02,0.000000000000000000e+00,1.162517664974851783e+01
4.450000000000003397e-01,9.713941957297356211e+00,1.234343933397266252e-01,3.003980420330720325e+00,4.504856036962959109e+00,3.286049675960376892e-01,-2.228974655306191099e+00,1.912320835920874060e+02,1.750431893198399314e+00,4.437592898978065818e+02,-3.807344791577783188e-05,8.154396973084309366e+02,3.107039327552926693e+02,7.261136109112871395e+01,9.927857997051729910e+01
4.500000000000003442e-01,9.736535970427034670e+00,1.250656603702371417e-01,2.992881780298866978e+00,4.524626404358952136e+00,3.261696593446959391e-01,-2.233172823705031007e+00,1.827830122312729486e+02,1.627694590074308945e+00,4.243460537735862772e+02,-1.142251387836658999e-05,8.151995675943234119e+02,4.508291010082819525e+02,0.000000000000000000e+00,1.062008109091816088e+01
4.550000000000003486e-01,9.759210084543148866e+00,1.267049572887120057e-01,2.981739876923413135e+00,4.551243023152906630e+00,3.270390332063301542e-01,-2.229481349676131874e+00,7.293855875082861928e+00,7.422411718569534023e-02,1.691734462660829763e+01,-2.840237331256214096e-05,8.149191661883220377e+02,9.410568301219207399e+00,3.348589757710982440e+00,5.640139388763237172e+00
4.600000000000003531e-01,9.781979471068597221e+00,1.283360866652764609e-01,2.970558150072707626e+00,4.554986666342363044e+00,3.259999428784410291e-01,-2.251360984807190047e+00,9.892545662501184722e+00,7.171710233372986798e-02,2.296511904054843711e+01,-2.460494692879851286e-05,8.147840668721812563e+02,1.682113298692724257e+01,2.291544037126142630e+00,5.860785030387581251e+00
4.650000000000003575e-01,9.804817463437016656e+00,1.299727517361428664e-01,2.959305802993429158e+00,4.584917649062835387e+00,3.282625305708045671e-01,-2.240765981926482464e+00,5.620115745236850202e+00,1.071909337864243583e-01,1.301498586253969059e+01,-1.149685780041766539e-05,8.144531219201826389e+02,9.849558058390400106e+00,4.308837531508448393e+00,0.000000000000000000e+00
4.700000000000003619e-01,9.827749038056548869e+00,1.316112396386820427e-01,2.948017145646288029e+00,4.588915305782521159e+00,3.268799963747974213e-01,-2.262326950151710481e+00,3.292019349369059267e+00,-2.320511647554439685e-02,7.663720935529834577e+00,-1.404212982469930232e-05,8.143185218650374964e+02,4.177386420499860975e+00,0.000000000000000000e+00,4.153060341526622068e+00
4.750000000000003664e-01,9.850796579501372108e+00,1.332464244172136825e-01,2.936744784276289266e+00,4.615716426336461176e+00,3.274823527495910325e-01,-2.257319171353692422e+00,4.404083791742359644e+00,-2.468379791346392987e-02,1.025377079109599343e+01,-6.007320121181013162e-06,8.140236415378145693e+02,7.482455629925127916e+00,0.000000000000000000e+00,3.663120204191777862e+00
4.800000000000003708e-01,9.873877619759644730e+00,1.348829786939949316e-01,2.925327847526580261e+00,4.616585328202043925e+00,3.272320393458663101e-01,-2.304680492900722300e+00,4.355278302381876188e+02,4.267806673593304900e+00,1.013341759436282018e+03,-1.747180212232149477e-05,8.140056003599011092e+02,4.623573305905037500e+02,3.679656597736698700e+02,2.712381627683733996e+02
4.850000000000003753e-01,9.897100201242359674e+00,1.365227104191375218e-01,2.913960655971244762e+00,4.647265681311514740e+00,3.280081310417042317e-01,-2.290421614851326559e+00,1.692157258083537386e+02,1.892428799154189267e+00,3.934025111529348919e+02,-8.249934954603424520e-06,8.136448846151212138e+02,3.682393475970580425e+02,5.507661779536206126e+01,4.386324090154698041e+00
4.900000000000003797e-01,9.920375859535422336e+00,1.381648943639804394e-01,2.902506979073342208e+00,4.675607086497570286e+00,3.274855731377834811e-01,-2.283423117483132980e+00,5.996446481941545947e+00,3.386684782762257317e-02,1.394426199583151060e+01,-7.390062598387758808e-06,8.133364421945873346e+02,1.062940871351167438e+01,5.904799987980962062e-01,3.939776278220074257e+00
4.950000000000003841e-01,9.943765628454855232e+00,1.398057490695830130e-01,2.891051555145039309e+00,4.678808801604104950e+00,3.288104144603172796e-01,-2.306663720105275761e+00,8.929807669817058979e+00,5.062694941463562193e-02,2.080107206405246245e+01,-1.326585635712642167e-05,8.132065441412178188e+02,6.736007953224652844e+00,9.068244573076531978e+00,6.803898641047835483e+00
5.000000000000003331e-01,9.967223031319310422e+00,1.414463740722727014e-01,2.879517486427588313e+00,4.708799395752905959e+00,3.277868929330839398e-01,-2.296105643559488207e+00,3.301267018942736886e+00,6.279772937884190755e-03,7.702398930507673214e+00,-1.530194426772619326e-05,8.128709477840241107e+02,3.768748863674287186e+00,4.040374496399540050e+00,5.602354788294104937e-01
5.049999999999997824e-01,9.990774840921742950e+00,1.430865762346719972e-01,2.867963871307379620e+00,4.712311448139494097e+00,3.283337678093702916e-01,-2.318266696067071919e+00,0.000000000000000000e+00,0.000000000000000000e+00,0.000000000000000000e+00,0.000000000000000000e+00,8.127356718396115411e+02,0.000000000000000000e+00,0.000000000000000000e+00,0.000000000000000000e+00
5.099999999999992317e-01,1.001441513863517230e+01,1.447332320099458947e-01,2.856341971539818836e+00,4.739684351444545030e+00,3.293921457331067115e-01,-2.321076777010183889e+00,1.902129681598124193e+02,1.927533354916042718e+00,4.437761129445286201e+02,-1.081643242680299655e-05,8.124620646486400801e+02,4.392867563182264803e+02,3.713686003402118274e+01,5.771939188730436321e+00
5.149999999999986811e-01,1.003813054578028563e+01,1.463836500070961888e-01,2.844719501791839633e+00,4.743746152873529631e+00,3.300035481250355729e-01,-2.344908912491951547e+00,1.868748576637708538e+02,2.810109529453987509e+00,4.360848919267547785e+02,-9.552882541441747727e-06,8.123366918769975200e+02,4.158241290092431655e+02,1.148725754061878490e+01,4.652002441309129921e+01
5.199999999999981304e-01,1.006193548058514509e+01,1.480218595894458034e-01,2.832981765805110630e+00,4.770034100838202562e+00,3.305642383348086355e-01,-2.338655039005211655e+00,1.822242066799889528e+02,2.770512323858651982e+00,4.242411022295614771e+02,-1.333080247010705668e-05,8.120118798346181848e+02,4.040210343532575052e+02,4.762374756781622409e+01,9.479515396088491030e+00
5.249999999999975797e-01,1.008584166944087279e+01,1.496745470551714141e-01,2.821274403665701147e+00,4.788886965893532910e+00,3.296813698179542618e-01,-2.354254639815740457e+00,3.649649459143986530e+00,-5.196936871428612520e-03,8.513363390804055797e+00,-1.129786604224091578e-05,8.118147732654251740e+02,4.620783825198452099e+00,0.000000000000000000e+00,4.630192009165011058e+00
5.299999999999970290e-01,1.010982643199596076e+01,1.513157248248266917e-01,2.809495551171418359e+00,4.802044003776586578e+00,3.276490840343181388e-01,-2.363033192227798729e+00,1.925654788659080907e+02,2.019803013168340211e+00,4.490636299149953743e+02,-1.056402370321713954e-05,8.115941175644071564e+02,4.641539027505739909e+02,1.088334917193900431e+01,1.294288419541611646e+01
5.349999999999964784e-01,1.013391872851341802e+01,1.529740967784302408e-01,2.797713592651835945e+00,4.820866020752831993e+00,3.322194945183767900e-01,-2.365403761746436295e+00,6.451820965321708456e+00,8.820470952026941702e-02,1.503628042688978184e+01,-2.298539350259129477e-05,8.113389903978206803e+02,5.105340578984273847e+00,0.000000000000000000e+00,1.123552301016978205e+01
5.399999999999959277e-01,1.015807737745622141e+01,1.546188339623129071e-01,2.785843390711709944e+00,4.848713590757791181e+00,3.237046084355403863e-01,-2.359610653100260080e+00,2.294125567600444171e+00,5.219191022139102465e-02,5.331840341372176439e+00,-2.977623602320881094e-05,8.110224205260726649e+02,1.618160460403466061e+00,4.178771541852218441e+00,0.000000000000000000e+00
5.449999999999953770e-01,1.018232895320950782e+01,1.562476368060967680e-01,2.773953778159933492e+00,4.857527707922780991e+00,3.297460256489320174e-01,-2.385725082518096229e+00,1.678736620822759562e+02,1.850675442538520121e+00,3.917603049310330334e+02,-1.089771376405583581e-05,8.108804304628629325e+02,2.489703595338533830e+02,1.766915978903900282e+02,0.000000000000000000e+00
5.499999999999948264e-01,1.020668221388369190e+01,1.579318048357254145e-01,2.762024465559014264e+00,4.871255437936353516e+00,3.373628260217603758e-01,-2.405327141571932614e+00,2.117278658090309307e+02,3.673854884557651967e+00,4.957469626486808920e+02,-1.067237096271560562e-05,8.107124353299687982e+02,4.990626019800167228e+02,3.873468066009532862e+01,5.670248323752787867e-01
5.549999999999942757e-01,1.023109370784378847e+01,1.595912925076084510e-01,2.750077582805150023e+00,4.902145387909796703e+00,3.269534401214791997e-01,-2.385512630183905358e+00,0.000000000000000000e+00,0.000000000000000000e+00,0.000000000000000000e+00,0.000000000000000000e+00,8.103104554688261487e+02,0.000000000000000000e+00,0.000000000000000000e+00,0.000000000000000000e+00
5.599999999999937250e-01,1.025560530122802483e+01,1.612263158301693866e-01,2.738019677229616367e+00,4.902363565828378178e+00,3.272179542016035447e-01,-2.432765210033287051e+00,4.053763971541526345e+00,4.715216753341500144e-02,9.488666008408193520e+00,-2.399447200694205043e-05,8.102910055194422512e+02,3.795437544397703422e-01,9.925252778699359624e+00,0.000000000000000000e+00
5.649999999999931743e-01,1.028020277304433172e+01,1.629158327653130733e-01,2.726001803396768786e+00,4.925102139566257087e+00,3.410527601821804478e-01,-2.407769916444535419e+00,9.361646508729494442e+00,6.287142761217096032e-02,2.179606797642149019e+01,-3.223496500320572472e-05,8.098258007977223087e+02,1.471530597112872485e+00,0.000000000000000000e+00,2.221949894758336086e+01
5.699999999999926237e-01,1.030489795638803230e+01,1.646039108567013687e-01,2.713909386774596033e+00,4.941645960036906260e+00,3.367188211242980733e-01,-2.437051793260600618e+00,5.673261611871445176e+00,1.725093235447795470e-01,1.328156648775203053e+01,-1.711269649364542678e-05,8.096861817081594381e+02,6.402805066126446398e+00,0.000000000000000000e+00,8.020551192127134854e+00
5.749999999999920730e-01,1.032966083826868697e+01,1.662439870656107765e-01,2.701771572383531161e+00,4.965163359412284372e+00,3.234605081642669688e-01,-2.429507899026321915e+00,5.391799672943613508e+00,2.572513500262934086e-02,1.260807487056476184e+01,-4.742599387033783614e-06,8.093584748299697367e+02,8.369295610276280328e+00,0.000000000000000000e+00,5.325709283924124016e+00
5.799999999999915223e-01,1.035452098152078371e+01,1.678753484972823895e-01,2.689537085033344432e+00,4.986892855413302073e+00,3.328801589488333823e-01,-2.448182109220818248e+00,2.051820198354672584e+02,4.182732883545642544e+00,4.794275246257596450e+02,-2.461426976138993486e-05,8.091515842913265715e+02,4.858623542099547876e+02,3.494397072757278266e+01,0.000000000000000000e+00
5.849999999999909717e-01,1.037948209974772951e+01,1.695559551971822787e-01,2.677386257960328475e+00,4.993399154303985732e+00,3.366864792704342690e-01,-2.444461926174775979e+00,6.123255699293935095e+00,2.174757330872665109e-02,1.431616604675156168e+01,-2.744045917409034668e-06,8.088838199288375108e+02,6.658783465039030958e+00,0.000000000000000000e+00,8.892002688808423372e+00
5.899999999999904210e-01,1.040449487796880845e+01,1.712343584830383070e-01,2.665082450185525254e+00,5.026954789069270291e+00,3.324761069763519372e-01,-2.453922751684157522e+00,2.946589893585225717e+00,1.738590365159187537e-02,6.892039881493994713e+00,-1.601300169367606691e-06,8.086145941263948771e+02,4.932732282743233831e+00,0.000000000000000000e+00,2.553126767432088773e+00
5.949999999999898703e-01,1.042964435565124859e+01,1.728972080840305570e-01,2.652806773127934559e+00,5.033529522151156677e+00,3.332937294867087119e-01,-2.447733690200460721e+00,2.918318030825564957e+00,2.842775659335845806e-02,6.833253711006094022e+00,-6.255397954452526776e-06,8.083252424136668424e+02,3.532157363804240280e+00,2.679023377420292285e+00,1.209478356966253498e+00
5.999999999999893197e-01,1.045481907952226663e+01,1.745664282375745113e-01,2.640442330630008438e+00,5.042467859759601545e+00,3.370872058096328061e-01,-2.484876727137117935e+00,2.117552364290457092e+02,3.593782179074616945e+00,4.953476131961025999e+02,-3.570284947584847351e-05,8.082323509825141628e+02,2.651538529873484435e+02,1.747447790112992152e+02,9.810587997530008408e+01
6.049999999999887690e-01,1.048011679964132803e+01,1.762559490434537079e-01,2.627998294576147753e+00,5.062443985823094295e+00,3.368468597339913662e-01,-2.494905321084047500e+00,2.392361512470165508e+02,2.818320400527430714e+00,5.594563901184740189e+02,-3.666587184787684084e-05,8.079841274305935030e+02,1.642679196446064793e+01,1.829041767628194464e+02,4.083117045937897274e+02
6.099999999999882183e-01,1.050550512047242080e+01,1.779102601555132834e-01,2.615633849362587249e+00,5.087722677790368131e+00,3.286223451059868683e-01,-2.480188757529124821e+00,4.139315662094840143e+00,4.112218891390083397e-02,9.677670018147033204e+00,-3.683884633933539460e-05,8.076182118231640743e+02,1.051201389866825053e+01,0.000000000000000000e+00,0.000000000000000000e+00
6.149999999999876676e-01,1.053099823932446633e+01,1.795779254809510006e-01,2.603174269608803382e+00,5.102302560280785215e+00,3.352249266112161674e-01,-2.508337260579200034e+00,5.511947269151391993e+00,1.161079810782045113e-01,1.289750222702539872e+01,-1.988306963076648393e-05,8.074785022241768502e+02,8.795554677414450850e+00,5.211700618374702998e+00,0.000000000000000000e+00
6.199999999999871170e-01,1.055652160583512611e+01,1.812739332556953520e-01,2.590617454597038183e+00,5.106470462636650609e+00,3.417841980416118641e-01,-2.517759144912838032e+00,3.865186341232120348e+00,2.861431637939988726e-02,9.052159974982185275e+00,-1.549350745373712090e-06,8.072630357917508945e+02,5.430293822501076839e+00,0.000000000000000000e+00,4.399806503835177907e+00
6.249999999999865663e-01,1.058219264996021636e+01,1.829675409179672141e-01,2.578081240347348313e+00,5.146398042244658910e+00,3.319319175696541224e-01,-2.496954091341583748e+00,0.000000000000000000e+00,0.000000000000000000e+00,0.000000000000000000e+00,0.000000000000000000e+00,8.068123690858660666e+02,0.000000000000000000e+00,0.000000000000000000e+00,0.000000000000000000e+00
6.299999999999860156e-01,1.060792961105899579e+01,1.846338480539600480e-01,2.565509926949251174e+00,5.148968790522775230e+00,3.356708158921232754e-01,-2.519648162177683837e+00,0.000000000000000000e+00,0.000000000000000000e+00,0.000000000000000000e+00,0.000000000000000000e+00,8.066686781652259697e+02,0.000000000000000000e+00,0.000000000000000000e+00,0.000000000000000000e+00
6.349999999999854650e-01,1.063371648746527320e+01,1.863238324089927511e-01,2.552831657647716135e+00,5.175522152470841242e+00,3.423868014027858231e-01,-2.533850595170656028e+00,9.603764561266142863e+00,1.896662472584047798e-01,2.247489698460808327e+01,-1.220263629070393943e-05,8.064244429780487735e+02,1.607185155059697834e+01,0.000000000000000000e+00,8.336995273658128980e+00
6.399999999999849143e-01,1.065961725535508187e+01,1.880248567083262490e-01,2.540165583613021028e+00,5.190767510971629584e+00,3.371783345894863726e-01,-2.528984609248059012e+00,1.750969983692100982e+02,3.808138322698565226e+00,4.095885940600053345e+02,-7.605491809716154183e-06,8.061083253938743383e+02,2.713403438615054597e+02,0.000000000000000000e+00,1.735148753740227789e+02
6.449999999999843636e-01,1.068561332531455221e+01,1.897013040479440804e-01,2.527436810341066487e+00,5.199474554683727767e+00,3.351902478791042861e-01,-2.567066059188559901e+00,8.473881872999934117e+00,1.582585809232598673e-01,1.984982898004309249e+01,-1.684027878381781640e-05,8.060290568694938429e+02,1.641709159850580235e+01,2.975207446818306511e+00,2.161938712777916383e+00
6.499999999999838129e-01,1.071169609385441923e+01,1.913919791004899396e-01,2.514694502420871558e+00,5.223896315179787031e+00,3.388026776509522886e-01,-2.546245768068502002e+00,9.646672222151046583e+00,2.368589708306833019e-01,2.258952187725334682e+01,-2.143729967885423318e-05,8.056109263164737513e+02,1.533310264245596422e+01,1.362985940680571773e+00,7.834074512620485820e+00
6.549999999999832623e-01,1.073786662386968693e+01,1.930848771953212195e-01,2.501891651396260130e+00,5.242232199645311397e+00,3.384905823589133278e-01,-2.572425075684496854e+00,8.855797043959706016e+00,2.257309850156238307e-01,2.072819784986731761e+01,-2.852302761291100608e-06,8.054446848301797672e+02,1.507869882750788371e+01,5.499244771449058433e+00,1.932752886009863946e+00
6.599999999999827116e-01,1.076411035520752080e+01,1.947734459125091411e-01,2.489048012610713734e+00,5.267031158993236595e+00,3.390913937850730808e-01,-2.553514603272529992e+00,1.827142635549218994e+02,3.748677931033626010e+00,4.284244955771893615e+02,-1.415831642098469220e-05,8.050351032137923539e+02,4.354603665949287006e+02,1.307230122583436227e+01,1.660817556710852472e+01
6.649999999999821609e-01,1.079048305274611863e+01,1.964808545799282269e-01,2.476198678338478842e+00,5.274565821677568600e+00,3.414476666382859071e-01,-2.591137041911860006e+00,3.828637335170018918e+00,1.039381377428946901e-01,8.960449617912892961e+00,-3.601364203702130812e-06,8.049570238860612790e+02,9.730758268087447149e+00,0.000000000000000000e+00,0.000000000000000000e+00
6.699999999999816103e-01,1.081687561551549770e+01,1.981804828463050172e-01,2.463244263383782329e+00,5.281431123456090226e+00,3.387808221203456593e-01,-2.595220073272926253e+00,2.209482854047207070e+02,5.059953949072704127e+00,5.184083406278277835e+02,-1.320010028816719777e-05,8.047041370302533778e+02,5.017961719768940725e+02,0.000000000000000000e+00,6.098037518766587084e+01
6.749999999999810596e-01,1.084340896209700666e+01,1.998762410635470665e-01,2.450288888218517425e+00,5.309371538549247482e+00,3.392854867653848361e-01,-2.609161367797608211e+00,5.994119748535189807e+00,1.794460065008327831e-01,1.405889136131919237e+01,-9.994718456709204835e-06,8.044466778829649911e+02,9.453400647159572401e+00,5.809401372422971832e+00,0.000000000000000000e+00
6.799999999999805089e-01,1.087000127355710610e+01,2.015731562785677555e-01,2.437280603818807290e+00,5.341754247453053495e+00,3.432476183813346626e-01,-2.579088681447746723e+00,9.486062748066464323e+00,2.106714608322832749e-01,2.226044887390722593e+01,-1.482925699027894118e-05,8.039593122088051587e+02,1.778719465320373772e+01,1.325596384831425389e+00,5.052520339960347329e+00
6.849999999999799583e-01,1.089671045170322827e+01,2.032899302701406674e-01,2.424254174937331197e+00,5.341980629206136477e+00,3.434215383834174351e-01,-2.626608603725004265e+00,0.000000000000000000e+00,0.000000000000000000e+00,0.000000000000000000e+00,0.000000000000000000e+00,8.039382436004336796e+02,0.000000000000000000e+00,0.000000000000000000e+00,0.000000000000000000e+00
6.899999999999794076e-01,1.092345287527630227e+01,2.049914448548079415e-01,2.411115384594121114e+00,5.365943265959006503e+00,3.391925915903831190e-01,-2.622555203485856357e+00,1.969487306748371509e+02,4.866255023345144259e+00,4.625045677811950213e+02,-2.828420432565356690e-05,8.035881849289172578e+02,4.522354227042326897e+02,1.264821524967540967e+01,3.713331708701159783e+01
6.949999999999788569e-01,1.095033734643651968e+01,2.066950708942103532e-01,2.398029018109790744e+00,5.377831949056465000e+00,3.414819687583063312e-01,-2.631797200184980756e+00,4.553536875576083887e+00,7.484006320189207084e-02,1.067388255119547047e+01,-1.486564622151442458e-05,8.033506823114436202e+02,5.220142492219459029e+00,6.368654092515692255e+00,0.000000000000000000e+00
6.999999999999783062e-01,1.097728133377429494e+01,2.084219090791973039e-01,2.384838893494330314e+00,5.405117542075910997e+00,3.523724479564720458e-01,-2.620684516779693496e+00,6.749919702790194265e+00,1.724697001838446375e-01,1.584534874795233961e+01,-1.971302970878033647e-05,8.029704870142368236e+02,5.074130620013747262e+00,0.000000000000000000e+00,1.212583380492743679e+01
7.049999999999777556e-01,1.100431893011040607e+01,2.101667379875513109e-01,2.371660768921063589e+00,5.408091532295146386e+00,3.483521672152184445e-01,-2.655590735766320876e+00,1.818441790919696643e+02,5.693258191944919666e+00,4.271486506447712941e+02,-1.535590182225260794e-05,8.028762086866297523e+02,8.405043859659848238e+00,0.000000000000000000e+00,4.552102797613092093e+02
7.099999999999772049e-01,1.103146462589075760e+01,2.118702806028278096e-01,2.358428059708777891e+00,5.438466665318606452e+00,3.363889738731649648e-01,-2.649632537651117392e+00,3.918381184777002701e+00,1.529876821274044341e-01,9.192973427144231380e+00,-2.123489820155931990e-05,8.025134851697343947e+02,5.635597263483365538e+00,0.000000000000000000e+00,4.343898346695700852e+00
7.149999999999766542e-01,1.105866542792410101e+01,2.135527971465444319e-01,2.345114695286002249e+00,5.443777649097019555e+00,3.376310004865196723e-01,-2.654210880232257708e+00,6.840942604686360617e+00,1.535970351119363142e-01,1.609983425850533223e+01,-1.975902353446978149e-05,8.022557987340953787e+02,9.675490133162355733e+00,7.793764834719102197e+00,0.000000000000000000e+00
7.199999999999761036e-01,1.108597959468307081e+01,2.152758287858181352e-01,2.331837496241082164e+00,5.477431093984154842e+00,3.500515048498781812e-01,-2.657316772258363269e+00,0.000000000000000000e+00,0.000000000000000000e+00,0.000000000000000000e+00,0.000000000000000000e+00,8.019289011604207644e+02,0.000000000000000000e+00,0.000000000000000000e+00,0.000000000000000000e+00
7.249999999999755529e-01,1.111336580415337494e+01,2.170265445687361572e-01,2.318420986347151214e+00,5.477141665504979606e+00,3.498484542990616397e-01,-2.704577300994963629e+00,2.104782440953667617e+02,6.865425680821779508e+00,4.946114565159002723e+02,-9.279150760082427452e-06,8.019061446166242604e+02,3.893663029105997566e+02,0.000000000000000000e+00,1.474337447893758792e+02
7.299999999999750022e-01,1.114078612514574829e+01,2.187427439889994829e-01,2.304961707691739026e+00,5.485323920499931560e+00,3.425297509066109192e-01,-2.709086759073155104e+00,2.453719123306231324e+02,6.489708612258668907e+00,5.762953076137838480e+02,-1.634702087130197184e-05,8.016347620398471463e+02,4.381286287181895887e+02,1.340719700453560108e+02,5.330524401836623838e+01
7.349999999999744515e-01,1.116838432692649796e+01,2.204729370206213179e-01,2.291535561326003556e+00,5.527939230492059153e+00,3.458362187595560022e-01,-2.676744366666091501e+00,0.000000000000000000e+00,0.000000000000000000e+00,0.000000000000000000e+00,0.000000000000000000e+00,8.010845483706655159e+02,0.000000000000000000e+00,0.000000000000000000e+00,0.000000000000000000e+00
7.399999999999739009e-01,1.119602471259956644e+01,2.222039939118622687e-01,2.278028319472463092e+00,5.529135767801602874e+00,3.481733564893801924e-01,-2.710768967859582990e+00,3.697521318047095384e+00,1.460442633926939682e-01,8.689410463963453068e+00,-1.250734565203664994e-05,8.009921543170062250e+02,9.430476945393095889e+00,0.000000000000000000e+00,0.000000000000000000e+00
7.449999999999733502e-01,1.122371177382895091e+01,2.239427610957150094e-01,2.264429444712489747e+00,5.563434486590598915e+00,3.494211300500474904e-01,-2.702891757643641757e+00,4.216517412238468410e+02,1.314070681510106553e+01,9.919635980571251821e+02,-3.172221684519249685e-05,8.005811604005660911e+02,9.496113452854929164e+02,9.485419436439006091e+00,1.172884897653833889e+02
7.499999999999727995e-01,1.125158701725248100e+01,2.256797213581793471e-01,2.250923790876047992e+00,5.576953946574300325e+00,3.465078741487450098e-01,-2.708504100912667578e+00,6.281387837681069009e+00,2.465600073307316065e-01,1.475801697153598191e+01,-1.148322074586653058e-05,8.003161065299805159e+02,1.327245550935897178e+01,2.744784861494819594e+00,0.000000000000000000e+00
7.549999999999722489e-01,1.127947530618202698e+01,2.274179079958669747e-01,2.237290799243783823e+00,5.578307679873541147e+00,3.483931859845036949e-01,-2.742712114981602056e+00,4.450840529389211042e+00,1.791427801156720567e-01,1.046025022892508360e+01,-3.223462374079676812e-06,8.002215776156438096e+02,1.135218645371864099e+01,0.000000000000000000e+00,0.000000000000000000e+00
7.599999999999716982e-01,1.130743499900633608e+01,2.291594051369114926e-01,2.223593040996102221e+00,5.626267803500785369e+00,3.489484293745017673e-01,-2.701257994947516394e+00,0.000000000000000000e+00,0.000000000000000000e+00,0.000000000000000000e+00,0.000000000000000000e+00,7.996068360660137841e+02,0.000000000000000000e+00,0.000000000000000000e+00,0.000000000000000000e+00
7.649999999999711475e-01,1.133556579416218391e+01,2.309048919087750285e-01,2.209956279052784911e+00,5.625969651442989772e+00,3.492377005138049828e-01,-2.748611714603842682e+00,5.056549375099554489e+00,2.162284531904976603e-01,1.193372308639721524e+01,-2.735044212626332183e-05,7.995896810107494730e+02,3.795620372731058012e+00,9.147912735384243987e+00,0.000000000000000000e+00
7.699999999999705969e-01,1.136370839725021753e+01,2.326570433444898611e-01,2.196193133667874164e+00,5.631413510401308997e+00,3.510744882660203348e-01,-2.752562917725100089e+00,1.121005459505529878e+01,3.410711269062836060e-01,2.638368900582182164e+01,-1.537569673614944121e-05,7.993224016517773407e+02,1.363540435278881802e+01,0.000000000000000000e+00,1.499171675059171704e+01
7.749999999999700462e-01,1.139194030548520864e+01,2.344127093597010159e-01,2.182387358510402109e+00,5.672024508092706085e+00,3.514259010633204450e-01,-2.751024835612555286e+00,8.415011240919083590e+00,2.902809516679966118e-01,1.980603427158347785e+01,-1.145352927359481396e-05,7.989343864286663575e+02,1.258722403217931252e+01,0.000000000000000000e+00,8.902589066744006630e+00
7.799999999999694955e-01,1.142031036003647948e+01,2.361565029494534229e-01,2.168568250513827511e+00,5.676592386151249947e+00,3.461361677384222069e-01,-2.768995739735693906e+00,3.899679953189228332e+00,1.175498353624910008e-01,9.201776051624943165e+00,-7.991246988226907016e-06,7.987310890595415458e+02,0.000000000000000000e+00,9.979991540630733127e+00,0.000000000000000000e+00
7.849999999999689448e-01,1.144869894392425103e+01,2.378964317291027419e-01,2.154648638982976205e+00,5.678324194676215519e+00,3.487455668180631241e-01,-2.802471663043291095e+00,4.432091357477368376e+00,1.103748417478268712e-01,1.050557342811566386e+01,-1.878377924170726576e-05,7.986330473253888158e+02,1.138661778267508495e+01,0.000000000000000000e+00,0.000000000000000000e+00
7.899999999999683942e-01,1.147720471372674211e+01,2.396827315492729704e-01,2.140741628412896613e+00,5.710227094938096215e+00,3.544631593356152299e-01,-2.773583552556480925e+00,1.061171626650142841e+01,3.505767603880426964e-01,2.500040470586547059e+01,-9.769263883565356549e-06,7.981009423590076040e+02,1.720868858452327999e+01,0.000000000000000000e+00,9.913287254002874249e+00
7.949999999999678435e-01,1.150580883711946356e+01,2.414450777983361274e-01,2.126799481704470196e+00,5.729228104179730607e+00,3.508187247138464526e-01,-2.800537961646541341e+00,7.741791237062589204e+00,2.991120223205713247e-01,1.824835486468306556e+01,-5.564597236659436091e-06,7.979221163623858502e+02,5.788154960418936845e+00,0.000000000000000000e+00,1.400671237831522120e+01
7.999999999999672928e-01,1.153447952937008125e+01,2.431750871832466798e-01,2.112772013313859887e+00,5.743496125978350797e+00,3.482784418395235004e-01,-2.809321194731224658e+00,2.037846609800831743e+02,6.239365118230693952e+00,4.803980708678843712e+02,-2.480450167526362937e-05,7.976342472446115153e+02,2.979427880722337818e+02,2.231691960536315662e+02,0.000000000000000000e+00
8.049999999999667422e-01,1.156327502753123326e+01,2.449628379806478573e-01,2.098772359143842525e+00,5.761065774578736587e+00,3.596032831956506581e-01,-2.807608839050923066e+00,5.047465391381900979e+00,2.337554802312879210e-01,1.190958478576391144e+01,-3.664056869499788746e-05,7.973174654848644423e+02,0.000000000000000000e+00,0.000000000000000000e+00,1.291660426223368852e+01
8.099999999999661915e-01,1.159209560163814601e+01,2.467459269073048467e-01,2.084655402592088258e+00,5.777086825340639997e+00,3.511447845616419983e-01,-2.817016406708136245e+00,2.133064257385139229e+02,6.877816683111166007e+00,5.029022460758469038e+02,-2.128666381317513567e-05,7.970262809811611078e+02,5.455070746311399716e+02,0.000000000000000000e+00,0.000000000000000000e+00
8.149999999999656408e-01,1.162107220245144568e+01,2.484958473578422755e-01,2.070577336610699870e+00,5.798077117463703800e+00,3.525211379743506956e-01,-2.814424832238265228e+00,0.000000000000000000e+00,0.000000000000000000e+00,0.000000000000000000e+00,0.000000000000000000e+00,7.966724852230397573e+02,0.000000000000000000e+00,0.000000000000000000e+00,0.000000000000000000e+00
8.199999999999650901e-01,1.165008935429759518e+01,2.502708599614868468e-01,2.056409289084924819e+00,5.822460050751559812e+00,3.640954185258763465e-01,-2.828524218000288304e+00,4.469969289403141310e+00,1.914999366858058938e-01,1.053088324816964416e+01,-1.556568153375081226e-05,7.964137408669747629e+02,9.538612959632983390e+00,1.885728738946255589e+00,0.000000000000000000e+00
8.249999999999645395e-01,1.167921534914160731e+01,2.520803357534105449e-01,2.042231099564692176e+00,5.829689970061603610e+00,3.581713821779390350e-01,-2.829442936554552368e+00,0.000000000000000000e+00,0.000000000000000000e+00,0.000000000000000000e+00,0.000000000000000000e+00,7.960992811173721293e+02,0.000000000000000000e+00,0.000000000000000000e+00,0.000000000000000000e+00
8.299999999999639888e-01,1.170841030854652054e+01,2.538641149941275876e-01,2.028002444206653099e+00,5.859060994143022505e+00,3.535611578094892682e-01,-2.845064940328758230e+00,4.698452683294112475e+00,2.199783954312129197e-01,1.109131360950659406e+01,-1.825805105945457057e-06,7.958287496339457903e+02,3.531246806019916917e+00,0.000000000000000000e+00,8.497010633742901220e+00
8.349999999999634381e-01,1.173770804644930443e+01,2.556317061661083079e-01,2.013670970301519869e+00,5.862259500413156132e+00,3.552947890501683692e-01,-2.860455262135119359e+00,2.029204797153009281e+02,8.168379828502985163e+00,4.794386276522870958e+02,-1.640756408387289422e-05,7.956057321629743910e+02,5.102609705080839717e+02,0.000000000000000000e+00,9.632556737915997758e+00
8.399999999999628875e-01,1.176704608177976397e+01,2.574151139309294734e-01,1.999330645502685577e+00,5.886607715899604187e+00,3.589193672074473818e-01,-2.866081216739003956e+00,2.347372579323917421e+02,9.609725703877412428e+00,5.538514526617063893e+02,-2.203144186666656720e-05,7.952756091332175856e+02,4.023982180702857931e+02,1.836000046000502834e+02,1.472580616846768642e+01
8.449999999999623368e-01,1.179656466264592574e+01,2.592224547767364440e-01,1.985014571293431507e+00,5.908330279337409507e+00,3.570239810579806661e-01,-2.861044067411449010e+00,0.000000000000000000e+00,0.000000000000000000e+00,0.000000000000000000e+00,0.000000000000000000e+00,7.949060306101208653e+02,0.000000000000000000e+00,0.000000000000000000e+00,0.000000000000000000e+00
8.499999999999617861e-01,1.182610841278866332e+01,2.610097090952169241e-01,1.970600756316968072e+00,5.910819183081870598e+00,3.602213294120805154e-01,-2.880085722648178415e+00,1.302810144163899686e+01,4.709190145105104364e-01,3.196187447230218837e+01,-9.481461972604796236e-05,7.947078401337894320e+02,2.309538782006074698e+01,4.530346239929898267e-01,1.092043173720170479e+01
8.549999999999612355e-01,1.185567573985511380e+01,2.628114046447894148e-01,1.956076448791412181e+00,5.924809891897076852e+00,3.618387983708081790e-01,-2.913370838769675064e+00,2.927603647525405677e+02,1.303437217932248515e+01,6.915343168439165993e+02,-5.530103241865630577e-05,7.945543567587237703e+02,4.969952776470900062e+02,2.097266634650987669e+02,4.321247918761851281e+01
8.599999999999606848e-01,1.188545877771831627e+01,2.646019865099341617e-01,1.941644263905652590e+00,5.962265682913248988e+00,3.549003135105525675e-01,-2.891520252377578259e+00,1.998798826687407200e+02,7.718315665690776761e+00,4.718150602883413285e+02,-2.163645894511173964e-05,7.940381766059626898e+02,2.971572107616030394e+02,2.145280170031352895e+02,0.000000000000000000e+00
8.649999999999601341e-01,1.191528068267391127e+01,2.663886063178453889e-01,1.927137120083776134e+00,5.966032454818657627e+00,3.590165622053892447e-01,-2.909526731240083652e+00,1.177401022620276372e+01,3.924849257498737587e-01,2.880957719228420544e+01,-4.615439981124017793e-05,7.938403764764775588e+02,2.723182697012023468e+01,2.222069685346838241e+00,1.626061554151776223e+00
8.699999999999595834e-01,1.194512123799899506e+01,2.681883963574783203e-01,1.912495507321362753e+00,5.970007500368843090e+00,3.600777059729600160e-01,-2.942315564811116335e+00,2.318329939765551728e+02,2.507588402683838869e+00,5.527523003060047131e+02,-3.520661875858731044e-04,7.936943136401062020e+02,3.177486903719497491e+02,2.417948739698336169e+02,3.941164170650957033e+01
8.749999999999590328e-01,1.197509736084944265e+01,2.700541167992171476e-01,1.897891442745787804e+00,6.001349194477300308e+00,3.763215165558816966e-01,-2.922009800646752531e+00,7.193459402931452473e+00,3.473837845621210452e-01,1.700700625588230963e+01,-8.409306669754281621e-06,7.931655472778195417e+02,5.364997920211695082e+00,0.000000000000000000e+00,1.307406604376624060e+01
8.799999999999584821e-01,1.200514812220681371e+01,2.719077370312139030e-01,1.883271198404167901e+00,6.022669978135923863e+00,3.679033664179874874e-01,-2.927982622278035851e+00,1.873890197093865311e+02,7.451872087591546290e+00,4.437529162204552904e+02,-6.011974080128248445e-05,7.928591706461231752e+02,2.347605277757615738e+00,0.000000000000000000e+00,4.786942809963412628e+02
8.849999999999579314e-01,1.203532609315213620e+01,2.737252737969078642e-01,1.868600984304904289e+00,6.041822413209157361e+00,3.581216842240415033e-01,-2.936572587604283857e+00,1.226342063120377013e+01,1.910844715038960029e+00,3.389444946483314425e+01,-4.481983612030599959e-05,7.925377018217302520e+02,0.000000000000000000e+00,0.000000000000000000e+00,3.604418618266863206e+01
8.899999999999573808e-01,1.206556265101333203e+01,2.755124858368790397e-01,1.853814695933454937e+00,6.052825523778347261e+00,3.546940965284643976e-01,-2.967495990186447496e+00,1.727745793958117204e+01,2.198278902118918854e+00,4.643402459804080706e+01,-2.061445732838452106e-04,7.923915689105587035e+02,1.431314350057199292e+01,0.000000000000000000e+00,3.523005509169229299e+01
8.949999999999568301e-01,1.209589497559850990e+01,2.772779644890174811e-01,1.839055637692265543e+00,6.085237859765068258e+00,3.525140710001112287e-01,-2.944167626331767096e+00,1.624697494796943431e+01,4.915326804241217928e+00,5.150035217019623701e+01,-3.615839016161553898e-04,7.917956546228233492e+02,2.471455106279683278e+01,0.000000000000000000e+00,2.943170064205150638e+01
8.999999999999562794e-01,1.212636438225026936e+01,2.790614526215565716e-01,1.824336572689940539e+00,6.099998996716709421e+00,3.592201129169588780e-01,-2.955705045962422339e+00,6.215429098950343345e+00,1.862429603263136224e+00,1.968105034868786873e+01,-1.858220913743475252e-04,7.915386495810739689e+02,0.000000000000000000e+00,0.000000000000000000e+00,2.069322994268923210e+01
9.049999999999557287e-01,1.215690152873277974e+01,2.808776755772075528e-01,1.809553854766770442e+00,6.113132716311930892e+00,3.650290207817829535e-01,-2.969004730166752370e+00,1.599532153408709689e+01,4.810623790511583842e+00,5.069877840250096313e+01,-2.636029998718026918e-04,7.912552510280393108e+02,2.410512625309935331e+01,0.000000000000000000e+00,2.919656389157131571e+01
9.099999999999551781e-01,1.218762121840157597e+01,2.827206079733673993e-01,1.794890002375431948e+00,6.184325490558570060e+00,3.675911534836694416e-01,-2.897464431422924314e+00,1.645849934230204497e+02,1.798345043227678275e+01,4.325924942889853924e+02,-2.986822255479559471e-04,7.903287002826320986e+02,1.176039585470424598e+01,0.000000000000000000e+00,4.508123128676755300e+02
9.149999999999546274e-01,1.221861243188796387e+01,2.845795597445292535e-01,1.780457204384577885e+00,6.204089184722512584e+00,3.764634606920543858e-01,-2.880444204521474205e+00,1.963739428345337856e+01,1.009045378507479818e+01,7.128910949946219944e+01,-3.357088598173313659e-04,7.896200025458997516e+02,2.666874880819850802e+01,0.000000000000000000e+00,4.784291891350474657e+01
9.199999999999540767e-01,1.224967559452319676e+01,2.864758052384712150e-01,1.765976595116605541e+00,6.220420031576959552e+00,3.843400305621479385e-01,-2.885705177488318895e+00,1.684431404635299145e+01,5.304005745342418976e+00,5.194198017579130067e+01,-3.696922200680516964e-04,7.893122793805648598e+02,7.290244015737252781e+00,1.849910156668270744e+01,2.918165624451081186e+01
9.249999999999535261e-01,1.228080672751045022e+01,2.884102371762140016e-01,1.751488144754153264e+00,6.232403888208459364e+00,3.911065368895952910e-01,-2.890436851133039831e+00,3.386630052752456521e+01,9.008114137225399887e+00,1.000549592133103545e+02,-3.826691249739855652e-04,7.889419801719667475e+02,3.382621545447439360e+01,3.098778033123914355e+01,4.143030169830815623e+01
9.299999999999529754e-01,1.231211664075859780e+01,2.903689861214664436e-01,1.737129584610507704e+00,6.307868644282068615e+00,3.930822585763349419e-01,-2.809444205489337154e+00,1.653110358590456030e+02,2.115462764669923601e+01,4.632816974287996459e+02,-1.447015786170675715e-04,7.878649284345032129e+02,2.341384376279147546e+02,3.002393758461589002e+01,2.277775917874416791e+02
9.349999999999524247e-01,1.234380491187396878e+01,2.923320737347228082e-01,1.723208824186205357e+00,6.345700855254682970e+00,3.947830762689443218e-01,-2.781913868687827751e+00,3.894853208648856224e+01,9.796709021378260829e+00,1.135568196675259145e+02,-3.685008399672373789e-04,7.872476337330352862e+02,2.828455014948055890e+01,2.856675143365189484e+01,6.385988528167086287e+01
9.399999999999518741e-01,1.237559509857935325e+01,2.942788317989339930e-01,1.709509365538822268e+00,6.372538531261180417e+00,3.807474923722219962e-01,-2.675836457313133909e+00,2.165290692496284919e+02,1.592694928258092268e+01,5.967089959081241659e+02,-2.097749571767348192e-04,7.860822539143754284e+02,4.921850697834466928e+02,6.925821412461120019e+01,7.341542871973514650e+01
9.449999999999513234e-01,1.240752958671706274e+01,2.961743094092559869e-01,1.696176065397568600e+00,6.400740810969027805e+00,3.790575412078600603e-01,-2.666902306595801964e+00,2.126979236283094679e+02,4.636576988829358470e+01,6.725616570299998784e+02,-2.927679577494305286e-04,7.855769437536647501e+02,3.456511503712911804e+01,4.857574717760224559e+01,6.231104980309813755e+02
9.499999999999507727e-01,1.243972860316924134e+01,2.980650497863026605e-01,1.682994327575976889e+00,6.450587376744477019e+00,3.789283979297348171e-01,-2.638149099324306412e+00,3.571019873212248541e+01,1.383848446581957603e+01,1.097948278917721296e+02,-1.700755268414916570e-04,7.849236857227158453e+02,3.022923563266492764e+01,2.772258559666139277e+01,5.898759095820580711e+01
9.549999999999502220e-01,1.247201294976493102e+01,2.999629646006202188e-01,1.669757742185034699e+00,6.477760061267167302e+00,3.801196392311606553e-01,-2.632731344354268366e+00,2.039209195448369769e+02,6.812560845775016105e+01,7.007495225577318934e+02,-2.953925290614040685e-04,7.843982099135471344e+02,3.242445805717220964e+01,3.192789357072501844e+01,6.681762289024842403e+02
9.599999999999496714e-01,1.250460313344972718e+01,3.018613927576881406e-01,1.656871618390614254e+00,6.532592355174633880e+00,3.758607030192806508e-01,-2.520910047749774563e+00,2.408633004920109215e+02,3.884616744720469228e+01,7.022882240700496368e+02,-2.365655671851959140e-04,7.830591745082002717e+02,6.506833250875140493e+02,5.877013317735509190e+01,3.319053878902508359e+01
9.649999999999491207e-01,1.253728917095225803e+01,3.037376246288875925e-01,1.644582660029244137e+00,6.539700567896261418e+00,3.753738224271050972e-01,-2.435297745776546119e+00,3.467679551188519582e+01,7.746647135811008056e+00,1.017426229864388318e+02,-5.721062387287242489e-04,7.821532701587700558e+02,2.148622987907275217e+01,3.818497236999360922e+01,4.836438032279759369e+01
9.699999999999485700e-01,1.257002161605837287e+01,3.056187441406186256e-01,1.632383351749552736e+00,6.570182351610586835e+00,3.763573820763431166e-01,-2.416492605042624309e+00,1.607384590435125915e+02,5.938103722707626986e+01,5.856230491794896125e+02,-2.378478936016250028e-04,7.815688300614426680e+02,5.920495713922329628e+01,2.271230877181664454e+01,5.276028299738703708e+02
9.749999999999480194e-01,1.260303024190327648e+01,3.075038696999675136e-01,1.620460683232495480e+00,6.634042739227121288e+00,3.790823103823334206e-01,-2.347487873086406385e+00,1.587414778202102070e+02,7.603354696800806778e+01,6.181613114715346455e+02,-3.557953038157057792e-04,7.805879879686165168e+02,0.000000000000000000e+00,7.516674315436299025e+01,5.671391261555801293e+02
9.799999999999474687e-01,1.263626418530689222e+01,3.094682939258545096e-01,1.609136786627416216e+00,6.644333433991440607e+00,4.013702461135449373e-01,-2.223219185053240121e+00,9.826916737078393282e+01,2.024167748197601213e+01,3.059597933794912024e+02,-3.148183332898569966e-04,7.792659378247813038e+02,2.782683548109944560e+00,3.187554800811126370e+02,0.000000000000000000e+00
9.849999999999469180e-01,1.266948462352353744e+01,3.114813604330748387e-01,1.597980699204481159e+00,6.657556158841244631e+00,4.034822988913832620e-01,-2.224070582003168539e+00,3.196308293986016480e+01,1.167582091134450550e+01,1.042876917954959310e+02,-3.816787970152655130e-04,7.788649825042732573e+02,6.377941915160447905e+01,4.636105638787303462e+01,0.000000000000000000e+00
9.899999999999463673e-01,1.270279042257942415e+01,3.135013527914218834e-01,1.586806949325219041e+00,6.665556275146085063e+00,4.046022836593838323e-01,-2.243129943884485833e+00,3.453467359436983486e+01,2.051817286736112322e+01,1.395502743292960020e+02,-1.641998305484486647e-04,7.786235319505037751e+02,0.000000000000000000e+00,1.990635537566732793e+01,1.253418803013838669e+02
9.949999999999458167e-01,1.273621397717175974e+01,3.155958789126985242e-01,1.575842168999117554e+00,6.715498634513322074e+00,4.491337635847155174e-01,-2.091321264369808475e+00,2.262283083845021565e+02,1.338629730260394410e+02,9.188532435231718409e+02,-5.094210403116085709e-04,7.765592509629500455e+02,2.300342528706594294e+02,5.288536550372035663e+02,1.962188344649692340e+02
9.999999999999452660e-01,1.276993616737559023e+01,3.179675251122943691e-01,1.565629303954521934e+00,6.749392140809279184e+00,4.806341873973643541e-01,-2.044001349140228019e+00,0.000000000000000000e+00,0.000000000000000000e+00,0.000000000000000000e+00,0.000000000000000000e+00,7.759015213541647427e+02,0.000000000000000000e+00,0.000000000000000000e+00,0.000000000000000000e+00
1.004999999999944826e+00,1.280366952602095409e+01,3.203665237583212533e-01,1.555287140147882052e+00,6.744598432323869019e+00,4.794072103695286580e-01,-2.088921630594655632e+00,1.040494331543709627e+01,2.155891676167991378e+00,2.860977124352596945e+01,-2.169785059403580175e-04,7.758449243082582143e+02,0.000000000000000000e+00,3.041725712333481368e+01,0.000000000000000000e+00
1.009999999999944276e+00,1.283738652638076339e+01,3.228848686680284574e-01,1.545172508149992519e+00,6.742096749933052635e+00,5.149678097885806993e-01,-2.000227749380012909e+00,6.340075418054839318e+00,1.358146431000711640e+00,1.938965107551389622e+01,-5.420098721195185099e-06,7.747811752766652944e+02,0.000000000000000000e+00,2.038205300420415256e+01,0.000000000000000000e+00
1.014999999999943725e+00,1.287109558659027186e+01,3.254614262376449019e-01,1.535048931602861266e+00,6.741789894593750887e+00,5.157000291006124115e-01,-2.045419599443989878e+00,7.010069435814687111e+00,1.722366580721731211e+00,2.245942657618716254e+01,-2.200570255509526948e-04,7.747300081650032553e+02,0.000000000000000000e+00,2.353242195070135523e+01,0.000000000000000000e+00
1.019999999999943174e+00,1.290480451382313731e+01,3.280430964325771193e-01,1.524690589672323071e+00,6.741948817606133737e+00,5.166450308317450668e-01,-2.093096495574001015e+00,0.000000000000000000e+00,0.000000000000000000e+00,0.000000000000000000e+00,0.000000000000000000e+00,7.746912504194815483e+02,0.000000000000000000e+00,0.000000000000000000e+00,0.000000000000000000e+00
1.024999999999942624e+00,1.293851873518114814e+01,3.306286293391222375e-01,1.514089106053706280e+00,6.743694847782158774e+00,5.175401898280105328e-01,-2.142942787015745587e+00,0.000000000000000000e+00,0.000000000000000000e+00,0.000000000000000000e+00,0.000000000000000000e+00,7.746830986329553070e+02,0.000000000000000000e+00,0.000000000000000000e+00,0.000000000000000000e+00
1.029999999999942073e+00,1.297222841659727521e+01,3.333185066344109826e-01,1.503601348808554006e+00,6.740799505700684868e+00,5.525586083991123054e-01,-2.068377820103572962e+00,9.125526725916872639e-01,4.744080736326119485e-01,3.806048108986385348e+00,-2.744205179974670145e-05,7.737568748961286929e+02,0.000000000000000000e+00,3.935278374251742761e+00,0.000000000000000000e+00
1.034999999999941522e+00,1.300594499582090968e+01,3.360868708837185248e-01,1.493112376342109471e+00,6.745361722811732186e+00,5.545747384048131945e-01,-2.121886092174722460e+00,0.000000000000000000e+00,0.000000000000000000e+00,0.000000000000000000e+00,0.000000000000000000e+00,7.737427626272207135e+02,0.000000000000000000e+00,0.000000000000000000e+00,0.000000000000000000e+00
1.039999999999940972e+00,1.303968254427758033e+01,3.388706036939596045e-01,1.482387378298565261e+00,6.751103821104447178e+00,5.591964841775731720e-01,-2.136979553525254261e+00,1.967465308907221413e+02,1.679108836706802776e+02,8.627647256734388748e+02,-3.472856082477196807e-05,7.734020569795404754e+02,5.127614902914881441e+02,1.333639040999570966e+02,2.529603974781990132e+02
1.044999999999940421e+00,1.307347646899975580e+01,3.416621031643780615e-01,1.471771216350607814e+00,6.761227905646642888e+00,5.591478908177475171e-01,-2.145270705801524791e+00,0.000000000000000000e+00,0.000000000000000000e+00,0.000000000000000000e+00,0.000000000000000000e+00,7.730905959171761879e+02,0.000000000000000000e+00,0.000000000000000000e+00,0.000000000000000000e+00
1.049999999999939870e+00,1.310730496824669444e+01,3.444451603834079445e-01,1.461035915530168650e+00,6.768557357954342102e+00,5.556948968574281222e-01,-2.156312017037617768e+00,0.000000000000000000e+00,0.000000000000000000e+00,0.000000000000000000e+00,0.000000000000000000e+00,7.727353953832002844e+02,0.000000000000000000e+00,0.000000000000000000e+00,0.000000000000000000e+00
1.054999999999939320e+00,1.314115799410949492e+01,3.472281948649625916e-01,1.450108309818804786e+00,6.772177398255195158e+00,5.573023163551514836e-01,-2.209764983417954021e+00,0.000000000000000000e+00,0.000000000000000000e+00,0.000000000000000000e+00,0.000000000000000000e+00,7.727245258239524901e+02,0.000000000000000000e+00,0.000000000000000000e+00,0.000000000000000000e+00
1.059999999999938769e+00,1.317502520053678161e+01,3.500172664340662765e-01,1.438913669080430058e+00,6.774130349008923524e+00,5.580523487570392405e-01,-2.262342531159876380e+00,0.000000000000000000e+00,0.000000000000000000e+00,0.000000000000000000e+00,0.000000000000000000e+00,7.727128784694058368e+02,0.000000000000000000e+00,0.000000000000000000e+00,0.000000000000000000e+00
1.064999999999938218e+00,1.320889598303481449e+01,3.528067888658188989e-01,1.427464192004325616e+00,6.773879244468185234e+00,5.576186939846754509e-01,-2.312074501153783768e+00,0.000000000000000000e+00,0.000000000000000000e+00,0.000000000000000000e+00,0.000000000000000000e+00,7.726986852946946556e+02,0.000000000000000000e+00,0.000000000000000000e+00,0.000000000000000000e+00
1.069999999999937668e+00,1.324276066587600553e+01,3.555914196089065005e-01,1.415771942053160481e+00,6.771968693794423899e+00,5.562441877737778206e-01,-2.359765704639084305e+00,0.000000000000000000e+00,0.000000000000000000e+00,0.000000000000000000e+00,0.000000000000000000e+00,7.726857384643672049e+02,0.000000000000000000e+00,0.000000000000000000e+00,0.000000000000000000e+00
1.074999999999937117e+00,1.327661296576152949e+01,3.583674725320260546e-01,1.403845756099290520e+00,6.769153770709535500e+00,5.543165304530586202e-01,-2.405869471345951638e+00,0.000000000000000000e+00,0.000000000000000000e+00,0.000000000000000000e+00,0.000000000000000000e+00,7.726764742362447578e+02,0.000000000000000000e+00,0.000000000000000000e+00,0.000000000000000000e+00
1.079999999999936566e+00,1.331045073005718571e+01,3.611334837275145815e-01,1.391692286697067349e+00,6.766302304720276162e+00,5.523170926279095116e-01,-2.450893097545333799e+00,0.000000000000000000e+00,0.000000000000000000e+00,0.000000000000000000e+00,0.000000000000000000e+00,7.726704830383059743e+02,0.000000000000000000e+00,0.000000000000000000e+00,0.000000000000000000e+00
1.084999999999936016e+00,1.334427603760316927e+01,3.638904139960131290e-01,1.379315046001073686e+00,6.764208963684690268e+00,5.507139269575542784e-01,-2.495534963232444614e+00,0.000000000000000000e+00,0.000000000000000000e+00,0.000000000000000000e+00,0.000000000000000000e+00,7.726655486228540894e+02,0.000000000000000000e+00,0.000000000000000000e+00,0.000000000000000000e+00
1.089999999999935465e+00,1.337809427750790903e+01,3.666412487220320759e-01,1.366714034408035072e+00,6.763406398608840853e+00,5.498465449992092635e-01,-2.540475265714047470e+00,0.000000000000000000e+00,0.000000000000000000e+00,0.000000000000000000e+00,0.000000000000000000e+00,7.726597602044600990e+02,0.000000000000000000e+00,0.000000000000000000e+00,0.000000000000000000e+00
1.094999999999934914e+00,1.341191255677588678e+01,3.693901550627393671e-01,1.353886177964837678e+00,6.764077501262150349e+00,5.498609907920732898e-01,-2.586264647329388655e+00,0.000000000000000000e+00,0.000000000000000000e+00,0.000000000000000000e+00,0.000000000000000000e+00,7.726527957320786300e+02,0.000000000000000000e+00,0.000000000000000000e+00,0.000000000000000000e+00
1.099999999999934364e+00,1.344573791931595963e+01,3.721414514260870665e-01,1.340826158930293222e+00,6.766055398055947023e+00,5.506938166894012054e-01,-2.633259725937449947e+00,0.000000000000000000e+00,0.000000000000000000e+00,0.000000000000000000e+00,0.000000000000000000e+00,7.726456288017526504e+02,0.000000000000000000e+00,0.000000000000000000e+00,0.000000000000000000e+00
1.104999999999933813e+00,1.347957576491414677e+01,3.748986202016489355e-01,1.327527518821194352e+00,6.768893710152811494e+00,5.521001150228189713e-01,-2.681580103241254509e+00,0.000000000000000000e+00,0.000000000000000000e+00,0.000000000000000000e+00,0.000000000000000000e+00,7.726393228781878406e+02,0.000000000000000000e+00,0.000000000000000000e+00,0.000000000000000000e+00
1.109999999999933262e+00,1.351342876598343778e+01,3.776635624894974508e-01,1.313983855448994431e+00,6.771986292317549783e+00,5.537167263754654289e-01,-2.731111980397922689e+00,0.000000000000000000e+00,0.000000000000000000e+00,0.000000000000000000e+00,0.000000000000000000e+00,7.726341242485057137e+02,0.000000000000000000e+00,0.000000000000000000e+00,0.000000000000000000e+00
1.114999999999932712e+00,1.354729645566410490e+01,3.804362323767672138e-01,1.300189862340180191e+00,6.774709121549687296e+00,5.551461304198939128e-01,-2.781560961380073138e+00,0.000000000000000000e+00,0.000000000000000000e+00,0.000000000000000000e+00,0.000000000000000000e+00,7.726295079978546028e+02,0.000000000000000000e+00,0.000000000000000000e+00,0.000000000000000000e+00
1.119999999999932161e+00,1.358117552021108310e+01,3.832147084919653723e-01,1.286142007511183349e+00,6.776556162970218011e+00,5.560442042753026559e-01,-2.832536521965016263e+00,0.000000000000000000e+00,0.000000000000000000e+00,0.000000000000000000e+00,0.000000000000000000e+00,7.726248825585996656e+02,0.000000000000000000e+00,0.000000000000000000e+00,0.000000000000000000e+00
1.124999999999931610e+00,1.361506069178019196e+01,3.859956738802574061e-01,1.271838761647328786e+00,6.777242834501829627e+00,5.561942898864172813e-01,-2.883642808838016158e+00,0.000000000000000000e+00,0.000000000000000000e+00,0.000000000000000000e+00,0.000000000000000000e+00,7.726201765786564692e+02,0.000000000000000000e+00,0.000000000000000000e+00,0.000000000000000000e+00
1.129999999999931060e+00,1.364894601821687914e+01,3.887751902747585975e-01,1.257280411808051612e+00,6.776755920679501166e+00,5.555515303973611596e-01,-2.934552079230166921e+00,0.000000000000000000e+00,0.000000000000000000e+00,0.000000000000000000e+00,0.000000000000000000e+00,7.726158061444737086e+02,0.000000000000000000e+00,0.000000000000000000e+00,0.000000000000000000e+00
1.134999999999930509e+00,1.368282620807184990e+01,3.915495860334365363e-01,1.242468590994043387e+00,6.775339625382485131e+00,5.542469853622742360e-01,-2.985046765151597281e+00,0.000000000000000000e+00,0.000000000000000000e+00,0.000000000000000000e+00,0.000000000000000000e+00,7.726121625098402319e+02,0.000000000000000000e+00,0.000000000000000000e+00,0.000000000000000000e+00
1.139999999999929958e+00,1.371669773905174061e+01,3.943162496916020054e-01,1.227405690487456846e+00,6.773422998789143890e+00,5.525506582266913602e-01,-3.035028195292079012e+00,0.000000000000000000e+00,0.000000000000000000e+00,0.000000000000000000e+00,0.000000000000000000e+00,7.726091599766858735e+02,0.000000000000000000e+00,0.000000000000000000e+00,0.000000000000000000e+00
1.144999999999929408e+00,1.375055948840823916e+01,3.970741474605670729e-01,1.212094305091792279e+00,6.771509553127330605e+00,5.508036574291520493e-01,-3.084498981344926616e+00,0.000000000000000000e+00,0.000000000000000000e+00,0.000000000000000000e+00,0.000000000000000000e+00,7.726062510509653976e+02,0.000000000000000000e+00,0.000000000000000000e+00,0.000000000000000000e+00
1.149999999999928857e+00,1.378441277762349770e+01,3.998239591180169361e-01,1.196536813318975989e+00,6.770059409643763182e+00,5.493380930281365204e-01,-3.133530101040845839e+00,0.000000000000000000e+00,0.000000000000000000e+00,0.000000000000000000e+00,0.000000000000000000e+00,7.726028569993277415e+02,0.000000000000000000e+00,0.000000000000000000e+00,0.000000000000000000e+00
1.154999999999928306e+00,1.381826087882492970e+01,4.025678290288327577e-01,1.180735137921380185e+00,6.769393980184713833e+00,5.484056442686542354e-01,-3.182223806333857485e+00,0.000000000000000000e+00,0.000000000000000000e+00,0.000000000000000000e+00,0.000000000000000000e+00,7.725988142299765968e+02,0.000000000000000000e+00,0.000000000000000000e+00,0.000000000000000000e+00
1.159999999999927756e+00,1.385210815714369836e+01,4.053088242129954111e-01,1.164690681399660033e+00,6.769643608318001604e+00,5.481313747084022303e-01,-3.230681522406650963e+00,0.000000000000000000e+00,0.000000000000000000e+00,0.000000000000000000e+00,0.000000000000000000e+00,7.725944698015166523e+02,0.000000000000000000e+00,0.000000000000000000e+00,0.000000000000000000e+00
1.164999999999927205e+00,1.388595908659313949e+01,4.080502510718400089e-01,1.148404392840054689e+00,6.770744213248939047e+00,5.485005311282574736e-01,-3.278983062656656955e+00,0.000000000000000000e+00,0.000000000000000000e+00,0.000000000000000000e+00,0.000000000000000000e+00,7.725903856262493719e+02,0.000000000000000000e+00,0.000000000000000000e+00,0.000000000000000000e+00
1.169999999999926654e+00,1.391981736875468556e+01,4.107949942098199636e-01,1.131876900068971237e+00,6.772475503090433335e+00,5.493764707758771459e-01,-3.327180023758423033e+00,0.000000000000000000e+00,0.000000000000000000e+00,0.000000000000000000e+00,0.000000000000000000e+00,7.725869219425948131e+02,0.000000000000000000e+00,0.000000000000000000e+00,0.000000000000000000e+00
1.174999999999926104e+00,1.395368532084145308e+01,4.135450107043757706e-01,1.115108637548564152e+00,6.774524983073360040e+00,5.505408578255369667e-01,-3.375302276242019506e+00,0.000000000000000000e+00,0.000000000000000000e+00,0.000000000000000000e+00,0.000000000000000000e+00,7.725840234338783148e+02,0.000000000000000000e+00,0.000000000000000000e+00,0.000000000000000000e+00
1.179999999999925553e+00,1.398756361283654570e+01,4.163010591572003927e-01,1.098099916317116120e+00,6.776559960516908454e+00,5.517443525802666615e-01,-3.423372796224179559e+00,0.000000000000000000e+00,0.000000000000000000e+00,0.000000000000000000e+00,0.000000000000000000e+00,7.725813289658550502e+02,0.000000000000000000e+00,0.000000000000000000e+00,0.000000000000000000e+00
1.184999999999925002e+00,1.402145135041124924e+01,4.190626844708177368e-01,1.080850912792153284e+00,6.778292435261674242e+00,5.527566072426741695e-01,-3.471423952501634158e+00,0.000000000000000000e+00,0.000000000000000000e+00,0.000000000000000000e+00,0.000000000000000000e+00,7.725784686611860934e+02,0.000000000000000000e+00,0.000000000000000000e+00,0.000000000000000000e+00
1.189999999999924452e+00,1.405534643737484579e+01,4.218284296376080822e-01,1.063361587966612953e+00,6.779526463132229175e+00,5.534068116799925052e-01,-3.519508636628480680e+00,0.000000000000000000e+00,0.000000000000000000e+00,0.000000000000000000e+00,0.000000000000000000e+00,7.725753042072502694e+02,0.000000000000000000e+00,0.000000000000000000e+00,0.000000000000000000e+00
1.194999999999923901e+00,1.408924611258652959e+01,4.245962099285661706e-01,1.045631575589318407e+00,6.780182324914914460e+00,5.536089064301413787e-01,-3.567702055738073419e+00,0.000000000000000000e+00,0.000000000000000000e+00,0.000000000000000000e+00,0.000000000000000000e+00,7.725719603892351870e+02,0.000000000000000000e+00,0.000000000000000000e+00,0.000000000000000000e+00
1.199999999999923350e+00,1.412314753979079462e+01,4.273637633704150396e-01,1.027660089615757721e+00,6.780296089720081909e+00,5.533684698553077430e-01,-3.616093387975670481e+00,0.000000000000000000e+00,0.000000000000000000e+00,0.000000000000000000e+00,0.000000000000000000e+00,7.725686774832975061e+02,0.000000000000000000e+00,0.000000000000000000e+00,0.000000000000000000e+00
1.204999999999922800e+00,1.415704833292394937e+01,4.301290848564972569e-01,1.009445896611675053e+00,6.779997200331530749e+00,5.527714003895817241e-01,-3.664769496080936051e+00,0.000000000000000000e+00,0.000000000000000000e+00,0.000000000000000000e+00,0.000000000000000000e+00,7.725656316963186327e+02,0.000000000000000000e+00,0.000000000000000000e+00,0.000000000000000000e+00
1.209999999999922249e+00,1.419094692328942919e+01,4.328907610872096412e-01,9.909873820752064244e-01,6.779470535542419185e+00,5.519578886116687233e-01,-3.713794804574861441e+00,0.000000000000000000e+00,0.000000000000000000e+00,0.000000000000000000e+00,0.000000000000000000e+00,7.725628530360734203e+02,0.000000000000000000e+00,0.000000000000000000e+00,0.000000000000000000e+00
1.214999999999921698e+00,1.422484271580340831e+01,4.356481496748559890e-01,9.722827164457605864e-01,6.778912280727400486e+00,5.510881994240540704e-01,-3.763192273529673670e+00,0.000000000000000000e+00,0.000000000000000000e+00,0.000000000000000000e+00,0.000000000000000000e+00,7.725602635472193924e+02,0.000000000000000000e+00,0.000000000000000000e+00,0.000000000000000000e+00
1.219999999999921148e+00,1.425873603153330293e+01,4.384013836785657370e-01,9.533301016579504017e-01,6.778489789861956716e+00,5.503084434261724667e-01,-3.812930371332511559e+00,0.000000000000000000e+00,0.000000000000000000e+00,0.000000000000000000e+00,0.000000000000000000e+00,7.725577659390502276e+02,0.000000000000000000e+00,0.000000000000000000e+00,0.000000000000000000e+00
1.224999999999920597e+00,1.429262788090068703e+01,4.411512233667105876e-01,9.341280566235234950e-01,6.778313862333372519e+00,5.497240399511024167e-01,-3.862920068622140768e+00,0.000000000000000000e+00,0.000000000000000000e+00,0.000000000000000000e+00,0.000000000000000000e+00,7.725552997349739144e+02,0.000000000000000000e+00,0.000000000000000000e+00,0.000000000000000000e+00
1.229999999999920046e+00,1.432651964386050381e+01,4.438988091431348426e-01,9.146756846747317038e-01,6.778427910233834730e+00,5.493859856793970042e-01,-3.913023986345923522e+00,0.000000000000000000e+00,0.000000000000000000e+00,0.000000000000000000e+00,0.000000000000000000e+00,7.725528370506340252e+02,0.000000000000000000e+00,0.000000000000000000e+00,0.000000000000000000e+00
1.234999999999919496e+00,1.436041274252492705e+01,4.466453848770038371e-01,8.949728627740237696e-01,6.778813676354549678e+00,5.492912193758645589e-01,-3.963077020577886689e+00,0.000000000000000000e+00,0.000000000000000000e+00,0.000000000000000000e+00,0.000000000000000000e+00,7.725503505233348278e+02,0.000000000000000000e+00,0.000000000000000000e+00,0.000000000000000000e+00
1.239999999999918945e+00,1.439430837816590625e+01,4.493920567359356300e-01,8.750203042696499400e-01,6.779409075731937406e+00,5.493946327603412838e-01,-4.012914674555307926e+00,0.000000000000000000e+00,0.000000000000000000e+00,0.000000000000000000e+00,0.000000000000000000e+00,7.725478006582361559e+02,0.000000000000000000e+00,0.000000000000000000e+00,0.000000000000000000e+00
1.244999999999918394e+00,1.442820737543637755e+01,4.521396328103670648e-01,8.548194727770267454e-01,6.780131535668792786e+00,5.496277744658484288e-01,-4.062402994477484874e+00,0.000000000000000000e+00,0.000000000000000000e+00,0.000000000000000000e+00,0.000000000000000000e+00,7.725451578120926115e+02,0.000000000000000000e+00,0.000000000000000000e+00,0.000000000000000000e+00
1.249999999999917843e+00,1.446211014268709683e+01,4.548885613151411045e-01,8.343723579047400696e-01,6.780900217179833156e+00,5.499185714612785381e-01,-4.111463346792728402e+00,0.000000000000000000e+00,0.000000000000000000e+00,0.000000000000000000e+00,0.000000000000000000e+00,7.725424337978527092e+02,0.000000000000000000e+00,0.000000000000000000e+00,0.000000000000000000e+00
1.254999999999917293e+00,1.449601672839302857e+01,4.576389586847034452e-01,8.136811545480332475e-01,6.781652231972085332e+00,5.502072902245890296e-01,-4.160086570557091079e+00,0.000000000000000000e+00,0.000000000000000000e+00,0.000000000000000000e+00,0.000000000000000000e+00,7.725396874610197528e+02,0.000000000000000000e+00,0.000000000000000000e+00,0.000000000000000000e+00
1.259999999999916742e+00,1.452987124450917023e+01,4.604033061720281261e-01,7.927681835604425409e-01,6.750201884013860898e+00,5.599265282708885128e-01,-4.196409092558045728e+00,3.348921585280632485e+01,2.208803145495509668e+01,1.378978335324619593e+02,-3.244746281095505554e-03,7.684317215759415376e+02,0.000000000000000000e+00,1.397821640758570823e+02,0.000000000000000000e+00
1.264999999999916191e+00,1.456362070294174060e+01,4.632288684024659098e-01,7.716724673228230191e-01,6.751569068400457674e+00,5.709321248527288173e-01,-4.237999481927706036e+00,2.142597452392387680e+01,1.604069945114029139e+01,8.306120838976272580e+01,-4.059259307996707523e-04,7.678174858927734476e+02,0.000000000000000000e+00,8.387143127114678975e+01,0.000000000000000000e+00
1.269999999999915641e+00,1.459741591151006723e+01,4.661243833972946726e-01,7.503579621711222725e-01,6.764628252069551095e+00,5.847005298566078091e-01,-4.283528338622643261e+00,0.000000000000000000e+00,0.000000000000000000e+00,0.000000000000000000e+00,0.000000000000000000e+00,7.676157314806108616e+02,0.000000000000000000e+00,0.000000000000000000e+00,0.000000000000000000e+00
1.274999999999915090e+00,1.463127026603857495e+01,4.690797728450724624e-01,7.288151011561556647e-01,6.776407495704074968e+00,5.967760119997138624e-01,-4.328625991896731584e+00,0.000000000000000000e+00,0.000000000000000000e+00,0.000000000000000000e+00,0.000000000000000000e+00,7.675627960559011171e+02,0.000000000000000000e+00,0.000000000000000000e+00,0.000000000000000000e+00
1.279999999999914539e+00,1.466518955722437134e+01,4.721026990329159623e-01,7.070554476508174035e-01,6.789466130308909442e+00,6.108436464071376193e-01,-4.370408506547203586e+00,1.759186361808464127e+01,1.141787855662955131e+01,6.671957580803029941e+01,-4.161777347165683972e-04,7.674892257648052691e+02,0.000000000000000000e+00,6.752940609930298876e+01,0.000000000000000000e+00
1.284999999999913989e+00,1.469914299821663661e+01,4.751981670486757903e-01,6.851019590010736238e-01,6.789658630510722048e+00,6.289068303386583514e-01,-4.406307219685968057e+00,4.452987899178730657e+01,2.778753999056465673e+01,1.665327240785345566e+02,-1.242147153186569201e-03,7.662065877210515055e+02,0.000000000000000000e+00,1.688320638361745694e+02,0.000000000000000000e+00
1.289999999999913438e+00,1.473312820408853341e+01,4.784080625199916281e-01,6.629783850914920951e-01,6.805499810259100002e+00,6.520595992402499208e-01,-4.440055778886757842e+00,0.000000000000000000e+00,0.000000000000000000e+00,0.000000000000000000e+00,0.000000000000000000e+00,7.658889444361202550e+02,0.000000000000000000e+00,0.000000000000000000e+00,0.000000000000000000e+00
1.294999999999912887e+00,1.476717990508679890e+01,4.817029523118505074e-01,6.406809768844229369e-01,6.812362669539949067e+00,6.641825328589990862e-01,-4.475153024168815996e+00,2.685148460094494283e+01,1.439273531293941488e+01,9.614904525802205626e+01,-3.703805332408579513e-04,7.654873119119993135e+02,0.000000000000000000e+00,9.797206259651476046e+01,0.000000000000000000e+00
1.299999999999912337e+00,1.480127140033184752e+01,4.850706934856205410e-01,6.182139397406306580e-01,6.823868108311399006e+00,6.810123008170475556e-01,-4.507932634128689386e+00,1.966670954125574866e+01,9.711165509360085935e+00,6.899286462974674805e+01,-4.800088495725924817e-04,7.652186606954971921e+02,0.000000000000000000e+00,7.048012893123443234e+01,0.000000000000000000e+00
1.304999999999911786e+00,1.483540725482196265e+01,4.885157175342608737e-01,5.955862451956229764e-01,6.831560484805353717e+00,6.965635639241497534e-01,-4.540100274893084986e+00,0.000000000000000000e+00,0.000000000000000000e+00,0.000000000000000000e+00,0.000000000000000000e+00,7.648033284943634271e+02,0.000000000000000000e+00,0.000000000000000000e+00,0.000000000000000000e+00
1.309999999999911235e+00,1.486958936652850483e+01,4.920361752370950859e-01,5.727978448944256451e-01,6.838710455318743442e+00,7.095554210862363709e-01,-4.572439134144943296e+00,0.000000000000000000e+00,0.000000000000000000e+00,0.000000000000000000e+00,0.000000000000000000e+00,7.644807186341241731e+02,0.000000000000000000e+00,0.000000000000000000e+00,0.000000000000000000e+00
1.314999999999910685e+00,1.490380748162637303e+01,4.956185823272489799e-01,5.498417023203661103e-01,6.847039120929125922e+00,7.216757707814014378e-01,-4.606834209426089899e+00,9.389131693997290640e+00,3.421932717092583509e+00,3.012850878034415203e+01,-4.643527032129968549e-05,7.642915825604538895e+02,0.000000000000000000e+00,3.113303042378755947e+01,0.000000000000000000e+00
1.319999999999910134e+00,1.493805657366484319e+01,4.992530191354767055e-01,5.267100098100303551e-01,6.852754967257508767e+00,7.313665506735571586e-01,-4.642808373386663412e+00,7.331977626391096514e+00,2.367275330111576093e+00,2.279149179647572510e+01,-5.205498083077396768e-05,7.640811255259898189e+02,0.000000000000000000e+00,2.365449341846343145e+01,0.000000000000000000e+00
1.324999999999909583e+00,1.497232979335101177e+01,5.029302650491812576e-01,5.033923913994459154e-01,6.856483185511543788e+00,7.390028469119610532e-01,-4.681056338742741296e+00,0.000000000000000000e+00,0.000000000000000000e+00,0.000000000000000000e+00,0.000000000000000000e+00,7.638772051929125837e+02,0.000000000000000000e+00,0.000000000000000000e+00,0.000000000000000000e+00
1.329999999999909033e+00,1.500662206487591810e+01,5.066409056953479206e-01,4.798762195441280687e-01,6.859175988045319805e+00,7.442222783393195318e-01,-4.722043184191754506e+00,0.000000000000000000e+00,0.000000000000000000e+00,0.000000000000000000e+00,0.000000000000000000e+00,7.637503879209943989e+02,0.000000000000000000e+00,0.000000000000000000e+00,0.000000000000000000e+00
1.334999999999908482e+00,1.504092310272472233e+01,5.103722393208910413e-01,4.561469379018024406e-01,6.860625495792194606e+00,7.474835512697597384e-01,-4.765767742269149565e+00,6.199479418439911349e+00,1.324463425636472458e+00,1.756146015811246386e+01,-2.454122154352342960e-05,7.636805863195587563e+02,0.000000000000000000e+00,1.847162738802861881e+01,0.000000000000000000e+00
1.339999999999907931e+00,1.507522417026205552e+01,5.141128800933664200e-01,4.321909962878410782e-01,6.859749319017171665e+00,7.483541271787068627e-01,-4.812358496510644734e+00,0.000000000000000000e+00,0.000000000000000000e+00,0.000000000000000000e+00,0.000000000000000000e+00,7.636300185082473035e+02,0.000000000000000000e+00,0.000000000000000000e+00,0.000000000000000000e+00
1.344999999999907381e+00,1.510951567428700137e+01,5.178519633098924713e-01,4.079951968981144761e-01,6.856828324520813034e+00,7.471366588495566008e-01,-4.861416543926964096e+00,0.000000000000000000e+00,0.000000000000000000e+00,0.000000000000000000e+00,0.000000000000000000e+00,7.636003352964494297e+02,0.000000000000000000e+00,0.000000000000000000e+00,0.000000000000000000e+00
1.349999999999906830e+00,1.514378794806785855e+01,5.215812639520436278e-01,3.835487279641437430e-01,6.852314070047935246e+00,7.446745097966723792e-01,-4.912343169208882365e+00,0.000000000000000000e+00,0.000000000000000000e+00,0.000000000000000000e+00,0.000000000000000000e+00,7.635791463235309493e+02,0.000000000000000000e+00,0.000000000000000000e+00,0.000000000000000000e+00
1.354999999999906279e+00,1.517803458224308066e+01,5.252962982028925865e-01,3.588437277008641457e-01,6.846783103141883764e+00,7.416082240821435523e-01,-4.964598752801706816e+00,0.000000000000000000e+00,0.000000000000000000e+00,0.000000000000000000e+00,0.000000000000000000e+00,7.635662558750759672e+02,0.000000000000000000e+00,0.000000000000000000e+00,0.000000000000000000e+00
1.359999999999905729e+00,1.521225255544801591e+01,5.289961971050147760e-01,3.338754372082425870e-01,6.841014548756977121e+00,7.387393293537478645e-01,-5.017460473150996414e+00,0.000000000000000000e+00,0.000000000000000000e+00,0.000000000000000000e+00,0.000000000000000000e+00,7.635577565280332237e+02,0.000000000000000000e+00,0.000000000000000000e+00,0.000000000000000000e+00
1.364999999999905178e+00,1.524644230692956448e+01,5.326853213205225979e-01,3.086429124083148179e-01,6.835016513408594285e+00,7.380767368133194228e-01,-5.070356472278938931e+00,-3.603899722517594455e+02,-1.522322543467668652e+02,3.584010062725424177e+02,-4.615303076675292271e-03,7.630729620760910166e+02,2.080082706893956129e+03,1.964779459147680654e+03,0.000000000000000000e+00
1.369999999999904627e+00,1.528011758780271911e+01,5.361560716536759585e-01,2.834103153757815408e-01,6.665422823952271258e+00,6.419249780632304558e-01,-5.014002369526934899e+00,-7.067987165523805970e+02,-9.840517525473785554e+01,7.027844873546096096e+02,-1.078920305985932998e-02,7.233405484691550100e+02,3.295237024932521763e+03,4.215582853563293611e+03,0.000000000000000000e+00
1.374999999999904077e+00,1.531273431598081736e+01,5.383983240016797511e-01,2.590674432347747080e-01,6.348002708555723572e+00,2.145295997033029312e-01,-4.589159943529724117e+00,-4.200629041174629492e+02,-4.673931926061375179e+02,4.270915577131698228e+03,-1.179920291856989024e-02,6.564272808256205280e+02,4.205906650019827794e+03,6.823785410933181993e+03,0.000000000000000000e+00
1.379999999999903526e+00,1.533953740593803161e+01,5.418533063817383422e-01,2.400984034842983394e-01,4.746876498420045998e+00,8.089122949216830394e-01,-3.153306429132284094e+00,3.429821189873873664e+02,-6.911752004803503269e+02,4.569012602602668267e+03,-1.213946437699592491e-02,4.144204348665223847e+02,7.089112324540987174e+03,7.366775082408808885e+03,1.044735630338280771e+03
1.384999999999902975e+00,1.536302279476525534e+01,5.462217802585620507e-01,2.273726891153978469e-01,4.713260689708556939e+00,8.375355315262856815e-01,-2.195488517681067453e+00,-7.848288169057149162e+02,-5.228139297703410193e+02,2.572865915192971897e+03,-1.241065484824583308e-02,3.497350035665043606e+02,4.712226763965285500e+03,7.822575072618536069e+03,1.270468257652699094e+03
1.389999999999902425e+00,1.538637422028453017e+01,5.497711472462629700e-01,2.174459047179357063e-01,4.645766636828096097e+00,5.917134253886537909e-01,-1.869347328557765975e+00,-3.213524179731672348e+02,-3.867594378009724778e+02,7.054955533590095911e+02,-1.164746623597471414e-02,3.192678172844508140e+02,3.333399240314170129e+03,2.050580011810108772e+03,7.759554874575925396e+02
1.394999999999901874e+00,1.540937469711582430e+01,5.522734086936207376e-01,2.084442017190994145e-01,4.557950806018606471e+00,4.228606252742464489e-01,-1.749747091524463283e+00,-5.153896335864739058e+02,-5.516461659289037698e+02,5.059937171325486815e+02,-9.571748173135616669e-03,3.020523823370152741e+02,3.902395464786158755e+03,2.430574885545399411e+03,1.338173894595962793e+03
1.399999999999901323e+00,1.543152332430232931e+01,5.538079733110892189e-01,2.001052414275517333e-01,4.323231225948162226e+00,1.878414309461921006e-01,-1.606261910780929059e+00,-9.209541706616910233e+02,-9.662848396305727192e+02,5.618457288852307556e+02,-8.063611799478941425e-03,2.760703771245171083e+02,4.463010351083166825e+03,2.485560230394843529e+03,1.843786012351489944e+03
1.404999999999900773e+00,1.545237660242740496e+01,5.538913990165637014e-01,1.924323601016018903e-01,3.918851399049071649e+00,-6.233012368517863028e-02,-1.415664633564759356e+00,-5.159842003155760722e+03,9.151368456466630050e+02,2.892755486490027579e+03,-7.574779530864029185e-03,2.277864503639709426e+02,1.008805099922668524e+04,1.161858947990331581e+04,3.339882606349292473e+03
1.409999999999900222e+00,1.546881343913039508e+01,5.538633994384053461e-01,1.870211389344328956e-01,2.877817868938380208e+00,3.012753253122222447e-02,-8.477682903801433412e-01,-3.806985387014270600e+03,-8.547614193403335321e+02,2.628826495397289364e+03,-1.274062818425777434e-02,1.391379701885672944e+02,1.539176071353129373e+04,9.314142308029955529e+03,5.895108887519906602e+03
1.414999999999899671e+00,1.548105335859354703e+01,5.534729759915882896e-01,1.840392403309973890e-01,2.128925969071918889e+00,-1.721858726544470974e-01,-4.133477298547898471e-01,-2.155316872080590201e+03,-8.351880445839051390e+02,1.388253147057649358e+03,-1.522495422805360613e-02,9.551986775556210318e+01,1.272323486174364916e+04,5.372670999307539205e+03,4.726449021774158609e+03
1.419999999999899121e+00,1.549053891256738957e+01,5.523572379683997502e-01,1.826159797301170895e-01,1.725852379106326051e+00,-2.434457626636358785e-01,-1.961564944206196093e-01,-1.752919851128466917e+03,-9.206839108358162775e+02,8.802417914518000543e+02,-1.549743535585319625e-02,8.084448145365895755e+01,8.547963505412390077e+03,4.741761329169202327e+03,4.580991749783845080e+03
1.424999999999898570e+00,1.549812764516698671e+01,5.509014306893819102e-01,1.820544108762721103e-01,1.363098159416131550e+00,-3.511366453362014806e-01,-4.404158635566408214e-02,-2.043897960644500017e+03,1.231429407508213671e+02,1.103197096046852494e+03,-1.518882590413407271e-02,7.197872670047874522e+01,7.300472358206703575e+03,4.519382562873925053e+03,4.868879567858512019e+03
1.429999999999898019e+00,1.550354820676002632e+01,5.495535824322744789e-01,1.825235540967899972e-01,8.912797956052100901e-01,-2.238257236107319970e-01,1.837447447734381345e-01,-1.255321925943928136e+03,-1.655401444141727723e+02,6.566065366906140071e+02,-1.619130835215819297e-02,5.856659987383618216e+01,6.614785352150092876e+03,3.449371946106151881e+03,3.109353089119473225e+03
1.434999999999897469e+00,1.550727538171339503e+01,5.484386882714931133e-01,1.836719197681929983e-01,6.432202832204287901e-01,-2.181773557207275227e-01,2.539526519303255125e-01,-6.869887872058955054e+02,-4.754340890577294942e+01,2.558335243547941786e+02,-1.781022870641794931e-02,5.443250097555556977e+01,7.304036175670226839e+03,2.154540572715825874e+03,4.705484968525202021e+03
1.439999999999896918e+00,1.551005949546247642e+01,5.473545852598491468e-01,1.849251456104946956e-01,4.986537528520973983e-01,-2.096616209908789552e-01,2.349053882702490936e-01,-4.861673586820145943e+02,2.349414825757105234e+02,4.658678319471508189e+01,-1.936176635936039114e-02,5.304470839409752614e+01,7.257093089705402235e+03,1.927919519564381062e+03,5.859502394460850155e+03
1.444999999999896367e+00,1.551220976982882682e+01,5.462764395014332308e-01,1.859532485104284372e-01,3.716418014732826292e-01,-2.444994837851952318e-01,1.803533067424132053e-01,-3.799089208652294474e+02,-5.419076264952897191e+02,-2.041276994199379260e+02,-2.085065058983810032e-02,5.320525852161424751e+01,6.744767154649540316e+03,0.000000000000000000e+00,8.538043952996838925e+03
1.449999999999895817e+00,1.551373095826719783e+01,5.447999901427593716e-01,1.866479066873769632e-01,2.577334348602169922e-01,-3.307185965694164342e-01,9.510067917681522265e-02,-1.918093288342106462e+02,-2.944030374758111179e+02,-4.299018088163058451e+02,-2.247562342384829340e-02,5.526858918989936598e+01,7.205767266981616558e+03,0.000000000000000000e+00,8.790530285268479929e+03
1.454999999999895266e+00,1.551479127073013231e+01,5.429530363073848953e-01,1.867832802480824950e-01,1.786952628516436659e-01,-4.048592209641979633e-01,-3.431220199469608295e-02,-2.808784725761675531e+02,-5.961481128753574694e+02,-4.273669814979713237e+02,-2.373441925807163663e-02,5.719759892945302937e+01,7.508522747450571842e+03,0.000000000000000000e+00,9.380049007623474608e+03
1.459999999999894715e+00,1.551534942314123100e+01,5.404539714265250705e-01,1.863112287747154261e-01,6.035550720590042439e-02,-5.688685322335916839e-01,-1.495880503406541995e-01,-4.095065206998833673e+02,-6.696580187146372509e+02,-3.846971684796872069e+02,-2.384907818048138603e-02,6.037227342690114540e+01,7.713129248190307408e+03,0.000000000000000000e+00,9.574201614713854724e+03
1.464999999999894165e+00,1.551551656894921827e+01,5.374062955663004848e-01,1.854548134954163707e-01,3.675057228783237123e-02,-6.284642926213022118e-01,-1.663691448025919617e-01,-7.988042100451892225e+01,-3.905398254158535565e+02,3.931709603025365709e+02,-2.437792358977231358e-02,6.067042934921536812e+01,6.395137430080300874e+03,0.000000000000000000e+00,1.187638813931361437e+04
1.469999999999893614e+00,1.551577893399888275e+01,5.342608106513972999e-01,1.847855991557374455e-01,6.324156172226361172e-02,-6.093708070759414897e-01,-1.024991462734911318e-01,1.354498484852790625e+02,5.712823302296433212e+02,4.739708794550639936e+02,-2.503766258119040702e-02,5.892629181081618839e+01,7.492613222821160889e+03,0.000000000000000000e+00,1.296828424053368144e+04
1.474999999999893063e+00,1.551618432537599190e+01,5.313646664568757449e-01,1.844485829622080630e-01,8.700385141463157224e-02,-5.751983905663448082e-01,-4.688411003088932549e-02,2.414508052067278925e+02,6.253114584663485402e+02,3.419090429488691711e+02,-2.593203355606639102e-02,5.668354535798123806e+01,7.824983608995332361e+03,0.000000000000000000e+00,1.301368375522241331e+04
1.479999999999892513e+00,1.551677653789215938e+01,5.286471547722274567e-01,1.843252377715622892e-01,1.438823273066796304e-01,-5.219043422429970880e-01,2.064194470774065662e-03,3.961734636084743215e+02,6.846960054248519327e+02,3.982643932745751272e+02,-2.685504500319810250e-02,5.320668667610228653e+01,7.447907612986360618e+03,0.000000000000000000e+00,1.466915205657157821e+04
1.484999999999891962e+00,1.551777727630695836e+01,5.264023743367535202e-01,1.844178560959108537e-01,2.349927728785789205e-01,-3.987787314192848820e-01,3.564378040007779719e-02,1.540558053891439272e+02,5.959282326737472886e+02,4.660150724334616257e+02,-2.758488748912937480e-02,5.034175172044118796e+01,9.040958518185305365e+03,0.000000000000000000e+00,1.597665141502636288e+04
1.489999999999891411e+00,1.551906130327636824e+01,5.246527284390597456e-01,1.846754700997944310e-01,2.697506915242706138e-01,-3.149553238638234665e-01,6.284013375652093558e-02,6.132240008603093884e+01,4.623867042677121617e+02,4.335586472176271400e+02,-2.782996923271819842e-02,4.867722868387082258e+01,9.236284981831469850e+03,0.000000000000000000e+00,1.635068812179014822e+04
1.494999999999890861e+00,1.552044366289765698e+01,5.232145088841425595e-01,1.850478981109010546e-01,2.797003651114622902e-01,-2.735640252640111347e-01,8.251972392845258186e-02,-5.854327579963978678e+00,2.503483422997212813e+02,3.362526978614247355e+02,-2.785745170395745318e-02,4.831719481170458153e+01,9.419538825720877867e+03,0.000000000000000000e+00,1.649894763438333393e+04
1.499999999999890310e+00,1.552183801172707689e+01,5.219153637829638814e-01,1.854829747140459284e-01,2.766250637063074058e-01,-2.487032361790476598e-01,8.890282728886661490e-02,-3.929110252032097605e+01,2.215246965936810852e+02,2.745545073333613573e+02,-2.791609827183200859e-02,4.825857080659433507e+01,9.133310457452440460e+03,0.000000000000000000e+00,1.702090960030902716e+04
1.504999999999889759e+00,1.552318766112836457e+01,5.207345074276940045e-01,1.858830932079766074e-01,2.630638227351685954e-01,-2.279400531846567657e-01,6.608742574126669211e-02,-7.909874401769843644e+01,9.300077679502163619e+01,8.069028372135528571e+01,-2.805408445005863963e-02,4.852412164907235592e+01,1.000690547332262031e+04,0.000000000000000000e+00,1.625586517181171985e+04
1.509999999999889209e+00,1.552442626136138770e+01,5.196706739298359023e-01,1.861302343900384793e-01,2.353169048797196516e-01,-1.964810818613145493e-01,3.751095829245579966e-02,-1.380076499727194914e+02,1.868184378241500667e+02,1.703973780892285959e+02,-2.830128464056017382e-02,4.909820550057936117e+01,1.064522448841339974e+04,0.000000000000000000e+00,1.624667633634112099e+04
1.514999999999888658e+00,1.552551858537533569e+01,5.188077252688123586e-01,1.862755308874332327e-01,2.078417897775420575e-01,-1.545290931708436788e-01,2.705598218561794041e-02,-1.063992048668669099e+02,4.587256275395829164e+01,1.669554796679117317e+02,-2.825596597630924273e-02,5.004817255957301114e+01,9.462415551578946179e+03,0.000000000000000000e+00,1.761721103493833289e+04
1.519999999999888107e+00,1.552650804561360331e+01,5.181273059360419486e-01,1.863956981309862482e-01,1.856748776774519161e-01,-1.203019055225089812e-01,1.963187069889426109e-02,-1.123324203670324550e+02,6.916474245253846220e+01,1.109408945547793905e+02,-2.798007436519895849e-02,5.137138931682228815e+01,9.863454201181219105e+03,0.000000000000000000e+00,1.802700666380996699e+04
1.524999999999887557e+00,1.552735819406444939e+01,5.176169695412989880e-01,1.864569023609785603e-01,1.741597886312267751e-01,-8.168979951102559034e-02,5.931536320620932855e-03,1.617352728832710795e+02,1.638397665842274762e+02,1.777509376440643791e+02,-2.804266490253540245e-02,5.280861214010255367e+01,9.883186950252771567e+03,0.000000000000000000e+00,1.733126232583308592e+04
1.529999999999887006e+00,1.552831724210512832e+01,5.173496075742638478e-01,1.864445035349408530e-01,1.755580640659382685e-01,-4.280208890268565741e-02,-1.361530667428662890e-02,-3.276541194077378805e+02,1.181046503064784901e+02,1.666534320392529480e+02,-2.823438708714748335e-02,5.485953535067871201e+01,1.125002163467706123e+04,0.000000000000000000e+00,1.889875485741628654e+04
1.534999999999886455e+00,1.552896057528557172e+01,5.171838234498241649e-01,1.863411523015792992e-01,9.351009134719126537e-02,-2.130643065865628696e-02,-2.151725566198091008e-02,-2.513516296796393021e+02,1.760069533936033395e+02,2.622268784334019074e+02,-2.812498404950595013e-02,5.647852622857519833e+01,1.213617961233219285e+04,0.000000000000000000e+00,1.895882640768816418e+04
1.539999999999885905e+00,1.552916071651210039e+01,5.170825792341763316e-01,1.862892161800289992e-01,-2.530220495714606208e-02,-2.830780563785950318e-02,4.256157092142181901e-03,-5.506622572361268340e+02,4.882820285655737536e+01,3.430235180038858971e+02,-2.823546543126203429e-02,5.781756847299130442e+01,1.280221580700661798e+04,0.000000000000000000e+00,1.923393386253860444e+04
1.544999999999885354e+00,1.552866326131142216e+01,5.168978266831997237e-01,1.863615256411444987e-01,-1.500200646643337354e-01,-3.726563255277749037e-02,2.056090684331096999e-02,-3.834486168260852992e+02,1.250379992948391461e+01,2.849854061029949435e+02,-2.852787842562112125e-02,5.828459102820139748e+01,1.329283871913206531e+04,0.000000000000000000e+00,1.930824325053701614e+04
1.549999999999884803e+00,1.552800409433311302e+01,5.168177821674746486e-01,1.864551352317835864e-01,-9.607885438502661302e-02,3.853454529908655665e-03,1.321979346394032070e-02,1.591058192885519702e+02,-1.453112102811710926e+01,9.493935940832102460e+01,-2.821961079015521123e-02,5.759047214862101782e+01,1.170318973169903074e+04,0.000000000000000000e+00,1.849684203140887985e+04
1.554999999999884253e+00,1.552765973533882082e+01,5.169111814324441889e-01,1.864674774703706794e-01,-5.246882462406709385e-02,2.801564813130473855e-02,-6.916611982772918193e-03,-2.651178993918829292e+02,5.405011306027911644e+01,1.153286575327305172e+02,-2.854235225781430463e-02,5.808228706073103353e+01,1.154094512558025235e+04,0.000000000000000000e+00,2.064437421381196691e+04
1.559999999999883702e+00,1.552722196418538836e+01,5.171043925129065189e-01,1.863954790654867577e-01,-1.066385858623869198e-01,5.412220965151687269e-02,-1.928499557460827338e-02,-6.834028179282211113e+01,1.556947153754668989e+02,2.096908653117745871e+02,-2.891093938348406056e-02,5.884347761286139900e+01,1.054804582001033668e+04,0.000000000000000000e+00,2.035267906360429697e+04
1.564999999999883151e+00,1.552665924690854560e+01,5.174477264866722548e-01,1.862875811561547079e-01,-1.137247235941855894e-01,7.547326888021740898e-02,-2.120195942973213468e-02,3.807741905192301601e+01,-6.350602122689672768e+01,1.327889658608136187e+02,-2.935122490842511853e-02,5.952300516293846755e+01,9.583420985674511030e+03,0.000000000000000000e+00,2.100076593240729198e+04
1.569999999999882601e+00,1.552612612252979574e+01,5.178054058042799168e-01,1.861860429257244931e-01,-9.906706909270696082e-02,6.668977346605380052e-02,-1.966086274978340667e-02,9.281645307972127057e+01,-9.738390761831624332e+01,1.440113141349886519e+02,-2.966581319462888514e-02,5.998153412946245311e+01,9.363349411523220624e+03,0.000000000000000000e+00,2.111789124536055533e+04
1.574999999999882050e+00,1.552568850907388764e+01,5.180922299975422307e-01,1.860931053232113552e-01,-7.621534290389378463e-02,4.954264613868263750e-02,-1.640351378997620749e-02,1.313857600161601908e+02,-9.096771468495990121e+01,1.730694339408639735e+02,-2.986982086882385493e-02,6.044696819880486061e+01,9.440679070428666819e+03,0.000000000000000000e+00,2.122005661095300457e+04
1.579999999999881499e+00,1.552533100823495182e+01,5.183100115416244824e-01,1.859892692662163116e-01,-6.608104275743771627e-02,3.823295866295907397e-02,-2.695422788969034297e-02,1.139041394201188382e+02,-7.859921221975525896e+00,2.133547639155996194e+02,-3.012093657005362676e-02,6.088231213685494225e+01,1.071923976705415589e+04,0.000000000000000000e+00,2.086451763700231095e+04
1.584999999999880949e+00,1.552509748746654061e+01,5.184255222624448711e-01,1.858618193245097916e-01,-3.309986811844214255e-02,6.987644183848344855e-03,-2.602341215071238625e-02,1.846821386339951232e+01,-1.840345603744593745e+02,-4.469738132692111776e+01,-3.041711163027186263e-02,6.109823860921657968e+01,8.960324425377000807e+03,0.000000000000000000e+00,2.118707076126924949e+04
1.589999999999880398e+00,1.552493881344516247e+01,5.183806945083782036e-01,1.856796609214140525e-01,-2.657842744555428613e-02,-1.874996916126987420e-02,-4.259175566526272882e-02,1.877566365830313089e+02,-8.157720123726832639e+00,3.088029772599493299e+02,-3.070372308776872852e-02,6.117289148786818487e+01,1.130007186019268738e+04,0.000000000000000000e+00,2.003645554632031781e+04
1.594999999999879847e+00,1.552491319210293419e+01,5.181980904788413556e-01,1.854885931269190380e-01,7.626262763758670862e-03,-5.258343518475406403e-02,-3.808192393716013785e-02,8.069168714566404788e+01,-6.536318974702166429e+01,1.870049516747884581e+02,-3.095896877123444427e-02,6.124188196107191828e+01,1.146671429330148567e+04,0.000000000000000000e+00,2.070811960021674167e+04
1.599999999999879297e+00,1.552503525810616303e+01,5.178889830790014415e-01,1.853225874619533198e-01,3.787821316939551930e-02,-7.022959874834207306e-02,-3.043089311455784290e-02,2.753213180766745722e+02,-1.636744263461303035e+02,2.380834925566125548e+02,-3.123521607010471338e-02,6.127530168605894545e+01,1.113617132792849225e+04,0.000000000000000000e+00,2.164342920501727349e+04
1.604999999999878746e+00,1.552534864403467019e+01,5.175098292761539653e-01,1.852201007915284803e-01,7.868624829101596163e-02,-7.768294697284348904e-02,-1.264105696254218258e-02,1.170925997313091216e+02,1.813358615650429329e+00,2.960765791549150663e+02,-3.149936519190065648e-02,6.134880832347788981e+01,1.242722097184558334e+04,0.000000000000000000e+00,2.146333289595505630e+04
1.609999999999878195e+00,1.552580132311519989e+01,5.170960124498145127e-01,1.851785062425248818e-01,1.029705373944145019e-01,-8.777825494626197156e-02,-3.341643867450650850e-03,2.425418961681543806e+00,4.304242899017267376e+01,1.517335317418063596e+02,-3.176232697170038033e-02,6.153696036654109491e+01,1.284525343547904049e+04,0.000000000000000000e+00,2.190503304875920730e+04
1.614999999999877645e+00,1.552633623538327257e+01,5.166245433516356567e-01,1.851663207964952818e-01,1.150199125991627075e-01,-1.039014395792629969e-01,2.651305560167033486e-03,1.872770622902689297e+02,-2.230074412418796896e+02,2.145279769398646295e+02,-3.208307068492253361e-02,6.181206886257802324e+01,1.171321437368148509e+04,0.000000000000000000e+00,2.182600539173171637e+04
1.619999999999877094e+00,1.552695508615843778e+01,5.160566818006019352e-01,1.851886112029284548e-01,1.334360704139982423e-01,-1.192819394356613022e-01,6.149044043765734303e-03,1.271801468603890726e+02,-4.009012933405566059e+01,2.732618851272223992e+02,-3.247637970636704785e-02,6.239005349629018582e+01,1.311944504895753926e+04,0.000000000000000000e+00,2.171009411952760274e+04
1.624999999999876543e+00,1.552765177618760006e+01,5.154328682013276097e-01,1.851942598498507175e-01,1.406130427105648506e-01,-1.315464341319240449e-01,-5.266475748458189152e-03,1.211565276499034667e+02,-1.883680868427549910e+02,1.353443223171536829e+02,-3.292821599371642538e-02,6.320806667731246620e+01,1.233834678847298710e+04,0.000000000000000000e+00,2.185872367834482066e+04
1.629999999999875993e+00,1.552838348351355435e+01,5.147622943647937044e-01,1.851620076650542790e-01,1.502257876630898048e-01,-1.327465740006895378e-01,-4.743529576866653205e-03,-6.978403035937310506e+01,5.199421289252819633e+01,1.316391102969303688e+02,-3.337604877121547881e-02,6.407946151779731281e+01,1.366894513913629635e+04,0.000000000000000000e+00,2.183716907895441182e+04
1.634999999999875442e+00,1.552910803299155873e+01,5.141068170525716630e-01,1.851165929057435877e-01,1.432849264562757186e-01,-1.288593342127388464e-01,-9.296322312742851673e-03,-1.114803478815684912e+02,7.652650663584802260e+01,1.304573137957244739e+02,-3.385906511742398095e-02,6.490551441551487244e+01,1.397743237075852812e+04,0.000000000000000000e+00,2.230513751852173300e+04
1.639999999999874891e+00,1.552979371538336117e+01,5.134723221464860821e-01,1.850370454816598620e-01,1.361024548102481302e-01,-1.244493036207992426e-01,-1.836839322161488985e-02,4.258844921912213977e+00,-2.423765369169240103e+01,2.157115063547330180e+02,-3.434255377053217068e-02,6.571247099603473885e+01,1.447511831438814988e+04,0.000000000000000000e+00,2.336857176235778024e+04
1.644999999999874341e+00,1.553044235601652723e+01,5.128718306143774663e-01,1.849308403614121077e-01,1.187993265806584209e-01,-1.138046906300582833e-01,-2.470634293695873548e-02,-1.523203937835431816e+02,-5.169682488379635288e+01,4.996799806778335551e+01,-3.479466484584909508e-02,6.655200157774891068e+01,1.499591341107430526e+04,0.000000000000000000e+00,2.309137322136722287e+04
1.649999999999873790e+00,1.553094025446890036e+01,5.123144013839348032e-01,1.847513598868764928e-01,8.349209405845324505e-02,-1.112410601982162101e-01,-4.225578273414059421e-02,-1.762197816595431732e+02,1.160003830640279716e+02,1.427220663513345755e+02,-3.528860346912277013e-02,6.745028395409593713e+01,1.488078759633089430e+04,0.000000000000000000e+00,2.427694526793067416e+04
1.654999999999873239e+00,1.553127597694088635e+01,5.117731827653937415e-01,1.845154696900544178e-01,4.853584062412587274e-02,-1.030767577250546740e-01,-5.858870462495567588e-02,-1.024992896496655703e+02,7.734665245027173341e+00,2.808213285878889565e+01,-3.580048307701870491e-02,6.829575396141551380e+01,1.569168290533797699e+04,0.000000000000000000e+00,2.335856718984038525e+04
1.659999999999872689e+00,1.553143633862845441e+01,5.112383053459714777e-01,1.841374131494789845e-01,1.612926904117797586e-02,-1.085993552616260488e-01,-8.873558847098937663e-02,-2.998928314186514399e+01,-5.244200723037181433e+01,4.547131835311039083e+01,-3.635686597347058402e-02,6.908538560430507403e+01,1.486272645689621459e+04,0.000000000000000000e+00,2.433124079718446956e+04
1.664999999999872138e+00,1.553153944091405592e+01,5.106973051118586238e-01,1.836436418815615146e-01,3.155421409958217294e-02,-1.128491335548465063e-01,-1.034834453701412998e-01,1.653436134613505146e+02,-1.445624430813940080e+02,2.033097001107115602e+02,-3.692873078395095265e-02,6.972694347912151613e+01,1.410940795053093098e+04,0.000000000000000000e+00,2.531449005305337050e+04
1.669999999999871587e+00,1.553177320420942742e+01,5.101044953006115268e-01,1.831201092961933785e-01,5.446207406834011749e-02,-1.207095007551688692e-01,-1.064243565060038893e-01,8.355648170415520326e+00,1.143064406931353005e+02,2.630575621592010407e+02,-3.738922477473743955e-02,7.059621429358382727e+01,1.543927669323889859e+04,0.000000000000000000e+00,2.612944961113493264e+04
1.674999999999871036e+00,1.553205890086563379e+01,5.095269009654825876e-01,1.826207255135147423e-01,5.867544894985941839e-02,-1.127668918288346339e-01,-9.568983212760683033e-02,1.409757072466334193e+01,-2.857986372785228468e+01,1.618120166674595168e+02,-3.781592235279939568e-02,7.152721147960745895e+01,1.527175214513808169e+04,0.000000000000000000e+00,2.634265611427159092e+04
1.679999999999870486e+00,1.553237147577336863e+01,5.089239290198608323e-01,1.821458478850186136e-01,6.970127773829888629e-02,-1.258879249279183654e-01,-9.337905115255491773e-02,9.325488228087749576e+00,5.159672061707789226e+01,2.423433799133799766e+02,-3.823984146374436593e-02,7.257439437623706624e+01,1.694493509407209422e+04,0.000000000000000000e+00,2.623901463539330507e+04
1.684999999999869935e+00,1.553276718007128032e+01,5.082666201095140668e-01,1.816969108888117079e-01,8.852571669403740129e-02,-1.359244489924872068e-01,-8.752799636827504615e-02,1.867788086118623596e+02,-1.030809658701326157e+02,1.044411149190913761e+02,-3.865957496565892298e-02,7.357095592302160014e+01,1.573253772309921260e+04,0.000000000000000000e+00,2.688140847152186689e+04
1.689999999999869384e+00,1.553326850949395421e+01,5.074541122493492207e-01,1.811835512151886984e-01,1.043221805230258870e-01,-1.875054137945366128e-01,-1.162525804403926888e-01,1.684553527045572423e+02,-1.334686475790908844e+01,1.397329913530290924e+02,-3.909946691184885970e-02,7.495278542688022583e+01,1.682524496323900894e+04,0.000000000000000000e+00,2.638281861596924864e+04
1.694999999999868834e+00,1.553389681476363293e+01,5.064333429765937034e-01,1.805913670560544693e-01,1.369215850641767596e-01,-2.267511959856621517e-01,-1.134276377122688667e-01,6.405444016060641843e+01,-1.054415276068444882e+02,2.392089348381275613e+02,-3.963554432725487076e-02,7.628142109059955089e+01,1.706058915356839861e+04,0.000000000000000000e+00,2.692556291741522364e+04
1.699999999999868283e+00,1.553464755882030346e+01,5.051862318141081554e-01,1.800597398568558882e-01,1.647767267945199898e-01,-2.671582210575530469e-01,-1.020588299672123417e-01,8.530278627560960558e+01,-4.474560076177363044e+02,1.630500077203337241e+02,-4.040715439934695202e-02,7.816811954904187587e+01,1.596952483229332029e+04,0.000000000000000000e+00,2.796406603311520666e+04
1.704999999999867732e+00,1.553553623857126276e+01,5.036920088958262154e-01,1.795709055345931782e-01,1.864928225308338239e-01,-3.116859395290409451e-01,-9.568577535495491337e-02,3.118928995019218746e+02,-2.357337740502061365e+02,1.089138033372264545e+02,-4.130762792799654026e-02,8.069621679012213633e+01,1.562502854088668391e+04,0.000000000000000000e+00,2.888604902773219146e+04
1.709999999999867182e+00,1.553654076559975650e+01,5.020515561569248719e-01,1.791138852467558107e-01,2.060140491322260681e-01,-3.344837215236596273e-01,-8.920494857892140306e-02,2.007695654194709505e+02,1.631733893023289284e+02,1.819507475286321210e+02,-4.226106160741113088e-02,8.351011673528397239e+01,1.883218280998608680e+04,0.000000000000000000e+00,2.892521410354176260e+04
1.714999999999866631e+00,1.553766729097380939e+01,5.003306488813175079e-01,1.786981062969849599e-01,2.403908758397345080e-01,-3.603190784858183449e-01,-7.415421626653087572e-02,3.502187393276002467e+02,-3.049028819057606370e+02,1.364608492560190598e+02,-4.329166145990035602e-02,8.677015533982240925e+01,1.785797130432345875e+04,0.000000000000000000e+00,2.955968757388565427e+04
1.719999999999866080e+00,1.553876035230712027e+01,4.981765642338880085e-01,1.784104257227656365e-01,1.304449263474585508e-01,-5.133008958024961599e-01,-2.132561715415900311e-02,-5.943801674581975476e+02,-6.295878364545112618e+02,2.605661116187322932e+02,-4.517987039890769552e-02,9.133950937999264852e+01,1.888676387326868644e+04,0.000000000000000000e+00,2.704587361226635403e+04
1.724999999999865530e+00,1.553903762073098704e+01,4.953289757276223004e-01,1.783978559748790604e-01,4.251329922461621197e-02,-5.517010260874235517e-01,5.937712605733279012e-03,7.022555063109886078e+02,1.020175355856760461e+03,6.996427427344889338e+02,-4.525064648629414238e-02,9.175095418171720496e+01,1.735551336559218907e+04,0.000000000000000000e+00,3.154956015836361985e+04
1.729999999999864979e+00,1.553964131960944428e+01,4.931140117108870902e-01,1.785201480760987836e-01,1.649354320392542317e-01,-3.706231903349588852e-01,3.991973294274462486e-02,1.259563449301288074e+02,6.496507466577763807e+02,4.010160683477345174e+02,-4.455191119070485428e-02,8.908852848192090335e+01,1.783486342269351735e+04,0.000000000000000000e+00,3.077827633734727715e+04
1.734999999999864428e+00,1.554058119895881163e+01,4.916382495289186028e-01,1.787364415400472528e-01,1.979797554680441662e-01,-2.411603585854867338e-01,4.376055027933571651e-02,2.435370797783741637e+01,3.548587567135757581e+02,2.609552246292378186e+02,-4.444256036010451466e-02,8.893872003500284507e+01,1.835613902572092775e+04,0.000000000000000000e+00,3.138861508785294791e+04
1.739999999999863878e+00,1.554128259837520076e+01,4.906101030316943334e-01,1.790177362561400087e-01,8.371757506223023726e-02,-1.834106201404213654e-01,6.758731793440643509e-02,-3.516368057393789286e+02,-3.515218248222595321e+02,-2.699053955639328706e+00,-4.524550783717990604e-02,8.876398163630339866e+01,2.082711527381870110e+04,0.000000000000000000e+00,3.235677256806753576e+04
1.744999999999863327e+00,1.554152355950927955e+01,4.895443534791457108e-01,1.792935155832627303e-01,2.238009798081290469e-02,-2.297160789479471554e-01,4.433104925606697749e-02,-2.833196898287292242e+02,-1.505593523911525438e+02,8.482943302694184240e+01,-4.454266092485947848e-02,8.860979809294452991e+01,2.064545122600985269e+04,0.000000000000000000e+00,3.297585452027043357e+04
1.749999999999862776e+00,1.554153590593191225e+01,4.883844781413591019e-01,1.794786725332945532e-01,-6.571232447022048485e-03,-2.263502022683384907e-01,3.272213731062723063e-02,-2.619495864894105353e+02,-5.771271260108498780e+00,7.070016762651061981e+01,-4.469336460919050291e-02,8.836036492058963177e+01,2.092224339483810400e+04,0.000000000000000000e+00,3.326157393242178659e+04
1.754999999999862226e+00,1.554141621513249838e+01,4.874342198698248252e-01,1.796199584959733697e-01,-5.343906461162581042e-03,-1.472142871991078683e-01,2.268090800001188942e-02,1.331109873957771015e+02,1.283302750776437762e+01,5.646227376704814560e+01,-4.444168233355073883e-02,8.786717928988247195e+01,1.564050077560983846e+04,0.000000000000000000e+00,3.114455647938978655e+04
1.759999999999861675e+00,1.554143191736444152e+01,4.868419129525647371e-01,1.796635828089505893e-01,-4.077588669765293966e-02,-8.892542841417441779e-02,5.856714963762414336e-03,-8.635712456939054391e+02,-2.296712280784886389e+02,-3.699484711639537409e+02,-4.454342651505335121e-02,8.777552524688950086e+01,2.343001455424461165e+04,0.000000000000000000e+00,2.833101815525921847e+04
1.764999999999861124e+00,1.554083345066424293e+01,4.861917295369702630e-01,1.794938831407238145e-01,-1.605715326016569355e-01,-1.548463008112664074e-01,-4.144477339517604192e-02,-3.136293376709425047e+02,-1.199775970421966207e+02,2.772946570209899164e+02,-4.419663590435653211e-02,8.753480743836792044e+01,2.085273647749130396e+04,0.000000000000000000e+00,3.295014995347323566e+04
1.769999999999860574e+00,1.553994110209642798e+01,4.854004921204398415e-01,1.793033678388415153e-01,-1.603686968691269699e-01,-1.498374307740640010e-01,-4.340724017894550396e-02,1.242591417442849888e+02,3.197830503044453110e+01,1.950644783845693837e+02,-4.377195957685529881e-02,8.687642449687139390e+01,1.585172066658812582e+04,0.000000000000000000e+00,3.072535375939927690e+04
1.774999999999860023e+00,1.553895416734205348e+01,4.846388223701322828e-01,1.791096733016548648e-01,-2.314848787138163166e-01,-1.828244992903879929e-01,-3.514719424281866761e-02,-3.729841185110847164e+02,-3.411541939048983068e+02,2.338291515661339872e+02,-4.334884361057533136e-02,8.602130027821628744e+01,1.961288601099853258e+04,0.000000000000000000e+00,3.423814650753253954e+04
1.779999999999859472e+00,1.553775055345405676e+01,4.836317919219200734e-01,1.789320402061733151e-01,-2.040675082613720992e-01,-1.873452071607488723e-01,-4.096267958714844976e-02,-3.902600031625024712e+01,1.174515350862035348e+02,2.543205168838685495e+02,-4.280786491176394315e-02,8.453772312103254194e+01,1.840512234478275786e+04,0.000000000000000000e+00,3.593423108565915027e+04
1.784999999999858922e+00,1.553673775739957819e+01,4.827163478512402350e-01,1.788185220525509711e-01,-1.789020823785410219e-01,-1.731482371451064373e-01,-1.486605401094843321e-02,5.869299375337101310e+02,1.408196344757823226e+01,2.651116480749237780e+01,-4.222848285800785695e-02,8.311295500088186827e+01,1.610992232961489026e+04,0.000000000000000000e+00,3.393338646484813216e+04
1.789999999999858371e+00,1.553606925952631101e+01,4.819160219080147467e-01,1.787418629531766501e-01,-1.092965522469391410e-01,-1.583655982108885252e-01,-1.367319531626780271e-02,-1.912793846329782355e+01,-1.141750274417958053e+02,2.370776714257063986e+02,-4.190171712822492872e-02,8.247488729416582487e+01,1.777411423087807270e+04,0.000000000000000000e+00,3.666250941107307881e+04
1.794999999999857820e+00,1.553569016215002563e+01,4.811280236020342715e-01,1.786718078274275034e-01,-3.141815189148252502e-02,-1.315014266019862987e-01,-2.395881646746533464e-02,1.218827039640611929e+02,3.395288921448415067e+02,1.256806635440974560e+02,-4.151663578603211752e-02,8.238816777844392902e+01,1.754357446451017677e+04,0.000000000000000000e+00,3.717353983309688192e+04
1.799999999999857270e+00,1.553559067934923554e+01,4.806033992337211957e-01,1.785169991274539458e-01,-1.206114472714278803e-02,-9.303577786536046390e-02,-3.736222810963160668e-02,1.037979588548205356e+02,1.612079765438315917e+02,1.611268231961914807e+02,-4.133355282493741956e-02,8.261318461791594814e+01,1.650109525466586274e+04,0.000000000000000000e+00,3.726027425338759349e+04
1.804999999999856719e+00,1.553558630175031574e+01,4.801920645563340639e-01,1.783107382775812322e-01,8.467786116866984555e-03,-7.578730791227936137e-02,-4.163584901106314601e-02,9.943602829965777801e+01,8.646385866326863834e+01,2.117435985114891537e+02,-4.126533693792752699e-02,8.276529168789230084e+01,1.692434470479876472e+04,0.000000000000000000e+00,3.742644768927784025e+04
1.809999999999856168e+00,1.553565534251608860e+01,4.798111604068366898e-01,1.781174364286824685e-01,1.871531910640799115e-02,-7.077146688103215511e-02,-3.424843462089043056e-02,-6.442592270309319247e+01,6.194159796453539002e+01,2.259505313590010473e+02,-4.100301041706419514e-02,8.300998840352953323e+01,1.808243386528712654e+04,0.000000000000000000e+00,3.781796601914324128e+04
1.814999999999855618e+00,1.553573254614829757e+01,4.795047775894664688e-01,1.779611534274114504e-01,9.009032819651709503e-03,-5.358048090133464558e-02,-3.033780839280145886e-02,-1.080005020925141253e+02,7.046365906660605560e+01,2.275117171194364118e+02,-4.099296831573461669e-02,8.337715957735281336e+01,1.869198773838815760e+04,0.000000000000000000e+00,3.821581878074027918e+04
1.819999999999855067e+00,1.553572591694644167e+01,4.792724464139658802e-01,1.778216046981513920e-01,-1.362102791346528688e-02,-3.917495689807494463e-02,-2.601913609986989187e-02,-1.001859070125990456e+02,8.740533043049890694e+01,2.237273907774051622e+02,-4.091639410280242112e-02,8.376695190650482914e+01,1.848229021062070751e+04,0.000000000000000000e+00,3.849230185148688906e+04
1.824999999999854516e+00,1.553558601163934938e+01,4.791442663194769858e-01,1.776888024658475895e-01,-3.906108832304050482e-02,-1.525305550341372017e-02,-2.756661969900962503e-02,-1.402825435777024268e+02,-9.806955734720418150e+00,1.994369508791768340e+02,-4.084085839572575150e-02,8.402846341784814399e+01,1.887816390862742992e+04,0.000000000000000000e+00,3.951080830455966498e+04
1.829999999999853966e+00,1.553533923315023735e+01,4.791197964019592304e-01,1.775671460833491144e-01,-5.685874349195252364e-02,5.437689964418951707e-03,-2.334766347774050455e-02,-8.834517077179452826e+01,5.123197429827030192e+01,1.792334160634859472e+02,-4.168501164713566548e-02,8.419291346826156541e+01,1.756510155651647437e+04,0.000000000000000000e+00,4.063285806190567382e+04
1.834999999999853415e+00,1.553514038830417654e+01,4.791722696567302098e-01,1.774552520821950918e-01,3.320701734837320021e-03,1.165808131329666014e-02,-2.418779078588298090e-02,-3.958702511066769603e+01,4.570570361956265515e+01,2.189052996523253114e+02,-4.281965196004645924e-02,8.427069275290986639e+01,1.672715639642045790e+04,0.000000000000000000e+00,4.109630033046516473e+04
1.839999999999852864e+00,1.553511508356079673e+01,4.792417036873864444e-01,1.773625358179446443e-01,-1.154944863839849588e-02,1.711393615845746910e-02,-1.658277852491830962e-02,-7.251975524845306609e+00,2.145475601673433630e+01,2.130702716540275787e+02,-4.342974044778367265e-02,8.448952510484930656e+01,1.722941205420705228e+04,0.000000000000000000e+00,4.026576500811919686e+04
1.844999999999852314e+00,1.553506168953056132e+01,4.793333294112253617e-01,1.772950281374431614e-01,-6.927060393935307626e-03,1.753307544765570977e-02,-1.092383296629703508e-02,4.974317879181114677e+01,2.052036024769415690e+01,1.992892522537483728e+02,-4.373888626985460854e-02,8.432411718679360035e+01,1.761386175062093025e+04,0.000000000000000000e+00,4.010621253675514890e+04
1.849999999999851763e+00,1.553505214245405952e+01,4.794173227328225595e-01,1.772489727392394521e-01,1.996883748292795427e-03,1.539519297174837646e-02,-7.222863160463993161e-03,4.565783992285332715e+00,-1.777520829051979945e+01,1.511569324266213243e+02,-4.383881600420286295e-02,8.358919770681318084e+01,1.833964195540504807e+04,0.000000000000000000e+00,4.032028729038971505e+04
1.854999999999851212e+00,1.553504994804940509e+01,4.794822069983926127e-01,1.772049012570942328e-01,-4.471126467089726018e-03,1.184045486064349943e-02,-1.077751657649765084e-02,-2.509097669986954315e+01,2.965411871177479952e+00,1.989864256587392219e+02,-4.385838274503247453e-02,8.277318336863639558e+01,1.733063647930793013e+04,0.000000000000000000e+00,4.034201486142523936e+04
1.859999999999850662e+00,1.553502787753136261e+01,4.795435178258653508e-01,1.771540269365702580e-01,-1.689347826778910856e-03,1.178134001069120612e-02,-9.296229976103428591e-03,1.888784641267227471e+01,-5.784973773102365158e+00,1.723776581504614569e+02,-4.387621600171674047e-02,8.205889320648412877e+01,1.814009452556833276e+04,0.000000000000000000e+00,4.046973560850534705e+04
1.864999999999850111e+00,1.553499385460258431e+01,4.796122509212257246e-01,1.770907030074124200e-01,-2.205614429684977368e-02,1.482425346839946409e-02,-2.008975568216077312e-02,-2.705123482914781334e+02,-2.927669018486392361e+01,8.475976613835121043e+01,-4.386973293533420054e-02,8.135274563220960431e+01,1.815252489809547478e+04,0.000000000000000000e+00,4.053708396369339607e+04
1.869999999999849560e+00,1.553481923809914989e+01,4.796479032118636798e-01,1.770036237429067627e-01,-3.309342740282190248e-02,-1.832152100630520929e-03,-5.399084478603093963e-03,1.207955788891869133e+02,2.853145108549870201e+01,1.668004871101307458e+02,-4.418850790321623978e-02,8.078252719551396410e+01,1.857626639674582475e+04,0.000000000000000000e+00,4.071772281759953330e+04
1.874999999999849010e+00,1.553470830417905546e+01,4.796744688373917320e-01,1.769665204467884001e-01,-1.592477304671212693e-02,1.004036902811486325e-02,-9.217408827421594633e-03,1.386617528363626661e+01,3.340355357954013016e+01,1.851643565946359331e+02,-4.432324762817900499e-02,8.000228208487830273e+01,1.915209213538057156e+04,0.000000000000000000e+00,4.066648473969487532e+04
1.879999999999848459e+00,1.553461823852855694e+01,4.797475593339029509e-01,1.769073010141793689e-01,-2.606084128851433521e-02,1.831670888183808965e-02,-1.579513209058997641e-02,-2.803913542950821238e+02,4.101025936578980691e+01,8.302098295863572730e+01,-4.440587053646026516e-02,7.937362539042261744e+01,1.971479096584727813e+04,0.000000000000000000e+00,4.167629622081917478e+04
1.884999999999847908e+00,1.553445496316567365e+01,4.798444046903243554e-01,1.768246651182461548e-01,-3.233580363862150614e-02,1.727087056446513502e-02,-1.248550027814829613e-02,3.224847837389108918e+01,1.546232612089454506e+01,1.838919508874471944e+02,-4.458067623862704831e-02,7.884534574196437973e+01,1.951211309376764984e+04,0.000000000000000000e+00,4.122760393243096041e+04
1.889999999999847358e+00,1.553435989197326350e+01,4.799047616095024615e-01,1.767662212186554005e-01,-1.278368058719786884e-02,9.496627031438239705e-03,-1.423427850574254111e-02,2.967434257236845951e+00,-3.061810590770858198e+01,1.639165743448967874e+02,-4.468982597861242273e-02,7.817116736551389522e+01,1.942885868061801375e+04,0.000000000000000000e+00,4.127812606927011075e+04
1.894999999999846807e+00,1.553429416117874418e+01,4.799395653831453057e-01,1.766781937798659885e-01,7.799823890968176189e-04,4.651052111184571887e-04,-1.471875296407401668e-02,2.168980885443182842e+02,2.173232769406422449e+01,2.141486013340020804e+02,-4.491975101302922435e-02,7.755372544291961390e+01,1.813508206906211853e+04,0.000000000000000000e+00,4.178832451286066498e+04
1.899999999999846256e+00,1.553432216281659706e+01,4.799237449301547165e-01,1.766097346826973336e-01,-2.854651376403335734e-03,-1.282264451970691575e-02,-9.023592757346893950e-03,1.728881151996260996e+02,7.528890083421447343e+01,2.043522173585882911e+02,-4.516315114965271243e-02,7.675958469117166771e+01,1.798051952882688056e+04,0.000000000000000000e+00,4.226984624318783608e+04
1.904999999999845706e+00,1.553431200399812617e+01,4.799027909639128064e-01,1.765418600426358620e-01,4.224286849730455110e-03,2.590564587729714350e-03,-1.437755011081860886e-02,-1.057912270973105251e+02,-1.315584440742782135e+01,1.914305680071050233e+02,-4.549809847479281688e-02,7.595631871103078936e+01,1.883008698919930612e+04,0.000000000000000000e+00,4.225937242861020059e+04
1.909999999999845155e+00,1.553428309013101227e+01,4.799417438274743986e-01,1.764410498794202753e-01,-9.144549044414937086e-03,9.566451266650436228e-03,-2.520792065383788833e-02,-3.623988876651391138e+02,-7.841029392335201464e+00,1.050375375670359404e+02,-4.582740135918319385e-02,7.531958097536951868e+01,2.057017801360062731e+04,0.000000000000000000e+00,4.211769892197316949e+04
1.914999999999844604e+00,1.553418130644856987e+01,4.799643440229962033e-01,1.763067747986065414e-01,-2.200904614828143660e-02,6.141401146811949208e-03,-2.819654633915267064e-02,1.203542695178578015e+02,3.323477222908559270e+01,1.597234162506884445e+02,-4.619804540011469840e-02,7.460953272625089028e+01,1.900190043106612939e+04,0.000000000000000000e+00,4.404069896620225336e+04
1.919999999999844054e+00,1.553405684370751594e+01,4.800226550449148144e-01,1.761451834843391628e-01,-3.350987816916562584e-02,1.533788996444870184e-02,-3.562271173759671422e-02,1.397351178890086203e+02,5.440799421104577505e+01,1.703130032746600762e+02,-4.645392892819231317e-02,7.394889338333362616e+01,1.981552910710737706e+04,0.000000000000000000e+00,4.471087178511143429e+04
1.924999999999843503e+00,1.553388989990414260e+01,4.800803688594956764e-01,1.759738800891475774e-01,-3.611168739032718372e-02,1.293764428449538893e-02,-3.330663197418783777e-02,-6.195578168698125410e+01,4.327983659671531314e+01,2.314586518672775810e+02,-4.671418746577284120e-02,7.339369810314657627e+01,1.873150655191296391e+04,0.000000000000000000e+00,4.358418502858199645e+04
1.929999999999842952e+00,1.553369363969873618e+01,4.801579594315901756e-01,1.758171663986966282e-01,-4.207732234189036358e-02,1.168492087772297384e-02,-2.694174686543506642e-02,-5.645315713378522560e+00,6.691912832562252333e+00,1.741466529304679511e+02,-4.688622995531410709e-02,7.298385358673873213e+01,2.037671817917523367e+04,0.000000000000000000e+00,4.482536702332392451e+04
1.934999999999842402e+00,1.553348284720659223e+01,4.802344631239094386e-01,1.756819996622596969e-01,-4.209189959107160345e-02,1.812028222319517212e-02,-2.618436126403709402e-02,6.697594718745983755e+01,1.277382290499895134e+01,2.273147517423908255e+02,-4.701955490263954457e-02,7.258502924491045860e+01,1.806662591293907462e+04,0.000000000000000000e+00,4.326476160124193848e+04
1.939999999999841851e+00,1.553328141441512855e+01,4.803283610491229649e-01,1.755596654040350868e-01,-3.743638159539716681e-02,1.897448824059349073e-02,-2.313223406992767628e-02,1.104804237881626250e+02,-1.772728740756039088e+02,2.227408649208954898e+02,-4.715513528432759699e-02,7.231096410926701878e+01,2.175339056542746766e+04,0.000000000000000000e+00,4.520212035479932092e+04
1.944999999999841300e+00,1.553309385047589686e+01,4.804118856958669026e-01,1.754650613443014540e-01,-3.657130198702893131e-02,2.110818337962567376e-02,-1.945833653940395175e-02,8.925283686805306615e+01,-4.726941564352415526e+01,1.456863713773354618e+02,-4.730942791148116250e-02,7.197159962766433239e+01,1.991654669628792908e+04,0.000000000000000000e+00,4.467254300860752846e+04
1.949999999999840750e+00,1.553297331363955536e+01,4.805375711356256740e-01,1.753444453415309856e-01,-1.683253971699173041e-02,2.926811763699303098e-02,-2.720065300980232734e-02,5.907592590387145037e+01,-5.847456041293145290e+01,1.609544302897001558e+02,-4.745599247148967609e-02,7.189065812477825546e+01,2.089128359453138546e+04,0.000000000000000000e+00,4.429125808987216442e+04
1.954999999999840199e+00,1.553287722378929026e+01,4.806456310752142969e-01,1.752387604847404079e-01,-2.047786478319523623e-02,1.430054215516851808e-02,-1.521029101084805067e-02,9.451836982262005904e+01,-5.521026267036825175e+01,1.254428625997837230e+02,-4.760826620435434225e-02,7.192415927718455748e+01,2.117054831597371594e+04,0.000000000000000000e+00,4.456125559125845029e+04
1.959999999999839648e+00,1.553279332732516416e+01,4.807187656641040974e-01,1.751522928506029086e-01,-1.380643674156369072e-02,1.248073481831067470e-02,-1.919949665497650698e-02,1.177576985993346170e+02,-1.263589159767371370e+02,1.415949363407014800e+02,-4.773612025190473312e-02,7.188591592713441969e+01,2.013689883821494732e+04,0.000000000000000000e+00,4.584110094620734162e+04
1.964999999999839098e+00,1.553276973227604962e+01,4.807206745776886336e-01,1.751067144409464704e-01,-4.264295937105133487e-03,8.929951682122837806e-05,-1.079528596797170448e-02,4.169598385766363435e+01,3.507819075446423085e+01,2.070517711367054687e+02,-4.761958721942786965e-02,7.179370915323019631e+01,1.886623197208724014e+04,0.000000000000000000e+00,4.453731481785963842e+04
1.969999999999838547e+00,1.553274825468460563e+01,4.807363543183587606e-01,1.750481690039399907e-01,-7.779542196911314045e-03,6.695911080371459191e-03,-1.316639438940992932e-02,-3.391840757091057412e+01,6.379320053187558415e+01,2.361085747173478921e+02,-4.754226039953617783e-02,7.172765326301843913e+01,1.977208312066349026e+04,0.000000000000000000e+00,4.434847457357044186e+04
1.974999999999837996e+00,1.553271466919489185e+01,4.807682748337274714e-01,1.749790546623043730e-01,-1.003002614346871005e-02,5.669193114580846002e-03,-1.806777278203967538e-02,-5.151250483479958575e+01,5.377552454525880421e+01,2.092525899250420025e+02,-4.756317714074007053e-02,7.168030938152277542e+01,2.016948313990826136e+04,0.000000000000000000e+00,4.458880238960649149e+04
1.979999999999837446e+00,1.553266964590644328e+01,4.807953119615987481e-01,1.748813979101231375e-01,-3.701810251228536061e-03,-2.074016396899545055e-03,-2.198754562817046079e-02,-7.411706748808632028e+01,6.576484867041892812e+01,1.527284590440316094e+02,-4.758066648494359285e-02,7.173445436141217613e+01,2.247567453409849259e+04,0.000000000000000000e+00,4.574480712371881964e+04
1.984999999999836895e+00,1.553263221508920644e+01,4.808129312722045356e-01,1.747462363063707058e-01,4.648927737452025408e-03,8.089104936464490761e-03,-3.199857610257662854e-02,-4.890575146860214772e+01,-1.125021198312293791e+02,2.227256498839457208e+02,-4.769836215126706941e-02,7.177980197106462867e+01,2.333387235303378111e+04,0.000000000000000000e+00,4.657284235353393888e+04
1.989999999999836344e+00,1.553265086171147047e+01,4.807751615882529528e-01,1.746217282566135953e-01,5.742584635835458300e-03,-5.526184059918450367e-03,-2.586753995928511157e-02,-1.065530400500807673e+02,7.483043520052120812e+01,1.409453254487879690e+02,-4.768098024707717597e-02,7.185940115243673176e+01,2.253643826029800402e+04,0.000000000000000000e+00,4.578763563857205008e+04
1.994999999999835794e+00,1.553262295650235814e+01,4.807721537870291439e-01,1.744720924295444786e-01,-1.112868828905995769e-02,1.658376497888943866e-03,-3.147438487168432303e-02,-1.033415176647400813e+01,-1.446052920330868687e+02,2.159449725864267009e+02,-4.770426371447294284e-02,7.195976053060405775e+01,2.316341506025044873e+04,0.000000000000000000e+00,4.698693633271474391e+04
1.999999999999835243e+00,1.553256765894372826e+01,4.807313779849681779e-01,1.743472486912775177e-01,-1.127106119301027505e-02,-4.263343039931864406e-03,-2.157156479191849052e-02,-5.361547721784739906e+01,3.827201646553390901e+01,1.529134439527418579e+02,-4.770025763166346050e-02,7.169495554086196876e+01,2.255863041136398897e+04,0.000000000000000000e+00,4.618068674766860204e+04
2.004999999999836913e+00,1.553252223144314392e+01,4.807260449635786803e-01,1.742146952217564493e-01,8.817001945358927950e-03,-3.767134021494509839e-04,-2.531298312575067447e-02,1.953750795127990614e+01,-6.269804243823216439e+00,2.224427140693092042e+02,-4.772625664976522242e-02,7.166257696759073781e+01,1.877106851206978536e+04,0.000000000000000000e+00,4.656810652747245331e+04
2.009999999999838582e+00,1.553252790442884645e+01,4.807109898390672376e-01,1.740975123973246830e-01,1.009600640207254977e-04,-8.563671609918596661e-03,-1.878355973246081251e-02,8.806037660543381662e+01,-5.328576477165313463e+01,1.641854430215763330e+02,-4.773375601506372329e-02,7.183653896055733412e+01,2.151288931313012654e+04,0.000000000000000000e+00,4.742679212326163542e+04
2.014999999999840252e+00,1.553251992842682938e+01,4.806658909152355941e-01,1.740165475098492953e-01,-1.695770311049689134e-03,-6.985870379341368140e-03,-1.453132525593137103e-02,-5.413716086144512474e+01,7.363783140815405659e+01,2.379074435891020300e+02,-4.774938872291939473e-02,7.174003325373318773e+01,2.026196069941013047e+04,0.000000000000000000e+00,4.585796377838504122e+04
2.019999999999841922e+00,1.553250969757465327e+01,4.806399732099045918e-01,1.739503350336818466e-01,1.660578952369743625e-03,-5.881083836099552931e-03,-1.061188263309868936e-02,-5.899525879324681910e+01,6.569301686822302599e+01,2.356186842283665897e+02,-4.777702248798190721e-02,7.165485563620623566e+01,2.036490479646433960e+04,0.000000000000000000e+00,4.605899570761608629e+04
2.024999999999843592e+00,1.553251468693576065e+01,4.806164152286444002e-01,1.739012673245118323e-01,2.861577003100307902e-03,-4.288729435596782408e-03,-7.174285068167897406e-03,-1.788748603552858185e+01,2.154598902183005293e+01,1.982509867120499507e+02,-4.780843304660471055e-02,7.161648629816798461e+01,1.951453636180992544e+04,0.000000000000000000e+00,4.666581519180536270e+04
2.029999999999845262e+00,1.553252714174454141e+01,4.805944876142994593e-01,1.738641618014038770e-01,6.301885765404902778e-03,-5.302053127643010892e-03,-4.454191558978639991e-03,-7.328986703583728968e+01,6.421192824038882918e+01,2.291570375085907756e+02,-4.783320839717390693e-02,7.157044568975142340e+01,2.055453964273686870e+04,0.000000000000000000e+00,4.641228287803347484e+04
2.034999999999846931e+00,1.553253543777832135e+01,4.805809952426848830e-01,1.738378178637627336e-01,-1.720379677236210866e-03,-9.213134282142821686e-04,-6.310185024413780298e-03,1.143883434006806965e+02,-6.155395858648216745e+01,1.973793816333341624e+02,-4.786904695300975288e-02,7.156996690998234101e+01,1.925608793639719079e+04,0.000000000000000000e+00,4.760184069014040870e+04
2.039999999999848601e+00,1.553255103878464283e+01,4.805678656149879324e-01,1.738225217277215018e-01,-5.584529288670737239e-04,-1.447428389193497261e-03,-5.628893196141364699e-03,-1.728834389730741350e+01,1.693865578979836073e+01,1.966538005039987809e+02,-4.787437854742516985e-02,7.157571378274937501e+01,1.971242508007840661e+04,0.000000000000000000e+00,4.702875237975546042e+04
2.044999999999850271e+00,1.553254418840348272e+01,4.805608760333285323e-01,1.737990894414998266e-01,7.807250804119940726e-03,-1.164829785968239488e-02,4.128080606136298389e-03,-9.243335713557883082e+01,9.445914155893387942e+01,2.134325710762011852e+02,-4.794047320288934155e-02,7.156691840379778569e+01,2.072340804006552935e+04,0.000000000000000000e+00,4.679618257172041922e+04
2.049999999999851941e+00,1.553253971809724376e+01,4.805339906743779643e-01,1.737904348011143352e-01,-6.933292875835495028e-03,-6.076956756265916755e-04,-4.643902636345083497e-03,-7.155633551467769848e+01,5.952419839943195257e+01,2.190332853750424249e+02,-4.797989830577545356e-02,7.146066073692432497e+01,2.100300093155809736e+04,0.000000000000000000e+00,4.655501624861932214e+04
2.054999999999853610e+00,1.553254449626775902e+01,4.805218336901712628e-01,1.737905083182141042e-01,4.610716893288418876e-03,-3.834933273554729221e-03,4.717177766579412710e-04,-3.908018611998568304e+01,1.410310723505114083e+01,1.673572431229045776e+02,-4.802417798110657221e-02,7.143363417280562544e+01,2.367107852488267599e+04,0.000000000000000000e+00,4.734855098919560987e+04
2.059999999999855280e+00,1.553257328903579371e+01,4.805085880873826709e-01,1.738039573798873805e-01,8.801389575851560620e-03,-2.914252766768155034e-03,5.053656140470977852e-03,-5.628246623322570485e+01,8.541418689138822629e+00,1.503233815419340544e+02,-4.807266663568920267e-02,7.145756410428838024e+01,2.377767696280722157e+04,0.000000000000000000e+00,4.740332942306844052e+04
2.064999999999856950e+00,1.553260446922292637e+01,4.804972499061431201e-01,1.738171452803017880e-01,1.109747626465221355e-02,-3.302998953029026054e-03,5.922644663677980106e-03,-8.036612954062229619e+01,5.192698391998942498e+01,2.112808106200732254e+02,-4.812126616724311107e-02,7.148896067917885944e+01,2.153825174385565333e+04,0.000000000000000000e+00,4.671085878627472266e+04
2.069999999999858620e+00,1.553263415388089719e+01,4.804891128942715972e-01,1.738299829105613703e-01,4.562236508824391371e-03,-6.283648199181870184e-04,2.132984853186452139e-03,-6.942351322269308866e+01,4.940509389333510626e+01,2.124745419918885716e+02,-4.816342830493448857e-02,7.156597269529969196e+01,2.147317318521127891e+04,0.000000000000000000e+00,4.677879372608623089e+04
2.074999999999860290e+00,1.553265277059823291e+01,4.804898194838081449e-01,1.738399785923729624e-01,3.696942701723014701e-03,-3.593224067997003856e-06,1.609661125911094996e-03,2.759718095488090626e+02,-1.366463010550471893e+02,1.993911320302775607e+02,-4.820366535939168279e-02,7.167438929896492539e+01,1.888845366510165695e+04,0.000000000000000000e+00,4.721908173801673547e+04
2.079999999999861959e+00,1.553267328945551462e+01,4.804902665206195467e-01,1.738489045656352594e-01,-2.094635832366717725e-03,2.599843133370287156e-03,-1.418695598575844255e-03,-4.966664246690942264e+01,3.291241620350319863e+00,1.516874790138664935e+02,-4.823281089193211246e-02,7.178793870337884186e+01,2.431151992029285611e+04,0.000000000000000000e+00,4.767345387400325126e+04
2.084999999999863629e+00,1.553268303060941946e+01,4.804983925051468652e-01,1.738536436060670876e-01,-7.627304643629992083e-04,2.786466350177001141e-03,-3.944092564644575516e-04,-2.238693392956218986e+01,-8.925932749984269776e+00,1.473022410286882291e+02,-4.824593547275386057e-02,7.187496903224985090e+01,2.444883755075340014e+04,0.000000000000000000e+00,4.775444633760820579e+04
2.089999999999865299e+00,1.553269979031393611e+01,4.804961199371767799e-01,1.738500892468963221e-01,9.998136465485420524e-03,-4.152310749787673991e-03,1.712720532006998609e-03,-4.867754803416801224e+01,6.445779904420703588e+00,1.538378027585416987e+02,-4.831722096092157942e-02,7.196542787136233699e+01,2.450799703883914117e+04,0.000000000000000000e+00,4.788341985291706806e+04
2.094999999999866969e+00,1.553274516491377355e+01,4.804620640274530619e-01,1.738543712008608910e-01,1.238859843601729585e-02,-9.106989405661427422e-03,2.810322621048225514e-03,-6.836459269278429929e+01,6.263808824011476872e+01,2.142225975845494190e+02,-4.837487628843078341e-02,7.196811315450972302e+01,2.180317082422240856e+04,0.000000000000000000e+00,4.728468901036716852e+04
2.099999999999868638e+00,1.553278714285499973e+01,4.804313521356518013e-01,1.738566204341576715e-01,1.225160238892650938e-02,-7.094954322243258657e-03,1.996492369586116804e-03,1.533688992984608035e+02,-1.123669651204209288e+02,1.471507624587696910e+02,-4.845659886095967511e-02,7.197626241133602321e+01,2.277661913090060261e+04,0.000000000000000000e+00,4.875601030713126966e+04
2.104999999999870308e+00,1.553283937030131945e+01,4.804010468732970440e-01,1.738591802539333764e-01,4.253754624838003602e-03,-2.532552758430260849e-03,-1.812901027068401132e-03,-6.732614226314217376e+01,5.132730397058014660e+01,2.130127084956310455e+02,-4.851841580257246905e-02,7.199688210605036431e+01,2.193269097438323297e+04,0.000000000000000000e+00,4.746146302555791772e+04
2.109999999999871978e+00,1.553287491036902956e+01,4.803865678694985153e-01,1.738582896300144842e-01,5.133652848060070786e-03,-1.371387709327927078e-03,-5.095906924356658580e-04,-6.182845820470544140e+01,9.517077688124516044e+00,1.531516639115916973e+02,-4.857103249545204754e-02,7.202151318354671616e+01,2.468532378435863211e+04,0.000000000000000000e+00,4.826459864540499257e+04
2.114999999999873648e+00,1.553288561346825958e+01,4.803878639628438862e-01,1.738490994223568509e-01,1.401366158909207651e-03,1.580546184506944176e-03,-1.088543611324876764e-03,-7.255329625145816408e+01,4.966288886050324436e+01,2.086218753238577222e+02,-4.864168568284036459e-02,7.203549451755549171e+01,2.203648724325489820e+04,0.000000000000000000e+00,4.765660509347008337e+04
2.119999999999875318e+00,1.553289773174397048e+01,4.803945227846822541e-01,1.738457412760124887e-01,2.629950657190177968e-03,1.207327100521335839e-03,-7.031910143372276231e-04,-6.423098093838092382e+01,9.874462140329967497e+00,1.530936489157058702e+02,-4.866189534142915940e-02,7.206803724143102841e+01,2.478642320328576534e+04,0.000000000000000000e+00,4.842853141816288553e+04
2.124999999999876987e+00,1.553288337118481266e+01,4.803978504576417730e-01,1.738306345278132492e-01,-4.984445338000970636e-03,6.874417754934585185e-04,-4.825997015734793082e-03,-5.928482427828163281e+01,5.115145654723249891e+01,2.164713265600548766e+02,-4.875474359338657221e-02,7.200077596517404288e+01,2.238434133859822759e+04,0.000000000000000000e+00,4.781411433186152135e+04
2.129999999999878657e+00,1.553289156567673146e+01,4.803950048079891344e-01,1.738269701487563657e-01,9.835527233295702360e-04,3.385966887391025156e-04,-1.408777550036877753e-03,1.437898646713572361e+02,-6.396292014308528451e+01,1.594683031341911601e+02,-4.878364122405635939e-02,7.196698633024261937e+01,2.356950911756565256e+04,0.000000000000000000e+00,4.856279027414492884e+04
2.134999999999880327e+00,1.553294814486472042e+01,4.803719891309772838e-01,1.738325030769848345e-01,2.400139870603328063e-02,-8.936648326846168347e-03,6.978400332745871709e-03,-2.841174822776338260e+01,3.546043018855277751e+01,2.151581149688232415e+02,-4.889000798641469220e-02,7.199661470004750186e+01,2.147240062923630103e+04,0.000000000000000000e+00,4.779863017784575641e+04
2.139999999999881997e+00,1.553308251278366647e+01,4.803158762838934948e-01,1.738683772671196781e-01,2.770988478567513319e-02,-1.176504939013904398e-02,7.452655264138352553e-03,4.476786928741239535e+01,-1.266499633060533370e+01,1.884054577748711665e+02,-4.896697671563342985e-02,7.208310350371763775e+01,2.083649556318086979e+04,0.000000000000000000e+00,4.822109605598594499e+04
2.144999999999883666e+00,1.553324308145650434e+01,4.802455999357319594e-01,1.739183961319878124e-01,3.069228652127880749e-02,-1.660572867191494745e-02,1.054877239749189843e-02,-7.823701648058920455e+01,5.172615916052495777e+01,1.932070703351961924e+02,-4.903411149103423239e-02,7.222364939095643876e+01,2.163250169720533449e+04,0.000000000000000000e+00,4.802056916281154554e+04
2.149999999999885336e+00,1.553337956697691169e+01,4.801734086558591130e-01,1.739544746811457765e-01,3.078562587084302665e-02,-1.529593192398710950e-02,7.764454104292072868e-03,2.114919330409626923e+02,-8.029918594831929113e+01,2.170340270035420360e+02,-4.914757613458373836e-02,7.226959170960290635e+01,2.025880161003569810e+04,0.000000000000000000e+00,4.842488134623874794e+04
2.154999999999887006e+00,1.553351647363542121e+01,4.801113176323049125e-01,1.739879846141437203e-01,2.514466417725728584e-02,-1.248431056644902504e-02,3.263248345297701733e-03,-8.198050156844516323e+01,1.075911010253207678e+01,1.511042893779581959e+02,-4.921806482540410504e-02,7.237617232476219442e+01,2.464861542619351530e+04,0.000000000000000000e+00,4.900884343374709715e+04
2.159999999999888676e+00,1.553363486719793585e+01,4.800468522790296566e-01,1.740147702593516921e-01,2.682909451292068981e-02,-1.399250319374525410e-02,8.002868001332964776e-03,-1.137639777098286231e+02,7.489517025498167868e+01,1.960057665216057785e+02,-4.927871870910641161e-02,7.241344745459883825e+01,2.202002630564670108e+04,0.000000000000000000e+00,4.846201810094247048e+04
2.164999999999890345e+00,1.553372367940145793e+01,4.800005597414853664e-01,1.740290765003486562e-01,1.203713494324092949e-02,-5.041512550791549252e-03,7.458476316329320501e-04,2.120093292779404237e+01,-3.764114906656175208e+00,1.800757342765996327e+02,-4.920980923254923700e-02,7.236537654231634065e+01,2.130889262657047584e+04,0.000000000000000000e+00,4.907741752190947591e+04
2.169999999999892015e+00,1.553386793968767066e+01,4.799650257739840886e-01,1.740256707569666217e-01,3.227213513273560763e-02,-1.534622603245842931e-02,5.117661595810290339e-04,-7.549747047951433387e+01,-4.333831494333111323e+01,2.637433483591015602e+02,-4.914081322294430731e-02,7.271139224971523163e+01,2.266966524929013758e+04,0.000000000000000000e+00,4.954877089793741470e+04
2.174999999999893685e+00,1.553399967812603677e+01,4.798683984302409278e-01,1.740393645024914671e-01,2.290216896880433936e-02,-1.396942993433994071e-02,2.886289213063722263e-03,-9.782865053518384002e+01,8.644561486113332194e+01,2.001200984234666009e+02,-4.912458358137618275e-02,7.265518222704169204e+01,2.243064856451578817e+04,0.000000000000000000e+00,4.857693554432081146e+04
2.179999999999895355e+00,1.553415233945581164e+01,4.798156965041248667e-01,1.740291139592502478e-01,3.011093699394797388e-02,-1.024417369778958878e-02,-4.842930040116276251e-03,1.644499347934277012e+02,-5.883766524725112390e+01,2.139594408069896474e+02,-4.909781754108148710e-02,7.296172306722095868e+01,2.106388903844755623e+04,0.000000000000000000e+00,4.902652206208449206e+04
2.184999999999897025e+00,1.553428000814366605e+01,4.797575484240236277e-01,1.740213422187602554e-01,2.149948075843299833e-02,-1.105344920979356438e-02,-9.130741195676760113e-04,-4.355277432199045506e+00,-2.026695389782520351e+01,1.150248915004303427e+02,-4.902985388006927264e-02,7.315017649706030056e+01,2.470550196216577024e+04,0.000000000000000000e+00,4.954974941132048843e+04
2.189999999999898694e+00,1.553436003056674686e+01,4.797225350219260775e-01,1.740048019023331949e-01,1.674260635921813803e-02,-4.994727719582987835e-03,-1.505458489485302868e-03,-5.508374498850622558e+01,6.883099462858638162e+00,1.488223401861189927e+02,-4.893872499841513818e-02,7.319537478414953569e+01,2.559736021672414790e+04,0.000000000000000000e+00,4.922896024655150541e+04
2.194999999999900364e+00,1.553441264970868119e+01,4.796999228988443886e-01,1.739700510907391251e-01,6.003210448268465026e-03,-3.090632450001381919e-03,-1.192317123029872777e-02,-2.002850878253472047e+02,7.355393020830058504e+01,1.907212849102758412e+02,-4.892520584767507535e-02,7.316278214423984139e+01,2.190162990401735442e+04,0.000000000000000000e+00,4.822907604978817835e+04
2.199999999999902034e+00,1.553442069128386649e+01,4.797134669034266996e-01,1.739044642195064216e-01,9.172945866376675916e-05,5.043802724645400984e-03,-1.472912841313763800e-02,7.041764353984865465e+01,-4.538073194393246013e+01,1.670996240356003568e+02,-4.880455985831157889e-02,7.307027015303980022e+01,2.678925738967033249e+04,0.000000000000000000e+00,4.877398504744855745e+04
2.204999999999903704e+00,1.553448683864122692e+01,4.796746883333297684e-01,1.738249494879742230e-01,3.227662028101650066e-02,-1.237893000313487930e-02,-2.269472589284353414e-02,-2.101577675019033222e+02,1.766686077289339210e+02,2.215738543941629928e+02,-4.873250127981835350e-02,7.335342327930673889e+01,2.494828500875024110e+04,0.000000000000000000e+00,4.770758063804884296e+04
2.209999999999905373e+00,1.553449803429411702e+01,4.796141215887902987e-01,1.737184147299815351e-01,-1.606594415421098293e-02,-8.494281346199512861e-03,-2.689426314664592269e-02,-4.909192397334686575e+01,8.274556594161163048e+01,1.459501438314658230e+02,-4.860786466693274577e-02,7.366154425848564813e+01,2.793365468852108461e+04,0.000000000000000000e+00,4.841856977506686962e+04
2.214999999999907043e+00,1.553435245256799391e+01,4.796327131513573039e-01,1.735717769297401569e-01,-3.879159750216661096e-02,1.420959835049576472e-02,-2.960914048429986317e-02,-2.124715432776141597e+02,1.229458687167524431e+02,2.036431198948427550e+02,-4.849480195126108784e-02,7.364636997136199170e+01,2.348490149161837326e+04,0.000000000000000000e+00,4.839229634806768445e+04
2.219999999999908713e+00,1.553403568344306329e+01,4.797601749908690372e-01,1.733587828392278707e-01,-8.348730815001413619e-02,3.495322123865626102e-02,-5.382109538574796070e-02,-1.715051582420068144e+02,1.199068104259692404e+02,1.707211502481146113e+02,-4.839195861094281598e-02,7.358431286559462592e+01,2.310920368504818907e+04,0.000000000000000000e+00,4.939376679442922614e+04
2.224999999999910383e+00,1.553351545622802909e+01,4.800102438055672271e-01,1.730611420425988423e-01,-1.163865771497361729e-01,5.954175092356954468e-02,-6.075852110937507433e-02,-1.294621250201927296e+02,-7.467061548412686989e+00,1.080894620635535830e+02,-4.842501666923424569e-02,7.340955471090649098e+01,2.345233922834732948e+04,0.000000000000000000e+00,5.020941102661401237e+04
2.229999999999912053e+00,1.553285766287818070e+01,4.803445242853780495e-01,1.727269277098375244e-01,-1.432479805458410915e-01,7.383618501833870418e-02,-6.948369509295269919e-02,1.900725956852368199e+02,-8.201227966914984790e+01,1.989469353911479175e+02,-4.841622703361303515e-02,7.318504297746882514e+01,2.444181290535796506e+04,0.000000000000000000e+00,4.942985947622612002e+04
2.234999999999913722e+00,1.553239310971342668e+01,4.806346991155073800e-01,1.724248931328888068e-01,-7.721822513022932877e-02,4.125473768081652087e-02,-4.793703870050487759e-02,6.911376662378745550e+01,-9.315031333253648427e+01,3.505585053160704092e+02,-4.846590641716410491e-02,7.358437987450309947e+01,2.236492655718482274e+04,0.000000000000000000e+00,4.984248868072715413e+04
2.239999999999915392e+00,1.553207511182497669e+01,4.807221243933533783e-01,1.722531364837903423e-01,-5.568129677152904716e-02,1.331472433795832973e-02,-3.123291333627973773e-02,1.937821458949399585e+02,-6.592616184757832798e+01,1.761646639106720613e+02,-4.846707389574050895e-02,7.371928158428926281e+01,2.383447709534805836e+04,0.000000000000000000e+00,5.101523647715219704e+04
2.244999999999917062e+00,1.553188166383042557e+01,4.807564186361288905e-01,1.721227609019122251e-01,-3.366795857865358815e-02,6.714594519145418439e-03,-2.476694085125537639e-02,1.951060546531949740e+02,-9.167430617944987148e+01,1.701426920859512393e+02,-4.851811547243770756e-02,7.405525941052857775e+01,2.297381524578612516e+04,0.000000000000000000e+00,5.122957376535413641e+04
2.249999999999918732e+00,1.553173153622414127e+01,4.807519630973051128e-01,1.720112788020488337e-01,-3.248212629568097976e-02,-3.280878946465142030e-03,-2.235792217950690122e-02,1.507759087570226484e+02,-9.375527248918444911e+01,1.703587203090278308e+02,-4.869903028563881547e-02,7.447303065321951010e+01,2.176107659611188137e+04,0.000000000000000000e+00,5.234791352496926265e+04
2.254999999999920401e+00,1.553161912562248759e+01,4.807284010309502698e-01,1.719301704051360014e-01,-9.854445032951374139e-03,-9.674224181323208549e-03,-9.480005916126287360e-03,6.100890056914232673e+01,1.153079548809790822e+01,2.205903098172412911e+02,-4.880484938013550378e-02,7.497711870023681513e+01,2.172230328323694994e+04,0.000000000000000000e+00,5.233736749605270597e+04
2.259999999999922071e+00,1.553158118754335248e+01,4.806864073407990934e-01,1.718901139985157533e-01,-1.087931093756027388e-02,-6.327406171789562439e-03,-9.625942722322564787e-03,-9.361164752939237133e+01,4.945304908580584424e+01,1.978117785279709437e+02,-4.881564345255744869e-02,7.553938655394664181e+01,2.625593413196561960e+04,0.000000000000000000e+00,5.323097945004980284e+04
2.264999999999923741e+00,1.553148415626483470e+01,4.806801257322499410e-01,1.718265688596613550e-01,-2.087717235324124121e-02,2.394279569044370189e-04,-1.377883603822349819e-02,3.267114132015910855e+01,-3.206662178359533755e+01,1.501315901629087648e+02,-4.895589539040857280e-02,7.598788496639107848e+01,2.661156961652984683e+04,0.000000000000000000e+00,5.408711909736270172e+04
2.269999999999925411e+00,1.553144432250850748e+01,4.806591139876829621e-01,1.717909584310626236e-01,-1.669852857432725180e-03,-4.903226038972319407e-03,-2.514610222275607231e-03,3.564227475432380743e+01,-1.198963257354640746e+02,1.157130851645811163e+02,-4.914378746878850929e-02,7.644125976654025578e+01,2.711847315177179189e+04,0.000000000000000000e+00,5.419587350581641658e+04
2.274999999999927081e+00,1.553143318888212221e+01,4.806186456500581294e-01,1.717652693972869515e-01,-6.703413491081412594e-03,-5.742691502212066493e-03,-7.462799726310908981e-03,1.494157224177446039e+02,-4.272891424234737201e+01,2.370818182758196713e+02,-4.936884867175576896e-02,7.694822060780556683e+01,2.289838966480188174e+04,0.000000000000000000e+00,5.167837630456293846e+04
2.279999999999928750e+00,1.553144779407426057e+01,4.805751771158757180e-01,1.717573007962912290e-01,4.661547025725811498e-03,-9.365669874128887407e-03,-3.028665410636227216e-04,-4.752585089119480699e+01,1.554105373051115180e+01,1.865029712177676515e+02,-4.936215224718050465e-02,7.751162196878520660e+01,2.224534034326370602e+04,0.000000000000000000e+00,5.504180315915946267e+04
2.284999999999930420e+00,1.553144807780488001e+01,4.805350065195855280e-01,1.717460682141995210e-01,-1.334832927743329848e-03,-7.468631139939557219e-03,-3.028838520024714539e-03,6.104851335906590748e+01,-4.360203496079233787e+01,1.551592107160412581e+02,-4.933649290542892196e-02,7.789568280380395038e+01,2.284792976534708941e+04,0.000000000000000000e+00,5.581561857622430398e+04
2.289999999999932090e+00,1.553144463901644023e+01,4.804960327001837062e-01,1.717305077938703350e-01,-1.090416523279248468e-04,-8.895132443233658148e-03,-3.371117865207781585e-03,3.356270881463908040e+01,-1.078068999015735585e+01,1.758794774382489550e+02,-4.939589279828628804e-02,7.819488458870833369e+01,2.242812908725288071e+04,0.000000000000000000e+00,5.576922376331658597e+04
2.294999999999933760e+00,1.553144334133799909e+01,4.804590490415163728e-01,1.717159388168302270e-01,-2.632750821421848074e-04,-6.347904169522316890e-03,-2.344494292089224254e-03,-6.113783132524616803e+00,-2.385127303405170096e+00,1.945464542129414269e+02,-4.943308341928048105e-02,7.838443779132794020e+01,2.281799684390692346e+04,0.000000000000000000e+00,5.599636727531288489e+04
2.299999999999935429e+00,1.553144573309741006e+01,4.804259412140454710e-01,1.717056849990326595e-01,3.384556793607642429e-04,-6.065970971084169196e-03,-1.617008834865248839e-03,-8.048639974656254026e+00,-2.958294257634548785e+00,1.938487261399338877e+02,-4.941581930832333186e-02,7.851766106933872891e+01,2.289069279844828270e+04,0.000000000000000000e+00,5.611632717875184608e+04
2.304999999999937099e+00,1.553144731811304347e+01,4.803933866695292432e-01,1.716994874127912851e-01,1.683532301333082355e-03,-7.469199666373211970e-03,-8.912622705769491713e-04,1.134565203566467062e+01,8.025564495114701913e+01,2.697473846238930832e+02,-4.943301385424718475e-02,7.866642154623977490e+01,2.406398746777925408e+04,0.000000000000000000e+00,5.294468214878649451e+04
2.309999999999938769e+00,1.553144513442589769e+01,4.803623379765295520e-01,1.716919592424440699e-01,-2.223095171736997038e-03,-6.144540996832571766e-03,-2.413545696704461063e-03,3.852756553535948569e+01,-4.002488844332580697e+01,1.582432521072527720e+02,-4.940905363760370733e-02,7.881387391153265298e+01,2.133175827876049152e+04,0.000000000000000000e+00,5.646939533274362475e+04
2.314999999999940439e+00,1.553143622532761725e+01,4.803308335621673253e-01,1.716813776949380477e-01,-3.906935426308825315e-03,-4.693557260880603689e-03,-2.814451419961183816e-03,2.201104702060712270e+01,-2.312901987214999622e+01,1.638636509068896316e+02,-4.942458272899594857e-02,7.892867592915925457e+01,2.098159071387514996e+04,0.000000000000000000e+00,5.636262067801631201e+04
2.319999999999942109e+00,1.553141377400910805e+01,4.803082076345022156e-01,1.716657065907291058e-01,-5.916390913902128124e-03,-4.551893483941880925e-03,-3.636781158719030495e-03,-1.034924028156018494e+01,2.087848033599989606e+01,2.103271791243263920e+02,-4.939508464703604856e-02,7.914070851402846074e+01,2.282946365529845571e+04,0.000000000000000000e+00,5.611587274791816890e+04
2.324999999999943778e+00,1.553138817019748785e+01,4.802890826386362333e-01,1.716515255566111176e-01,-2.478468880147997617e-03,-4.902449246078695311e-03,-1.991848906509380204e-03,-2.883478334429148049e+01,-1.182735709993676210e+01,1.799666488185418700e+02,-4.932505476931581256e-02,7.939660823356537378e+01,2.153268932253654566e+04,0.000000000000000000e+00,5.695614927011523832e+04
2.329999999999945448e+00,1.553135653363667323e+01,4.802657173910488964e-01,1.716337601584075612e-01,-5.091526664773835670e-03,-5.378942270155187555e-03,-3.088750108582798051e-03,4.836523857368956669e+01,-3.785672107012209153e+01,1.597750647964839459e+02,-4.926996655244394313e-02,7.967612117983603071e+01,2.182461851623039183e+04,0.000000000000000000e+00,5.723077676149572653e+04
2.334999999999947118e+00,1.553132658853559001e+01,4.802419303675929396e-01,1.716186893624502274e-01,-7.235625526716710047e-03,-3.719574416846442577e-03,-3.185510398301359680e-03,5.635362504362674940e+01,-4.168992058726641403e+01,1.579984633376710690e+02,-4.934915020486464049e-02,7.992393533114544368e+01,2.196264432229842350e+04,0.000000000000000000e+00,5.737320855799753190e+04
2.339999999999948788e+00,1.553130467503461887e+01,4.802240094511420754e-01,1.716089609857126552e-01,-1.633363912677118432e-03,-4.607079324157362446e-03,-1.239643431874432825e-03,-2.853738140987758243e+01,-6.575509582036346501e+00,1.795984737848261261e+02,-4.936387838911594772e-02,8.016491161202878857e+01,2.187473316106277707e+04,0.000000000000000000e+00,5.741951089563910500e+04
2.344999999999950457e+00,1.553128841940103300e+01,4.801999315681444447e-01,1.715997233349329520e-01,-1.958983664620837176e-03,-6.212320159770751658e-03,-2.270995918316522262e-03,-2.639812914890482887e+01,4.145294084243371913e+01,2.254222282649088243e+02,-4.936363065129972805e-02,8.042175524856794766e+01,2.319515224786540057e+04,0.000000000000000000e+00,5.658668832769686560e+04
2.349999999999952127e+00,1.553125879502294993e+01,4.801863209300587521e-01,1.715821145576068574e-01,-3.259892278858098416e-03,-3.166982540702290277e-03,-2.705662280531965017e-03,-6.554503888519778343e+01,4.223374137989156907e+01,2.005812963098849480e+02,-4.935917157272258493e-02,8.069636910687390241e+01,2.176202925893477004e+04,0.000000000000000000e+00,5.703472757135391294e+04
2.354999999999953797e+00,1.553122299856271127e+01,4.801759044853808889e-01,1.715611023313453609e-01,-6.444182920338666076e-03,-2.463697382321984770e-03,-3.827550316198233705e-03,4.900741913615266299e+01,-3.210193829133316967e+01,1.663151801579282960e+02,-4.937170799910164942e-02,8.098763055072627992e+01,2.239682569033583422e+04,0.000000000000000000e+00,5.787958087679372693e+04
2.359999999999955467e+00,1.553118406625488035e+01,4.801615423098987701e-01,1.715365920807792599e-01,-1.081148699840317473e-02,-3.200940043749246188e-03,-6.852512908468113076e-03,-3.932257695839913936e+01,-6.866407729423778505e+01,1.968234435860665599e+02,-4.934123416012766578e-02,8.141339812748256577e+01,2.431562737155138529e+04,0.000000000000000000e+00,5.717205649081583397e+04
2.364999999999957137e+00,1.553112163539836033e+01,4.801319600604648796e-01,1.715112090178376181e-01,-1.658400403732023659e-02,-4.625493050216851129e-03,-5.391464510655509523e-03,-1.465862820123419397e+01,-6.364162853332879877e+01,1.854006007381373706e+02,-4.933162939053177543e-02,8.204793578614277294e+01,2.456516065656731371e+04,0.000000000000000000e+00,5.755722155618362012e+04
2.369999999999958806e+00,1.553104207323220010e+01,4.801009471298168796e-01,1.714844648315035358e-01,-1.818668128235651285e-02,-3.615184915518526894e-03,-7.401107948473732365e-03,-3.294487523825142716e+01,2.136963642842658828e+01,1.689401657869507574e+02,-4.933428562161688152e-02,8.274704756418370266e+01,2.103283341477976865e+04,0.000000000000000000e+00,5.825628275496253627e+04
2.374999999999960476e+00,1.553094939588766721e+01,4.800876907779134672e-01,1.714347826780926176e-01,-1.827943597750849095e-02,-2.310149918861649151e-03,-1.117236701481015039e-02,7.814995380964057858e+01,-6.089826384055041331e+01,1.901714320712126778e+02,-4.924704655450670016e-02,8.362372635378187624e+01,2.256861503414396066e+04,0.000000000000000000e+00,5.865262617494424921e+04
2.379999999999962146e+00,1.553085635650278640e+01,4.800740410690028104e-01,1.713856182576065923e-01,-1.662773575172217869e-02,-6.098606117108129089e-03,-5.613184898117672475e-03,1.022223026463111069e+02,-6.849154606192769279e+01,1.524851592546777397e+02,-4.919833205261922582e-02,8.455577200174957397e+01,2.519740027364367779e+04,0.000000000000000000e+00,5.748651516213824652e+04
2.384999999999963816e+00,1.553079404623869308e+01,4.800256455681225498e-01,1.713665000170685460e-01,-1.342811740491339084e-02,-9.275363459785341755e-03,-5.758036618395787933e-03,5.079157360825911383e+01,4.151419952798846680e+00,1.630595235975961828e+02,-4.890038243821099445e-02,8.607344182177945413e+01,2.033525839225838354e+04,0.000000000000000000e+00,5.911466805473245768e+04
2.389999999999965485e+00,1.553073436993956058e+01,4.800029444612183283e-01,1.713385473087896682e-01,-1.218486854407886504e-02,-5.797762156087611510e-04,-5.254222728362643868e-03,-1.415799325347569493e+01,3.993129242436941695e+01,2.297090000982823312e+02,-4.803177265617044472e-02,8.788880151007444397e+01,2.288769424598174737e+04,0.000000000000000000e+00,5.829203594145753596e+04
2.394999999999967155e+00,1.553067609397919213e+01,4.800172608937577357e-01,1.713149340451193270e-01,-9.060541729274632083e-03,5.401082947974626507e-03,-5.450771867849315937e-03,9.189530337542055349e+01,-3.131948156277371709e+01,1.916667733770592577e+02,-4.672404741422073876e-02,8.973661667263230868e+01,2.253897843224302778e+04,0.000000000000000000e+00,5.830241415942362073e+04
2.399999999999968825e+00,1.553064483962876174e+01,4.800553232296506656e-01,1.712910865164889440e-01,-5.018692991479579806e-03,9.365966018254356235e-03,-5.560544134332738239e-03,4.639235863313804487e+01,-4.901410017704404254e+01,1.575198560702117447e+02,-4.673615764949383411e-02,9.174062519708760988e+01,2.057558328212875858e+04,0.000000000000000000e+00,6.145185547457711800e+04
2.404999999999970495e+00,1.553067605932548467e+01,4.800607087704207854e-01,1.712862969104122501e-01,1.105324923537494633e-02,-2.719104808620372449e-03,1.165221210882222630e-03,3.126879150952371944e+01,-3.223740513963923604e+01,1.625034843779671974e+02,-4.656646449454978492e-02,9.299905587543833008e+01,2.110110735348420712e+04,0.000000000000000000e+00,6.215669912869041582e+04
2.409999999999972164e+00,1.553075267485399280e+01,4.800325364597114453e-01,1.713009106707055196e-01,1.176419663648144154e-02,-1.896275558174092017e-03,1.883977533323118094e-03,-1.699136606923229920e+01,5.167322467599069569e+01,1.798541938678106931e+02,-4.686859587241638814e-02,9.305018202420043849e+01,2.123754487646771304e+04,0.000000000000000000e+00,5.982583578361828404e+04
2.414999999999973834e+00,1.553079235734270469e+01,4.800480815742546592e-01,1.712954120096245314e-01,2.435858853690958583e-03,6.663803248512851184e-03,-2.323310926875411797e-03,1.394243437500335858e+01,1.803339109903959070e+01,1.775237377475345397e+02,-4.692607641407258584e-02,9.337179057078617461e+01,2.172990420886407082e+04,0.000000000000000000e+00,5.937159996363836399e+04
2.419999999999975504e+00,1.553082246358254359e+01,4.800722366132795793e-01,1.712897043162380228e-01,1.113806894261021828e-02,-1.836994108254075514e-04,2.165527995621007069e-03,4.023410600436810824e+01,-6.342148998975460472e+01,1.784725412305835448e+02,-4.704039205473873470e-02,9.385505476459185559e+01,2.179795127530800528e+04,0.000000000000000000e+00,6.200404300255985436e+04
2.424999999999977174e+00,1.553087318439910369e+01,4.800778938911720028e-01,1.712988442168286718e-01,5.697672805371664304e-03,5.265719190582483257e-03,-4.463236224808034909e-04,-6.031749091683877850e+01,5.681216337856199061e+01,2.240595628350703237e+02,-4.695785360268551339e-02,9.378640792235934498e+01,2.276682123984493592e+04,0.000000000000000000e+00,5.880569179760999396e+04
2.429999999999978844e+00,1.553088611884697556e+01,4.801174505128563696e-01,1.712858323177769149e-01,3.619508229386463397e-03,5.784849142235209615e-03,-3.281707780017454733e-03,2.673779173226987993e+01,-5.371503068276683734e+01,1.893917583254944930e+02,-4.711096058589610280e-02,9.402929246986234091e+01,2.120027230543748738e+04,0.000000000000000000e+00,6.142894082330336823e+04
2.434999999999980513e+00,1.553090114399598498e+01,4.801448891787595263e-01,1.712686542574771154e-01,1.572446962566823253e-03,7.399880115606289471e-03,-5.258011816008966062e-03,-4.624760232846483632e+01,4.519127294586041899e+01,2.376201087123574780e+02,-4.712315743359599823e-02,9.402813807699710935e+01,2.297010022087826292e+04,0.000000000000000000e+00,5.862832725424507225e+04
2.439999999999982183e+00,1.553090828802770673e+01,4.801750121776325875e-01,1.712510925116168536e-01,3.655035708406663897e-04,6.991809694921183836e-03,-3.507528408778679517e-03,6.474126416662770112e+01,-8.153060172836728725e+01,1.372115847270912354e+02,-4.714363952865139457e-02,9.406803513380886272e+01,1.960194661517588975e+04,0.000000000000000000e+00,6.270279866589100129e+04
2.444999999999983853e+00,1.553091890618471105e+01,4.801984536832142325e-01,1.712335898847296145e-01,3.977907456558659079e-03,2.061513515991780180e-03,-2.033637121583541877e-03,6.326734961123747780e+00,1.703607523868640783e+01,2.073042527480470198e+02,-4.711487872263865617e-02,9.406856037500494949e+01,2.250467194350491263e+04,0.000000000000000000e+00,5.899141074663603649e+04
2.449999999999985523e+00,1.553092964711951396e+01,4.802233660270622262e-01,1.712174076229694697e-01,4.693966735822383864e-03,2.980635112836729685e-03,-1.479022669368088494e-03,2.773708880352118555e+01,-4.843520830592751736e+01,1.886363141812373954e+02,-4.712583841335909324e-02,9.411455426249183631e+01,2.128098611587021151e+04,0.000000000000000000e+00,6.147904059255141328e+04
2.454999999999987192e+00,1.553093778691583182e+01,4.802535284196043364e-01,1.712006282534986046e-01,2.832905480154064223e-03,5.414473193661064991e-03,-4.159863489778324423e-03,-4.976149697311302589e+01,4.890393678296572944e+01,2.432498164201454642e+02,-4.714059900766721239e-02,9.409414016173852247e+01,2.307861557141704907e+04,0.000000000000000000e+00,5.856780497693757934e+04
2.459999999999988862e+00,1.553094531833454361e+01,4.802789031674061238e-01,1.711882198009867795e-01,1.350064768149135440e-03,4.085567695313485626e-03,-1.775760964641964323e-03,7.342953510074387680e+01,-9.460506613372922402e+01,1.717794386230308135e+02,-4.713961609049199808e-02,9.409749371040201993e+01,2.193073745001860516e+04,0.000000000000000000e+00,6.189791365283879713e+04
2.464999999999990532e+00,1.553096089118593248e+01,4.802916436118544463e-01,1.711835037996773945e-01,3.864441995938744812e-03,1.339105203117859928e-03,-1.261839236291342238e-03,-6.461345943473133957e+00,7.690928701071925389e+00,1.620761292302231311e+02,-4.713156811516390488e-02,9.410335556120601552e+01,2.406784675304438861e+04,0.000000000000000000e+00,5.979172293815284502e+04
2.469999999999992202e+00,1.553097862371666338e+01,4.803008647505848661e-01,1.711768365617401533e-01,3.466412340814546602e-03,1.599481661986974172e-03,-1.550293243772089000e-03,-5.612112252956603697e+01,5.706081563353859565e+01,2.361979401285110214e+02,-4.710030411357404162e-02,9.410282098620277225e+01,2.306589174805653602e+04,0.000000000000000000e+00,5.867951330437116849e+04
2.474999999999993872e+00,1.553098420465521379e+01,4.803144220244357498e-01,1.711672584347099513e-01,-1.196391204948468127e-03,4.034545893573213311e-03,-3.413967369592629461e-03,-4.088027334528760548e+00,4.091433858993605099e+01,1.798684127390170886e+02,-4.713131535253752696e-02,9.409737288616864248e+01,2.165267452327859792e+04,0.000000000000000000e+00,5.957858814707497368e+04
2.479999999999995541e+00,1.553099075684829700e+01,4.803272590571843748e-01,1.711450367899610969e-01,2.851328521979749116e-03,1.418619576823098921e-03,-5.205467297430671318e-03,-1.808675475947393352e+01,5.776263654316903740e+01,1.867211856402776959e+02,-4.713371469651383983e-02,9.409702460329725682e+01,2.171258703709432302e+04,0.000000000000000000e+00,5.999688396590435150e+04
2.484999999999997211e+00,1.553099316701088917e+01,4.803465715107630429e-01,1.711137415693271546e-01,1.362606254534976576e-03,3.063131420588476126e-03,-4.580819894488082425e-03,1.148776966343166350e+01,1.639589136412359949e+01,2.056232330822302004e+02,-4.712109244280429654e-02,9.406338342101955163e+01,2.286657475220477500e+04,0.000000000000000000e+00,5.958519646345236833e+04
2.489999999999998881e+00,1.553100302267075250e+01,4.803674233847043951e-01,1.710899603030965055e-01,-1.125096086650779125e-03,7.520349117014220319e-03,-6.884584524031261976e-03,5.921378554509552572e+01,-7.597665151166484065e+01,1.487194137942038878e+02,-4.713137940079076271e-02,9.406399134812029672e+01,1.998106285962323454e+04,0.000000000000000000e+00,6.339173532057085686e+04
2.495000000000000551e+00,1.553101420630777163e+01,4.803911636254072914e-01,1.710626945618216876e-01,7.739545108748773243e-04,5.278804940013392434e-03,-5.620417829391276959e-03,-5.291613882872661634e+01,4.413685949678529141e+01,2.209043390103065576e+02,-4.711698103592396047e-02,9.407719921598670965e+01,2.604265783962132264e+04,0.000000000000000000e+00,5.963414862824848387e+04
2.500000000000002220e+00,1.553101587525834937e+01,4.804203043963091169e-01,1.710380707470909589e-01,3.124943995300112978e-03,3.977281117427010002e-03,-4.037629191120538710e-03,5.741977022580537238e+01,-8.185434903933457917e+01,1.867528546512406251e+02,-4.713876913247791456e-02,9.408734478552901237e+01,2.215324976131946096e+04,0.000000000000000000e+00,6.280454407571485353e+04
2.505000000000003890e+00,1.553102080608590718e+01,4.804425581333057749e-01,1.710221800754022359e-01,5.604036004518435279e-04,4.707734673471719242e-03,-2.476761251360277711e-03,5.940982538775001132e+01,-6.876803597144260038e+01,1.429361598601914238e+02,-4.713960673564077108e-02,9.408070043708802643e+01,2.003305213342392381e+04,0.000000000000000000e+00,6.347745168980526796e+04
2.510000000000005560e+00,1.553102230326575750e+01,4.804681243183857031e-01,1.710014434707491093e-01,2.991368743396006537e-03,2.147835460153202283e-03,-3.852157682106907132e-03,1.225908724167857144e+01,2.660632121775051928e+00,1.941440123860031974e+02,-4.714122117901945602e-02,9.410071263796837115e+01,2.569108927905202654e+04,0.000000000000000000e+00,5.999405592356643319e+04
2.515000000000007230e+00,1.553103218725377666e+01,4.804879049555804138e-01,1.709806807894534153e-01,6.313064835074762987e-03,3.228117324600715413e-04,-2.090776209589410416e-03,-6.399153229353032657e+01,6.759455944326714416e+01,2.453946438316875174e+02,-4.711168401246018655e-02,9.410919530714110692e+01,2.339218713402327558e+04,0.000000000000000000e+00,5.955871110749299987e+04
2.520000000000008900e+00,1.553103777178636591e+01,4.805128195631519494e-01,1.709604103613694415e-01,5.867869520058251187e-03,1.048757201575256474e-03,-2.955237397368708566e-03,1.269479349744763965e+02,-1.282333636401858712e+02,1.659645079555804159e+02,-4.712277366581908711e-02,9.415128294186939684e+01,2.151345125263392765e+04,0.000000000000000000e+00,6.362940100239541789e+04
2.525000000000010569e+00,1.553105508663288070e+01,4.805281156109306728e-01,1.709464594647246150e-01,2.188937416807113737e-03,3.892978855169673853e-03,-3.877746437352138503e-03,-1.374674157962181198e+01,5.510596946554096576e+01,1.943640302062522665e+02,-4.711996234301828873e-02,9.413220232992649983e+01,2.190421617670242995e+04,0.000000000000000000e+00,6.027543174062368780e+04
2.530000000000012239e+00,1.553106204029995396e+01,4.805561325838157427e-01,1.709249016327941406e-01,2.643460536584861433e-03,3.955384177413583981e-03,-3.722799484031186820e-03,-4.974202074008962882e+01,3.352155285332037238e+01,2.363899063092766539e+02,-4.714231147275959460e-02,9.413797979181916276e+01,2.332430418000290229e+04,0.000000000000000000e+00,5.976530573051986721e+04
2.535000000000013909e+00,1.553107560919112906e+01,4.805724426958343787e-01,1.709116715785033991e-01,4.796005651936483850e-03,1.061911350334136936e-03,-2.234800625025414999e-03,-1.296302438512884692e+01,3.143342886145069315e+01,1.903035650662303055e+02,-4.712994346452532152e-02,9.410665270440154018e+01,2.169546400971704861e+04,0.000000000000000000e+00,6.060263953345404298e+04
2.540000000000015579e+00,1.553108621058916583e+01,4.805921044336990966e-01,1.708960112825786137e-01,1.870065986796949024e-03,3.534040068501488781e-03,-1.458093933033709254e-03,-3.097279184913531935e+00,2.105715115871930720e+01,1.816054954503223939e+02,-4.711884221593196087e-02,9.405813294603188979e+01,2.172213264314224944e+04,0.000000000000000000e+00,6.059159374979521090e+04
2.545000000000017248e+00,1.553109666136981382e+01,4.806119165109333236e-01,1.708875889507964208e-01,1.995656999229399910e-03,4.746288451118070399e-03,-1.854485203854831787e-03,-7.243933911840667861e+01,6.743685977364521023e+01,2.093209867308807759e+02,-4.713420813721978103e-02,9.405089101277840768e+01,2.220049074746554106e+04,0.000000000000000000e+00,6.029584363044780912e+04
2.550000000000018918e+00,1.553111413841219246e+01,4.806235372300816100e-01,1.708822410225594168e-01,4.271279443356482824e-03,9.348409095259718315e-04,3.783683977674154883e-04,-7.598363762349572426e+01,9.914786226488922694e+01,2.138783369692736471e+02,-4.714519049505866422e-02,9.403937388224683502e+01,2.226895506605533228e+04,0.000000000000000000e+00,6.020908526261035149e+04
2.555000000000020588e+00,1.553113389752621565e+01,4.806284316921221600e-01,1.708871776589529212e-01,4.106659212218418536e-03,-4.370278322538021854e-05,2.536454197367549006e-03,7.297880714490901255e+01,-7.979621533008639744e+01,1.643572009730530965e+02,-4.714688547025915749e-02,9.399957129580327830e+01,2.114412836988322670e+04,0.000000000000000000e+00,6.295802757818633836e+04
2.560000000000022258e+00,1.553115668254278781e+01,4.806276358168177221e-01,1.709024014019890625e-01,6.403322223901687475e-03,-1.955766495788149525e-03,3.134625877203542701e-03,-6.874530396113295083e+00,-6.651518584097289022e+00,1.582696909632634004e+02,-4.715372388261953457e-02,9.403142517852845117e+01,2.047243070714787609e+04,0.000000000000000000e+00,6.299525235051762138e+04
2.565000000000023928e+00,1.553117182211409997e+01,4.806319552867842071e-01,1.709067835676154890e-01,3.826174791766661244e-03,1.002784619017753343e-03,1.147688847686977476e-03,2.858153275154831263e+01,-4.471574557675455708e+01,1.803002970799338414e+02,-4.713360523996412005e-02,9.404605223102007017e+01,2.158454628362223229e+04,0.000000000000000000e+00,6.234692171532671637e+04
2.570000000000025597e+00,1.553118158789681758e+01,4.806427905547592250e-01,1.709084279954894425e-01,-1.295859701384848104e-03,5.263251393955823733e-03,-1.971676865260275219e-03,8.860598896428133742e+01,-1.063254335890741231e+02,1.614697657405430391e+02,-4.713089023012848738e-02,9.405707449160293265e+01,2.111057801941637445e+04,0.000000000000000000e+00,6.280710025805805344e+04
2.575000000000027267e+00,1.553118444012835653e+01,4.806564133480009660e-01,1.709038313491494654e-01,1.293755182945547494e-04,3.463101578250563431e-03,-1.989558262739185655e-03,1.185601749800545548e+02,-1.293506530582008054e+02,1.032727006300273729e+02,-4.714970892749336534e-02,9.404442978305617373e+01,2.353236013823997564e+04,0.000000000000000000e+00,6.413183728979391890e+04
2.580000000000028937e+00,1.553119504919398253e+01,4.806642214159707049e-01,1.708966744711538643e-01,7.455193916007503505e-04,2.224035540090801583e-03,-1.445789746185785311e-03,8.379655256317974477e+01,-9.598652230591244461e+01,1.666940234258876785e+02,-4.712001559859761712e-02,9.403228579064102632e+01,2.110773342012227658e+04,0.000000000000000000e+00,6.283597143098775996e+04
2.585000000000030607e+00,1.553120519208455441e+01,4.806726249843413235e-01,1.708899933270577876e-01,3.064018140164780340e-03,6.228628788237300297e-05,-8.255122761226765154e-04,3.328898327174733396e+01,-4.526370069287827391e+01,1.868777310467323787e+02,-4.715071813525206074e-02,9.407882990300382176e+01,2.156836976725152999e+04,0.000000000000000000e+00,6.234247165392693569e+04
2.590000000000032276e+00,1.553121059511976476e+01,4.806818049162748241e-01,1.708837914665657931e-01,1.363961839365472649e-03,3.145062178956559758e-03,-2.416449421061169205e-03,-7.512524102408997351e+01,6.931791343036525177e+01,2.119136138954367539e+02,-4.714819084220329276e-02,9.405201104842510063e+01,2.213690265113672649e+04,0.000000000000000000e+00,6.016391246778926870e+04
2.595000000000033946e+00,1.553120941666914234e+01,4.806976279053861156e-01,1.708709107317026576e-01,6.187292168674192504e-04,2.423152643425010785e-03,-2.098909903808632901e-03,-1.595176032323479376e+01,5.065754591945551510e+01,1.895487136103419630e+02,-4.714928005449598586e-02,9.404806603171223855e+01,2.192973047400678843e+04,0.000000000000000000e+00,6.023057206839205173e+04
2.600000000000035616e+00,1.553121985302926156e+01,4.807052097694373138e-01,1.708617130773240622e-01,3.598443664298639749e-03,4.228904312385105431e-04,-3.026737317682933609e-04,-8.341164632904337850e+01,7.924013865107372112e+01,2.122380511698161172e+02,-4.710851980400794503e-02,9.403922933192853861e+01,2.217178182974147057e+04,0.000000000000000000e+00,6.022466505460532790e+04
2.605000000000037286e+00,1.553123638334193224e+01,4.807048420500837915e-01,1.708612413075894787e-01,3.095934214179505567e-03,-2.955057729537747136e-04,-8.028483578746380676e-05,1.113965713184370543e-01,1.929398841595502745e+01,2.085424891362488324e+02,-4.715496966187070899e-02,9.403578728401775777e+01,2.301609989172952555e+04,0.000000000000000000e+00,5.974630436352638208e+04
2.610000000000038956e+00,1.553124416221180226e+01,4.807109729253502550e-01,1.708583389711784695e-01,-9.471015921799118753e-04,4.142552264879853161e-03,-1.346757985988521374e-03,-1.395958908907869045e+01,4.593963456069195672e+01,1.842847078045025455e+02,-4.716526289343107164e-02,9.406782759345777833e+01,2.191447160197770427e+04,0.000000000000000000e+00,6.020915213822614896e+04
2.615000000000040625e+00,1.553125173871992359e+01,4.807208863632889129e-01,1.708540068364582942e-01,4.171401218536241115e-03,-1.477847835353135149e-04,-7.419299036144883874e-05,7.438455114866951590e+01,-8.788468049601954135e+01,1.710236655619129920e+02,-4.715790433538029347e-02,9.413276167267351013e+01,2.107876185967508354e+04,0.000000000000000000e+00,6.289523790874434053e+04
2.620000000000042295e+00,1.553126473427867360e+01,4.807263935658248610e-01,1.708543234437177871e-01,4.079473846784688502e-03,-3.850480494003668034e-04,2.059483825623124637e-04,2.989947426255908880e+01,-4.332947141330100749e+01,1.863462564168758036e+02,-4.716627286106944011e-02,9.420148200150330808e+01,2.154216398790472522e+04,0.000000000000000000e+00,6.237061905415137880e+04
2.625000000000043965e+00,1.553126822608660085e+01,4.807300021261924905e-01,1.708548543317688351e-01,1.400279921752176472e-03,-1.407050275668167514e-03,1.051154250000455991e-03,3.854726367707932866e+01,-4.286764148925635709e+01,1.799865317109194507e+02,-4.715359238626026794e-02,9.417435586613903808e+01,2.157964079067592684e+04,0.000000000000000000e+00,6.236429547721879499e+04
2.630000000000045635e+00,1.553126991471732410e+01,4.807348390595459486e-01,1.708530918534779675e-01,3.288526315300016080e-03,1.930392349821652019e-04,5.527808221061928035e-04,-1.037334821879472457e+00,-1.533624739205959031e+01,1.630108482500571654e+02,-4.714333528479727059e-02,9.410695948856724158e+01,2.044242253160660039e+04,0.000000000000000000e+00,6.294062418006858206e+04
2.635000000000047304e+00,1.553128161084713810e+01,4.807335217382534553e-01,1.708572043022314468e-01,2.656197975281415855e-03,-1.271951412510884940e-03,1.769591640282456224e-03,9.628695910844419359e+01,-8.674541452553637555e+01,1.237463783581583812e+02,-4.717405602746692350e-02,9.403299742389714311e+01,2.072778834440161154e+04,0.000000000000000000e+00,6.396032179318160343e+04
2.640000000000048974e+00,1.553129567439452074e+01,4.807317649767974266e-01,1.708575035462838454e-01,2.228748442049096560e-03,-1.917969065558596217e-06,-1.350592742210036121e-03,1.270265019152247987e-01,1.678476799106078943e+01,2.121809316147264042e+02,-4.717143216797648614e-02,9.402638542479645878e+01,2.296583515484261443e+04,0.000000000000000000e+00,5.968482962029882765e+04
2.645000000000050644e+00,1.553130289554284360e+01,4.807330906977370089e-01,1.708517013890180625e-01,2.319790603679134852e-03,-9.447189817595809565e-04,-1.058560532874149593e-03,2.081115018159430008e+00,-1.062873075542279366e+01,1.716270172370770410e+02,-4.716914543973570184e-02,9.405779459966906586e+01,2.043994898345628098e+04,0.000000000000000000e+00,6.295790313483101636e+04
2.650000000000052314e+00,1.553130490471602521e+01,4.807421737412198581e-01,1.708441535944050516e-01,5.611160499329049048e-03,-1.479899055380840770e-03,4.012221003976090784e-04,-7.677619734819145947e+00,-8.568657972880373563e+00,1.713035397473352646e+02,-4.717595592431517160e-02,9.404331018558683297e+01,2.048086403616826647e+04,0.000000000000000000e+00,6.301572558406457392e+04
2.655000000000053983e+00,1.553131939524393879e+01,4.807451429329996362e-01,1.708412336048932834e-01,5.005552179648409782e-03,-1.411044392434292931e-03,-4.295714757546112818e-04,2.739720569441182363e+00,-2.734815260903599210e+01,1.474989071507073390e+02,-4.716930916161330561e-02,9.407831265157702205e+01,2.324152040944433975e+04,0.000000000000000000e+00,6.310485180284272792e+04
2.660000000000055653e+00,1.553132019859585178e+01,4.807569993349357085e-01,1.708314955963601001e-01,2.790033468096887997e-03,5.287524676685674552e-04,-2.985301684851673627e-04,1.371254274413194878e+02,-1.433684553518759230e+02,1.482266324130633279e+02,-4.715848722859118658e-02,9.396659022829041419e+01,2.151694648815430264e+04,0.000000000000000000e+00,6.350583391244779341e+04
2.665000000000057323e+00,1.553133106905037231e+01,4.807562376271211635e-01,1.708375470199106905e-01,2.270988415905569359e-03,-6.089314548686424822e-04,1.665463163982994991e-03,2.599237870427123198e+01,-1.274186015541090455e+01,1.903574090906122649e+02,-4.716431616025316270e-02,9.400308142520150056e+01,2.282357822529365512e+04,0.000000000000000000e+00,5.992010679981533031e+04
2.670000000000058993e+00,1.553133965548648021e+01,4.807486490588986361e-01,1.708423318050834860e-01,-9.402577534837034160e-05,-2.577513079764614211e-03,1.039687814674608883e-03,-1.012045385841247480e+01,3.644469271850448422e+01,1.783906901601493757e+02,-4.716536111823292632e-02,9.395872355984882063e+01,2.163098290775041824e+04,0.000000000000000000e+00,6.040365427811343397e+04
2.675000000000060663e+00,1.553134274583641705e+01,4.807390625597441902e-01,1.708475344971143450e-01,2.517556413530829158e-03,-2.839486809249809098e-03,2.581550189972725649e-03,9.439672439151497940e+01,-7.992014477644192993e+01,1.213281998458703725e+02,-4.714356081500090112e-02,9.394600961126566574e+01,2.068819054169089577e+04,0.000000000000000000e+00,6.392156326213578723e+04
2.680000000000062332e+00,1.553136177105555937e+01,4.807235577602200216e-01,1.708539381230209375e-01,2.387082097810210458e-03,-1.559326599058865649e-03,9.843902576389743087e-04,-4.990222532364825270e-01,-8.990930570145906131e+00,1.627131218922483527e+02,-4.714711643353274723e-02,9.396199230149521497e+01,2.041356679864808393e+04,0.000000000000000000e+00,6.289645741930767690e+04
2.685000000000064002e+00,1.553136612820220819e+01,4.807227310649244134e-01,1.708510735129931124e-01,-1.386768646581352073e-03,2.806879888137495810e-03,-1.974087967191276959e-03,6.478024768633034114e+01,-6.605370002109862071e+01,1.422396029993219315e+02,-4.716397056014150907e-02,9.397699539272407776e+01,1.996434419992724361e+04,0.000000000000000000e+00,6.340881718792299944e+04
2.690000000000065672e+00,1.553136858471663828e+01,4.807233169458469124e-01,1.708488446029107211e-01,-4.530369870697890759e-03,3.599888015907648769e-03,-1.223924685953366089e-03,1.150094660554809138e+02,-1.031571684178086343e+02,1.193890476963502891e+02,-4.716636681737275405e-02,9.400063886610215036e+01,2.068299233761247524e+04,0.000000000000000000e+00,6.387174290626149013e+04
2.695000000000067342e+00,1.553137581466739547e+01,4.807180917138937915e-01,1.708542865707471381e-01,-2.848734456863474904e-03,2.256607234897072597e-03,1.152143123912884135e-04,1.967765917602764603e+01,2.415182494341934216e-01,1.968952705275958408e+02,-4.714422930644922988e-02,9.400866318823577217e+01,2.310468215342604162e+04,0.000000000000000000e+00,5.960726988389457983e+04
2.700000000000069011e+00,1.553137788537327779e+01,4.807194019616585212e-01,1.708597451555355917e-01,-3.201106681066321399e-03,3.585459026280422758e-03,-8.973853440710087732e-04,6.949725166682739541e+01,-6.822991420672315144e+01,1.339318954105989405e+02,-4.718026598675417738e-02,9.409648048821482291e+01,1.993808705574707346e+04,0.000000000000000000e+00,6.334954434373311960e+04
2.705000000000070681e+00,1.553138036491384533e+01,4.807258517332944625e-01,1.708573807664289790e-01,2.460637518710392241e-03,-9.920785541509791975e-04,5.863100922356979635e-04,-8.345562384553659285e+01,8.186222567321442511e+01,2.116745104235081953e+02,-4.715863797377070621e-02,9.414426201528911520e+01,2.206957507657964743e+04,0.000000000000000000e+00,6.011337433557274926e+04
2.710000000000072351e+00,1.553137493174831363e+01,4.807385951092815746e-01,1.708471810935652258e-01,-2.498416142799202416e-03,3.897514013034487478e-03,-2.821549778716040888e-03,5.278544387745365185e+01,-6.236970007526451809e+01,1.496837738015127570e+02,-4.716466339746034492e-02,9.424602901194394633e+01,2.115608279062043948e+04,0.000000000000000000e+00,6.330375927963945287e+04
2.715000000000074021e+00,1.553137734952901283e+01,4.807440443419388476e-01,1.708382996717774938e-01,-6.935736563273446403e-04,3.411937398032245921e-03,-2.518828867376920154e-03,-4.808992857354178341e+01,3.628831629059413899e+01,2.320044697511620484e+02,-4.715184871871940658e-02,9.420206298402443679e+01,2.361604842650115461e+04,0.000000000000000000e+00,5.945692359819014382e+04
2.720000000000075691e+00,1.553137639981469142e+01,4.807463483054343900e-01,1.708344142075856331e-01,8.409054647416565895e-04,-1.320887336167009350e-03,3.690915567463557171e-04,-7.280666586877714508e+01,9.636853579289163463e+01,2.123190149519108161e+02,-4.717534797453434847e-02,9.410048320226056262e+01,2.221666633095204816e+04,0.000000000000000000e+00,6.004582554535151576e+04
2.725000000000077360e+00,1.553136683918422811e+01,4.807585285374436079e-01,1.708235593123640927e-01,-9.415325891541965900e-04,1.799166619851077847e-03,-2.021675868143313869e-03,6.613953482737346690e+01,-6.495077639002806791e+01,1.432803106886634623e+02,-4.716794213976471112e-02,9.403485393833956607e+01,2.001755498027972499e+04,0.000000000000000000e+00,6.344493996798015723e+04
2.730000000000079030e+00,1.553136475101358371e+01,4.807661997110190821e-01,1.708164080661089546e-01,1.293603977620828198e-03,3.880301627120533409e-04,-8.365088459146543989e-05,4.302199525412627423e+01,-5.903974298650337005e+01,1.818853524313060461e+02,-4.717335927513407329e-02,9.400249263723090110e+01,2.174071096430486068e+04,0.000000000000000000e+00,6.234808048875522218e+04
2.735000000000080700e+00,1.553136677304305024e+01,4.807733398952147574e-01,1.708152193566781218e-01,2.856880622828971567e-03,-1.091513215428342005e-04,3.447210269478133199e-04,-7.862233629740421748e+01,9.306499652160641745e+01,2.148032281195675353e+02,-4.713423975939161348e-02,9.397743423595397871e+01,2.221367290373516153e+04,0.000000000000000000e+00,6.007079195844170317e+04
2.740000000000082370e+00,1.553136977591335111e+01,4.807813027664074590e-01,1.708126971329037014e-01,1.765439604315457642e-03,4.968824765714969236e-04,-1.318539595719353920e-04,-8.917401279328396413e+01,6.046900985405727624e+01,1.923358212772004663e+02,-4.713744091003139319e-02,9.401003689540947050e+01,2.493110212334340031e+04,0.000000000000000000e+00,6.036600005724400398e+04
2.745000000000084039e+00,1.553136923707396910e+01,4.807745129371326920e-01,1.708114020959924650e-01,-1.120912963183453952e-03,-3.413296203623420876e-04,2.563024062626983687e-04,1.682514631484036727e+01,7.374775460060845944e+00,2.006792442994272960e+02,-4.709022722652453363e-02,9.389672746925992897e+01,2.316080321362894756e+04,0.000000000000000000e+00,5.966926452661102667e+04
2.750000000000085709e+00,1.553137307655646460e+01,4.807683416874209414e-01,1.708124702801597783e-01,4.981742159251770566e-03,-4.787855412111200783e-03,1.234844313118077606e-03,-8.651364069003739132e+01,1.122410465549376113e+02,2.218369710887321276e+02,-4.713143139717695940e-02,9.389741717418377220e+01,2.219997721269803515e+04,0.000000000000000000e+00,6.011676167143394559e+04
2.755000000000087379e+00,1.553138431247050733e+01,4.807629497206531988e-01,1.708076890487593980e-01,3.224727950230058416e-03,-1.932256545983712702e-03,-1.745139798376838317e-03,-5.394180776118128051e+01,4.199921652957345941e+01,2.210128845808684446e+02,-4.713607377890370598e-02,9.393251218432983762e+01,2.620295343762893754e+04,0.000000000000000000e+00,5.993236025815098401e+04
2.760000000000089049e+00,1.553140018431773939e+01,4.807572256505512343e-01,1.708077613180112031e-01,-7.183846309889216777e-06,1.426948046510107546e-03,-1.219216472995748868e-03,5.930828954119472485e+01,-5.866533765720419069e+01,1.456640103075384616e+02,-4.716743712738385996e-02,9.393131023061674512e+01,1.996339628038623778e+04,0.000000000000000000e+00,6.346808857486632041e+04
2.765000000000090719e+00,1.553140628130236855e+01,4.807612384993971144e-01,1.708030077427794002e-01,2.693329686088777753e-03,-8.522483639797801295e-04,-5.916973585495949317e-04,4.195814867193803366e+00,1.246223991858391855e+01,2.148156897296545935e+02,-4.716990078729443175e-02,9.397189375679336365e+01,2.312626639298150621e+04,0.000000000000000000e+00,5.972824299042130588e+04
2.770000000000092388e+00,1.553140921044658462e+01,4.807674432513402429e-01,1.708014544439583060e-01,-3.216787604895994437e-03,5.111070955408816840e-03,-2.286129847501282720e-03,5.518304697427223715e+01,-7.609238611103751282e+01,1.804590120363799883e+02,-4.716518650760146564e-02,9.405365920409367675e+01,2.175996613211426666e+04,0.000000000000000000e+00,6.234243565192530514e+04
2.775000000000094058e+00,1.553140916294751150e+01,4.807675488704938882e-01,1.708052518794075936e-01,-1.290812404440167243e-03,-1.160590428761972513e-03,1.402561124669424609e-03,1.208186089653301210e+01,-1.187557486802461426e+01,1.581378741526719409e+02,-4.716223722747774072e-02,9.407699253321133881e+01,2.044524883363405752e+04,0.000000000000000000e+00,6.293443860522031900e+04
2.780000000000095728e+00,1.553140741032445327e+01,4.807610982191163895e-01,1.708116569269790830e-01,3.351527161891106402e-03,-2.656921670239229590e-03,2.003492269930745671e-03,-3.064312872284835976e+01,6.548944361307758300e+01,1.898078158880458943e+02,-4.712271586425192949e-02,9.395595835351764435e+01,2.186073856600961881e+04,0.000000000000000000e+00,6.019708436943168635e+04
2.785000000000097398e+00,1.553139987088774276e+01,4.807735115738311360e-01,1.708058488217203685e-01,3.511914018445973142e-03,-1.712321200996030739e-03,2.943197206874492516e-04,-6.168305804230307388e-01,-8.347010959373278638e+00,1.706747648853949215e+02,-4.717185006405528319e-02,9.390464893918158396e+01,2.037677797027688575e+04,0.000000000000000000e+00,6.289465034985244711e+04
2.790000000000099067e+00,1.553138905257357294e+01,4.807904745154624182e-01,1.707948512590129753e-01,-6.896930551244351282e-03,8.085066770051210425e-03,-4.074321797989639317e-03,1.797793477732170118e+02,-1.864465646262518703e+02,1.307131946896435011e+02,-4.714415378837377713e-02,9.389502555444151710e+01,2.164846879547859862e+04,0.000000000000000000e+00,6.333139246489523066e+04
2.795000000000100737e+00,1.553140015528575368e+01,4.807902966224579799e-01,1.707950771449135430e-01,1.653122690757114193e-03,1.188966597612785498e-03,-2.169373700091055759e-04,4.779564290458620235e+01,-3.276300423985003363e+01,1.690419058038007165e+02,-4.715474775282047643e-02,9.393138384682313813e+01,2.546545769843210655e+04,0.000000000000000000e+00,6.001968201226291421e+04
2.800000000000102407e+00,1.553141083798502997e+01,4.807782253321463140e-01,1.707978113016745403e-01,2.162034074350117820e-03,-2.636629867509284169e-03,1.186385779224289185e-04,-1.968921319843320816e+01,3.805390317889464313e+01,1.899056198473165011e+02,-4.716459192177634846e-02,9.389395043179537481e+01,2.158908723786521296e+04,0.000000000000000000e+00,6.043041924578675389e+04
2.805000000000104077e+00,1.553142060120954326e+01,4.807729205910491466e-01,1.707946950028556843e-01,5.082082101049407476e-03,-2.775110032761899867e-03,9.982792964910033266e-04,-9.298419005582672980e+01,9.060809637704210218e+01,2.213075043778776489e+02,-4.716709584739795652e-02,9.392376269332788752e+01,2.205839372984355578e+04,0.000000000000000000e+00,6.021216089830548299e+04
2.810000000000105747e+00,1.553142763642166813e+01,4.807737428113202371e-01,1.707944550062648059e-01,-8.812226951443105768e-04,2.484918491004693090e-03,-7.731838803302413079e-04,1.861221001882602266e+01,-3.728508355865130852e+01,1.430287150338162405e+02,-4.717001292572477189e-02,9.399014756086431532e+01,2.322029567243484416e+04,0.000000000000000000e+00,6.309004041562736529e+04
2.815000000000107416e+00,1.553142152109051821e+01,4.807914027971929016e-01,1.707838778049171058e-01,8.498192112029173814e-04,1.599263551351117396e-03,-8.502451296897404077e-04,-4.379951373038466045e+01,3.393167068629668393e+01,2.353937010363962372e+02,-4.717196920193736376e-02,9.398921245290559057e+01,2.340695411197858266e+04,0.000000000000000000e+00,5.968921468409433874e+04
2.820000000000109086e+00,1.553142653286748498e+01,4.807956554367884827e-01,1.707871751765136226e-01,1.127521486242688076e-03,-3.697232844685984735e-03,2.763503559360444735e-03,1.447749460761815499e+02,-1.433735012597546756e+02,1.412832143059716543e+02,-4.717476854876243020e-02,9.403545082522066423e+01,2.160465873655803080e+04,0.000000000000000000e+00,6.352747598710839520e+04
2.825000000000110756e+00,1.553144200938626973e+01,4.807741175840307690e-01,1.708067727596612462e-01,1.605009821075249147e-03,-2.543256788589379810e-03,3.159486259935701414e-03,-8.331172367106182719e+01,8.646287140364415791e+01,2.036312563728623672e+02,-4.713683449408005710e-02,9.398370172556538193e+01,2.206620863948350598e+04,0.000000000000000000e+00,6.012312989195957925e+04
2.830000000000112426e+00,1.553144080567911267e+01,4.807726625447022450e-01,1.708097307357871741e-01,3.439311373760246295e-04,-5.831007070928319021e-04,-2.423618282325387240e-04,5.948890981017191137e+01,-5.458014349247434893e+01,1.431729127646109134e+02,-4.717083028142274315e-02,9.398323974609684228e+01,1.995834753730749071e+04,0.000000000000000000e+00,6.341858429026576050e+04
2.835000000000114095e+00,1.553143560556969938e+01,4.807823637161766639e-01,1.708017321546825840e-01,6.068892441078353956e-04,-3.931304081725462709e-04,-9.846974588009758163e-04,-7.717695483826855707e+01,7.839878659483815682e+01,2.164093197346102500e+02,-4.717912078126432207e-02,9.404450540078754273e+01,2.208515124128257594e+04,0.000000000000000000e+00,6.013826410067643883e+04
2.840000000000115765e+00,1.553143270402052423e+01,4.807894459239311358e-01,1.707954628321509682e-01,-1.287936427861216451e-03,2.461864480771713045e-03,-1.556146560860842583e-03,4.987289339480603445e+01,-6.629702525380082534e+01,1.824021894082683559e+02,-4.717548512549615131e-02,9.409248929485970336e+01,2.170401887159672333e+04,0.000000000000000000e+00,6.231676405525365408e+04
2.845000000000117435e+00,1.553142280565746347e+01,4.807956397295191642e-01,1.707918794250289085e-01,-2.955282401318182726e-03,-2.742636099379401528e-03,1.556671473751101422e-03,1.701206280775999957e+01,-1.094469301061860733e+01,1.532340153004291210e+02,-4.718023681573090683e-02,9.407839622942097435e+01,2.040354140060185091e+04,0.000000000000000000e+00,6.285023418622460304e+04
2.850000000000119105e+00,1.553141554907115385e+01,4.807844310305410263e-01,1.707963045070422514e-01,-1.145887355982298057e-03,-1.231103162327569240e-03,1.149529032782920521e-03,1.550051651314515766e+01,8.043541360850440469e+00,1.967748965951531943e+02,-4.715846829744259339e-02,9.388473608120945357e+01,2.313027970829765763e+04,0.000000000000000000e+00,5.964564697521322523e+04
2.855000000000120775e+00,1.553141127153551793e+01,4.807840802210385789e-01,1.707991477391399837e-01,-3.460959162631056189e-03,2.954318016479016550e-03,-1.738889069171303424e-04,-1.620196178003880050e+01,2.734485927439163788e+01,1.583835484294669698e+02,-4.716688468449134475e-02,9.381339782271317063e+01,2.490929541934924782e+04,0.000000000000000000e+00,6.038267026824282220e+04
2.860000000000122444e+00,1.553140171638855627e+01,4.807945548939589475e-01,1.707968072689695083e-01,-2.000805827701858906e-03,2.566148108669361570e-03,-7.209841311093667790e-04,-1.248213188767340398e+01,4.410562659509764671e+01,1.813013013443390946e+02,-4.715320179138556000e-02,9.379730115225504505e+01,2.188794489406318462e+04,0.000000000000000000e+00,6.012958093625529000e+04
2.865000000000124114e+00,1.553139672813463790e+01,4.808050832805694785e-01,1.707938189298907894e-01,-1.157279461143632818e-03,1.791330398290163703e-03,-3.747169792049153758e-04,-6.667719799806718584e+01,8.521971068314292097e+01,2.066328049568885774e+02,-4.714556815342553497e-02,9.381437132239339860e+01,2.222678734346560304e+04,0.000000000000000000e+00,6.002467911597151397e+04
2.870000000000125784e+00,1.553140318308912171e+01,4.808045682926807562e-01,1.707937690024401711e-01,1.517560272076795384e-03,-4.340222709467520673e-04,1.112063920676833242e-04,2.751659031375311315e+01,-1.470092848651711392e+01,1.930781423636416321e+02,-4.716355802775894224e-02,9.389519616429505788e+01,2.280889879381310311e+04,0.000000000000000000e+00,5.988102791021847952e+04
2.875000000000127454e+00,1.553141473790612181e+01,4.807962602743588443e-01,1.707953594578095202e-01,-2.330700030820890710e-04,5.626101423932227102e-04,-7.651083617804789678e-04,9.233731022201564542e+01,-1.070580817628749628e+02,1.623944018028507799e+02,-4.717729774138323257e-02,9.398878987060723489e+01,2.120404901807731585e+04,0.000000000000000000e+00,6.281817255838064011e+04
2.880000000000129123e+00,1.553142182909141056e+01,4.807925587998447270e-01,1.707930947649915210e-01,-1.099763001516112669e-03,6.463726574761025166e-04,-1.057666037448739063e-03,4.853266234793851197e+01,-5.046357240397389887e+01,1.490353757643540291e+02,-4.717548485106999590e-02,9.410764051399743835e+01,2.114104271768304170e+04,0.000000000000000000e+00,6.333744959087045572e+04
2.885000000000130793e+00,1.553143315648612344e+01,4.807854993547248101e-01,1.707938620794766937e-01,1.525968051832555118e-03,-9.501769547656297886e-04,-8.503967419768460739e-04,-8.094497920122375945e+01,8.184704407422191252e+01,2.170403458026116823e+02,-4.717945585339457931e-02,9.420417587455352759e+01,2.207474798352712241e+04,0.000000000000000000e+00,6.016022539454055368e+04
2.890000000000132463e+00,1.553142214351359485e+01,4.807630233000680930e-01,1.707995156493409550e-01,-2.703493623575970221e-04,-3.615393284192615787e-03,6.242415290349603591e-04,-1.063567889247448939e+01,5.881572550303245350e+01,2.737241050159666429e+02,-4.718086885364956157e-02,9.406624501408904848e+01,2.230694771702840808e+04,0.000000000000000000e+00,5.855913224515014736e+04
2.895000000000134133e+00,1.553141937782853255e+01,4.807539494158251658e-01,1.708037898447422875e-01,-3.329038774450951595e-03,1.645571841997473016e-03,-4.921857305143852212e-04,-3.887614815587357953e+01,4.485360425468638823e+01,2.278124047677051180e+02,-4.716860750040455241e-02,9.393274270767756207e+01,2.357802787909686231e+04,0.000000000000000000e+00,5.946677083213783044e+04
2.900000000000135802e+00,1.553141994974915008e+01,4.807517164350157413e-01,1.708079529341717528e-01,6.419948701612939379e-04,-2.151940025138318212e-04,2.906542755106842528e-04,9.075418485158647286e+01,-1.043042880144317905e+02,1.626608913722165539e+02,-4.717522166547453988e-02,9.392154054687155451e+01,2.116768659691752691e+04,0.000000000000000000e+00,6.280939420938472904e+04
2.905000000000137472e+00,1.553141909750105043e+01,4.807577321513241686e-01,1.708064396593530210e-01,2.144621284332876455e-03,2.902491741486481038e-04,1.778637483663973631e-05,-7.711049445474009190e+01,9.334227529967529335e+01,2.150667891040506277e+02,-4.714675515298722558e-02,9.388116102601379964e+01,2.217511146863019167e+04,0.000000000000000000e+00,6.005115638997655333e+04
2.910000000000139142e+00,1.553142422082010476e+01,4.807636973958624993e-01,1.708048443297698060e-01,-7.627014958573978542e-04,2.424787683620666882e-03,-1.243378848310144847e-03,1.701015966581871908e+01,-3.278954630675571025e+00,2.028405450126587084e+02,-4.716685506674389572e-02,9.397573737634709801e+01,2.308536398180273318e+04,0.000000000000000000e+00,5.957613437881432037e+04
2.915000000000140812e+00,1.553142652620346098e+01,4.807691736920531866e-01,1.708045825559416919e-01,-9.967359368702715782e-05,1.485597412653286067e-03,-2.289325409988379550e-04,3.107944503410772086e+01,-2.094785822526523589e+01,1.917714911822064323e+02,-4.715683819407056471e-02,9.406022291589553674e+01,2.277606808023109261e+04,0.000000000000000000e+00,5.984477158802574559e+04
2.920000000000142482e+00,1.553143466384209859e+01,4.807660084935926337e-01,1.708080332262504053e-01,-1.055522288436216028e-03,2.174748404500115046e-03,-9.016274736363944333e-04,1.516160188322819522e+02,-1.630809527278456699e+02,1.419787405296527538e+02,-4.716998926175711149e-02,9.419991373029114357e+01,2.160385120884679054e+04,0.000000000000000000e+00,6.344235075336282171e+04
2.925000000000144151e+00,1.553144305545228221e+01,4.807636729027076061e-01,1.708110886135473516e-01,1.278026332191214455e-04,5.448571989297726565e-04,-3.883882990585837058e-04,3.106511836415529615e+01,-1.766152993957439321e+01,1.945778439828590649e+02,-4.718624119954421825e-02,9.429494007360892738e+01,2.275394747156219819e+04,0.000000000000000000e+00,5.983433210463288560e+04
2.930000000000145821e+00,1.553144184278234441e+01,4.807655297422212537e-01,1.708093357790312072e-01,-3.088970109055580015e-03,7.979171813350637021e-04,-7.372090110734614383e-04,-3.634238698150556957e+01,3.038768714239404289e+01,2.018197299651869514e+02,-4.718291121059686039e-02,9.436753427156767771e+01,2.616343395251875336e+04,0.000000000000000000e+00,5.981054246574769058e+04
2.935000000000147491e+00,1.553144880351893242e+01,4.807563281366957209e-01,1.708110155710451383e-01,4.465779228103348292e-03,-3.305443908075675341e-03,8.541332293015500539e-04,-6.117048092076129251e+01,4.866126620924774215e+01,2.131480863907483752e+02,-4.716269200966290154e-02,9.434353636407237786e+01,2.612281994343060069e+04,0.000000000000000000e+00,5.986284797771312151e+04
2.940000000000149161e+00,1.553145443475408349e+01,4.807552961682994286e-01,1.708069925291836044e-01,-1.262527821704309897e-03,2.386147892371201593e-03,-2.513936778164897138e-03,3.353621014489317531e+01,-2.253104871893606287e+01,2.009777501716598067e+02,-4.717948067768340525e-02,9.436424618447560420e+01,2.297509957992663840e+04,0.000000000000000000e+00,5.983694447855679027e+04
2.945000000000150830e+00,1.553146042393814241e+01,4.807584835769230791e-01,1.708032512823863258e-01,7.281531075886270299e-03,-3.841088354729299634e-03,2.392351631869259199e-03,-4.603948219765425165e+01,7.557603120276735353e+01,1.961962633094414343e+02,-4.718422526656174815e-02,9.441886116541270724e+01,2.179728317366701958e+04,0.000000000000000000e+00,6.020605724348105286e+04
2.950000000000152500e+00,1.553146257029184873e+01,4.807587493403021051e-01,1.708019501693070485e-01,6.353695927511564213e-04,5.359802378002613630e-05,-7.558193350656234894e-04,-7.330526750721855933e+01,9.467492875858783918e+01,2.195499913864441908e+02,-4.715321049227542277e-02,9.431082875143772526e+01,2.214813820562550245e+04,0.000000000000000000e+00,6.005973393564298021e+04
2.955000000000154170e+00,1.553145849944773005e+01,4.807697532322521283e-01,1.707960784441654445e-01,1.114870833286428801e-03,4.596088950051376238e-04,1.320923178132918678e-03,-7.476383759373993598e+01,9.366558754029256306e+01,2.146000565679698866e+02,-4.711639379774466840e-02,9.426196793706894539e+01,2.212210734348785991e+04,0.000000000000000000e+00,6.007243236480215273e+04
2.960000000000155840e+00,1.553144850196520821e+01,4.807880597229515773e-01,1.707925688299742339e-01,-2.073376046014828271e-03,3.056211892398036194e-03,-8.335273292667197149e-04,-4.237115602133144421e+01,3.993321063082476030e+01,2.312641412217227526e+02,-4.717985514417466497e-02,9.425403860325516803e+01,2.357271777653659956e+04,0.000000000000000000e+00,5.946147466596228332e+04
2.965000000000157510e+00,1.553144428377112796e+01,4.807860178500260040e-01,1.707978310195137905e-01,-2.288155083950451079e-04,-1.091101762657764986e-03,5.699719154397077164e-04,-4.952101094667796133e+01,5.431479752521681803e+01,2.308547233557652589e+02,-4.717790732552167715e-02,9.420244865918640187e+01,2.354572056181104199e+04,0.000000000000000000e+00,5.945948234680354653e+04
2.970000000000159179e+00,1.553143656454314936e+01,4.807885661345980832e-01,1.707992017118407091e-01,-4.459583849912018838e-03,3.015885181053862274e-03,-1.002181431198151396e-03,9.366096810253593219e+01,-1.076129130544347845e+02,1.605650168989621989e+02,-4.716454529163503773e-02,9.419480109152777914e+01,2.231743613296465628e+04,0.000000000000000000e+00,6.270094194121388136e+04
2.975000000000160849e+00,1.553143653355482456e+01,4.807843340243708741e-01,1.708025832966545698e-01,-5.209006490772118223e-04,-3.841383857192562454e-04,-1.637598134653806968e-04,5.074934504113706879e+01,-6.153712236867590946e+01,1.259270148146992483e+02,-4.717351019083811797e-02,9.422832129089675846e+01,2.393188421986967296e+04,0.000000000000000000e+00,6.346886790389364614e+04
2.980000000000162519e+00,1.553143660726349751e+01,4.807883994226606061e-01,1.707932135322438594e-01,-3.052001687427317476e-04,2.138647105590807396e-03,-2.189675360819952343e-03,5.245223307515266242e+01,-6.523444077497754279e+01,1.806966576420908552e+02,-4.718083106183746517e-02,9.426180184614463542e+01,2.168008289951031475e+04,0.000000000000000000e+00,6.225050673349776480e+04
2.985000000000164189e+00,1.553144064196237117e+01,4.807882824179823822e-01,1.707900845445351201e-01,-3.313914247926623077e-03,-2.317878091547990755e-03,3.464420992858517037e-04,5.710590078823133808e+01,-1.848265228374884828e+01,1.637215136343535846e+02,-4.717568372703034169e-02,9.428898683626415789e+01,2.543742658535526061e+04,0.000000000000000000e+00,6.000405030642708880e+04
2.990000000000165858e+00,1.553144127989047618e+01,4.807732734345254721e-01,1.707974901105786258e-01,-3.490056082598401704e-03,1.024399741834579715e-03,5.993966200783949674e-04,9.961486861221915490e+01,-1.079499333458991259e+02,1.547895465577815628e+02,-4.717785051931575740e-02,9.417943430483943246e+01,2.115124145565207073e+04,0.000000000000000000e+00,6.277903337605275738e+04
2.995000000000167528e+00,1.553144169845964129e+01,4.807700019690122617e-01,1.708036123207302970e-01,2.102296433580489463e-04,-3.772633023540264012e-05,-1.643591508620476701e-04,6.303687341568352309e+01,-7.385078406384332084e+01,1.221598270186925816e+02,-4.718802654178613776e-02,9.415245667639005944e+01,2.279936831498008178e+04,0.000000000000000000e+00,6.361840929409740784e+04
3.000000000000169198e+00,1.553143667349274892e+01,4.807768955196547456e-01,1.707976162163804545e-01,5.998406913183708519e-04,3.366435991018253008e-04,-1.565734029976652720e-03,5.237325363138907619e+00,-1.572338657536113260e+01,1.689745782038925483e+02,-4.717355790596595988e-02,9.414052696100763740e+01,2.037416802516454482e+04,0.000000000000000000e+00,6.287796227323485073e+04
3.005000000000170868e+00,1.553144589095073869e+01,4.807786873082718904e-01,1.707976708211587369e-01,4.056728355064752670e-03,-1.608954788737197847e-03,1.606790739879877718e-03,-5.948457586387849005e+01,4.070494097510209031e+01,2.071005723600492558e+02,-4.715899544096944368e-02,9.417114427291978984e+01,2.610359697870056698e+04,0.000000000000000000e+00,5.985667878928406572e+04
3.010000000000172538e+00,1.553145413174906508e+01,4.807796843388922881e-01,1.707998355416034397e-01,1.168432721077827504e-03,8.199766960524640770e-04,-4.941304183380377819e-04,-8.084347568055090960e+01,7.693764459476847151e+01,2.120843728756237851e+02,-4.716246329656090946e-02,9.418685709895490277e+01,2.201728009672870030e+04,0.000000000000000000e+00,6.009386725837901031e+04
3.015000000000174207e+00,1.553145382256950846e+01,4.807865785610150877e-01,1.707919652381684472e-01,-1.217812225400505743e-03,2.522708007052356770e-03,-2.236114874674644329e-03,-7.208006855323674245e+01,6.900355543328919339e+01,2.140089237849827271e+02,-4.710055412729864666e-02,9.417836331724105037e+01,2.205972202170338642e+04,0.000000000000000000e+00,6.009763875936467957e+04
3.020000000000175877e+00,1.553144286250441120e+01,4.807951509679073698e-01,1.707858815328532065e-01,-7.802658451784359565e-04,5.639654461437787524e-04,-7.948358416664492391e-04,-6.972315575488210015e+00,2.608497133522200784e+01,1.866376981022245616e+02,-4.714799416756639688e-02,9.420467839242726882e+01,2.154281159463619042e+04,0.000000000000000000e+00,6.033371528066531755e+04
3.025000000000177547e+00,1.553143158399721457e+01,4.808095245992138334e-01,1.707765484196140382e-01,-4.701576448971891628e-03,5.199135175583916024e-03,-2.942952283800199034e-03,4.731739814735328764e+01,-3.504268942824228361e+01,1.922221799681032621e+02,-4.717327748945916027e-02,9.420844123997450481e+01,2.276107194666844953e+04,0.000000000000000000e+00,5.978302175623353833e+04
3.030000000000179217e+00,1.553142620798646334e+01,4.808029551804051671e-01,1.707787937286729119e-01,-5.227159740831579561e-03,-3.531031856407031676e-03,1.657670075931093421e-03,5.547515906416720100e+00,3.964096441174137908e+01,1.754930560767236898e+02,-4.717485534031964911e-02,9.416928684567730556e+01,2.156295843870444878e+04,0.000000000000000000e+00,6.035311766683668975e+04
3.035000000000180886e+00,1.553141930483470823e+01,4.807868009306195956e-01,1.707887150735834803e-01,-3.585987592118440766e-03,5.341766810949780001e-05,1.140547006747991707e-03,5.459568025385753742e+01,-4.904621645843963051e+01,1.383040531964075512e+02,-4.717685000003556117e-02,9.409410941429564446e+01,2.112665432633068122e+04,0.000000000000000000e+00,6.331821800195986725e+04
3.040000000000182556e+00,1.553142263374933485e+01,4.807761560338765228e-01,1.707959669187238128e-01,1.209625957838313635e-03,-2.162196486994879662e-03,1.534144075490385950e-03,7.611513011103608051e+01,-8.617361175872122203e+01,1.678732229029876635e+02,-4.718840042925685763e-02,9.405048659518928389e+01,2.227928431661498325e+04,0.000000000000000000e+00,6.277510570150122658e+04
3.045000000000184226e+00,1.553143604917235798e+01,4.807652425272924135e-01,1.708024647962498310e-01,5.136671150367932287e-03,-3.978346085756222228e-03,1.202558542210257868e-03,-8.728717776506800874e+01,1.102280019564116174e+02,2.217688978002178999e+02,-4.716154883616083260e-02,9.406366624801694343e+01,2.213439127914370692e+04,0.000000000000000000e+00,6.007666650585994648e+04
3.050000000000185896e+00,1.553144011417440140e+01,4.807707918532009850e-01,1.707975746501423919e-01,2.625238192224416296e-03,-5.403906419364079691e-04,-4.724662827287094214e-04,3.565040220003201199e+01,-4.393658959387232699e+01,1.558897902806640730e+02,-4.718290968952895681e-02,9.417328819455173061e+01,2.109678113013182519e+04,0.000000000000000000e+00,6.334806666051976936e+04
3.055000000000187566e+00,1.553144439635425478e+01,4.807770080270113433e-01,1.707906037774899743e-01,3.852557010205827446e-03,-1.180247492595665366e-03,-2.200007356324503891e-04,3.332787071549049784e+01,-4.967918503118573881e+01,1.900459856730807928e+02,-4.718146576038489276e-02,9.428124732869824243e+01,2.162167225133017928e+04,0.000000000000000000e+00,6.234571896104278130e+04
3.060000000000189235e+00,1.553145766914088632e+01,4.807720682035935833e-01,1.707964283217087431e-01,5.097007976361533042e-03,-3.260878727546634524e-03,1.914850577085550195e-03,-7.535187664077521674e+01,6.876279437289048246e+01,2.195732648489580185e+02,-4.718907701761279605e-02,9.441687979227366156e+01,2.631167628664009317e+04,0.000000000000000000e+00,5.978423410163135122e+04
3.065000000000190905e+00,1.553145882158003310e+01,4.807753236840027200e-01,1.707964846564422601e-01,1.932409549148981378e-05,1.423776196427180372e-03,-9.575358746358551961e-04,4.413324006501580499e+01,-6.120427941596472010e+01,1.831217454796768038e+02,-4.719738410962878716e-02,9.447881968141233244e+01,2.166671659222268136e+04,0.000000000000000000e+00,6.232186292789322033e+04
3.070000000000192575e+00,1.553145429096467822e+01,4.807763901193321532e-01,1.707914062501167396e-01,-1.246713448531631529e-03,4.340466086441451725e-04,-1.523805455910903035e-03,6.841586347238217058e+01,9.486366860967336834e+00,2.341346190189269691e+02,-4.718598842803742310e-02,9.448918414981424974e+01,2.028812783859554111e+04,0.000000000000000000e+00,5.913553585404626938e+04
3.075000000000194245e+00,1.553145861494086688e+01,4.807757907732166935e-01,1.707901078533395900e-01,1.916535897346962822e-03,-1.618277429615076366e-03,1.364625671840348064e-03,-5.109328534018777646e+01,4.371930722468596286e+01,2.246075368874148808e+02,-4.716994952287214410e-02,9.442734138635428565e+01,2.333374167536598543e+04,0.000000000000000000e+00,5.959745363499817904e+04
3.080000000000195914e+00,1.553145207576966058e+01,4.807731389323228188e-01,1.707909231706289388e-01,-2.226006298978161664e-03,1.023394841049384820e-03,-8.892040322904280281e-04,1.385297839042335610e+01,-2.020866089431024193e+01,1.596970160544137229e+02,-4.718670715316083258e-02,9.435875626205746869e+01,2.038956871721417701e+04,0.000000000000000000e+00,6.285587779921142646e+04
3.085000000000197584e+00,1.553144534903784368e+01,4.807772053919230903e-01,1.707859600404738609e-01,-2.030263961210333149e-03,1.499948404507142272e-03,-5.823339781741636127e-04,-7.003457113759077401e+01,7.309215349960186359e+01,2.061040529917310664e+02,-4.717286350283585172e-02,9.429660348729633768e+01,2.205751576875142564e+04,0.000000000000000000e+00,6.009702942425144283e+04
3.090000000000199254e+00,1.553144650832511253e+01,4.807778756642485662e-01,1.707806171412869223e-01,1.491449105440468149e-03,-8.506739756635338292e-04,-2.664219438470090428e-04,8.697739547070850108e+01,-1.003856242500523877e+02,1.674686292607511007e+02,-4.718054930287083476e-02,9.426739621790343904e+01,2.116665998731640138e+04,0.000000000000000000e+00,6.285202998197744455e+04
3.095000000000200924e+00,1.553145722520147665e+01,4.807730896411893662e-01,1.707828428001147980e-01,4.392694993569451478e-03,-2.222850139111954768e-03,1.463950894147834870e-03,-6.539971893097248312e+01,6.309468622642245350e+01,2.375432396610056855e+02,-4.717687678675305113e-02,9.435720361019019720e+01,2.350288282511246507e+04,0.000000000000000000e+00,5.952284827505909925e+04
3.100000000000202593e+00,1.553146642844760805e+01,4.807634600587210039e-01,1.707878879254214333e-01,-1.561438643988058038e-03,2.637919589663007187e-04,-8.594183005843752108e-05,-4.049579168988611855e+01,3.862207108911070463e+01,2.248684174952815056e+02,-4.718552943174324221e-02,9.439408579638802621e+01,2.332725336534304734e+04,0.000000000000000000e+00,5.959160529240116011e+04
3.105000000000204263e+00,1.553147091484732023e+01,4.807561914861184227e-01,1.707922505120413603e-01,-8.148671338195666910e-04,1.145785136373791676e-03,1.907265633434342687e-04,2.999192813114223100e+01,-1.538013148820732567e+01,1.929841636014489268e+02,-4.718903081159631779e-02,9.441398414540691419e+01,2.269740573444792244e+04,0.000000000000000000e+00,5.982025378275848925e+04
3.110000000000205933e+00,1.553146647943420966e+01,4.807589988104187251e-01,1.707934834382198175e-01,-4.415306618910820949e-03,3.041753046883114483e-03,-1.099827236687151918e-03,7.319295300539607751e+01,-6.614689818346323591e+01,1.356016866877209850e+02,-4.717052668457279163e-02,9.448145206600210599e+01,1.991322725230336800e+04,0.000000000000000000e+00,6.335030484110350517e+04
3.115000000000207603e+00,1.553146492557780434e+01,4.807657910643123311e-01,1.707892835219950167e-01,-2.311848729924629339e-04,1.275588189637723302e-03,-1.565997771627691609e-03,-1.227368427590549800e+02,3.494905661162647448e+00,2.483410031257679407e+02,-4.717000178906503166e-02,9.453014693960376746e+01,2.242482723397399604e+04,0.000000000000000000e+00,6.093166975715738226e+04
3.120000000000209273e+00,1.553144520023207775e+01,4.807683873739549418e-01,1.707864074671522903e-01,-1.165676746065758392e-04,-9.948705920189604597e-04,9.516747853196270458e-04,-5.448175996603616511e+00,4.374914819681897882e+01,2.674277689410593553e+02,-4.717465266343983527e-02,9.435383569438235440e+01,2.223755702550732167e+04,0.000000000000000000e+00,5.851572942045782111e+04
3.125000000000210942e+00,1.553144977108570579e+01,4.807628142934290971e-01,1.707988431103712457e-01,-7.152137479682170104e-04,-3.943494855525899985e-05,2.349893498972401625e-03,-4.370457546547186212e+01,3.586086237198514937e+01,2.126383758098229180e+02,-4.714640358035659951e-02,9.421424428517627803e+01,2.330363084073419304e+04,0.000000000000000000e+00,5.951378480918597779e+04
3.130000000000212612e+00,1.553145131035846660e+01,4.807613576384837106e-01,1.708041545688201157e-01,-1.584205824610093304e-03,2.601062635809073265e-03,-1.538362220898849709e-03,-7.161647650265149423e+01,6.844064171703826105e+01,2.059104216996857417e+02,-4.710796694114444128e-02,9.414718729727317736e+01,2.199968667554862259e+04,0.000000000000000000e+00,6.001106261572126823e+04
3.135000000000214282e+00,1.553144618726567217e+01,4.807726115260725352e-01,1.707909695011558260e-01,-5.637944249755215192e-04,2.345164491132941450e-03,-3.548375329887475289e-03,3.315658202680833710e+01,-2.464423982876610353e+01,2.029746327625756237e+02,-4.714839855719708123e-02,9.412748721197775126e+01,2.293134046497464806e+04,0.000000000000000000e+00,5.978454660888199578e+04
3.140000000000215952e+00,1.553144933073397027e+01,4.807812965382512460e-01,1.707799634075331807e-01,-1.192774195327771279e-03,3.855693710873383476e-03,-2.492684638119036129e-03,2.220590048485655643e+01,-9.253142727538261170e+00,1.828588531292099901e+02,-4.717004985768215308e-02,9.425032749881295047e+01,2.578955668175219762e+04,0.000000000000000000e+00,5.993408085261854285e+04
3.145000000000217621e+00,1.553143911752258965e+01,4.807899885420681141e-01,1.707701474128678620e-01,-1.648366848628414786e-04,-2.912186356279396812e-03,2.097351012857953808e-04,-1.369909821288320018e+01,2.642079093342385931e+01,1.647974778157149558e+02,-4.716843192974778942e-02,9.421794905056164282e+01,2.434984098565042586e+04,0.000000000000000000e+00,6.063271515428894782e+04
3.150000000000219291e+00,1.553144078013939655e+01,4.807800457212236811e-01,1.707703156608804118e-01,2.545739672583269449e-03,-2.974984010479220318e-03,6.023018918818723571e-04,-8.422524259439387606e+01,9.083862639909693826e+01,2.161748800360092559e+02,-4.714503796888487586e-02,9.411560328620461746e+01,2.203288475063114674e+04,0.000000000000000000e+00,6.016129797419482202e+04
3.155000000000220961e+00,1.553143904839159184e+01,4.807839685784102701e-01,1.707652030603997728e-01,-2.545709361395462333e-03,2.114975426131214791e-03,-1.829916238351595196e-03,-3.342284835553527955e+00,2.216081390655494943e+01,1.841130792297810501e+02,-4.715777644033201238e-02,9.412995743134094084e+01,2.156235798718994192e+04,0.000000000000000000e+00,6.035480559486233687e+04
3.160000000000222631e+00,1.553144165850416947e+01,4.807911249806549048e-01,1.707556012978317661e-01,-1.368465477322900088e-03,3.160140293912159885e-03,-2.234562413587227233e-03,-6.951998285435047364e+01,7.129064420825397974e+01,2.203510918237207079e+02,-4.711928945576341482e-02,9.420229297820893066e+01,2.202808657417417635e+04,0.000000000000000000e+00,6.019100549704658624e+04
3.165000000000224301e+00,1.553144891203544908e+01,4.807991066386074763e-01,1.707558424115412088e-01,2.707440140990501586e-03,4.010235893987266825e-04,6.309361574712347466e-04,-5.370263025048461714e+01,3.628985817925035917e+01,2.265713143506434619e+02,-4.713175993003110298e-02,9.423664696712069144e+01,2.334617413402535749e+04,0.000000000000000000e+00,5.963024432249897654e+04
3.170000000000225970e+00,1.553144557116091207e+01,4.807863547536129212e-01,1.707676050210923113e-01,-1.821400651628580667e-03,-3.798265038617632851e-03,3.417636478606462993e-03,-7.151696745133540389e+01,9.165912821244796760e+01,1.982414838838345190e+02,-4.717621353973791565e-02,9.416766767244911307e+01,2.201305495779455305e+04,0.000000000000000000e+00,6.010817489168357861e+04
3.175000000000227640e+00,1.553144208067820031e+01,4.807757758388395142e-01,1.707723885163906774e-01,-1.317461816795070838e-03,-3.992926040740346475e-04,-2.553714961271122711e-04,-4.115267530531309603e+01,3.883524845634451594e+01,2.266704340782615645e+02,-4.716484314123780414e-02,9.408864398028217124e+01,2.349043095445996005e+04,0.000000000000000000e+00,5.955355618846139259e+04
3.180000000000229310e+00,1.553143766276675208e+01,4.807724364663054639e-01,1.707749164250927376e-01,-3.001477526945612803e-03,1.489109983483760322e-03,-3.841786004556850044e-04,3.897434858010637981e+01,-1.867074664116353233e+01,1.895340483659822723e+02,-4.718209179676254028e-02,9.413359778325613547e+01,2.271045388333725350e+04,0.000000000000000000e+00,5.981111362879075750e+04
3.185000000000230980e+00,1.553143814763230246e+01,4.807697074740404086e-01,1.707757637303083942e-01,-1.664704448084277722e-03,1.773498167796571648e-03,-6.599158308845548028e-04,3.463433751574211783e+01,-1.925548704991160776e+01,1.924763509639869312e+02,-4.718025527059867275e-02,9.422891569471551065e+01,2.270814065613926141e+04,0.000000000000000000e+00,5.981548921028175391e+04
3.190000000000232649e+00,1.553144280332855232e+01,4.807672881321361502e-01,1.707770571248303504e-01,2.368863328822875310e-03,-1.465006672039129024e-03,6.366149498429813681e-04,5.289064130772841565e+01,-4.789457653465638032e+01,1.444148388263144511e+02,-4.718397769722416923e-02,9.436249600275860416e+01,1.987046604411034423e+04,0.000000000000000000e+00,6.340242906112375931e+04
3.195000000000234319e+00,1.553143596313682018e+01,4.807686166123702476e-01,1.707770340676285914e-01,-4.176636323257486814e-03,-3.412506343180720433e-03,1.169608386304100836e-03,1.073719137827996519e+02,-1.203647109820784635e+02,1.433223221246007881e+02,-4.715373143560563224e-02,9.443564610924624958e+01,2.377525882925131737e+04,0.000000000000000000e+00,6.318420119648556283e+04
3.200000000000235989e+00,1.553141976245785472e+01,4.807589781841685728e-01,1.707835426779242549e-01,-3.196378347431567176e-03,2.091927232248284938e-04,1.119502003186704890e-03,1.024102961909855622e+02,-1.039263249465784611e+02,1.528120581751479676e+02,-4.717249089404488421e-02,9.429632307842680916e+01,2.112679571977330488e+04,0.000000000000000000e+00,6.275735573497196310e+04
3.205000000000237659e+00,1.553142632275151414e+01,4.807444607293522854e-01,1.707961127133920398e-01,3.714111978643221124e-03,-4.105783558272181090e-03,2.368635686961493778e-03,-8.217980414481507978e+01,1.131591082415511664e+02,2.128168798503707251e+02,-4.715445570720257218e-02,9.425228768479821895e+01,2.209191374877944691e+04,0.000000000000000000e+00,6.003638451210609492e+04
3.210000000000239329e+00,1.553143989457268326e+01,4.807358278725797351e-01,1.708030450615553864e-01,2.895745148455645696e-03,-1.713767691757083845e-03,1.898312094232200041e-03,-8.616230417801898511e+01,8.858753227308375244e+01,2.061048843446064325e+02,-4.718009122238262659e-02,9.433931984900407031e+01,2.197793320437294096e+04,0.000000000000000000e+00,6.007858352866296627e+04
3.215000000000240998e+00,1.553145427524065880e+01,4.807252313876019256e-01,1.708121581906766606e-01,3.673659155732663436e-03,-2.817924215077169912e-03,1.950149608712034967e-03,1.562892644107523665e+01,5.955843367451052472e-02,1.951702843337214688e+02,-4.718442775952558232e-02,9.445045824446381744e+01,2.262591275611308811e+04,0.000000000000000000e+00,5.978448339650623529e+04
3.220000000000242668e+00,1.553147221020545565e+01,4.807132071169315513e-01,1.708164543306738004e-01,2.544122079632945427e-03,-4.737940943009980922e-04,-2.257297112570359136e-04,-2.630210181603297315e+01,2.436326968155822215e+01,1.665284462538620858e+02,-4.717466367732482679e-02,9.458248257695950656e+01,2.425200990216865102e+04,0.000000000000000000e+00,6.051981476146390924e+04
3.225000000000244338e+00,1.553147495166600223e+01,4.807156881773568813e-01,1.708082510901695328e-01,9.524508206335970226e-05,1.011047525600278956e-03,-1.289432353181341456e-03,-1.666731592551832364e+01,3.018512139285212470e+01,1.880221661843857532e+02,-4.719627187965791393e-02,9.466393231600439151e+01,2.141423255779880856e+04,0.000000000000000000e+00,6.024958803428253304e+04
3.230000000000246008e+00,1.553147743049979823e+01,4.807090056929722577e-01,1.708044404135213024e-01,-1.105958600341351919e-03,2.094242965150086382e-04,-1.848629424834163579e-03,-4.836675804119511923e+01,5.461463470848659796e+01,2.409842967204609465e+02,-4.719715970899471952e-02,9.473366482502119368e+01,2.340654113455950210e+04,0.000000000000000000e+00,5.945726399044950813e+04
3.235000000000247677e+00,1.553147665849448522e+01,4.807094022291641400e-01,1.708036329932131614e-01,-3.987508171280336987e-03,4.155720779578508418e-03,-1.124847972638271139e-03,9.412565818283641761e+01,-1.144060503577996997e+02,1.627373514171441684e+02,-4.720020556189957750e-02,9.476972661121695296e+01,2.090566375754226465e+04,0.000000000000000000e+00,6.267661066861849395e+04
3.240000000000249347e+00,1.553146922043244871e+01,4.807171422628271351e-01,1.708052204368073201e-01,-2.620699764434059661e-03,-5.273569448791221937e-04,1.664375428218186443e-03,1.370369030278187417e+01,-1.128339443975312406e+01,1.551777800557245257e+02,-4.720229430980510399e-02,9.484006324295410195e+01,2.031548885995434830e+04,0.000000000000000000e+00,6.282613525702433981e+04
3.245000000000251017e+00,1.553145261876959360e+01,4.807252263368136380e-01,1.708055748737302149e-01,-3.829789975243782542e-03,4.505187761893019935e-03,-2.034619351446490063e-03,1.583908187180527989e+02,-1.648363474562678448e+02,1.421287393817933662e+02,-4.719425160696093247e-02,9.482203672496798674e+01,2.153327717665987439e+04,0.000000000000000000e+00,6.335492323651081824e+04
3.250000000000252687e+00,1.553143964454319281e+01,4.807406931049957310e-01,1.707998563650282853e-01,-5.671595965199963986e-03,5.443171607684331795e-03,-2.703105887845811978e-03,7.914820140902168077e+01,-7.522494276170084504e+01,1.341898460321210678e+02,-4.715926673473865016e-02,9.486905561416647004e+01,1.989642246280228574e+04,0.000000000000000000e+00,6.324327612427710847e+04
3.255000000000254357e+00,1.553144620903641204e+01,4.807401100331323840e-01,1.708094267872218297e-01,-3.809236434488434513e-03,3.204194687026683426e-03,7.226847210506777376e-04,4.444354851850616939e+01,-9.094949046953240668e+01,1.517281778883568109e+02,-4.717450519927738478e-02,9.475869196409838935e+01,2.430702388034962860e+04,0.000000000000000000e+00,6.249588327708768338e+04
3.260000000000256026e+00,1.553144862947679528e+01,4.807390884988200774e-01,1.708149932892800704e-01,-2.053125519392734759e-04,1.369957721474299780e-03,5.150933663356203635e-04,-7.198438742710231963e+01,9.246216567918645524e+01,2.051271456880824360e+02,-4.717198815022486530e-02,9.460137771251055483e+01,2.203590954274564865e+04,0.000000000000000000e+00,5.992143095780658768e+04
3.265000000000257696e+00,1.553145225474403190e+01,4.807395552984855547e-01,1.708153886285123935e-01,2.867241885949835711e-04,1.104889437958552845e-03,-5.256637990886352122e-04,-7.761812668830316397e+01,7.682784688346237090e+01,2.076182250656225392e+02,-4.714905082741866621e-02,9.457387269364336646e+01,2.192520735485115438e+04,0.000000000000000000e+00,5.998795922777998203e+04
3.270000000000259366e+00,1.553144753803235467e+01,4.807304966556034120e-01,1.708166391831038022e-01,-1.831818123087806038e-03,-1.034934804187258826e-03,-1.475350589635703979e-04,-4.560671313833743312e+01,5.692939410968519809e+01,2.303357417267271501e+02,-4.715936498416846423e-02,9.452152393724743717e+01,2.340009941979165160e+04,0.000000000000000000e+00,5.936328715315426962e+04
3.275000000000261036e+00,1.553144422829232063e+01,4.807256678816509976e-01,1.708172153248180003e-01,-1.945289969086059882e-03,8.051888080185127519e-04,-3.587822734458258052e-04,3.317023911803516967e+01,-1.547340860834856358e+01,1.921206275341828871e+02,-4.718759465761061811e-02,9.452551233314575541e+01,2.281486327028615051e+04,0.000000000000000000e+00,5.968155455571565835e+04
3.280000000000262705e+00,1.553145020813530053e+01,4.807221940737956278e-01,1.708182868877286265e-01,-1.569030078930265222e-04,1.174556793661785808e-03,-1.323366266901918617e-03,-5.020341399908056701e+01,5.005315742740481255e+01,2.357140204123103615e+02,-4.718182996274240121e-02,9.458372383606601375e+01,2.338194008329431381e+04,0.000000000000000000e+00,5.937043151695252891e+04
3.285000000000264375e+00,1.553144574296425873e+01,4.807284451124123059e-01,1.708155769244097677e-01,2.603588077972556359e-03,-9.294577978340442343e-04,3.364421769885023064e-04,1.744176723879263591e+00,1.430638279452591632e+01,2.073729844284569594e+02,-4.719091388705434070e-02,9.465496638261295459e+01,2.291221812830495401e+04,0.000000000000000000e+00,5.952024522683351825e+04
3.290000000000266045e+00,1.553144402862690931e+01,4.807253786110252114e-01,1.708166621961442477e-01,-2.038426192883809052e-03,4.498567689353322879e-04,-8.442347282576897431e-04,-3.889674589999185628e+01,3.776380444002256809e+01,2.258372788459311664e+02,-4.717618189876339463e-02,9.468549404327225716e+01,2.319282391986144285e+04,0.000000000000000000e+00,5.947261222947876377e+04
3.295000000000267715e+00,1.553144183572214132e+01,4.807221816287497451e-01,1.708183271021199157e-01,-1.973257296296677694e-03,2.110740143939486037e-03,-1.182537152490760251e-03,3.415691094424619223e+01,-1.955639573915073015e+01,1.936712980645305606e+02,-4.711112872337110818e-02,9.464147719763697353e+01,2.258936564896650816e+04,0.000000000000000000e+00,5.968835381897749903e+04
3.300000000000269385e+00,1.553143517436643961e+01,4.807285151587961658e-01,1.708106524026406781e-01,-1.509286737904589736e-03,-1.559480670493540921e-03,-1.643147938972346674e-03,-4.043986032918110141e+01,4.556354168351504086e+01,2.331996924482766076e+02,-4.714139440337292847e-02,9.470983359981177330e+01,2.319689602752336941e+04,0.000000000000000000e+00,5.950868422182685026e+04
3.305000000000271054e+00,1.553142288235661361e+01,4.807345179611207664e-01,1.707986604636351491e-01,9.823385380099938953e-04,-7.573479452596917124e-04,-1.188768762488832042e-03,-7.099595648427066408e+01,1.029680931056764166e+02,2.259377329031191266e+02,-4.716922171397359281e-02,9.467899303052044502e+01,2.202383373035658951e+04,0.000000000000000000e+00,6.004858435410218954e+04
3.310000000000272724e+00,1.553140608906352504e+01,4.807447103118210885e-01,1.707887011740734928e-01,-3.791241485670073918e-03,-4.267566937167388379e-03,4.547162840806260220e-04,-3.682932363507143236e+01,6.848822563802355035e+01,2.357900415861680585e+02,-4.719462165739485987e-02,9.462302496958176334e+01,2.342709619323439983e+04,0.000000000000000000e+00,5.948637520345794474e+04
3.315000000000274394e+00,1.553138564449071524e+01,4.807440572736733642e-01,1.707887458648915668e-01,-5.421190966435560261e-03,3.028411522067883666e-03,-1.011531533866964717e-03,6.124756491319811857e+01,-5.929356352640411387e+01,1.434341242212411771e+02,-4.719302972763803755e-02,9.448594247482601816e+01,2.124112256515014815e+04,0.000000000000000000e+00,6.319233844584775943e+04
3.320000000000276064e+00,1.553137955574262463e+01,4.807501318244769561e-01,1.707889972426862579e-01,-1.087768209012035135e-03,2.824627463925587743e-03,-6.258510801885482609e-04,5.298026717860980028e+01,-6.584934697196672460e+01,1.746988508370237128e+02,-4.717772416525414791e-02,9.446646566750548857e+01,2.174870690603956973e+04,0.000000000000000000e+00,6.217226058137609652e+04
3.325000000000277733e+00,1.553137861979285184e+01,4.807588024268004689e-01,1.707883519457915888e-01,5.150753195037445498e-03,-2.872805206366836790e-03,2.782553505912830835e-03,-6.551738285902351322e+01,6.623101215575466938e+01,2.358645787950370050e+02,-4.715560025345708062e-02,9.454153825967254932e+01,2.344745492418064896e+04,0.000000000000000000e+00,5.951448365616388037e+04
3.330000000000279403e+00,1.553138457597741606e+01,4.807604948847982174e-01,1.707918403942088603e-01,1.777876562908880815e-03,5.814484438704457499e-04,-1.075045840884126819e-03,-7.950592136283603395e+01,8.019312560280286561e+01,2.143397018748551659e+02,-4.715216705030601807e-02,9.462664190257272878e+01,2.198880712594897705e+04,0.000000000000000000e+00,6.009379159726104263e+04
3.335000000000281073e+00,1.553137639075301024e+01,4.807689965312365032e-01,1.707825323831835551e-01,-5.037622201404660591e-03,-8.542077327322054794e-04,-7.473658266441444639e-04,-2.768212667186708131e+01,4.035098281202112958e+01,2.229350771885321478e+02,-4.716041512689040510e-02,9.465215787537982806e+01,2.329508951683332634e+04,0.000000000000000000e+00,5.957180579409703205e+04
3.340000000000282743e+00,1.553136813693826745e+01,4.807634440689251276e-01,1.707839038132430987e-01,-1.206812165720272173e-03,5.452887963530425380e-04,-7.327537079894016385e-04,8.578449164185883546e+01,-9.425769476323750951e+01,1.688093758479005828e+02,-4.719623096043122634e-02,9.460230954572878659e+01,2.225642912246003107e+04,0.000000000000000000e+00,6.275425170943157718e+04
3.345000000000284412e+00,1.553136809878127700e+01,4.807630302793726162e-01,1.707826046017467403e-01,-3.073892065821268952e-03,3.627786028404386513e-03,-1.733932113166872886e-03,-9.588363350380859629e+00,5.116603733571969315e+01,1.845821712161611003e+02,-4.718652756752778760e-02,9.456711124860271411e+01,2.177228094057994895e+04,0.000000000000000000e+00,6.009775878617916896e+04
3.350000000000286082e+00,1.553136625490486011e+01,4.807754284168487269e-01,1.707755380566652603e-01,1.345579382114415155e-03,6.250514407532004870e-04,-9.146558347589287593e-04,5.850230633626661358e+01,-5.624693282700650343e+01,1.453578754004930715e+02,-4.719170368532789317e-02,9.466125254982094361e+01,1.987855662830931033e+04,0.000000000000000000e+00,6.333798005156976433e+04
3.355000000000287752e+00,1.553136131148184518e+01,4.807916522122931968e-01,1.707653829612997276e-01,-2.933212929433512070e-03,3.773355241704148821e-03,-2.508237076519129975e-03,9.636581118360550136e+01,-1.366133903032335866e+02,1.469609921218145416e+02,-4.715053412349495821e-02,9.475199626949158471e+01,2.494831388129991683e+04,0.000000000000000000e+00,6.304352860374725424e+04
3.360000000000289422e+00,1.553137079264643106e+01,4.807886829668411299e-01,1.707687435931820596e-01,1.732469050231461721e-03,2.182326145880943992e-04,1.563989517202668718e-03,-1.258769846855827836e+02,3.089207129612327662e+01,2.271644951416846254e+02,-4.716223931137933367e-02,9.460798603461543621e+01,2.237560807463802485e+04,0.000000000000000000e+00,6.082894918551725277e+04
3.365000000000291092e+00,1.553137208285775728e+01,4.807880376699324443e-01,1.707694854222701897e-01,1.146156082939466230e-03,-1.713033398412487933e-04,-4.186635225504375447e-04,-5.348479672722578471e+01,5.265375846563597406e+01,2.344662452956933976e+02,-4.717751795614882199e-02,9.443017565661600088e+01,2.347102428464000695e+04,0.000000000000000000e+00,5.946535510947419971e+04
3.370000000000292761e+00,1.553137581855776972e+01,4.807919327063514547e-01,1.707681547866074789e-01,-2.450172573409121319e-04,2.190079047665879648e-03,-1.228293631617280706e-03,-4.408468344942275507e+01,3.081167401078505463e+01,2.258528999264191839e+02,-4.717510221621680488e-02,9.437929603367959430e+01,2.327949351000171009e+04,0.000000000000000000e+00,5.955499476802669233e+04
3.375000000000294431e+00,1.553137723064424947e+01,4.808005728674427659e-01,1.707582560072389566e-01,-4.548040145662123578e-03,2.484308619996565548e-03,-2.383743165392766556e-03,-8.349782864003481464e+00,-1.681689420044981489e+02,1.886174083062704483e+02,-4.715650104800688663e-02,9.443791845213102931e+01,2.130232686010863836e+04,0.000000000000000000e+00,6.397927874757484096e+04
3.380000000000296101e+00,1.553136272615272873e+01,4.807964835722267072e-01,1.707518278259183564e-01,-3.486514921527336230e-03,2.167500949316922536e-03,-1.599822114165495726e-03,2.263310100865010099e+01,-1.253849535933568404e+00,2.040554531109306140e+02,-4.716957190315046455e-02,9.426270582260517017e+01,2.320588739549490856e+04,0.000000000000000000e+00,5.958999411037416576e+04
3.385000000000297771e+00,1.553135095115799480e+01,4.808024029970697777e-01,1.707495403919233601e-01,-1.680976327732363424e-03,4.466462380826176186e-04,3.602939721770875587e-04,1.627284918059422125e+01,5.800616676837762498e+00,2.012109084454542938e+02,-4.717320257738649020e-02,9.426873681684924122e+01,2.321468158326585763e+04,0.000000000000000000e+00,5.959639826691124472e+04
3.390000000000299440e+00,1.553134637318608746e+01,4.808089225300810066e-01,1.707506473870130659e-01,-4.671121194317823418e-03,5.012612649932544039e-03,-1.903234661518088313e-03,9.903325425359186340e+01,-1.130109035065681837e+02,1.615079137770020452e+02,-4.716516738304074585e-02,9.441697782610039269e+01,2.229534183631080668e+04,0.000000000000000000e+00,6.273649847605392279e+04
3.395000000000301110e+00,1.553135917179710468e+01,4.807939264887528541e-01,1.707622999239443162e-01,-5.834428367734433843e-04,-2.026969026679353164e-03,2.442635901979615422e-03,-5.829911462018238666e+01,6.371751487923784651e+01,2.029358558689155245e+02,-4.715312181701927091e-02,9.446098289422727134e+01,2.628927339409170236e+04,0.000000000000000000e+00,5.974840420177284250e+04
3.400000000000302780e+00,1.553137450249318796e+01,4.807767677352982050e-01,1.707732880742000581e-01,3.254952885311880855e-03,-1.875680559947330919e-03,1.895860336468531285e-03,-8.022363085087954460e+01,1.063408568362940514e+02,2.100151548967111523e+02,-4.716598097865720707e-02,9.446728001103383576e+01,2.209289596564500971e+04,0.000000000000000000e+00,6.004043499303840508e+04
3.405000000000304450e+00,1.553138504231247907e+01,4.807735423772303562e-01,1.707774507535449737e-01,5.812380538660311471e-03,-3.578482479249368940e-03,2.043596880153163414e-03,-6.814888927797565543e+01,6.883261716815225384e+01,2.375447109526604663e+02,-4.717584185515362460e-02,9.461799649179174310e+01,2.341490512224941267e+04,0.000000000000000000e+00,5.948692413438839867e+04
3.410000000000306120e+00,1.553138642371525613e+01,4.807663456308312599e-01,1.707797724040038545e-01,-1.290957182887423650e-03,8.589734577700588016e-04,-1.831784489188522519e-03,-5.564544843336577173e+01,5.468877632291322044e+01,2.163694424936066127e+02,-4.718778090421166943e-02,9.464998654274400280e+01,2.624443517502217219e+04,0.000000000000000000e+00,5.971504105151128169e+04
3.415000000000307789e+00,1.553139115236037604e+01,4.807629255416901448e-01,1.707789003576605791e-01,4.219772274100932813e-04,4.094099566598241900e-05,-7.207474388026949916e-06,5.854637289622921514e+01,-5.318385399081023479e+01,1.416764031477947867e+02,-4.717394115892633438e-02,9.470739125441753004e+01,1.986364667486828694e+04,0.000000000000000000e+00,6.336484822745658312e+04
3.420000000000309459e+00,1.553139713742332795e+01,4.807505229792911061e-01,1.707839419165048389e-01,-1.130656732097642123e-03,-6.848318149128155077e-04,5.283828718948029761e-04,-4.710829497302029267e+01,5.682639717852453032e+01,2.303131370028959566e+02,-4.718215517239272155e-02,9.467849096862177305e+01,2.342893341672513634e+04,0.000000000000000000e+00,5.944887747971559293e+04
3.425000000000311129e+00,1.553139987453876536e+01,4.807483261106660910e-01,1.707858131565804793e-01,1.130515796335554478e-03,2.822795235759076446e-04,-4.791514700805415842e-04,-1.447031932178015268e+01,3.390715736120228030e+01,1.853689160751957274e+02,-4.718962273152046277e-02,9.471912109373337785e+01,2.146377273037751365e+04,0.000000000000000000e+00,6.029345474604687479e+04
3.430000000000312799e+00,1.553139876825612120e+01,4.807536129585882612e-01,1.707830181823227211e-01,-1.723398517898148746e-03,-7.143744766575433388e-04,1.083798545086707291e-03,-6.999581041939245551e+01,8.580407160549884793e+01,2.033480384587067533e+02,-4.715109621758186570e-02,9.474855924968908027e+01,2.194512706021141275e+04,0.000000000000000000e+00,6.007018608500426490e+04
3.435000000000314468e+00,1.553139798311611663e+01,4.807498702144809011e-01,1.707833615104991376e-01,3.364802709063713414e-05,7.427461256899038720e-04,-9.508781070319939979e-04,-2.719721193001441861e+01,5.101275725040136422e+01,1.711367993164015786e+02,-4.709762815360046817e-02,9.470243383581288299e+01,2.452492397497284765e+04,0.000000000000000000e+00,6.039380186255706940e+04
3.440000000000316138e+00,1.553139344893223139e+01,4.807618501722806803e-01,1.707779787271311578e-01,3.745011682323430742e-03,-2.725583323247370449e-03,1.934048863049657192e-03,8.151883900891384371e+01,-8.979618746963546982e+01,1.647531953800466908e+02,-4.716270082469697922e-02,9.484625024280467187e+01,2.107034967009790125e+04,0.000000000000000000e+00,6.280620584330954443e+04
3.445000000000317808e+00,1.553140381180249641e+01,4.807429771236160776e-01,1.707924995674779955e-01,-1.016923518375492360e-03,-2.288372802670955741e-04,2.036011498824205363e-03,-5.012324541355955887e+01,5.412835993543927771e+01,2.244219259443163423e+02,-4.712202198130351766e-02,9.474645105866990491e+01,2.354995091006071016e+04,0.000000000000000000e+00,5.939484289554294810e+04
3.450000000000319478e+00,1.553140644115273261e+01,4.807352920855509915e-01,1.708051573707158044e-01,2.946093743364889064e-03,-4.113736472166833191e-03,3.604212288976782908e-03,-5.428078847218785086e+01,5.457948333943863872e+01,2.210989128975482743e+02,-4.713850947530862784e-02,9.483630626057373547e+01,2.319417580706456647e+04,0.000000000000000000e+00,5.952889619417860376e+04
3.455000000000321148e+00,1.553140038432028902e+01,4.807428196744332194e-01,1.708105587768987410e-01,-6.072842297210693727e-03,5.850195837021661058e-03,-1.134780959207873667e-03,-3.168691205874454297e+01,-2.202332108151739476e+02,2.199676341227147134e+02,-4.717272431663946386e-02,9.500642755692909702e+01,2.172129089381372978e+04,0.000000000000000000e+00,6.298231017629344569e+04
3.460000000000322817e+00,1.553138989933952097e+01,4.807177497021964396e-01,1.708239448132408966e-01,-4.374619684938185760e-03,1.647515966809252452e-04,-5.562415639028184993e-04,-2.769822385218958516e+00,3.053149316301710314e+01,1.750469719929618861e+02,-4.720329501098936842e-02,9.485805489085984732e+01,2.162412456872153416e+04,0.000000000000000000e+00,6.014286763664346654e+04
3.465000000000324487e+00,1.553138918837387727e+01,4.807044718434905772e-01,1.708314523931855067e-01,3.741434079375156700e-03,-5.118836901771889672e-03,3.171178625125309347e-03,-8.590681135726572393e+01,1.167777453986300316e+02,2.099067774469053234e+02,-4.720371440600059504e-02,9.484249012912138710e+01,2.215604468290301520e+04,0.000000000000000000e+00,5.992281982155634614e+04
3.470000000000326157e+00,1.553139410555051647e+01,4.806972794701954710e-01,1.708344552205021127e-01,2.545127994759368087e-03,-1.347937172263433125e-03,1.919376845822971499e-05,-5.661535591296569692e+01,4.416096205271196595e+01,2.079590011198637285e+02,-4.715948206236722506e-02,9.487411571204025051e+01,2.589322298529091859e+04,0.000000000000000000e+00,5.971055742818630097e+04
3.475000000000327827e+00,1.553139311365609920e+01,4.807046236546974050e-01,1.708274955970714715e-01,-9.754829330347393771e-04,1.658033232264385839e-03,-1.108572039618430224e-03,-4.703525782455030679e+01,4.905427744177816152e+01,2.313275786032099290e+02,-4.718649929571613194e-02,9.499133340672176473e+01,2.333701794322169371e+04,0.000000000000000000e+00,5.935212632746808958e+04
3.480000000000329496e+00,1.553139419843664371e+01,4.807089353207723570e-01,1.708280201633256001e-01,1.557451136929236023e-03,-7.366899304800104313e-04,1.031766635820640862e-03,-1.229907843878177118e+02,3.858783253941942348e+01,2.315042292342027679e+02,-4.719323423231949755e-02,9.511028717109903141e+01,2.225618677569569627e+04,0.000000000000000000e+00,6.071923919002082403e+04
3.485000000000331166e+00,1.553137986644100543e+01,4.807070795408501240e-01,1.708288312947751075e-01,-4.281472719229034544e-03,1.704858076956097378e-03,-2.221249619987015404e-04,5.521846210285896461e+01,-5.219306321018927974e+01,1.379513768350862222e+02,-4.719266960266237793e-02,9.499919648343042411e+01,2.098660604621192033e+04,0.000000000000000000e+00,6.313274858163735917e+04
3.490000000000332836e+00,1.553137499865813886e+01,4.807109246795599478e-01,1.708214918180109287e-01,-3.313331874104290774e-03,3.627014463680714070e-03,-2.262593682050338326e-03,-3.614403434155519790e+01,2.778318145937441841e+01,2.230517438347577297e+02,-4.718045183463755871e-02,9.492732297352635840e+01,2.317667508479156459e+04,0.000000000000000000e+00,5.944679173505446670e+04
3.495000000000334506e+00,1.553138103837036610e+01,4.807092825235789735e-01,1.708212302610952471e-01,1.395687091920661243e-03,7.205194460473264388e-04,1.329620595991667258e-04,7.476484590964724930e+01,-8.872301994737733821e+01,1.670568670489531087e+02,-4.719647101788195659e-02,9.498487761812705799e+01,2.213959092028983650e+04,0.000000000000000000e+00,6.263786449436002295e+04
3.500000000000336176e+00,1.553139013348163644e+01,4.807100689607790023e-01,1.708185317468612630e-01,2.601630133715976834e-03,-8.860755107123531073e-04,7.412610707149053701e-05,3.406452732422913243e+01,-3.896422111328854498e+01,1.537460943796042159e+02,-4.719548329439503254e-02,9.508219120423763115e+01,2.094208274691564657e+04,0.000000000000000000e+00,6.320303477722501702e+04
3.505000000000337845e+00,1.553139080891109813e+01,4.807063182812003066e-01,1.708181530252461389e-01,-2.223013759734597094e-03,1.456940390551292796e-03,-1.612275522469705123e-03,5.232042724455192229e+01,-5.627194643766597437e+01,1.800323786900673326e+02,-4.720542731832762240e-02,9.508693252691863051e+01,2.150274886607296867e+04,0.000000000000000000e+00,6.220174905249993753e+04
3.510000000000339515e+00,1.553139077773725774e+01,4.807082657283511251e-01,1.708172269444447056e-01,5.506674457939860542e-04,5.094161963783951563e-04,3.458925765234372677e-04,-7.113321845203972771e+01,1.010263435693930205e+02,2.105171952471959287e+02,-4.720526225700970996e-02,9.510565501720489578e+01,2.197876190309343292e+04,0.000000000000000000e+00,5.995636869510874385e+04
3.515000000000341185e+00,1.553139274672525794e+01,4.807136219136586841e-01,1.708159487109643382e-01,-4.057453117829140470e-03,1.832414694023391582e-03,-1.673556508277797760e-03,-9.792884298014269007e+01,-5.521546662372679748e+01,2.633114478991391820e+02,-4.719527752701618145e-02,9.512596574919496106e+01,2.334634310499446292e+04,0.000000000000000000e+00,6.032794030151207699e+04
3.520000000000342855e+00,1.553138452369052835e+01,4.807022201586357846e-01,1.708174814696060695e-01,-3.348503290951014653e-03,9.601627373692542787e-04,-1.177391263734185820e-03,-1.452196807657855970e+01,5.918598657026745968e+01,1.879266913562082379e+02,-4.711589217623069620e-02,9.482087474860971099e+01,2.185429930427088038e+04,0.000000000000000000e+00,5.997480517487987527e+04
3.525000000000344524e+00,1.553137418190533658e+01,4.807088433643773584e-01,1.708150680434614155e-01,9.533744485674639857e-04,-1.639867935261683785e-03,5.449910298547964646e-04,-7.960382911683927887e+01,8.768326202713092243e+01,2.126661860756602209e+02,-4.718228869838560907e-02,9.480871073753237965e+01,2.204991530852584037e+04,0.000000000000000000e+00,6.001067928877197846e+04
3.530000000000346194e+00,1.553135834296462470e+01,4.807246172057435540e-01,1.708090599676468646e-01,-4.684359220144499771e-03,5.124675492340473489e-03,-2.772502115476545032e-03,6.007280229979804176e+01,-7.384726526553549775e+01,1.250153601589414052e+02,-4.716623600049302256e-02,9.491879061865425626e+01,2.401224787428497439e+04,0.000000000000000000e+00,6.330415624536691030e+04
3.535000000000347864e+00,1.553136658071542087e+01,4.807247895536303495e-01,1.708033406602653403e-01,-9.576345789325016152e-04,3.001642946472344621e-03,-2.120940259597282451e-03,-2.044785420009111476e+01,5.309020697156802271e+01,1.917679318968929465e+02,-4.711417346810622270e-02,9.487042852450439057e+01,2.189705255579636287e+04,0.000000000000000000e+00,6.002469634177647094e+04
3.540000000000349534e+00,1.553136685249404358e+01,4.807383162518315545e-01,1.707974907332314163e-01,1.445746656027735490e-05,2.650736173701468464e-03,-5.767259979618112164e-04,-4.934230571321495518e+01,3.292532371851257267e+01,2.038544000853287912e+02,-4.718932967810832851e-02,9.515835603146362587e+01,2.594199213966966272e+04,0.000000000000000000e+00,5.979159568951748952e+04
3.545000000000351204e+00,1.553136011070266065e+01,4.807339168436769450e-01,1.707989391269819912e-01,-4.548549853920648423e-03,2.651284418890541891e-03,-1.284600067799035808e-03,2.032415189727667659e+00,5.396694002223589592e+01,2.385271313620656883e+02,-4.718369800471934605e-02,9.510742601644123795e+01,2.352930991257395362e+04,0.000000000000000000e+00,5.955619911831991340e+04
3.550000000000352873e+00,1.553135266361410771e+01,4.807433926807925251e-01,1.707960435862534709e-01,-4.840620731914247431e-03,4.994533174454893892e-03,-2.097883622324795468e-03,7.623368598834183274e+01,-7.449654994982222433e+01,1.329953694001231668e+02,-4.719244015198757747e-02,9.511260264523551200e+01,1.988746714681349476e+04,0.000000000000000000e+00,6.327739248822550144e+04
3.555000000000354543e+00,1.553134564718821231e+01,4.807574438392123728e-01,1.707881126913041170e-01,-1.932177023785166311e-03,-6.166023101293884273e-05,-1.120567086051903281e-03,-1.010631631013256992e+02,-4.977535644496333589e+01,2.647430031040148606e+02,-4.720338716106373816e-02,9.511782480080928792e+01,2.345390847934870908e+04,0.000000000000000000e+00,6.042462798023076175e+04
3.560000000000356213e+00,1.553133537680867882e+01,4.807500183453676246e-01,1.707919422151170097e-01,2.200232884967612962e-03,-3.306924035437984726e-03,1.692367819554117673e-03,-5.362153398180043951e+01,5.172912459165354448e+01,2.260526525467632837e+02,-4.719461085296113717e-02,9.494253204052894546e+01,2.337531101909633071e+04,0.000000000000000000e+00,5.953616971390803519e+04
3.565000000000357883e+00,1.553134281777566983e+01,4.807385690248123233e-01,1.707998952026820449e-01,1.427862252976233289e-04,-5.491466853641276775e-04,5.027585440882351457e-04,7.717180043106114340e+01,-9.069480257546649682e+01,1.668831716975973620e+02,-4.720238065461088151e-02,9.493219669520787818e+01,2.236033302047623147e+04,0.000000000000000000e+00,6.266722410622145253e+04
3.570000000000359552e+00,1.553134184137728013e+01,4.807395877694028985e-01,1.708004283077515228e-01,-2.830394022934511027e-03,4.180770224946796752e-03,-2.386396921854234705e-03,1.593303280772212638e+01,-2.775984313279411708e+01,1.597999484843073787e+02,-4.720279838497240532e-02,9.499414066787474553e+01,2.028441280766475393e+04,0.000000000000000000e+00,6.274325531473989395e+04
3.575000000000361222e+00,1.553133869315950477e+01,4.807476959057979671e-01,1.707925717989888792e-01,-2.478432074572652338e-03,2.604427118978624132e-03,-2.425354423139018407e-03,-1.138406010452940791e+02,7.170757837364362786e+00,2.341109626632111542e+02,-4.720351215245514875e-02,9.509019369925631793e+01,2.222848063512150111e+04,0.000000000000000000e+00,6.088109559807946061e+04
3.580000000000362892e+00,1.553132260531886466e+01,4.807558400368044937e-01,1.707825995866568136e-01,-5.839005423872742438e-04,5.252299896101828578e-04,-1.928704761189063059e-04,1.063349003242759636e+02,-9.038697078097368376e+01,1.219479585986388770e+02,-4.718671872675064133e-02,9.497329692031119919e+01,2.059702607924719632e+04,0.000000000000000000e+00,6.374996012379597232e+04
3.585000000000364562e+00,1.553132692307277374e+01,4.807560650281451631e-01,1.707821523077689418e-01,1.063564646028853592e-03,3.832946040399449680e-04,4.258776500376108311e-04,-7.573014765967491257e+01,8.343349696763493739e+01,2.066342338401635459e+02,-4.718685866875111518e-02,9.494411825746561817e+01,2.196832873349420333e+04,0.000000000000000000e+00,6.009477498357691366e+04
3.590000000000366231e+00,1.553132542348374301e+01,4.807585516033798800e-01,1.707821434420026541e-01,-3.746425165565600134e-03,3.418396065997712698e-03,-1.088773176985475448e-03,-5.987710929222384948e+01,8.527091757942935146e+01,2.056360701470594847e+02,-4.716435342522087154e-02,9.491304273220751497e+01,2.224650094424449708e+04,0.000000000000000000e+00,5.995565655766910641e+04
3.595000000000367901e+00,1.553131721547556765e+01,4.807715853065845923e-01,1.707729183833504305e-01,-3.817400235328572908e-03,4.139204632667006951e-03,-2.483407264939213339e-03,-5.790544017886713846e+01,7.234201146597160914e+01,2.108045020422445077e+02,-4.716253822534569040e-02,9.496753836137109772e+01,2.197627095090482180e+04,0.000000000000000000e+00,6.011274274468521617e+04
3.600000000000369571e+00,1.553131643336461210e+01,4.807697124865422111e-01,1.707717437488522338e-01,-2.412337753642711247e-03,2.141426612601759778e-03,-1.029007483090595056e-03,3.525395472658692597e+01,-2.156057932983594583e+01,1.923995449540044547e+02,-4.716153272374268290e-02,9.495547233397820719e+01,2.282216757447639247e+04,0.000000000000000000e+00,5.976746352611166367e+04
3.605000000000371241e+00,1.553130899043908997e+01,4.807769812726703784e-01,1.707673964723106230e-01,-3.316340771933831179e-03,-3.347705446484804288e-03,9.131335838682308904e-04,2.963194339087340268e+01,1.763557687317688760e+01,1.760574200414629047e+02,-4.719130637890270319e-02,9.497048383715463160e+01,2.568713985160735683e+04,0.000000000000000000e+00,5.995785130465473776e+04
3.610000000000372911e+00,1.553130352861171914e+01,4.807653638456795830e-01,1.707738442794612121e-01,1.854586697824520472e-03,-2.370458137063811890e-03,1.487937884193909870e-03,3.688908216334233714e+01,-3.617568565512908663e+01,1.492776296298729051e+02,-4.719401957105084228e-02,9.486836715980264501e+01,2.121573816309978793e+04,0.000000000000000000e+00,6.327239592762086249e+04
3.615000000000374580e+00,1.553130608191701079e+01,4.807639723934541975e-01,1.707735328004884867e-01,-8.742978762108546400e-04,3.004014805768474242e-03,-1.672718866361390519e-03,1.146144557865817148e+02,-1.129754103012455744e+02,1.068918171330070095e+02,-4.720299955581470919e-02,9.490702158576308989e+01,2.359158208204914990e+04,0.000000000000000000e+00,6.401335650251506013e+04
3.620000000000376250e+00,1.553130831966277903e+01,4.807723218649878616e-01,1.707658810218900813e-01,1.540102104877824748e-03,1.433248338388956860e-03,-3.441225264186939916e-04,-2.183490446261930629e+01,6.109915942524276034e+01,1.850157640316285779e+02,-4.718765516219553674e-02,9.498564418742570581e+01,2.176384157580979809e+04,0.000000000000000000e+00,6.012681708001026709e+04
3.625000000000377920e+00,1.553131252360557113e+01,4.807538960672941841e-01,1.707729136320324248e-01,2.365698867049318148e-04,-3.292923929806124573e-03,1.143428594115245434e-03,-6.221523278897091558e+01,6.911293953127528766e+01,2.127711025055149321e+02,-4.718337147828619016e-02,9.492779861932005758e+01,2.640064373796317886e+04,0.000000000000000000e+00,5.973794309636476828e+04
3.630000000000379590e+00,1.553130786297666610e+01,4.807571826633470491e-01,1.707696701347889978e-01,-1.557344060045305536e-03,2.083498468332003421e-03,-1.489504873607466100e-03,1.228872684923268466e+01,-2.217049062925809721e+01,1.637134554601407217e+02,-4.720046912825136276e-02,9.496034302848616449e+01,2.051497190533421235e+04,0.000000000000000000e+00,6.282688383635860373e+04
3.635000000000381259e+00,1.553130228286069325e+01,4.807638711200439285e-01,1.707630412175462076e-01,-2.518453375799389361e-03,-5.095808602765999938e-04,-1.857415811516044152e-04,7.122469774584438085e+00,-1.622552619495797899e+02,1.730939273315967171e+02,-4.718549516050222353e-02,9.498354123011706918e+01,2.023817469132046972e+04,0.000000000000000000e+00,6.414054996543509333e+04
3.640000000000382929e+00,1.553129743037947286e+01,4.807491928096334632e-01,1.707667077363631547e-01,9.979702027621943378e-04,-2.186140878469163776e-03,-5.669586699843927281e-04,4.488474162549075430e+01,-4.672165747215217380e+01,1.850867151690554806e+02,-4.719946020318185886e-02,9.486283425509014933e+01,2.175253516708989991e+04,0.000000000000000000e+00,6.229869817408245581e+04
3.645000000000384599e+00,1.553129425057258040e+01,4.807520695342130113e-01,1.707629767781855823e-01,1.035106469765992429e-03,-3.496696084591209672e-04,-3.509822428432600493e-04,7.890563313326070727e+01,-9.220542810847553028e+01,1.726597740787681232e+02,-4.719088467863473413e-02,9.486974421540281810e+01,2.242725468407404333e+04,0.000000000000000000e+00,6.276488031927557313e+04
3.650000000000386269e+00,1.553130655939231453e+01,4.807530529771696926e-01,1.707641586404363421e-01,6.377696186316610116e-03,-2.326017836206817867e-03,1.051016181956039965e-03,3.018253951020856007e+01,-4.066895955659879291e+01,1.855546491091853909e+02,-4.718935181525597128e-02,9.497077210271245917e+01,2.154341866870155718e+04,0.000000000000000000e+00,6.234045761551726901e+04
3.655000000000387939e+00,1.553131467281688316e+01,4.807476883992544137e-01,1.707676465047254788e-01,5.141675745119960589e-03,-4.504567173961738363e-03,1.831482895465189140e-03,-1.033076668081926073e+02,8.634959317024708980e+01,1.986306243092441548e+02,-4.718065636844003680e-02,9.489828228159230150e+01,2.488619934746034414e+04,0.000000000000000000e+00,6.032898380980693037e+04
3.660000000000389608e+00,1.553131459673105574e+01,4.807461418700809674e-01,1.707676025946342768e-01,2.431543711344591669e-04,1.777362255391497009e-04,3.984929149313248543e-05,-4.589619437850478789e+01,3.951515994485794181e+01,2.271446310316818824e+02,-4.717250112326824146e-02,9.482783113486323145e+01,2.339598661664828614e+04,0.000000000000000000e+00,5.956055664456646628e+04
3.665000000000391278e+00,1.553131719274167111e+01,4.807490094250150836e-01,1.707693813597117027e-01,2.435944897116804671e-04,1.472913167431909656e-03,4.021137370762115521e-05,8.367061768759897689e+01,-9.398953963877454498e+01,1.655490750654778367e+02,-4.719096420479587661e-02,9.498573737309624221e+01,2.222618652315206782e+04,0.000000000000000000e+00,6.273870613353662338e+04
3.670000000000392948e+00,1.553131767831853871e+01,4.807425734645111026e-01,1.707715052311951087e-01,1.515643003401421350e-09,-2.819230441309805366e-03,9.572674730941007140e-05,-7.584801353852571992e+01,9.274309171477420932e+01,2.124918988413884335e+02,-4.718987074973716306e-02,9.497895745452392191e+01,2.211954274672062093e+04,0.000000000000000000e+00,6.009317394478199276e+04
3.675000000000394618e+00,1.553131621380208038e+01,4.807386191511722195e-01,1.707685039506621483e-01,5.007136553970647054e-04,-5.511057969376869335e-04,-1.213127689567684896e-03,1.036519279603226096e+01,1.139270130875911491e+01,2.122176777607713802e+02,-4.719781584390378426e-02,9.497740576119350919e+01,2.312387212596843165e+04,0.000000000000000000e+00,5.960637692560965661e+04
3.680000000000396287e+00,1.553131778480801017e+01,4.807387207757222725e-01,1.707698867325095349e-01,8.924911559164004540e-05,1.258851355802584294e-03,3.699610467644014644e-04,-4.394935822399565950e+01,3.627082596706395634e+01,2.231796456750810762e+02,-4.716986324803349589e-02,9.505075892790907233e+01,2.323399320376744799e+04,0.000000000000000000e+00,5.959176231522594026e+04
3.685000000000397957e+00,1.553131527487032848e+01,4.807351744122171922e-01,1.707762200252796736e-01,-4.487171459493594083e-03,1.417390394998572405e-03,6.359988645897931290e-04,-1.779485075660886650e+00,6.140548065558277813e+01,1.742752827166017937e+02,-4.719515873325887123e-02,9.508024065818210602e+01,2.175403811482007950e+04,0.000000000000000000e+00,6.007720537781173334e+04
3.690000000000399627e+00,1.553130538288560203e+01,4.807413650232745805e-01,1.707758850539215500e-01,-2.642668749865323841e-03,1.694352301422677280e-03,1.296924953883201186e-04,7.128666983352781017e+01,-6.156682031057835047e+01,1.333265793566819468e+02,-4.718191730501344883e-02,9.508489499911004827e+01,1.990735237707565466e+04,0.000000000000000000e+00,6.333856290841358714e+04
3.695000000000401297e+00,1.553129849784130734e+01,4.807476389026141828e-01,1.707772241637771360e-01,2.967291442470407475e-03,-1.687018615194911270e-03,2.606679263152475706e-03,3.681052515941479442e+01,-3.924316539474818910e+01,1.435018378226143909e+02,-4.720213530317460271e-02,9.505928048004905406e+01,2.105022507524403409e+04,0.000000000000000000e+00,6.328580386839673884e+04
3.700000000000402967e+00,1.553130564925256429e+01,4.807525035880141351e-01,1.707791643102737345e-01,2.047313594895722351e-03,1.456415590790429782e-03,-1.852269663720381690e-04,-5.385421642095980133e+01,5.035923648485845661e+01,2.305491717395960904e+02,-4.717546373611713334e-02,9.515614277287795630e+01,2.343362816809662763e+04,0.000000000000000000e+00,5.945724845677421399e+04
3.705000000000404636e+00,1.553130237617801157e+01,4.807517037559618789e-01,1.707766288470325411e-01,-8.754722607087144599e-04,-6.671785113642577291e-04,-5.658906832637904268e-05,-7.359750613367532424e+01,8.205923394582009678e+01,2.024098480574695884e+02,-4.716889977586120192e-02,9.507947760392293901e+01,2.214649256932094795e+04,0.000000000000000000e+00,6.004761440570859850e+04
3.710000000000406306e+00,1.553130395204723513e+01,4.807488071236712401e-01,1.707769588754355083e-01,-1.343686958296984053e-03,1.808806976583075734e-03,-3.563325992640511996e-04,3.991340622925647352e+01,-8.768537467775092864e+01,1.593938451487235000e+02,-4.720251361107959814e-02,9.505288267838547256e+01,2.448264674161104995e+04,0.000000000000000000e+00,6.255991424644514336e+04
3.715000000000407976e+00,1.553130877259361675e+01,4.807464385230181270e-01,1.707776376758168013e-01,1.342709558879133654e-04,6.365222658679658150e-04,1.680240444994699075e-04,2.797667786387546585e+01,-1.509276348685921221e+01,1.906420199412878276e+02,-4.719629374825318191e-02,9.510539243217364458e+01,2.280223902941964479e+04,0.000000000000000000e+00,5.975597000016619859e+04
3.720000000000409646e+00,1.553132074287745468e+01,4.807350664244157135e-01,1.707821883611573277e-01,-2.631653199109085738e-04,-7.271489658618857490e-05,-5.631753302377441204e-04,-8.127585546678164974e+01,1.004348306012166177e+02,1.916158764764882676e+02,-4.715196726986704834e-02,9.517124351650761582e+01,2.484204504674832060e+04,0.000000000000000000e+00,6.025591960086253675e+04
3.725000000000411315e+00,1.553131865378203891e+01,4.807331705357073548e-01,1.707778244279079261e-01,-2.494637024526648143e-03,2.322054281883102842e-03,-1.601422011590191178e-03,-6.775095724423317733e+01,7.440446028289466085e+01,2.067203932843804921e+02,-4.714051736511066376e-02,9.507304103283536278e+01,2.212639196529861510e+04,0.000000000000000000e+00,6.004011048388273048e+04
3.730000000000412985e+00,1.553132211545674402e+01,4.807331677718746921e-01,1.707777287523202792e-01,1.229140990683467294e-05,-1.152137363466027611e-04,9.658034984188052473e-04,-7.059796004419604287e+01,1.004049855942719205e+02,2.075998921785742084e+02,-4.716570744262154474e-02,9.517781253520432472e+01,2.220515953887998694e+04,0.000000000000000000e+00,5.998663045485965267e+04
3.735000000000414655e+00,1.553132139451427740e+01,4.807280210655350272e-01,1.707846835400293473e-01,-5.543178688973988272e-04,-1.579133424893513745e-03,2.063556898379389354e-03,-4.459552363677812536e+01,4.606486245601900009e+01,2.183740719764009839e+02,-4.716639632729210940e-02,9.524370339513711770e+01,2.334138464529580961e+04,0.000000000000000000e+00,5.951550540652600466e+04
3.740000000000416325e+00,1.553132289780577047e+01,4.807246748839211770e-01,1.707877796155744254e-01,1.532552247535520253e-03,1.280794924604525134e-03,-7.887123683854712231e-04,-8.660934519475404159e+01,9.787924537016874638e+01,1.940255419586446237e+02,-4.716341293723283479e-02,9.528931755050382435e+01,2.483008618744121850e+04,0.000000000000000000e+00,6.025536207158431353e+04
3.745000000000417995e+00,1.553131552171139163e+01,4.807233975041690366e-01,1.707852246305087973e-01,-4.512539342539769534e-04,-8.224444698107560283e-04,2.003814230375688878e-04,-4.919973154657772341e+01,5.688044079246553508e+01,2.315196827805804389e+02,-4.714758365251096872e-02,9.518212976093380462e+01,2.353675430128755397e+04,0.000000000000000000e+00,5.942645567485547508e+04
3.750000000000419664e+00,1.553130845641918789e+01,4.807248894048521404e-01,1.707884488119094102e-01,-1.986065507978274428e-03,1.325155718653433373e-03,9.558385095798841000e-05,-6.991957838821826954e+01,7.595355318613883355e+01,2.027870268521292303e+02,-4.719304531900728877e-02,9.519608846826523063e+01,2.232240999102878050e+04,0.000000000000000000e+00,5.999466119211428304e+04
3.755000000000421334e+00,1.553130455060119886e+01,4.807307310025953351e-01,1.707846932262762074e-01,1.646480028299886385e-03,3.194787421755562479e-04,-3.981929671579702594e-05,-7.553865643380777328e+01,8.694309171608483666e+01,2.066125302005417552e+02,-4.720395039507754853e-02,9.526658609561697233e+01,2.195697890647988970e+04,0.000000000000000000e+00,6.008724654973603174e+04
3.760000000000423004e+00,1.553130769814789680e+01,4.807115544649613326e-01,1.707936243897011652e-01,-1.224670925875705934e-03,-2.759304867444551702e-03,2.186336773357941583e-03,1.228300686228885752e+01,2.068964605630822007e+01,1.962759244071229432e+02,-4.717636481797893994e-02,9.516239049122076210e+01,2.307918305810017773e+04,0.000000000000000000e+00,5.952723935615877417e+04
3.765000000000424674e+00,1.553131347908025539e+01,4.806961303192971990e-01,1.708044754153070777e-01,1.745050805004591142e-03,-2.573640796605877919e-03,1.704455961924793194e-03,2.040175007494735837e+01,-3.594183785348832316e-01,1.937130734436491082e+02,-4.718341451167365475e-02,9.519129575814480404e+01,2.272195666499629442e+04,0.000000000000000000e+00,5.972038901413622079e+04
3.770000000000426343e+00,1.553132949554070485e+01,4.806833185974424549e-01,1.708162003659807471e-01,1.243804085198598006e-03,-8.734091626721462737e-04,1.736728927670736118e-03,-7.487048269730985339e+01,1.046114514171256360e+02,2.056633777962790077e+02,-4.719316507170087660e-02,9.532509999888742414e+01,2.215677606646629647e+04,0.000000000000000000e+00,5.992280693292729848e+04
3.775000000000428013e+00,1.553132861853788960e+01,4.806918046450319726e-01,1.708156165465981868e-01,-2.734460813494672855e-03,4.254311676326096026e-03,-2.791196367525995009e-03,2.141253415712517949e+01,-2.542857245180265409e+02,2.093369577385137461e+02,-4.719446708914232930e-02,9.553038942826884750e+01,2.121651144582503548e+04,0.000000000000000000e+00,6.348334738846983237e+04
3.780000000000429683e+00,1.553131580872613426e+01,4.806845287012272427e-01,1.708147528563488948e-01,1.406152011201707236e-04,-1.543029891710233229e-03,5.707614959794365906e-04,4.860516531999186896e+01,-4.222799591617513215e+01,1.755379500905003738e+02,-4.718952587780774616e-02,9.546770832678643615e+01,2.146350490688757418e+04,0.000000000000000000e+00,6.218716708810927958e+04
3.785000000000431353e+00,1.553131109595770809e+01,4.806948218887193702e-01,1.708084546507026291e-01,-4.274383274559066977e-03,7.686395682612695048e-03,-4.221287286195476822e-03,9.690333054805586244e+01,-1.140748182802572046e+02,1.644194760803711119e+02,-4.720235994889774439e-02,9.548210294461489411e+01,2.216781177487608147e+04,0.000000000000000000e+00,6.260737415864974901e+04
3.790000000000433023e+00,1.553131573932216369e+01,4.807002585712278897e-01,1.708041362815982123e-01,-1.190209181194712895e-03,1.709231998580798854e-03,-5.065919540018745974e-04,-1.288324176795322273e+01,6.430929944825038547e+01,1.814418273639807921e+02,-4.712579267892129387e-02,9.542724444266001171e+01,2.167945168541643579e+04,0.000000000000000000e+00,6.001425544247686776e+04
3.795000000000434692e+00,1.553130966485372788e+01,4.807009928550937672e-01,1.708037834647394837e-01,1.363940029823775511e-03,-3.872207879729591164e-03,2.271003411813380009e-03,-5.043220098273059193e+01,5.412596217056352543e+01,2.237672630894500969e+02,-4.715548760942053080e-02,9.534725109384110908e+01,2.330489275306289346e+04,0.000000000000000000e+00,5.951031659352886345e+04
3.800000000000436362e+00,1.553131132360906719e+01,4.806945659728310560e-01,1.708124743676372181e-01,4.768004306277984043e-03,-4.212996643712649258e-03,3.224865219305772697e-03,2.557339302371022427e+01,-2.658058269341415780e+01,1.476082015260205367e+02,-4.718659961226533833e-02,9.542062679541805892e+01,2.113285047059111093e+04,0.000000000000000000e+00,6.317514216601610678e+04
3.805000000000438032e+00,1.553132420534212343e+01,4.806858731871350154e-01,1.708189365853826081e-01,-2.535358989732045161e-04,1.421563168677839094e-03,4.885895356694652672e-04,4.099046161810689881e+01,-4.755832320489969334e+01,1.432721421949511864e+02,-4.719448492494545538e-02,9.550584700964238039e+01,2.112486256798395698e+04,0.000000000000000000e+00,6.314123562689960818e+04
3.810000000000439702e+00,1.553133239493234186e+01,4.806777872746067493e-01,1.708219769837713842e-01,-4.462861164663510109e-05,-6.031429581455959379e-04,6.198424184015660036e-04,-7.330258354277111721e+01,9.243629354079916993e+01,2.029777031262535161e+02,-4.715720176089881893e-02,9.555993771562479822e+01,2.183993640366932232e+04,0.000000000000000000e+00,5.999933679591013060e+04
3.815000000000441371e+00,1.553133357046205454e+01,4.806711471055536422e-01,1.708226018354261910e-01,1.960883967711852995e-03,-4.024068527665007611e-03,1.746221812768486035e-03,1.776794954011984373e+01,6.568493079726522410e+00,1.971363238595755547e+02,-4.714733458150830586e-02,9.553428389687054789e+01,2.266383788472338711e+04,0.000000000000000000e+00,5.971777974919679400e+04
3.820000000000443041e+00,1.553133800818037180e+01,4.806652573279130425e-01,1.708257325335166832e-01,6.658918589708359183e-03,-5.438559240160488646e-03,2.594198484735829417e-03,1.888794402831619479e+01,-1.941673543091690135e+01,1.573594263204291792e+02,-4.720076951475930815e-02,9.563300640148604259e+01,2.107854394977721313e+04,0.000000000000000000e+00,6.321840903482454451e+04
3.825000000000444711e+00,1.553134641123981474e+01,4.806614946188854653e-01,1.708231666949266980e-01,5.003708895488235588e-03,-3.318967637335093913e-03,-1.070386620960684829e-04,-6.615329179854188624e+01,5.803299031429378374e+01,2.409825194396908614e+02,-4.722512415871644303e-02,9.562242920944787272e+01,2.333145384084757461e+04,0.000000000000000000e+00,5.950923108913846954e+04
3.830000000000446381e+00,1.553135139060119485e+01,4.806608447710997711e-01,1.708180542163981186e-01,1.733355014569761151e-04,1.682671998998093183e-03,-1.589758300003038397e-03,-7.846090620322320319e+01,7.926847140584209228e+01,2.167677959761681734e+02,-4.717794759995180831e-02,9.566459706221093029e+01,2.210464266077013235e+04,0.000000000000000000e+00,6.000361793370573287e+04
3.835000000000448050e+00,1.553133297413266867e+01,4.806597438935264477e-01,1.708151959834129652e-01,-4.150798630922451250e-03,1.943910277686295481e-03,-1.985568856272960144e-03,2.301706822962426457e+01,7.037748446946210379e+00,1.849826186571930293e+02,-4.720492826617952303e-02,9.562866712437941885e+01,2.572865723652730594e+04,0.000000000000000000e+00,5.982828549498680513e+04
3.840000000000449720e+00,1.553132364008798127e+01,4.806674336671581393e-01,1.708110288236953100e-01,2.525171380774599559e-04,2.292900174414848021e-04,8.801473116775792140e-04,-7.030799189856134035e+01,1.023942059472867641e+02,2.104958732572225415e+02,-4.720964456778095619e-02,9.559360426036107583e+01,2.215146025450677917e+04,0.000000000000000000e+00,5.997519105669960845e+04
3.845000000000451390e+00,1.553132098853907728e+01,4.806783442750585666e-01,1.708125790122370091e-01,5.039914601218412017e-04,2.481779618224793770e-03,5.401311135071448820e-04,-1.153753699245544340e+01,3.156627198888691055e+01,1.713778615983256373e+02,-4.718993319209860426e-02,9.567026994584523436e+01,2.141449329724170093e+04,0.000000000000000000e+00,6.019119687721318041e+04
3.850000000000453060e+00,1.553130763786391455e+01,4.806780256412436225e-01,1.708101917093670929e-01,-5.526954145262965440e-03,2.650743236407680867e-03,-2.108940771829582138e-03,2.581271333935910661e+01,4.372234784409556596e-02,1.994849149759913871e+02,-4.716668336103922027e-02,9.549725622423730442e+01,2.303204011162476672e+04,0.000000000000000000e+00,5.946908776282487088e+04
3.855000000000454730e+00,1.553130102481397401e+01,4.806827133352801762e-01,1.708088175330625125e-01,-1.856272884360830834e-03,1.282091901534443412e-03,2.890226261764731390e-04,1.493179240468634816e+01,5.462945625300790198e+00,1.969137361377685238e+02,-4.715222022757321191e-02,9.541614500121504250e+01,2.303842958716092471e+04,0.000000000000000000e+00,5.948277232269672822e+04
3.860000000000456399e+00,1.553129720581501161e+01,4.806916022646796072e-01,1.708080275866409592e-01,-2.860802336307130978e-03,3.426182832885174730e-03,-9.530342522669131523e-04,-3.632194121279599131e+01,2.857917251482649590e+01,2.180100466357809808e+02,-4.719276109626029114e-02,9.552546030758747975e+01,2.313341486006748892e+04,0.000000000000000000e+00,5.946679503430137993e+04
3.865000000000458069e+00,1.553129353740747121e+01,4.806935525307248214e-01,1.708079603840942373e-01,1.544885816478867337e-03,-1.100780152281319486e-03,1.356245885212437703e-03,-7.572557304272959300e+01,9.341767747358699125e+01,2.022170096704425646e+02,-4.718840714283069337e-02,9.552887525102327970e+01,2.185024215128596552e+04,0.000000000000000000e+00,6.002175541909065942e+04
3.870000000000459739e+00,1.553128195076206453e+01,4.806942145987126436e-01,1.708078737542801651e-01,-1.032666452317129941e-03,1.414763240006011898e-03,-9.429520642469896123e-04,1.565958151680199251e+02,-1.448307455771707737e+02,1.401276243303464355e+02,-4.720342739000103066e-02,9.545205355108353729e+01,2.144800650921155466e+04,0.000000000000000000e+00,6.331075853058372013e+04
3.875000000000461409e+00,1.553128611355278288e+01,4.806954575602830348e-01,1.708069316492266398e-01,9.741765025267877520e-04,1.713624834997052693e-04,-6.759851652084337796e-04,-1.696983079095662106e+01,7.078220141792098730e+01,1.856737924581541108e+02,-4.717176275498129873e-02,9.541811916961556506e+01,2.167556387184882988e+04,0.000000000000000000e+00,6.000989996724216326e+04
3.880000000000463078e+00,1.553127864762836907e+01,4.807068760412898101e-01,1.707977771757007990e-01,-1.213635162305258010e-03,-4.812601606834187619e-03,7.725998212917986824e-04,-1.255134142338192760e+00,5.622301424599368147e+01,1.795774007526844400e+02,-4.721256320513633753e-02,9.545501158883699588e+01,2.142884002083016821e+04,0.000000000000000000e+00,6.024074212347662979e+04
3.885000000000464748e+00,1.553126943195523069e+01,4.807086541090049292e-01,1.707888626855565417e-01,-5.081803966671955127e-04,1.318710107744469444e-03,-2.245155071927571952e-03,4.659045222048443691e+01,-4.790346794715367196e+01,1.550097625300035702e+02,-4.720948890170646728e-02,9.536182866237241740e+01,2.114909593265689546e+04,0.000000000000000000e+00,6.318121089796633169e+04
3.890000000000466418e+00,1.553127141665317446e+01,4.807179117197207252e-01,1.707801603345675823e-01,-1.812951310189761609e-03,5.009949548128219549e-03,-2.264251028253475191e-03,-6.047921406018213020e+01,8.641525075813228796e+01,2.146628620683159454e+02,-4.721050611983378803e-02,9.542111698057279057e+01,2.217416068655850904e+04,0.000000000000000000e+00,6.000004945354205847e+04
3.895000000000468088e+00,1.553127219501470258e+01,4.807205152309153018e-01,1.707799720441055547e-01,-1.969465358496695975e-03,1.864393147628124782e-03,-5.886471007801300946e-04,8.126235891765354324e+00,-1.619740871675705876e+02,1.700728822900736645e+02,-4.718916475234435220e-02,9.545422913685779065e+01,2.022472918874555762e+04,0.000000000000000000e+00,6.409021510465441679e+04
3.900000000000469758e+00,1.553127199049660589e+01,4.807165103093440361e-01,1.707790464843007283e-01,-2.030167833438750995e-03,3.876632989871356839e-03,-2.159267065217352656e-03,-3.987910276323418657e+01,2.571481067440936386e+01,2.244175061454242552e+02,-4.720473343875673800e-02,9.537394475142433237e+01,2.334004759272493538e+04,0.000000000000000000e+00,5.950945975871940755e+04
3.905000000000471427e+00,1.553128141002637008e+01,4.807151856548166347e-01,1.707777589201578405e-01,5.907007575001285878e-04,1.117670822571077574e-04,-5.717765078624401131e-04,8.913515486046435399e+00,9.345839789387810015e+00,2.062949317046870874e+02,-4.710972911206240399e-02,9.536096544238428407e+01,2.307101596337739829e+04,0.000000000000000000e+00,5.956424057576418272e+04
3.910000000000473097e+00,1.553126765096066997e+01,4.807228021567011567e-01,1.707702022531178143e-01,-3.230288380959157987e-04,-6.546782816157592586e-04,-1.553987272454704143e-03,-4.201893833567874026e+01,4.092830731499861940e+01,2.333016204382280705e+02,-4.718455450718445077e-02,9.536952873163441780e+01,2.334986719875720155e+04,0.000000000000000000e+00,5.956077369906849344e+04
3.915000000000474767e+00,1.553125436489066402e+01,4.807373417533436499e-01,1.707644377835461635e-01,-2.805545867236904686e-03,1.356450093275711087e-03,5.360613942849674169e-04,5.332524909456162732e+01,-5.228235936126816341e+01,1.398651147967294435e+02,-4.716759833738261298e-02,9.540843173842702640e+01,2.119939000967500397e+04,0.000000000000000000e+00,6.319998877853516751e+04
3.920000000000476437e+00,1.553124788395564870e+01,4.807364217293881858e-01,1.707663479554436536e-01,-4.954098777294893910e-04,-3.683937864360356702e-03,1.675871056875599067e-03,1.570964524555483877e+01,2.425414430202476979e+01,1.988061067732082563e+02,-4.719096900803385758e-02,9.529789096198680909e+01,2.293329599561351642e+04,0.000000000000000000e+00,5.959670523252026032e+04
3.925000000000478106e+00,1.553125059728617252e+01,4.807272427500987044e-01,1.707720676649904512e-01,-2.823277016654996514e-04,-3.945240155334133337e-05,-7.513004285426268334e-04,-4.315004945006057824e+01,3.936321460858744103e+01,2.263948013831227968e+02,-4.719431733513475974e-02,9.531964924618647217e+01,2.334910152216986899e+04,0.000000000000000000e+00,5.955678973499345011e+04
3.930000000000479776e+00,1.553125154894901172e+01,4.807285316187873137e-01,1.707727283780639815e-01,-5.781542591541624252e-04,-9.256831762417877182e-04,1.601634421723966513e-03,5.390954773316252613e+01,-4.576273512454520187e+01,1.674539005926768596e+02,-4.718684653969505705e-02,9.537149271185984389e+01,2.155384212409306929e+04,0.000000000000000000e+00,6.228947297522275767e+04
3.935000000000481446e+00,1.553125728826945995e+01,4.807256392376488829e-01,1.707785187580845021e-01,-4.880786951743621110e-04,2.514042300979756929e-03,-5.588616361271395990e-05,5.405085225667497895e+01,-5.698301515224545710e+01,1.694215386751331209e+02,-4.720360337907252707e-02,9.537740463538115421e+01,2.152068267332073083e+04,0.000000000000000000e+00,6.224259474737259006e+04
3.940000000000483116e+00,1.553125120738748954e+01,4.807310505971593151e-01,1.707751392985449035e-01,-2.062839815864359917e-03,-3.634436948260945789e-04,-2.603148899715091824e-04,-6.036660062764531176e+01,1.020587429500703820e+02,2.063319032120500367e+02,-4.718196464883998159e-02,9.529287729210869884e+01,2.222367805435503033e+04,0.000000000000000000e+00,5.996637019302362751e+04
3.945000000000484786e+00,1.553124804873523424e+01,4.807320965205038599e-01,1.707727366094600185e-01,-3.876358171479566111e-03,3.652446003743479649e-03,-2.221628245598877404e-03,1.064089603915075628e+02,-1.111899529344209441e+02,1.575074628060801274e+02,-4.718294292163018738e-02,9.529849896068772352e+01,2.124456567560485564e+04,0.000000000000000000e+00,6.266285257787126466e+04
3.950000000000486455e+00,1.553125293523188333e+01,4.807348003219504284e-01,1.707690100717283443e-01,-1.225950302427501618e-03,3.031668135333982252e-03,-2.438037195665637008e-03,-1.278923280554135999e+01,5.563939335550139731e+01,1.880164779398406552e+02,-4.719749851537307500e-02,9.536586939605801660e+01,2.191902936076005426e+04,0.000000000000000000e+00,6.004879551329860988e+04
3.955000000000488125e+00,1.553124303395771832e+01,4.807301046128016342e-01,1.707683293248505041e-01,-4.121973637215667514e-03,-2.796590628686489426e-03,9.583172663562012890e-04,-4.444508075847352302e+00,7.535602403115944981e+01,1.791203687063883763e+02,-4.719830014080544922e-02,9.532032639865316526e+01,2.191149687581401304e+04,0.000000000000000000e+00,6.006797833007456939e+04
3.960000000000489795e+00,1.553123536247123404e+01,4.807263965456174404e-01,1.707737732097977523e-01,2.655982270371202297e-03,-1.356288486323139510e-03,1.826753858428074688e-03,1.423862721732415082e+02,-1.400946909135793703e+02,1.401750430895969828e+02,-4.719978257595732613e-02,9.523652730890066209e+01,2.167702545754989478e+04,0.000000000000000000e+00,6.329580215654672793e+04
3.965000000000491465e+00,1.553124920721297642e+01,4.807207731991511301e-01,1.707814274613644046e-01,2.946599924746220404e-03,-1.383084433140999983e-03,1.772422664888363610e-03,-8.230794630304581005e+01,9.171640252072620569e+01,2.030702763300930656e+02,-4.715299235884062162e-02,9.518915272824692408e+01,2.207477975067939042e+04,0.000000000000000000e+00,6.003075274493033066e+04
3.970000000000493134e+00,1.553125918200165678e+01,4.807259387807842899e-01,1.707819514896164459e-01,4.164773395902181784e-03,7.162001021588561430e-05,3.598936202724967951e-04,-1.269607986936543966e+02,-4.807213204783829497e+01,2.703461751168057390e+02,-4.711732597947770190e-02,9.529447653008270436e+01,2.395782258496772192e+04,0.000000000000000000e+00,6.037211764404632413e+04
3.975000000000494804e+00,1.553125525513966032e+01,4.807185895726693858e-01,1.707857842367475898e-01,5.547479351791646286e-03,-5.359857970948822201e-03,2.350417157372889938e-03,6.453420675008017326e+01,-6.543350895712239890e+01,1.709636136099227031e+02,-4.717774698722640436e-02,9.531696422926430046e+01,2.228985989060288921e+04,0.000000000000000000e+00,6.271157298064744100e+04
3.980000000000496474e+00,1.553126317793257805e+01,4.807035241747257270e-01,1.707879106059185248e-01,1.226566523263692256e-03,-7.156571804385824034e-03,1.937796426022677298e-03,3.866540223319027092e+01,-1.857849750515106280e+01,1.526613118007577725e+02,-4.719700851503762923e-02,9.527378771680595548e+01,2.134588535648671677e+04,0.000000000000000000e+00,6.322094922091832268e+04
3.985000000000498144e+00,1.553126461056449692e+01,4.806915079003705737e-01,1.707873124060594328e-01,3.478415422190236223e-03,-3.320333603026633367e-03,9.433485913292430532e-04,3.718750670620799781e+01,-3.855930012086116676e+01,1.338289574275229938e+02,-4.720207303921310910e-02,9.526749679995991471e+01,2.391776301679313474e+04,0.000000000000000000e+00,6.340438624714270554e+04
3.990000000000499814e+00,1.553127164459381682e+01,4.806943391000688126e-01,1.707799773197961057e-01,4.552410757311273377e-03,-1.055389649714269908e-03,-6.197900775089595915e-04,-5.993814224186098727e+01,4.751798165711079491e+01,2.380972929375891454e+02,-4.719684394663505034e-02,9.535481426739657707e+01,2.326304207587569908e+04,0.000000000000000000e+00,5.957752780831665586e+04
3.995000000000501483e+00,1.553126772696451852e+01,4.807009214676991049e-01,1.707738088706156621e-01,-4.020283679313116539e-03,3.327878385789517779e-03,-2.623768044305248119e-03,2.006090264743210838e+01,-2.521099860936396908e+01,1.646828369892007800e+02,-4.720269222426221739e-02,9.540268214263907964e+01,2.044844082513135072e+04,0.000000000000000000e+00,6.279767031778409000e+04
4.000000000000502709e+00,1.553124787513548100e+01,4.807160633528320681e-01,1.707633759778529603e-01,-4.395649060863215246e-03,3.029819910698519636e-03,-7.271997063258930525e-04,-5.786961417798875118e+01,7.430947847594825362e+01,2.011337577701131920e+02,-4.716067938944625004e-02,9.531810980655714616e+01,2.209179876605531899e+04,0.000000000000000000e+00,6.004801620800801902e+04
4.005000000000499938e+00,1.553123426274529706e+01,4.807297141125315698e-01,1.707600004937878668e-01,2.700083424479219826e-04,1.322191224753621001e-03,7.841592273711930181e-06,-4.429523322308205024e+01,3.586735576103660605e+01,2.250334371485049303e+02,-4.717907944551801708e-02,9.534841362157965250e+01,2.335351296915055354e+04,0.000000000000000000e+00,5.958462643825916894e+04
4.010000000000497167e+00,1.553122980159431599e+01,4.807297391782848206e-01,1.707657852228479656e-01,-5.280785262051122201e-04,-3.275236354693849866e-04,1.063925846147315045e-03,-6.951094959476358781e+01,8.713135837129698302e+01,2.018448659418401974e+02,-4.717288854500224782e-02,9.538517461210582837e+01,2.210217443181714407e+04,0.000000000000000000e+00,6.006594287213171629e+04
4.015000000000494396e+00,1.553121695439400973e+01,4.807334005608303040e-01,1.707652209974958313e-01,-5.189873819716714874e-03,-1.223022145663782726e-03,1.158647972994426845e-03,1.156320419261510324e+02,-3.471644820752453597e+01,2.192001594910964286e+02,-4.718711433638508868e-02,9.537207206210140953e+01,2.125184291534211297e+04,0.000000000000000000e+00,5.830384781830392603e+04
4.020000000000491625e+00,1.553121011097190518e+01,4.807304733725463741e-01,1.707708292949475237e-01,-2.685659370222657182e-03,8.111883628222222578e-04,4.689346269055878595e-05,1.256078310606392634e+01,-1.979099255740095487e+01,1.586912426414747301e+02,-4.719831909523612007e-02,9.529790341366410189e+01,2.079471287859323274e+04,0.000000000000000000e+00,6.272955129868503718e+04
4.025000000000488853e+00,1.553120230934228552e+01,4.807332047905106265e-01,1.707709814397737891e-01,2.412768689333628404e-03,-2.414627886932340858e-03,1.659642501388233250e-03,-5.693824535171188472e+01,4.911255300597804307e+01,2.267666149881319768e+02,-4.718415002073016867e-02,9.527532952407115374e+01,2.340684522647424455e+04,0.000000000000000000e+00,5.949571963269430125e+04
4.030000000000486082e+00,1.553120115162739800e+01,4.807312084829968857e-01,1.707740358574068584e-01,1.332584716428057659e-03,-1.633030051782491648e-03,5.410142215141196904e-04,8.109771007759283634e+01,-1.256512580750297730e+02,1.557937933425292556e+02,-4.720432589891524616e-02,9.535159753391367587e+01,2.409048832090143333e+04,0.000000000000000000e+00,6.307448426015050791e+04
4.035000000000483311e+00,1.553120348396006634e+01,4.807281490404478608e-01,1.707751904465718840e-01,4.139458401378840260e-03,-4.245144637069867520e-03,2.352595663020556286e-03,-8.625256319587651888e+01,1.149947600233124376e+02,2.148884754268135282e+02,-4.719020207428401698e-02,9.545791427574219767e+01,2.204405339339305647e+04,0.000000000000000000e+00,5.999240574744871992e+04
4.040000000000480540e+00,1.553121024394352467e+01,4.807255975688497496e-01,1.707754607803297908e-01,4.257394335025573755e-04,-5.266866196765030957e-04,-4.298377618528016818e-04,-6.516557132773183980e+01,6.446920923525179603e+01,2.156790560679492046e+02,-4.719590586729340009e-02,9.555681544932934912e+01,2.614795156814317306e+04,0.000000000000000000e+00,5.963573578936897684e+04
4.045000000000477769e+00,1.553121440490466476e+01,4.807213080065401711e-01,1.707757295881849879e-01,4.144790147042327726e-05,-1.380501306478662722e-04,-2.218275771729116396e-04,-2.006300599591122591e+01,3.192598593644493121e+01,1.863146510985269231e+02,-4.720793576761858623e-02,9.547757654329637944e+01,2.168123389341165239e+04,0.000000000000000000e+00,6.022744719741103472e+04
4.050000000000474998e+00,1.553122338337944797e+01,4.807132895288728225e-01,1.707758942163180860e-01,1.810229436894989809e-03,-2.856910517893143566e-03,9.724185760217260444e-04,-8.438427796734004005e+01,1.037586845914731839e+02,2.212312270095466147e+02,-4.721042570459643706e-02,9.553786954813544696e+01,2.243648354732775988e+04,0.000000000000000000e+00,5.993452445784991869e+04
4.055000000000472227e+00,1.553120986352332800e+01,4.807186041916290953e-01,1.707713194708546101e-01,-5.964429369361878147e-03,1.721860422093094822e-03,-1.225151046364854508e-03,1.085260388670294560e+02,-4.641498124689701399e+01,2.313267428205025169e+02,-4.720968017385435145e-02,9.553636144583583700e+01,2.129720447698982753e+04,0.000000000000000000e+00,5.826627918972670886e+04
4.060000000000469456e+00,1.553120048324878155e+01,4.807205720197691434e-01,1.707786738184696451e-01,-4.094141370762353037e-03,2.001756644209275703e-03,9.551906182103601494e-04,8.565109091191905577e+01,-1.015364522119131152e+02,1.608603952759183926e+02,-4.719943342427444094e-02,9.549329479818817390e+01,2.239217569300324612e+04,0.000000000000000000e+00,6.264908816325564112e+04
4.065000000000466684e+00,1.553119750468345472e+01,4.807170615111933665e-01,1.707906627101196673e-01,2.051990856487620474e-03,-2.916247587960634890e-03,3.027305690934279942e-03,-8.320113421483438287e+01,1.059428249235556905e+02,2.082089229608337178e+02,-4.719891596058052585e-02,9.549662069266666720e+01,2.220676314680709038e+04,0.000000000000000000e+00,5.989607238548006717e+04
4.070000000000463913e+00,1.553119447922481910e+01,4.807167345683837079e-01,1.707967162383118298e-01,2.216812797690865806e-04,-2.876156444079755112e-04,7.364987421840204400e-04,-7.861231840066466248e+01,8.394815646083361571e+01,2.043281559028469587e+02,-4.715894614441785981e-02,9.552129657392822537e+01,2.192919650559574075e+04,0.000000000000000000e+00,5.995486116071742435e+04
4.075000000000461142e+00,1.553118172099405569e+01,4.807154183474817155e-01,1.707961434867763528e-01,-5.550907883815021926e-03,1.462573268317368322e-03,-1.228550625711160964e-03,2.534673914494487690e+01,4.268482934221765390e+00,1.974629495314302972e+02,-4.719117242961271691e-02,9.550860582897017537e+01,2.292431138955491042e+04,0.000000000000000000e+00,5.942449491654225858e+04
4.080000000000458371e+00,1.553118001362392420e+01,4.807083763400795684e-01,1.708007162477369056e-01,3.197160491604131207e-03,-3.325959878670630906e-03,1.856090457531261052e-03,-2.823404099458502969e+01,4.450358188673499171e+01,1.842774668329231815e+02,-4.715688410951510146e-02,9.542798153920422521e+01,2.164715634714042244e+04,0.000000000000000000e+00,6.016791420390895655e+04
4.085000000000455600e+00,1.553117961599054198e+01,4.807039362867347454e-01,1.708047438564933573e-01,-1.025174600694793203e-04,-1.721897735393117072e-03,1.692520209984112005e-03,-7.682684957988794849e+01,9.086067780940834382e+01,2.026097398315508826e+02,-4.717879433456981936e-02,9.548331291547195576e+01,2.190000682139928904e+04,0.000000000000000000e+00,5.994529608408683998e+04
4.090000000000452829e+00,1.553116845296254489e+01,4.807131104450119152e-01,1.707990023638472354e-01,-1.511927767822737832e-04,1.228620705128593031e-03,-1.021807779980195459e-03,-7.572280211737233913e+01,7.996847212205898359e+01,2.087964848637477928e+02,-4.719876205128072794e-02,9.553181755181869050e+01,2.191744464112447167e+04,0.000000000000000000e+00,5.995357384040970646e+04
4.095000000000450058e+00,1.553115633433442966e+01,4.807337167182945681e-01,1.707825752242773387e-01,-3.705166507350736698e-03,5.778423729697098297e-03,-4.260230708197836579e-03,-1.028957658964718576e+02,2.338543689762400390e+01,2.405200477134421249e+02,-4.714353880813546699e-02,9.556477666923642289e+01,2.258612804156980565e+04,0.000000000000000000e+00,6.029886784028830880e+04
4.100000000000447287e+00,1.553113223999968184e+01,4.807488436853449287e-01,1.707671200412377577e-01,-3.629213098571524698e-03,2.817485386067197957e-03,-3.605403881275069059e-03,5.619249843035420611e+01,-5.677545980549120941e+01,1.561234913699347260e+02,-4.719767855837622705e-02,9.543046241931234874e+01,2.126232724286688608e+04,0.000000000000000000e+00,6.315322571444768255e+04
4.105000000000444516e+00,1.553113235163289652e+01,4.807529002947693031e-01,1.707651814843955673e-01,1.267644282502375288e-03,3.388843083841956922e-04,7.117349611190842214e-05,3.320171530006064131e+00,8.032621451230397724e+00,2.057034935556055473e+02,-4.719435012494632709e-02,9.528314508611957478e+01,2.316083328748136773e+04,0.000000000000000000e+00,5.951725138718035305e+04
4.110000000000441744e+00,1.553114224998201642e+01,4.807494891770937029e-01,1.707701809163319484e-01,4.386682809335781807e-03,-2.850241929419410243e-03,1.994782406215198697e-03,-9.422520157630651738e+01,9.323828469736554325e+01,2.124614909336502251e+02,-4.717558552358006724e-02,9.525366211120562809e+01,2.212186613750026663e+04,0.000000000000000000e+00,6.000379560006440443e+04
4.115000000000438973e+00,1.553114607817450477e+01,4.807498016382148465e-01,1.707725020141840078e-01,-8.706877338529753294e-04,1.794132313846818040e-03,-1.065804787592889401e-05,9.187931634057349584e+00,4.547792056177058839e+00,2.016064110407062060e+02,-4.717361683174586817e-02,9.528259627102887919e+01,2.312927936123160180e+04,0.000000000000000000e+00,5.946980904598892812e+04
4.120000000000436202e+00,1.553115193055395160e+01,4.807497310733094276e-01,1.707753572199176006e-01,1.167206019405542987e-03,3.659351634037072984e-04,1.984244433815783289e-04,2.720864009318574972e+00,9.586018160427784096e+00,2.060461255290462077e+02,-4.716814442126082696e-02,9.545399209631634108e+01,2.310349660443231551e+04,0.000000000000000000e+00,5.947320510498935619e+04
4.125000000000433431e+00,1.553114110368462697e+01,4.807338368116400029e-01,1.707825650485468583e-01,-1.104669889981808699e-03,-3.288057302970708896e-03,6.685101043790858677e-04,-4.962397542422786501e+01,6.514372628086721306e+01,2.332961015724285971e+02,-4.720019183898620241e-02,9.543586779829675493e+01,2.353413433319479736e+04,0.000000000000000000e+00,5.934910261092266592e+04
4.130000000000430660e+00,1.553112847109892769e+01,4.807296607586632464e-01,1.707837265134039273e-01,-1.083801047154906187e-03,-1.051329039429870762e-03,4.301418624143914064e-04,2.947410750121207457e+01,-6.936830792871660378e+00,1.950292044587684472e+02,-4.718462903722136365e-02,9.536934560760823842e+01,2.277217233938795471e+04,0.000000000000000000e+00,5.968724483996738854e+04
4.135000000000427889e+00,1.553112814317395340e+01,4.807256593116737697e-01,1.707871159740564637e-01,-3.435367705402938687e-03,1.638133050016762167e-03,-1.485392215291423020e-04,-6.940292406018352267e+01,7.655583393023744065e+01,2.020242348744019694e+02,-4.719641669413657953e-02,9.546906704148530309e+01,2.210441149050250169e+04,0.000000000000000000e+00,5.992564669831455831e+04
4.140000000000425118e+00,1.553111757531566894e+01,4.807344153751050286e-01,1.707813398428250085e-01,-2.137670915842361519e-03,1.980656132758589188e-03,-5.936010645345256428e-04,9.995407870108047632e+01,-1.063801154820909005e+02,1.602710907309048025e+02,-4.718691529980088145e-02,9.556284954103675489e+01,2.109480981240336405e+04,0.000000000000000000e+00,6.270860564231229364e+04
4.145000000000422347e+00,1.553110523423506173e+01,4.807491396241457271e-01,1.707777802988942051e-01,-3.237847251511576183e-03,4.398946596382853624e-03,-1.115469944455341634e-03,1.575696772906226784e+02,-1.586647140747613776e+02,1.402115693415290423e+02,-4.716541303797559814e-02,9.568183494409268519e+01,2.152812841854040016e+04,0.000000000000000000e+00,6.328231308467828785e+04
4.150000000000419575e+00,1.553109345291065857e+01,4.807596840894409196e-01,1.707735161676861568e-01,-6.081416117522697382e-03,7.263631036625421873e-03,-4.114975562583334835e-03,8.318738383877953879e+01,-8.302322825430610465e+01,1.374226094036364714e+02,-4.718989920658891307e-02,9.563309996762005483e+01,1.997108427651839884e+04,0.000000000000000000e+00,6.323953414449338015e+04
4.155000000000416804e+00,1.553108909565809981e+01,4.807755773064764648e-01,1.707638242292731923e-01,2.964453225039599508e-03,6.767673854015709750e-05,-8.761122942278194801e-04,-2.418125651339323667e+01,6.373575359600295087e+01,1.948707524262140964e+02,-4.717895332462564845e-02,9.560391660188052754e+01,2.175738596279860940e+04,0.000000000000000000e+00,6.006587210541091190e+04
4.160000000000414033e+00,1.553108928385864296e+01,4.807847863290709012e-01,1.707553605808525832e-01,5.724121040792248469e-03,-2.638097192354025775e-03,1.753878639761717129e-04,-9.123995591672837691e+01,1.066906512601210579e+02,2.231652429023039872e+02,-4.717736713532794113e-02,9.548247316466708412e+01,2.228139911043865141e+04,0.000000000000000000e+00,5.998569554556727962e+04
4.165000000000411262e+00,1.553108559829902724e+01,4.807894288207872902e-01,1.707520373756709064e-01,1.451024177762818331e-03,-2.043768676108034203e-03,1.046314642633251095e-03,-5.722530733044231965e+01,6.081364525942035471e+01,2.331816840825518398e+02,-4.716757144814450603e-02,9.534064815337120535e+01,2.362217034800453621e+04,0.000000000000000000e+00,5.941084890661441023e+04
4.170000000000408491e+00,1.553108492664384777e+01,4.807863647051833778e-01,1.707570514579268839e-01,4.560118579924767436e-04,-9.355667127624030070e-04,1.629863574700241230e-03,-2.427805405162052921e+01,6.340426738737846790e+01,1.831142433538365708e+02,-4.718418442195259493e-02,9.534240844393799819e+01,2.198675298706613103e+04,0.000000000000000000e+00,6.002095415713085822e+04
4.175000000000405720e+00,1.553108207864982582e+01,4.807930439795106703e-01,1.707565066185287861e-01,-1.293751673511108749e-03,2.464416556428076881e-03,9.322725302007102074e-05,-6.901693123981294775e+01,8.869552743017584362e+01,2.047658239121978738e+02,-4.718491195171279490e-02,9.540515619672810033e+01,2.228380839202053539e+04,0.000000000000000000e+00,5.989853283794940944e+04
4.180000000000402949e+00,1.553107619227879788e+01,4.808058012293496830e-01,1.707501027602351951e-01,-1.002003042876937686e-03,2.175095367120687736e-03,-1.059496239566715689e-03,-1.126151944309856390e+01,-2.546366925676414894e+02,2.286896477486552044e+02,-4.718051478287847711e-02,9.552875885204328199e+01,2.322457146518843365e+04,0.000000000000000000e+00,6.293243476271565305e+04
4.185000000000400178e+00,1.553107411220318745e+01,4.807923067204664669e-01,1.707592352690446846e-01,-4.238199031251598317e-03,1.613179556879871602e-03,1.680862158176020874e-04,1.221229071553082264e+02,-1.085324570318311999e+02,9.628796681640403676e+01,-4.720114026192217399e-02,9.555242855240659594e+01,2.362299320563228684e+04,0.000000000000000000e+00,6.394367713422708039e+04
4.190000000000397407e+00,1.553107797441445115e+01,4.807875746526102945e-01,1.707604531779811086e-01,-1.999578925949145602e-03,2.511705872526806809e-03,-1.052377370588579528e-03,6.288683065441568232e+01,-3.198562492931166616e+02,2.012723479510113407e+02,-4.718910886875281319e-02,9.559510599525187047e+01,2.259470171762123573e+04,0.000000000000000000e+00,6.354221600535693142e+04
4.195000000000394635e+00,1.553107858785096873e+01,4.807707909796579138e-01,1.707633027955333949e-01,1.925706075877295668e-03,-2.742042714042376966e-03,-1.085225647514583827e-03,2.843181870671742217e+00,2.128452631193340494e+01,2.161573680896210021e+02,-4.716703101670304682e-02,9.558079205498253827e+01,2.314148591278220192e+04,0.000000000000000000e+00,5.956070459516658593e+04
4.200000000000391864e+00,1.553108232324743909e+01,4.807647217173047771e-01,1.707636397327184918e-01,2.518832673738458181e-03,-2.895451060135315838e-03,1.671584222034892906e-03,-8.151388906957663494e+01,1.111501523996562355e+02,2.137441005955188018e+02,-4.716805201162021371e-02,9.565025183573183654e+01,2.225134785028277474e+04,0.000000000000000000e+00,5.996386602421633870e+04
4.205000000000389093e+00,1.553108752535747250e+01,4.807605554606048104e-01,1.707683197113984142e-01,2.645022703408747393e-03,-6.365083026674359448e-03,3.272425423319926235e-03,-7.274359722781478865e+01,8.549618334295121258e+01,2.133296680811628221e+02,-4.720397200040383351e-02,9.580106684270189987e+01,2.629791607767424284e+04,0.000000000000000000e+00,5.965191391059917078e+04
4.210000000000386322e+00,1.553109179032329656e+01,4.807470932719022372e-01,1.707802794173113592e-01,2.585092556121692739e-03,-2.655854600482083789e-03,2.544763901307468996e-03,-8.357307690511515830e+01,9.771848148675712764e+01,2.041960420900546183e+02,-4.718111610758067564e-02,9.572665337986018130e+01,2.193413578432224676e+04,0.000000000000000000e+00,6.001810963495610486e+04
4.215000000000383551e+00,1.553109061932466517e+01,4.807504221006752010e-01,1.707829206014001289e-01,-1.863417585512196478e-03,1.754611813815778543e-03,1.125948561818585511e-04,-1.631598316850704578e+01,2.078699537063107528e+01,1.566002879042580958e+02,-4.720649685968072995e-02,9.584357762292378879e+01,2.441224568113713758e+04,0.000000000000000000e+00,6.039274375829711789e+04
4.220000000000380780e+00,1.553108896155004537e+01,4.807543985433503364e-01,1.707810743707243728e-01,3.858606324818156415e-03,-2.353752562360255773e-03,1.833341461707139585e-03,-8.398058500791239567e+01,1.088811303024888275e+02,2.140494721503929156e+02,-4.719328030575577204e-02,9.584737452613192943e+01,2.223808383700452760e+04,0.000000000000000000e+00,5.993610881890087330e+04
4.225000000000378009e+00,1.553107679489532167e+01,4.807638120285441796e-01,1.707752373483988895e-01,-2.333891665417836981e-03,-1.233525222415486058e-03,1.225865697809907487e-04,3.678785281421096443e+01,3.282817019567983152e+01,2.514443179205080412e+02,-4.719645970209315755e-02,9.579367529049152097e+01,2.055143877333765704e+04,0.000000000000000000e+00,5.944023027595183521e+04
4.230000000000375238e+00,1.553107168667494697e+01,4.807594103425434917e-01,1.707809929433185825e-01,-1.706784581087863410e-03,1.962327524340745069e-04,9.425193760680394004e-04,1.135050303657154274e+02,-1.010987766846999421e+02,9.654814009258525687e+01,-4.719383863748016078e-02,9.578225536057657052e+01,2.358852643842737962e+04,0.000000000000000000e+00,6.390219168731340324e+04
4.235000000000372467e+00,1.553107032691667122e+01,4.807631960209153843e-01,1.707769575768932624e-01,-1.004244604812889064e-03,2.193305330756384081e-03,-2.490364854356896113e-03,1.036686870407589112e+02,-9.495826183629196748e+01,1.319577317030586414e+02,-4.721365573879624661e-02,9.578499955398790178e+01,2.085159114374788260e+04,0.000000000000000000e+00,6.373000768580944714e+04
4.240000000000369695e+00,1.553106561386258377e+01,4.807743111757946108e-01,1.707644786915865076e-01,-8.746186415116552872e-04,-8.352508962445176477e-05,-1.019989356489907264e-03,7.964678098247102156e+00,-2.432855666999713549e+02,2.203712134819706137e+02,-4.721338707510293331e-02,9.583601176443312397e+01,2.216389350305070911e+04,0.000000000000000000e+00,6.295807028281460225e+04
4.245000000000366924e+00,1.553106236313450239e+01,4.807588286809420519e-01,1.707773602130046586e-01,1.529657754646899679e-03,-3.165197914097256024e-03,3.229135381792201751e-03,-5.759968359269805660e+01,6.620744828334204612e+01,2.243159476567182651e+02,-4.716679318818569472e-02,9.568007192661119120e+01,2.356062388802267742e+04,0.000000000000000000e+00,5.936522472342821129e+04
4.250000000000364153e+00,1.553105626202003187e+01,4.807637505827139224e-01,1.707816129051864251e-01,-1.638134291959264998e-03,2.124229464691650658e-03,-7.623277018916393543e-04,-4.632460866627343421e+01,4.614537446534473020e+01,2.273009304402679618e+02,-4.721195805031003917e-02,9.563533057510399260e+01,2.356675695363502382e+04,0.000000000000000000e+00,5.931654826273358776e+04
4.255000000000361382e+00,1.553104959000216212e+01,4.807762073086655485e-01,1.707766525060461504e-01,7.273501301641652336e-04,9.136954236085758014e-04,-6.446125728429538725e-04,-2.298582597086306123e+01,5.886529223583079329e+01,1.860404796967030165e+02,-4.717187399241309226e-02,9.569493779763095631e+01,2.197473066172865219e+04,0.000000000000000000e+00,5.996631152855877008e+04
4.260000000000358611e+00,1.553104249815720372e+01,4.807841717811132121e-01,1.707693670590514357e-01,1.701692899658200080e-04,-2.063241388039705349e-03,1.119355518410268589e-04,-7.120988026393115433e+01,1.062084882732731330e+02,2.111217777810768439e+02,-4.714569479847112443e-02,9.573048732998401533e+01,2.226496057638089405e+04,0.000000000000000000e+00,5.990751960722541116e+04
4.265000000000355840e+00,1.553102798112185923e+01,4.807956863644413104e-01,1.707615488093372491e-01,-1.346484438548722082e-03,1.358538439908486871e-03,-1.481800452926044023e-03,-4.481827651936063717e+01,-1.038854360908107992e+02,1.942756473430687834e+02,-4.718571015165542309e-02,9.583309968974141668e+01,2.097780357008020292e+04,0.000000000000000000e+00,6.312903128119167377e+04
4.270000000000353069e+00,1.553102132541362579e+01,4.807980322984303223e-01,1.707566298365948143e-01,3.448792360369712373e-03,-4.212598504328835328e-03,1.654322483574515237e-03,-8.758033701566546370e+01,9.969619133027595126e+01,2.093415069069637013e+02,-4.719691024197274903e-02,9.563939161643970976e+01,2.217371324365996406e+04,0.000000000000000000e+00,6.003013522467474832e+04
4.275000000000350298e+00,1.553102286404366161e+01,4.807988398082515547e-01,1.707537943847078354e-01,1.201029811601377653e-04,4.085643314058983160e-04,-1.531958170743871866e-05,7.650151059585637370e+01,-1.163892781988273555e+02,1.549996191709402353e+02,-4.720529668748639496e-02,9.556762766141196153e+01,2.502381376144148817e+04,0.000000000000000000e+00,6.302674765875057346e+04
4.280000000000347526e+00,1.553102782106745750e+01,4.807986070721008143e-01,1.707573314775939488e-01,9.411075297737983439e-04,4.875243373975782224e-04,-2.572910694634304913e-04,-5.002609818131986685e+01,3.917319278469699384e+01,2.254665504443349846e+02,-4.720462524276626548e-02,9.552329482903139990e+01,2.340484666366349484e+04,0.000000000000000000e+00,5.947362097306880605e+04
4.285000000000344755e+00,1.553103397777737094e+01,4.808029054899191079e-01,1.707545946215662525e-01,1.139745678713447374e-03,4.772554313413085881e-04,-1.165757142391600585e-03,-7.912302333430579893e+01,8.245262042791000567e+01,2.117282736245300612e+02,-4.718076536590199571e-02,9.564333641597289670e+01,2.217071495233338646e+04,0.000000000000000000e+00,5.998803530241949193e+04
4.290000000000341984e+00,1.553102351333643938e+01,4.808063788584409082e-01,1.707472126001109147e-01,-5.345980846060183894e-03,2.542577353169266693e-03,-1.855187993741113815e-03,5.436019112492184036e+01,-8.222999842772492229e+01,1.608472012026846585e+02,-4.718418460958582333e-02,9.566834926160208852e+01,2.443147563845044715e+04,0.000000000000000000e+00,6.249747563861373783e+04
4.295000000000339213e+00,1.553102049198387391e+01,4.808039233416501190e-01,1.707486380384377056e-01,9.917362339070133394e-04,1.362433492723552630e-03,5.410632283581810449e-04,2.356888670425450982e+01,-1.955057953564187301e+01,1.876714494749618609e+02,-4.715953273299604287e-02,9.545597766511789928e+01,2.284807053858728978e+04,0.000000000000000000e+00,5.970917326742289879e+04
4.300000000000336442e+00,1.553102509675638565e+01,4.808084923609756700e-01,1.707504417495111226e-01,-1.734391486551906895e-03,3.790395518282055082e-03,-1.635579962035183790e-03,4.619602689190833189e+01,-3.132472955526691294e+01,1.672707429809209430e+02,-4.717577228602341105e-02,9.551993430109347116e+01,2.545916653068695450e+04,0.000000000000000000e+00,5.987044269726605853e+04
4.305000000000333671e+00,1.553103191712231101e+01,4.808078722659371862e-01,1.707546111346745776e-01,-1.650175215886006807e-03,-4.489262794649107741e-03,2.505936071829729939e-03,6.637080110907329811e+01,-4.140412872912077091e+01,1.309075156984389423e+02,-4.718423295621659852e-02,9.552011309804595385e+01,2.016133324034719772e+04,0.000000000000000000e+00,6.325257575547208398e+04
4.310000000000330900e+00,1.553102959918215475e+01,4.807933560457633981e-01,1.707619174546151364e-01,9.191009645773100126e-04,-2.431455681880521132e-03,1.067030704588804680e-03,4.787949403017186967e+00,-6.112827740952525346e+00,1.593999168280103618e+02,-4.719334841695341926e-02,9.537408867206839602e+01,2.053096749681096117e+04,0.000000000000000000e+00,6.270538931114959269e+04
4.315000000000328129e+00,1.553103057157586520e+01,4.807914098368366029e-01,1.707596602890699145e-01,3.791160857680176029e-03,-3.563774715423179053e-03,1.051093864062871072e-03,-8.225261534650189787e+01,1.136503322232747450e+02,2.142820683341174401e+02,-4.715638586500477125e-02,9.537769871329386717e+01,2.221971281740920676e+04,0.000000000000000000e+00,5.988743045762405382e+04
4.320000000000325358e+00,1.553102737031182379e+01,4.808010670920857543e-01,1.707547289277233649e-01,4.879988895846137215e-04,1.444558721574770938e-03,-1.345152637633703933e-03,1.007024191938000826e+02,-9.256699747914115051e+01,1.304484641868504866e+02,-4.716215911114039067e-02,9.548796046088784806e+01,2.082911847835806839e+04,0.000000000000000000e+00,6.369255640787697484e+04
4.325000000000322586e+00,1.553103121937637887e+01,4.807930580715564228e-01,1.707497374829159698e-01,-1.890680150121148203e-03,-4.801663916004320423e-03,-3.746398567927644108e-04,-6.444223114053465906e+01,1.169099198632970911e+02,2.152754821506126177e+02,-4.715045546619376499e-02,9.549308897379640371e+01,2.222386509598703560e+04,0.000000000000000000e+00,5.990618931782335130e+04
4.330000000000319815e+00,1.553102000759904477e+01,4.807907925931027004e-01,1.707439788887364918e-01,-1.991400258874936186e-03,7.977373557473543949e-04,-1.502127824476463683e-03,-8.117860582092680488e+01,9.920883284757110232e+01,1.948504231442917103e+02,-4.717850768999865690e-02,9.544776157298244357e+01,2.503495772067075814e+04,0.000000000000000000e+00,6.013299970425505308e+04
4.335000000000317044e+00,1.553102287316382046e+01,4.807939142530694432e-01,1.707402351691896802e-01,-2.591599171709583170e-03,3.814200223463044305e-03,-1.535300982691819704e-03,-3.903404181104951931e+01,2.810053143931713748e+01,2.229728715636812808e+02,-4.718253863973743273e-02,9.542430627525472175e+01,2.339648960771405473e+04,0.000000000000000000e+00,5.946337040885233000e+04
4.340000000000314273e+00,1.553102348469439953e+01,4.808017355213690669e-01,1.707398096563103318e-01,-3.312512651507514699e-03,4.159805578060108387e-03,-7.279681437938677162e-04,-5.272135546993515476e+01,4.628786397265042041e+01,2.037796956632917897e+02,-4.712355274601552624e-02,9.555509899347161706e+01,2.634825508900880959e+04,0.000000000000000000e+00,5.958093140059430880e+04
4.345000000000311502e+00,1.553102117766810153e+01,4.807826461214652625e-01,1.707563737237142443e-01,-1.522190965104761387e-03,-3.183347980986388909e-03,2.539029132410532998e-03,-6.656887918068650833e+01,1.126922818529324104e+02,2.008928746572392185e+02,-4.717784338538624778e-02,9.555676628097147329e+01,2.225057495869507693e+04,0.000000000000000000e+00,5.989576102037191595e+04
4.350000000000308731e+00,1.553101490451378552e+01,4.807816048199236580e-01,1.707571086086663859e-01,-4.951823001253258076e-03,4.611332807037510709e-03,-2.354779878681733263e-03,9.711631410520776342e+01,-1.051134852152802068e+02,1.646448605968835182e+02,-4.719718654911125161e-02,9.559467862956940110e+01,2.240982301742908021e+04,0.000000000000000000e+00,6.261666438824962097e+04
4.355000000000305960e+00,1.553101754858938222e+01,4.807850472661799879e-01,1.707597108800886776e-01,-1.303447075089804712e-03,2.206378240758108053e-03,4.298723565187475686e-05,8.513273589499209493e+01,-9.564373476154980835e+01,1.633913011109714830e+02,-4.718950821509389909e-02,9.569845817743045302e+01,2.239022595710667520e+04,0.000000000000000000e+00,6.263075138187070115e+04
4.360000000000303189e+00,1.553102564898884275e+01,4.807860160804575123e-01,1.707616178576636667e-01,-9.021499697360859044e-04,2.395113047380058573e-03,-2.224191735565100945e-03,-2.190424982492323025e+01,-1.546653454232152853e+02,1.947171345956929542e+02,-4.719762667524664279e-02,9.585666480483966723e+01,2.219799367162734779e+04,0.000000000000000000e+00,6.336378538675122400e+04
4.365000000000300417e+00,1.553101477641451567e+01,4.807837590677347395e-01,1.707515018764171055e-01,-2.758573132610170515e-03,1.240277988597073043e-03,-2.298198526506828147e-03,9.127557149564867700e+01,-9.434308776969533028e+01,1.738061209783720074e+02,-4.720601346780715218e-02,9.580296159881622486e+01,2.240289085069551948e+04,0.000000000000000000e+00,6.269321217592409812e+04
4.370000000000297646e+00,1.553100480178748555e+01,4.807957512805103861e-01,1.707390408501245904e-01,-2.412599475213806320e-03,4.111536587790771621e-03,-3.244147133590359871e-03,-3.692322119257687518e+01,2.511614531606778655e+01,2.300768537143395633e+02,-4.715691711624147436e-02,9.574931230993522036e+01,2.341232122044360585e+04,0.000000000000000000e+00,5.949862026585546118e+04
4.375000000000294875e+00,1.553098916005752095e+01,4.808080968948121869e-01,1.707301341604761657e-01,-2.757960352394849685e-03,-1.549700024623092403e-03,1.049386623756681965e-03,1.095861518626178110e+02,-8.730224716753707526e+01,1.179363200586440996e+02,-4.720491162427718768e-02,9.571218774201764745e+01,2.091277622780426827e+04,0.000000000000000000e+00,6.378007881557168002e+04
4.380000000000292104e+00,1.553099160420542724e+01,4.807980747026134871e-01,1.707367422296222348e-01,-1.830833507272646441e-03,1.637389141595556839e-03,2.015755209376995330e-04,6.880506625460471071e+01,-6.400854510136798581e+01,1.330793565113274326e+02,-4.720091470222637087e-02,9.555622485964902069e+01,2.020659839090126115e+04,0.000000000000000000e+00,6.329782221676155314e+04
4.385000000000289333e+00,1.553099411465816893e+01,4.808030441858788251e-01,1.707360285181972748e-01,1.097659853848603762e-03,1.467629133009333174e-03,-8.987637796780544464e-04,7.934806574523963718e+01,-9.394186898188399937e+01,1.699599703637242669e+02,-4.717742235561570019e-02,9.557220238224277864e+01,2.243601244912554102e+04,0.000000000000000000e+00,6.268915040572787984e+04
4.390000000000286562e+00,1.553100468456542593e+01,4.808052397141712175e-01,1.707364448686631286e-01,1.856807453844694497e-03,9.700270590916642210e-04,3.930212066622863678e-04,-3.366793200622623772e+01,5.416428048512466376e+01,1.641064608292691105e+02,-4.719747874583483244e-02,9.565019703012866614e+01,2.472905438319576206e+04,0.000000000000000000e+00,6.029422151890101668e+04
4.395000000000283791e+00,1.553100081265847976e+01,4.808037571794757103e-01,1.707368798528376419e-01,-2.050809645879570105e-03,-3.238006438954322847e-03,1.233915614346067866e-03,1.095154175065131454e+02,-7.634090579283383704e+01,1.243139193994863945e+02,-4.717843672616039291e-02,9.566225903741030834e+01,2.087167780588388996e+04,0.000000000000000000e+00,6.376317382314569841e+04
4.400000000000281020e+00,1.553099616718113296e+01,4.807996944764690861e-01,1.707338779706009946e-01,-1.547315841784868869e-03,1.754355020395691189e-03,-2.016465549182657521e-03,9.998239623419888744e+01,-1.054988748102970249e+02,1.667159076649069220e+02,-4.717455609168782343e-02,9.557403540274472675e+01,2.135356048600867871e+04,0.000000000000000000e+00,6.275535714286193252e+04
4.405000000000278249e+00,1.553099472227767919e+01,4.808091090720769678e-01,1.707279961827472825e-01,-3.047011055015087181e-03,6.020721625985605077e-03,-2.576106300405966477e-03,1.048617630208711518e+02,-1.209659993385231473e+02,1.609236330450410719e+02,-4.718146741150389123e-02,9.562636994494096143e+01,2.137434438171070360e+04,0.000000000000000000e+00,6.273782317911827704e+04
4.410000000000275477e+00,1.553099164509212571e+01,4.808150210282519099e-01,1.707266221841499676e-01,-3.373861170716816685e-03,1.146276625013070705e-03,-4.764956869379222463e-04,1.297512679274404945e+00,3.024911757286008651e+01,1.751460436126291427e+02,-4.718598090219049135e-02,9.563903875784198760e+01,2.175837263515857921e+04,0.000000000000000000e+00,6.022217564602932543e+04
4.415000000000272706e+00,1.553099302705519236e+01,4.808087437568800415e-01,1.707322865842815229e-01,-2.732067396187042941e-04,-3.610246694781010400e-05,1.028299195608673236e-03,6.414171169672351880e+01,-5.459221002639799281e+01,1.362873407027643680e+02,-4.719485382266765811e-02,9.561631468617721907e+01,2.019539087819757697e+04,0.000000000000000000e+00,6.332134958881480998e+04
4.420000000000269935e+00,1.553099811145618325e+01,4.808081949897746732e-01,1.707358211403094961e-01,1.256317117961869940e-03,7.255103689012938010e-04,8.450718947018814571e-04,9.924596076369871867e+01,-8.922499868263525968e+01,1.252493141127613967e+02,-4.717211656720159130e-02,9.570320907049253378e+01,2.088748169491971930e+04,0.000000000000000000e+00,6.376558605217779404e+04
4.425000000000267164e+00,1.553100942530369011e+01,4.808039998272208293e-01,1.707411030419601072e-01,-2.119286836841997347e-03,-1.475797453434195402e-03,9.587541993071658532e-04,1.094551690052695108e+02,-8.127178073929246693e+01,1.232909036546386972e+02,-4.717564178239182227e-02,9.580824331385282733e+01,2.087251245295648914e+04,0.000000000000000000e+00,6.374968252428849519e+04
4.430000000000264393e+00,1.553101582873957476e+01,4.807935302075810324e-01,1.707477846804419386e-01,-8.692638821285861620e-05,1.653812036355138465e-03,-1.835659202857740002e-04,4.839734510429923375e+01,-5.663039266004227557e+01,1.762476693192190282e+02,-4.719122110995849911e-02,9.586151484228523145e+01,2.176660173943994232e+04,0.000000000000000000e+00,6.223374250639487582e+04
4.435000000000261622e+00,1.553101588735691863e+01,4.807845152027830915e-01,1.707541539677990827e-01,-1.783196815207451803e-03,1.238015512644666380e-03,-7.232169893566190323e-04,1.070305462716405458e+02,-8.928729144251519756e+01,1.268311956731935766e+02,-4.720183209011768327e-02,9.585073194104082006e+01,2.083733114493219546e+04,0.000000000000000000e+00,6.371646477608376881e+04
4.440000000000258851e+00,1.553102281969476195e+01,4.807837841304143933e-01,1.707546504940264664e-01,5.724214336284323560e-04,5.291663282358052573e-04,-8.467422746070436389e-04,-1.227698293778030347e+01,3.486921108234946587e+01,1.828096550706759444e+02,-4.718664291108858738e-02,9.586872564143692443e+01,2.169411052215159725e+04,0.000000000000000000e+00,6.015966471047785308e+04
4.445000000000256080e+00,1.553100906609927101e+01,4.807979570723814877e-01,1.707443873675743296e-01,-4.911914812858435807e-03,1.359710072309168721e-03,-2.499278759539964954e-03,-2.996167868918109889e+01,3.362228228093840698e+01,2.254395557754292554e+02,-4.720850291473862453e-02,9.582562566107023372e+01,2.337704392663550243e+04,0.000000000000000000e+00,5.943547189490667370e+04
4.450000000000253308e+00,1.553099304962615790e+01,4.808086065443549217e-01,1.707363959878271109e-01,-2.570361573983155016e-03,2.790940493725782914e-03,-1.269732392463726210e-03,-4.119726484384864307e+01,4.507183935370267136e+01,2.270716151972120258e+02,-4.719862864750776904e-02,9.573336825043958243e+01,2.357966295708511097e+04,0.000000000000000000e+00,5.934999579104656732e+04
4.455000000000250537e+00,1.553099345532460873e+01,4.808173704873707210e-01,1.707323304580324608e-01,3.709005113510455403e-03,-1.213499085195204885e-03,7.026829733464093775e-04,-3.336805320335324865e+01,-1.402223206230711412e+02,1.942035201129501729e+02,-4.719419944252951915e-02,9.579269305708770332e+01,2.223230267779721908e+04,0.000000000000000000e+00,6.345902395920103299e+04
4.460000000000247766e+00,1.553099753818139384e+01,4.808114409419587676e-01,1.707346305084018745e-01,8.603570888150985753e-04,1.481317458776122784e-03,-4.455365515237006357e-04,-8.895579844086159937e+01,7.355644789640655290e+01,1.875607648984042726e+02,-4.720395176650640096e-02,9.576503725893708463e+01,2.488902600548073679e+04,0.000000000000000000e+00,6.017098936138418503e+04
4.465000000000244995e+00,1.553100175586002152e+01,4.808107683426265933e-01,1.707310180579078573e-01,-1.857830928792927102e-03,1.283946517406876677e-03,-1.485111116251103692e-03,-8.053914825265383115e+01,7.366363083385863320e+01,1.891119286817324223e+02,-4.716016863919551827e-02,9.573519933270218019e+01,2.489555477936283569e+04,0.000000000000000000e+00,6.016852779631275189e+04
4.470000000000242224e+00,1.553098996911240093e+01,4.808120778293409336e-01,1.707243900784254087e-01,-3.367329224363489228e-03,1.079827971267166087e-03,-8.674683553121055124e-04,2.218359345102635416e+01,6.373596798875041713e+00,2.020622070156529446e+02,-4.715390503899140329e-02,9.562641270849248087e+01,2.316590446714607970e+04,0.000000000000000000e+00,5.953468539447687363e+04
4.475000000000239453e+00,1.553098131134299997e+01,4.808170234198533843e-01,1.707259562239571427e-01,-1.281059756130059363e-03,2.981529956257635266e-03,-4.899797807604407618e-04,5.557942639944671726e+01,-6.185218365811579133e+01,1.739274362831539236e+02,-4.720707534688620144e-02,9.570124380851044066e+01,2.178548997196292112e+04,0.000000000000000000e+00,6.224313492556905840e+04
4.480000000000236682e+00,1.553097721679072052e+01,4.808317757720165231e-01,1.707191194242207166e-01,-1.077755082794295844e-03,4.070319960984870866e-03,-1.894636896962750925e-03,-1.383073412384192125e+01,5.171087611781013038e+01,1.848810032995682775e+02,-4.716413680482935827e-02,9.575177239065030221e+01,2.201055221740458001e+04,0.000000000000000000e+00,6.002032129972516123e+04
4.485000000000233911e+00,1.553095641965984619e+01,4.808320951812093402e-01,1.707147667388844992e-01,-5.704039866228474524e-03,7.209893088869650558e-04,2.182827604821607054e-04,8.213846400088330313e+01,-5.980420609180828251e+01,1.295621634121083048e+02,-4.718442593379553601e-02,9.560796428625161525e+01,2.022004312072685207e+04,0.000000000000000000e+00,6.330243330069368676e+04
4.490000000000231140e+00,1.553094836921297706e+01,4.808329260063126664e-01,1.707159658583582151e-01,7.928387097829366634e-04,5.872426060397107923e-04,-2.906270963626834112e-04,8.198040163179003059e+01,-1.149269862191158609e+02,1.545678213402173355e+02,-4.719942666362561545e-02,9.544188302032064541e+01,2.506292399098561145e+04,0.000000000000000000e+00,6.307120844957524969e+04
4.495000000000228368e+00,1.553095000059385811e+01,4.808396281839663611e-01,1.707141964859731353e-01,1.428161772551488551e-03,6.763904035783510973e-04,-9.583689192590838079e-04,4.393012783415648670e+01,-4.938843410127140032e+01,1.523165782963692152e+02,-4.718810673312350684e-02,9.544508477741506169e+01,2.134443896019064414e+04,0.000000000000000000e+00,6.324881336866074707e+04
4.500000000000225597e+00,1.553095267749032971e+01,4.808503461481147268e-01,1.707021184979083672e-01,4.459316972658573970e-03,-8.259339268952756424e-04,-5.274360386192728694e-04,3.378322844728637619e+01,-4.131668720420600494e+01,1.585488718822873579e+02,-4.718997076588154344e-02,9.548068027409416914e+01,2.132756538938573067e+04,0.000000000000000000e+00,6.329866235674270138e+04
4.505000000000222826e+00,1.553097044004228167e+01,4.808513689333966945e-01,1.706996444360017462e-01,6.201183516787787779e-03,-1.979655195159800082e-03,1.770037173249106380e-03,-1.484193280395554666e+02,6.517526747335523396e+01,2.161434008582665456e+02,-4.715485560859061787e-02,9.565600541612393215e+01,2.628296750301454449e+04,0.000000000000000000e+00,6.086935676568571216e+04
4.510000000000220055e+00,1.553096618710047139e+01,4.808554702058913666e-01,1.706925268776671167e-01,3.056574806908918425e-03,-6.716322593733392360e-04,-5.260802654789883525e-04,-5.414480425821011522e+01,4.408795103585634934e+01,2.337530669459575847e+02,-4.715348367705862742e-02,9.549518751980215825e+01,2.345383604863798610e+04,0.000000000000000000e+00,5.958835687500202039e+04
4.515000000000217284e+00,1.553097533394418939e+01,4.808591474279433897e-01,1.706939494257447565e-01,5.274279974642470670e-03,-2.271419898538366323e-03,1.682256892660228750e-03,-8.459245919435670658e+01,1.119902710534506696e+02,2.144272703420401740e+02,-4.719307508952342439e-02,9.562543367007262418e+01,2.230968100769737430e+04,0.000000000000000000e+00,6.001637022793413053e+04
4.520000000000214513e+00,1.553097419554698533e+01,4.808564782743706134e-01,1.706931544485076890e-01,-6.804935210125929914e-04,-1.774583083098017766e-03,3.750901910089665258e-04,-8.226655459181620245e+01,8.221437757557987425e+01,1.892032865734258849e+02,-4.716807403763895179e-02,9.558450205518735743e+01,2.495308271395997144e+04,0.000000000000000000e+00,6.026133173274718865e+04
4.525000000000211742e+00,1.553097931430650824e+01,4.808482874800777962e-01,1.707014030898125201e-01,-1.163748061450601157e-03,1.442085371328144950e-03,8.505895191174618099e-04,5.301938280009213145e+01,-5.595192855506218166e+01,1.205974237539179654e+02,-4.719037112885288848e-02,9.555624574162963825e+01,2.405519751788766735e+04,0.000000000000000000e+00,6.340652085831785371e+04
4.530000000000208971e+00,1.553099053812724328e+01,4.808473010923856594e-01,1.707087790538162897e-01,-1.383737063310386782e-03,4.010302420568551650e-03,-6.263214432814317393e-04,5.034674635680924837e+01,-5.946841119823011468e+01,1.442991545513212941e+02,-4.718149871602469320e-02,9.562338534903607012e+01,2.130387978116433442e+04,0.000000000000000000e+00,6.319189556843966420e+04
4.535000000000206200e+00,1.553098580636235582e+01,4.808562914475508765e-01,1.707021504473865969e-01,-6.579049577538595081e-03,1.222339682226219982e-03,-7.921156697871459132e-04,7.039307445068673985e+01,-5.852822340033969795e+01,1.189797583798773530e+02,-4.717928323319028200e-02,9.568396765123758030e+01,2.407576430657132005e+04,0.000000000000000000e+00,6.338324713437251921e+04
4.540000000000203428e+00,1.553098248730794673e+01,4.808492203393068265e-01,1.707063161866744783e-01,-1.014231709405639253e-03,1.416385219840756967e-03,5.376884484364538022e-04,-7.021963455312243241e+01,8.182063542387641064e+01,1.998317596529078060e+02,-4.718655218345652741e-02,9.558611520898359970e+01,2.219615645438924548e+04,0.000000000000000000e+00,5.999317281295866997e+04
4.545000000000200657e+00,1.553097302950809855e+01,4.808643172797812393e-01,1.706987700127701180e-01,-1.796758819050142458e-03,9.848252135267430984e-04,-6.524809387266820946e-04,9.249785792786576621e+01,-9.471267678995354800e+01,1.670008621460856091e+02,-4.719426661038277071e-02,9.558664841535072298e+01,2.249147590163515270e+04,0.000000000000000000e+00,6.273510139672791411e+04
4.550000000000197886e+00,1.553096331422988285e+01,4.808762907663476360e-01,1.706934692830197609e-01,-8.070229926918631041e-05,1.633292972697697942e-03,-9.367915116275302417e-04,3.137920174751116065e+01,-1.786468870388307550e+01,1.964235616933265192e+02,-4.719439432802231132e-02,9.558331554574911593e+01,2.288504495387709903e+04,0.000000000000000000e+00,5.976845237440564233e+04
4.555000000000195115e+00,1.553096912437373689e+01,4.808659611116348764e-01,1.706980261624253814e-01,3.061540242884101034e-03,-3.932879278046918191e-03,1.123635520436811266e-03,5.535332464709292566e+01,-3.936858359813129482e+01,1.468129455161972885e+02,-4.720712400117620805e-02,9.559945927974395374e+01,2.021053337084029772e+04,0.000000000000000000e+00,6.337795517575763370e+04
4.560000000000192344e+00,1.553096819698041564e+01,4.808714647083781601e-01,1.706894091621346532e-01,-3.912722581078969706e-05,2.309159812956156684e-03,-2.007208685198099557e-03,-3.958951623548983889e+00,-2.386338898586194546e+02,2.305215948065216480e+02,-4.717272272659806670e-02,9.568404751945854514e+01,2.333875059488907209e+04,0.000000000000000000e+00,6.306365595300520363e+04
4.565000000000189573e+00,1.553098013090885843e+01,4.808550189640581340e-01,1.706977330318638353e-01,1.564612841421166413e-03,-7.402574402378094475e-04,1.803681282186578912e-03,5.276005864823673619e+00,1.296135749412474070e+01,1.985703830426907643e+02,-4.720569549117203945e-02,9.563912137198329333e+01,2.317778390994510482e+04,0.000000000000000000e+00,5.956728983517316374e+04
4.570000000000186802e+00,1.553098744728562330e+01,4.808456156326810227e-01,1.707057806959810242e-01,-1.647564694112719358e-03,1.495642178264147519e-03,-5.332977129314371524e-04,-6.305173834231754881e+01,9.692582445939274294e+01,2.051941134330384955e+02,-4.715240143903885739e-02,9.555120816782110182e+01,2.228708271027206138e+04,0.000000000000000000e+00,5.991160240874934971e+04
4.575000000000184031e+00,1.553097398134880791e+01,4.808630943904860788e-01,1.706953790563115470e-01,-3.594746960952569046e-03,8.937274739552715985e-04,-1.315902042072090907e-03,7.864333184467925264e+01,-3.016364796040767260e+02,1.995137138033358610e+02,-4.719812007411546689e-02,9.557239294469655988e+01,2.271880700762213746e+04,0.000000000000000000e+00,6.364786553822648420e+04
4.580000000000181259e+00,1.553096486255230424e+01,4.808500145200404474e-01,1.707005909246645803e-01,-2.600432610050374543e-03,-5.818667791235763266e-05,-2.528011357446128507e-04,2.114640928981225443e+01,1.009029128083739124e+01,2.004323041234899847e+02,-4.718318743188579939e-02,9.541400731293290960e+01,2.319542283446916917e+04,0.000000000000000000e+00,5.953709511819038016e+04
4.585000000000178488e+00,1.553096400382843179e+01,4.808553422064357763e-01,1.706987918388433723e-01,-3.310909301243685279e-03,5.320697323970040998e-03,-2.502017147440821314e-03,-3.788088539713589853e+01,3.684116474516872586e+01,2.262611490362482982e+02,-4.717104806398255551e-02,9.540254845091287450e+01,2.365792608691208443e+04,0.000000000000000000e+00,5.936635725215330604e+04
4.590000000000175717e+00,1.553096823701382512e+01,4.808662503335504046e-01,1.706951085415235880e-01,1.148060610404720702e-03,1.203688550099495103e-03,-6.981474273009991450e-04,4.973607989813748986e+01,-5.627500918977636957e+01,1.790971660855563528e+02,-4.718661474200484818e-02,9.557747499619448206e+01,2.183071625794948341e+04,0.000000000000000000e+00,6.229009524861066893e+04
4.595000000000172946e+00,1.553097385927194019e+01,4.808628004518022969e-01,1.706986300826455749e-01,7.049122083810196093e-04,-7.860762089802571717e-04,2.452807968890989890e-04,-8.728112569243376129e+01,1.067254820275445582e+02,1.903657329435853001e+02,-4.720327953967578399e-02,9.567580057627522194e+01,2.509147426541300956e+04,0.000000000000000000e+00,6.019227921636426618e+04
4.600000000000170175e+00,1.553096719607359688e+01,4.808541070103147241e-01,1.707050389121620160e-01,-1.419074133533705347e-03,-2.853352034471289943e-03,2.964607640555076608e-03,5.582092474039899344e+01,-4.294770376423468861e+01,1.657441501070384788e+02,-4.717823055448243375e-02,9.562644989909176729e+01,2.182929783256070368e+04,0.000000000000000000e+00,6.226324686272279359e+04
4.605000000000167404e+00,1.553097563932813685e+01,4.808417018150490385e-01,1.707164694050617437e-01,-1.421256743699284963e-03,2.205286972185960953e-03,1.818420099404312209e-04,-4.166939996916880773e+01,3.246323378431020501e+01,2.166375692598865044e+02,-4.720265488369047163e-02,9.552941892443350014e+01,2.341096873979591328e+04,0.000000000000000000e+00,5.944967348220005806e+04
4.610000000000164633e+00,1.553098686205163759e+01,4.808385033055781466e-01,1.707212683667387876e-01,1.422775873240028502e-03,6.561710684086831131e-04,6.057357610196634516e-04,-1.446354104344845837e+01,3.688182067006277975e+01,1.765422562160098892e+02,-4.714675046166264677e-02,9.560233196310142034e+01,2.173413794789351596e+04,0.000000000000000000e+00,6.016399701376402663e+04
4.615000000000161862e+00,1.553099691774576208e+01,4.808424872552485296e-01,1.707211149569682063e-01,-7.277041415391155219e-04,7.439988076626952423e-04,-9.062840610555269929e-04,-4.480606846568753099e+01,3.838130443569502859e+01,2.243977800093489918e+02,-4.719090168688473003e-02,9.578053181869185551e+01,2.338202568666081061e+04,0.000000000000000000e+00,5.944884579170200595e+04
4.620000000000159091e+00,1.553099821734661923e+01,4.808431405492374355e-01,1.707184442681656533e-01,-2.949396186449365458e-03,-3.497607010672274062e-03,-2.485424821913363182e-04,-6.414142689769050776e+01,9.915554545688564758e+01,2.063728874006726528e+02,-4.720722386724830744e-02,9.585645609351654173e+01,2.214582406807618827e+04,0.000000000000000000e+00,5.997231044487511099e+04
4.625000000000156319e+00,1.553098156815718411e+01,4.808469528956096362e-01,1.707063891833131286e-01,-2.409428615710898849e-03,1.724908846927343834e-03,-2.339717379033643720e-03,5.388896949979240247e+01,-5.149613759135002056e+01,1.530461564877609533e+02,-4.718732001563864797e-02,9.576803041838915931e+01,2.132012430741485150e+04,0.000000000000000000e+00,6.322716445025589201e+04
4.630000000000153548e+00,1.553097772177960145e+01,4.808572373132067312e-01,1.706946494116199642e-01,-3.399384787821611419e-03,6.647740961350075140e-03,-4.045248846598533884e-03,6.305081189044201295e+01,-7.480856778027293785e+01,1.803330767266978114e+02,-4.719446565659431853e-02,9.577619179602110933e+01,2.184121591343619002e+04,0.000000000000000000e+00,6.227560570090133115e+04
4.635000000000150777e+00,1.553097341815429644e+01,4.808685712023693659e-01,1.706874528720131734e-01,-5.676755487866850559e-03,3.561762695467200757e-03,-2.147694611740643290e-03,1.013448791090331724e+01,2.384605766155641504e+01,1.772748866959482541e+02,-4.720039253854245442e-02,9.576040569816922243e+01,2.179032047761782815e+04,0.000000000000000000e+00,6.022416364991659793e+04
4.640000000000148006e+00,1.553097061148283409e+01,4.808719214030154343e-01,1.706898519399144276e-01,3.382018756257462993e-03,-1.486946376773723606e-03,2.481250758181646320e-03,-2.811045031316143650e+01,7.349291085907407250e+01,1.821457513848973520e+02,-4.718856767347747588e-02,9.561713191327021377e+01,2.202426694301049429e+04,0.000000000000000000e+00,6.006772904836932867e+04
4.645000000000145235e+00,1.553098215640959268e+01,4.808749432372420030e-01,1.706946637737373484e-01,5.120812257323801133e-04,3.166520012926716480e-03,-5.593279501775529376e-04,4.043468717373161780e+01,-2.557900892681391269e+01,1.708700093832011078e+02,-4.719587613702611040e-02,9.571619673879219192e+01,2.547055899841002611e+04,0.000000000000000000e+00,5.994518554635142209e+04
4.650000000000142464e+00,1.553098564024802641e+01,4.808703694270682893e-01,1.706957672163771089e-01,-9.457164295277075469e-04,9.892842943817791498e-04,-1.331939727824872502e-03,4.644001329060529315e+01,-1.855529289953551597e+01,1.749957637511149358e+02,-4.721121024298294971e-02,9.567292679818261547e+01,2.545129014927075696e+04,0.000000000000000000e+00,5.995048828810400300e+04
4.655000000000139693e+00,1.553099127630794918e+01,4.808737124373768101e-01,1.706917576440716844e-01,-1.998219978947959451e-03,3.869914141831294011e-03,-2.386281866633719294e-03,1.101999521596799241e+02,-1.004360086603138598e+02,1.308616821131504651e+02,-4.719623499897945135e-02,9.563372826796566528e+01,2.092475560793331897e+04,0.000000000000000000e+00,6.377095842202784115e+04
4.660000000000136922e+00,1.553099359192393614e+01,4.808848368473588319e-01,1.706825088136366131e-01,5.974908222727030524e-04,-6.071592488769120451e-04,-4.263856048177839544e-04,-8.655737731638009791e+01,8.016990804802048842e+01,1.926395085360170469e+02,-4.719474071350387989e-02,9.574748671879987683e+01,2.493314772262697807e+04,0.000000000000000000e+00,6.023191293239626248e+04
4.665000000000134150e+00,1.553098086001941169e+01,4.808820832371467624e-01,1.706773740876985912e-01,-3.079453274944413815e-03,7.316565487150581077e-04,-1.779703043491634657e-03,-6.425670667737131225e+01,8.219366618629010190e+01,2.101674676843688587e+02,-4.720746350618215681e-02,9.553629479135027225e+01,2.243644222602133232e+04,0.000000000000000000e+00,6.000089965078496607e+04
4.670000000000131379e+00,1.553102977414678776e+01,4.808619965386368156e-01,1.706832676514657421e-01,5.541324344489068597e-03,-1.114471156846884997e-02,5.325876901705479602e-03,3.480046558463675410e+01,-2.945713507647724327e+00,1.301095426877893146e+02,-4.720688649345042287e-02,9.583081090907202793e+01,2.130713166261767401e+04,0.000000000000000000e+00,6.315322643954124942e+04
4.675000000000128608e+00,1.553104629275004811e+01,4.808363391893736849e-01,1.706898267992492946e-01,5.510979388398719488e-03,-4.565927336845404874e-03,4.022188302460505968e-04,4.276813788093609503e+01,-3.354479430519143079e+01,1.723890986982227105e+02,-4.719930623852345436e-02,9.578629425807106657e+01,2.176603470658723018e+04,0.000000000000000000e+00,6.213075629014211881e+04
4.680000000000125837e+00,1.553105090005611544e+01,4.808419662425068575e-01,1.706774290617172340e-01,-2.125900788936590114e-03,-1.403461876615404776e-03,-2.257167142588338733e-03,5.763739884615100095e+01,-4.495884634931258006e+01,1.474391023383897164e+02,-4.719540521972934166e-02,9.585947090302785512e+01,2.131385589012644050e+04,0.000000000000000000e+00,6.309832004340086860e+04
4.685000000000123066e+00,1.553103576750207537e+01,4.808524444900832417e-01,1.706554359636948404e-01,-5.776879447784114430e-04,1.534534771662315368e-03,-3.675349299089407384e-03,1.036941520204995868e+02,-4.834878189565529283e+01,2.318035364072510447e+02,-4.717182011509890582e-02,9.571107864731912684e+01,2.135672330360207343e+04,0.000000000000000000e+00,5.819531856365696876e+04
4.690000000000120295e+00,1.553104242903803645e+01,4.808524166256473165e-01,1.706521119403692222e-01,3.039992717267079540e-03,1.439419053411395907e-04,-6.971960828255018526e-04,-7.352028288407655054e+01,1.054817296612618520e+02,2.156251032294262018e+02,-4.712992687255210256e-02,9.563062322600157472e+01,2.231347065479613593e+04,0.000000000000000000e+00,5.998045179187152098e+04
4.695000000000117524e+00,1.553104188412020648e+01,4.808657239084764834e-01,1.706452599108970181e-01,3.772070622668009907e-04,-5.113246676359329765e-03,1.114010545213169013e-03,-4.947848913549069039e+01,7.414395486257126322e+01,2.323430597109347957e+02,-4.716515314004152137e-02,9.571317899885674763e+01,2.363140108927055917e+04,0.000000000000000000e+00,5.942964718851606449e+04
4.700000000000114753e+00,1.553106647688955100e+01,4.808510180832109571e-01,1.706453331470973445e-01,1.113890376187383954e-03,-9.662730330977134172e-03,1.626847216393708133e-03,5.169885361991964601e+01,1.495158003737537911e+01,1.456633122614497893e+02,-4.719215868848702922e-02,9.588989069109734942e+01,2.548412805272180776e+04,0.000000000000000000e+00,5.973984735401289799e+04
4.705000000000111982e+00,1.553110399347583837e+01,4.808099912169061518e-01,1.706554218309199455e-01,1.385598099051923472e-02,-7.599196580152518810e-03,2.195063385702860845e-03,5.789610779903874516e+01,-5.645727070240070589e+01,1.427193804970299880e+02,-4.719029726937039315e-02,9.604554141731352956e+01,2.241399139759492027e+04,0.000000000000000000e+00,6.241714659993090027e+04
4.710000000000109210e+00,1.553113460287604930e+01,4.807654835806933757e-01,1.706660658840987999e-01,3.499905864894034633e-03,-5.903433414063225144e-03,-2.740212215218082187e-04,8.608456874912005219e+01,-6.860348206580511032e+01,1.480723574440482082e+02,-4.718855688150107308e-02,9.628534998512758136e+01,2.238683311415537173e+04,0.000000000000000000e+00,6.234263782130982872e+04
4.715000000000106439e+00,1.553116083376878898e+01,4.807412048208002386e-01,1.706648417530790274e-01,4.017127869014817249e-03,-1.526606369780838558e-03,-1.188504151612548637e-03,-7.517819271220332666e+01,1.544998969858966120e+01,2.103287837840785812e+02,-4.720068536884788196e-02,9.642878903582240468e+01,2.301838280293038042e+04,0.000000000000000000e+00,6.040731435842016072e+04
4.720000000000103668e+00,1.553116358910065919e+01,4.807244250905196581e-01,1.706607539589954647e-01,6.500743713787040991e-04,-2.106725948650387675e-03,-7.299307204626745990e-04,6.580485825341527573e+01,-5.141219423603604355e+01,1.314733502280667494e+02,-4.720101246562496966e-02,9.643369965192501070e+01,2.015175525840028786e+04,0.000000000000000000e+00,6.304716495775282237e+04
4.725000000000100897e+00,1.553116560666116186e+01,4.807243173391007041e-01,1.706520953571506183e-01,-8.530445410486717532e-04,4.316358742384469177e-04,-1.863720396056315481e-03,-4.998568564750530641e+01,4.422089955837259367e+01,1.976245734121260398e+02,-4.720933552293054419e-02,9.653179302384594962e+01,2.610248324875754770e+04,0.000000000000000000e+00,5.965912195298998267e+04
4.730000000000098126e+00,1.553116647997024025e+01,4.807162539302757831e-01,1.706450987698815425e-01,1.625848688537547774e-03,-1.177879048152674938e-03,-6.716710665374668208e-04,-6.809184770680531074e+00,4.844506007390691593e+01,1.812083619773588339e+02,-4.720285874480743132e-02,9.646742985132894432e+01,2.166154641448606708e+04,0.000000000000000000e+00,6.012205801862301450e+04
4.735000000000095355e+00,1.553117268373362947e+01,4.807111897431592951e-01,1.706410074966077106e-01,-3.861129786172198992e-04,-5.760295190305267550e-03,1.289879532322820224e-03,-6.188083515109747168e+01,1.307253304904752440e+02,2.103226106037277248e+02,-4.719346674785519780e-02,9.653594613883244335e+01,2.222185040041583488e+04,0.000000000000000000e+00,5.995011291916816845e+04
4.740000000000092584e+00,1.553116595391276711e+01,4.807112309118951599e-01,1.706387581061847292e-01,-2.088669512590206855e-03,3.070654005352938063e-03,-2.277244296511147115e-03,5.399524024999692529e+01,-5.676066799062289192e+01,1.480739584026679267e+02,-4.719844811816124863e-02,9.652438893545249243e+01,2.128603651998650457e+04,0.000000000000000000e+00,6.309343589785882068e+04
4.745000000000089813e+00,1.553116873152906763e+01,4.807235763556330643e-01,1.706281749688349225e-01,-2.412599959615772233e-04,4.849487651568282302e-05,-1.987431403301987733e-03,-1.113153302038826951e+02,-3.205644900490392502e+01,2.768051811531641420e+02,-4.720042027553274233e-02,9.661343823454946289e+01,2.435084483665976950e+04,0.000000000000000000e+00,6.007304169879003166e+04
4.750000000000087041e+00,1.553119100052653678e+01,4.807012485364080545e-01,1.706274718799671020e-01,3.572279044625454193e-03,-6.502785719770104271e-03,7.770983160610551955e-04,2.692193288970202047e+01,1.489864857128645781e+01,1.832105044803386704e+02,-4.719522060878731523e-02,9.653208877953251488e+01,2.298648085782343333e+04,0.000000000000000000e+00,5.957732692347915145e+04
4.755000000000084270e+00,1.553126511231665319e+01,4.806488971768926310e-01,1.706431046962216813e-01,1.501675215850008065e-02,-1.683624711886473960e-02,5.575659608714461819e-03,-9.673695961021348921e+01,4.781236351866050427e+01,2.006623897654142752e+02,-4.720501891278293394e-02,9.690521316508754524e+01,2.278540582302662369e+04,0.000000000000000000e+00,6.066865401873935480e+04
4.760000000000081499e+00,1.553130355911932803e+01,4.806030654854784312e-01,1.706519494127215208e-01,3.635361213678939708e-03,-3.150486815288867318e-03,-2.143718620955429623e-03,-6.492696115724311312e+01,6.450004526406974037e+01,1.976339844737010196e+02,-4.717936757828773697e-02,9.716255432504640055e+01,2.606248205439750382e+04,0.000000000000000000e+00,5.959442680696155003e+04
4.765000000000078728e+00,1.553130874900029035e+01,4.806023284738609180e-01,1.706347329971232563e-01,6.779147431594959115e-04,-1.923199484714909488e-03,-2.233935734197222810e-03,1.515360102182938249e+02,-1.544911570811276533e+02,9.669974517126041746e+01,-4.722763481404984587e-02,9.735284815385035984e+01,2.438625964404289334e+04,0.000000000000000000e+00,6.321815997472772142e+04
4.770000000000075957e+00,1.553130663429705294e+01,4.805973768877927488e-01,1.706187310670538582e-01,9.807796861298775058e-04,-1.343508800206665021e-03,-3.080866828552803437e-03,-4.828165738090523007e+01,6.801528350503330955e+01,2.400473147171819335e+02,-4.720972992865719864e-02,9.721378456913299715e+01,2.351994772500846375e+04,0.000000000000000000e+00,5.937790819092976017e+04
4.775000000000073186e+00,1.553130221745921169e+01,4.806097840756555772e-01,1.706011059880545300e-01,7.512184148774224586e-04,3.204359774082148147e-03,-3.576662291912029688e-03,-6.596318231942041166e+01,9.135862466018511441e+01,2.178314767530208371e+02,-4.719585246225487668e-02,9.723223468975480444e+01,2.208306286153686597e+04,0.000000000000000000e+00,6.003007242664764635e+04
4.780000000000070415e+00,1.553130319065754783e+01,4.806068920054880622e-01,1.705920149812089892e-01,-9.110451261478690358e-04,-1.439225464430668759e-03,-5.403122065954805639e-04,-4.165240914321157106e+01,4.997560807070954070e+01,2.284331834515698176e+02,-4.714422591128597517e-02,9.712679411934186646e+01,2.331138408439115301e+04,0.000000000000000000e+00,5.949660780407345737e+04
4.785000000000067644e+00,1.553130524994287143e+01,4.806104481126202144e-01,1.705880969271011682e-01,1.641752466192704677e-03,-3.023959539338769067e-03,1.485073462407882116e-03,4.271673505857898476e+02,-1.804607098781644936e+02,2.365210804141265157e+02,-4.720419950562795147e-02,9.720063687306002009e+01,2.106094740720610571e+04,0.000000000000000000e+00,5.434709934854791936e+04
4.790000000000064873e+00,1.553137322706838042e+01,4.805647055288808089e-01,1.706066483100373288e-01,1.462823353726337879e-02,-9.402075459017925421e-03,3.280615805847049427e-03,-8.073002547618676772e+01,-1.322731234291785540e+02,2.042271095323317809e+02,-4.723271671128604493e-02,9.763291404845551824e+01,2.285828882967377285e+04,0.000000000000000000e+00,6.264510869257193553e+04
4.795000000000062101e+00,1.553140929144364080e+01,4.805114430372310896e-01,1.706202642259906366e-01,3.331361989328935746e-03,-5.415683005352986412e-03,-7.252762837105697531e-05,-6.101683519055923455e+01,6.987160386791659050e+01,2.178637833077188191e+02,-4.722238733177756137e-02,9.775739158666992523e+01,2.436642847027094831e+04,0.000000000000000000e+00,5.938066824058562634e+04
4.800000000000059330e+00,1.553141404474585130e+01,4.804996549464860545e-01,1.706090301797659470e-01,-4.322939855594486354e-03,1.319491607852800105e-03,-3.143218044638206900e-03,8.324704137970826423e+01,-2.618751109018799070e+02,1.258862358093635265e+02,-4.723305164482700935e-02,9.804614413333784739e+01,2.605519445016021200e+04,0.000000000000000000e+00,6.383562596144521376e+04
4.805000000000056559e+00,1.553139732697456665e+01,4.804921950801095965e-01,1.705928947132878959e-01,-6.224438996714639315e-04,2.277172937196305150e-04,-3.526004680665026196e-03,2.243223381194189514e+00,3.513113729205211655e+01,2.783249071825280794e+02,-4.722615818158591022e-02,9.787131392895096837e+01,2.316291002650142764e+04,0.000000000000000000e+00,5.872179601989818912e+04
4.810000000000053788e+00,1.553138098225724129e+01,4.804931412652741485e-01,1.705812466275696271e-01,-3.462668172085224018e-03,-2.866749604246181336e-03,-1.738742222201128038e-04,-6.343437837420879077e+00,6.147799542243797077e+01,1.756560680904339620e+02,-4.717910878727833712e-02,9.780960365659065303e+01,2.278701912432461540e+04,0.000000000000000000e+00,6.001290455931503675e+04
4.815000000000051017e+00,1.553136396160548038e+01,4.804893969387686870e-01,1.705738865257845072e-01,-5.742798149393198680e-03,-1.584410728684603614e-03,-1.279774915999896609e-03,-4.259492425786811509e+01,1.064067950220714920e+02,2.017056085601410302e+02,-4.716027691227628327e-02,9.776631469615664116e+01,2.209615638411656255e+04,0.000000000000000000e+00,5.999722057467435661e+04
4.820000000000048246e+00,1.553138101945102179e+01,4.804721640429799323e-01,1.705682309689392773e-01,1.459071407215759963e-03,-5.009602756410264437e-03,-1.493631569394816925e-03,-7.212645167725304418e+01,1.019990242430437775e+02,2.033892870185383117e+02,-4.721810769241118616e-02,9.786286340443004406e+01,2.297966617801461689e+04,0.000000000000000000e+00,6.009272784658431192e+04
4.825000000000045475e+00,1.553138786825310724e+01,4.804503142748263733e-01,1.705611178322753163e-01,1.572405259236148850e-02,-1.519754220790068416e-02,3.465852384258882694e-03,6.087282726000488253e+00,7.682561784290669493e+00,1.363605356996584703e+02,-4.722046655241475543e-02,9.789288888136543676e+01,2.208532821955466716e+04,0.000000000000000000e+00,6.315609601666603703e+04
4.830000000000042704e+00,1.553141625169229556e+01,4.803887709018507812e-01,1.705704294545555000e-01,3.105320914688788209e-03,-8.727563435556093610e-03,2.676593098677771147e-04,8.181115652892614776e+01,-4.696047212181304076e+01,1.488634301418212829e+02,-4.722511929872600517e-02,9.823568159423388124e+01,2.200188736414474988e+04,0.000000000000000000e+00,6.230664818217627908e+04
4.835000000000039933e+00,1.553143163457178133e+01,4.803464135325972162e-01,1.705743596497110159e-01,1.800041209016418810e-03,-3.947531153583931814e-03,-1.684716151350866900e-03,-1.232339514895006687e+02,4.853742563113405595e+01,2.537289783064345556e+02,-4.718337961100060873e-02,9.838349059919742956e+01,2.291990491478836702e+04,0.000000000000000000e+00,6.073223375323742221e+04
4.840000000000037161e+00,1.553143222510130528e+01,4.803254926645312839e-01,1.705708208883417731e-01,2.383778421288978121e-03,-4.654035216982428495e-03,4.616600392422425610e-04,-7.207398107507378882e+01,1.296129874405194187e+02,2.104985283941909415e+02,-4.717495001505955798e-02,9.841079752564833427e+01,2.157652699738512456e+04,0.000000000000000000e+00,6.005302438045929739e+04
4.845000000000034390e+00,1.553142914280919129e+01,4.803134329342477193e-01,1.705712931741435456e-01,-2.375692784987878080e-03,-2.552091034725479692e-03,3.147284677071013055e-04,-5.203546534863244233e+01,1.376521810677452322e+02,2.047204432068257347e+02,-4.721041838138205493e-02,9.848346334946326408e+01,2.171461607751865813e+04,0.000000000000000000e+00,5.997848883974179626e+04
4.850000000000031619e+00,1.553139848061583450e+01,4.803325025423493266e-01,1.705534774147659527e-01,-1.016478697175112259e-02,6.234128872692953731e-03,-4.592167838647091306e-03,1.204762421649102748e+02,-1.003316283732176544e+02,1.480000435993586905e+02,-4.721372890770173664e-02,9.849235701616160554e+01,2.202862529124465073e+04,0.000000000000000000e+00,6.239774258427939640e+04
4.855000000000028848e+00,1.553137638468180270e+01,4.803494763690024927e-01,1.705384433726313542e-01,-4.532880385048659172e-03,6.982136200764430152e-03,-3.814116114304513545e-03,-4.351089088249000270e+01,9.955350447111413814e+01,2.032584370946939032e+02,-4.715340216054406813e-02,9.817838131641050836e+01,2.181285512106926035e+04,0.000000000000000000e+00,5.992752791245518893e+04
4.860000000000026077e+00,1.553139611207112480e+01,4.803283308468934143e-01,1.705421607253179150e-01,1.267581889472872182e-02,-1.359489633905884391e-02,5.187627029304668277e-03,-8.349291479413886918e+01,5.099421986094648673e+01,1.897801690930122902e+02,-4.714615063661350969e-02,9.840050748628956967e+01,2.272844666261922976e+04,0.000000000000000000e+00,6.073775737165979808e+04
4.865000000000023306e+00,1.553141398692432951e+01,4.802937348667876694e-01,1.705519160915728860e-01,3.132895661917721713e-03,-1.169894571173711248e-02,3.546964573105764341e-03,4.909876085768654264e+01,-2.772143795204897287e+00,1.549536207700865020e+02,-4.720384272223994426e-02,9.873679361477617533e+01,2.131512870923024093e+04,0.000000000000000000e+00,6.194026672154400876e+04
4.870000000000020535e+00,1.553141972874265697e+01,4.802741517351488687e-01,1.705548900813052549e-01,7.044074810597323634e-03,-4.275830275254864470e-03,1.566783108128694940e-04,4.185625735723874641e+01,-3.484637185098779355e+01,1.350330364834549357e+02,-4.722679533889816150e-02,9.885265114244164408e+01,1.978629405156586654e+04,0.000000000000000000e+00,6.297880326172398782e+04
4.875000000000017764e+00,1.553142105724142752e+01,4.802686116642339575e-01,1.705444045985316515e-01,2.174221302355439350e-03,-6.248103061306609172e-04,-1.760305907900967066e-03,1.495915156625733005e+02,-1.236616234780401555e+02,1.260412790401364020e+02,-4.720353769646705444e-02,9.876142555471349738e+01,2.142068303793685845e+04,0.000000000000000000e+00,6.278091664845935884e+04
4.880000000000014992e+00,1.553142704037721167e+01,4.802759595516473690e-01,1.705327798268693740e-01,-6.951736770443773909e-03,4.468373530731871955e-03,-4.843145911152376727e-03,7.751544284122701356e+00,5.626267461800375713e+01,1.444053667473477844e+02,-4.721919363659808633e-02,9.880560604614068154e+01,2.406173273614131540e+04,0.000000000000000000e+00,6.012477706070458953e+04
4.885000000000012221e+00,1.553138755861878906e+01,4.802825882921500922e-01,1.705163809204001679e-01,-1.052143382503144091e-02,-4.655744715034241740e-03,1.322234670228219318e-03,8.004073611084155004e+01,-1.568481714698299356e+02,1.369807853566494487e+02,-4.720110761130717758e-02,9.859519112486391634e+01,2.213258555559961314e+04,0.000000000000000000e+00,6.407824111849770270e+04
4.890000000000009450e+00,1.553140345491249263e+01,4.802310766670784825e-01,1.705304206732835837e-01,2.731739448826945183e-03,-7.140982066590203549e-03,1.760216009217137464e-03,9.653834901194528584e+01,-5.429190440627610315e+01,1.081867048642289717e+02,-4.722723136916171655e-02,9.878971496751998416e+01,2.050732868291483101e+04,0.000000000000000000e+00,6.341221592209022492e+04
4.895000000000006679e+00,1.553142099514118613e+01,4.802066993544056861e-01,1.705327073266864335e-01,1.340788888012661903e-05,-1.349143615690712953e-03,-2.227772681522823244e-03,9.135279087730273773e+01,-7.056107461614089971e+01,1.237467805586908582e+02,-4.722965230091052263e-02,9.907758767685893986e+01,2.464478197013564932e+04,0.000000000000000000e+00,6.255879592944394972e+04
4.900000000000003908e+00,1.553142404397745935e+01,4.801940163916325055e-01,1.705298198849411750e-01,-6.389979388135820851e-04,1.423984464712590558e-03,-2.137213966243492556e-03,-9.936227559763068484e+01,7.054803204941083550e+01,2.003589990033710251e+02,-4.721847909311547437e-02,9.890243024520198389e+01,2.268766890480022630e+04,0.000000000000000000e+00,6.200056333683473349e+04
4.905000000000001137e+00,1.553140700589999312e+01,4.802197884584968324e-01,1.705089863743521894e-01,-3.812501780291968449e-03,5.486353575765973330e-03,-4.829726154781339119e-03,5.829652288259345028e+01,-5.956033102791855072e+01,1.483468808617743662e+02,-4.722171381772198584e-02,9.893013185889721228e+01,2.087340648751136177e+04,0.000000000000000000e+00,6.297244367895612231e+04
4.909999999999998366e+00,1.553138599773540385e+01,4.802216067574846536e-01,1.704993347695118455e-01,-9.434794745619437539e-03,-3.396506369851488068e-03,1.327852858723066205e-03,4.851028718435804876e+02,-3.109897719131608937e+02,1.949745488386157604e+02,-4.722455485067981323e-02,9.883369949370067786e+01,2.045439184365918118e+04,0.000000000000000000e+00,5.358667108026817004e+04
4.914999999999995595e+00,1.553140740100963590e+01,4.801744577648813794e-01,1.705181995549384932e-01,-1.836804683037931160e-03,1.977514393796558391e-04,-7.327151754562184500e-04,5.584235576022938119e+01,-1.675488213812355980e+02,1.373801421862656866e+02,-4.721867322527018712e-02,9.908588065028828851e+01,2.211957568635398638e+04,0.000000000000000000e+00,6.404854959984317975e+04
4.919999999999992824e+00,1.553141163412297310e+01,4.801526411651237947e-01,1.705203105495023408e-01,1.197498181606111885e-02,-5.417000730170417125e-03,1.416220590575908642e-03,-8.321117979796235886e+01,1.642129068613423897e+02,2.007919985386907058e+02,-4.720250777555400762e-02,9.906220193664236717e+01,2.183382653922888494e+04,0.000000000000000000e+00,5.983123041663186450e+04
4.924999999999990052e+00,1.553143119232231584e+01,4.801301428149904460e-01,1.705274411305347515e-01,-2.366901424997016560e-03,-5.568846808175998905e-03,1.439535026640867930e-03,6.570754348641001741e+01,-2.753801411065467164e+01,1.467190923775698081e+02,-4.722189087955550729e-02,9.933057940493543470e+01,2.134231225216060557e+04,0.000000000000000000e+00,6.186529254365702946e+04
4.929999999999987281e+00,1.553142194290721712e+01,4.801267733448358888e-01,1.705206148857374149e-01,-2.910203823686835414e-03,3.500713173362803195e-03,-3.626320955167152121e-03,1.710198432738430085e+02,-1.392945485580712557e+02,1.132214724370803651e+02,-4.721785561221567007e-02,9.931781648518271766e+01,2.142284664228077963e+04,0.000000000000000000e+00,6.263000324554910912e+04
4.934999999999984510e+00,1.553141496398824550e+01,4.801230020037873802e-01,1.705109864907405903e-01,3.142083973182066125e-04,-1.286347320425070776e-03,-1.885666641236566051e-03,2.915484148189625557e+01,8.309676249857602670e+00,1.933607759191425544e+02,-4.720928022372820887e-02,9.916628671837885634e+01,2.243504552918950139e+04,0.000000000000000000e+00,5.937100863424412091e+04
4.939999999999981739e+00,1.553144845565700827e+01,4.801046540600388823e-01,1.705094655892178679e-01,3.137309669069266588e-03,-1.777894506023259234e-03,-1.070547872804365709e-03,-8.998984909387127118e+01,1.675651728540012755e+02,1.730223649548091203e+02,-4.722610340251869737e-02,9.932412751992094968e+01,2.463348336079162618e+04,0.000000000000000000e+00,5.984663010897256754e+04
4.944999999999978968e+00,1.553146080654721395e+01,4.801183664607457935e-01,1.704861321467142365e-01,6.039405591095454127e-04,8.174828860824703489e-03,-6.351418026052661064e-03,-5.689519611182822700e+01,1.357640723759050161e+01,2.072438060836928173e+02,-4.718143619869444305e-02,9.919540577157734162e+01,2.336810335222868162e+04,0.000000000000000000e+00,5.946968514273946494e+04
4.949999999999976197e+00,1.553150506175930090e+01,4.800955600976792859e-01,1.704814155790780883e-01,7.882171197513233515e-03,-1.163477765312547797e-02,2.560430641850948083e-03,-5.747244679577647730e+01,-1.229449764963405869e+02,1.633735760153271315e+02,-4.721133909970313264e-02,9.962322886486809637e+01,2.688866558997513494e+04,0.000000000000000000e+00,6.218188530628968874e+04
4.954999999999973426e+00,1.553152605878878134e+01,4.800172582429844681e-01,1.705072003070466913e-01,2.799915398721014473e-04,-9.850621849403771654e-03,2.954401858701210561e-03,-1.151794517966702358e+02,1.120944691318882178e+02,1.527192209657032720e+02,-4.720483476527837646e-02,9.944564216166386927e+01,2.199215770767824506e+04,0.000000000000000000e+00,6.277855814796777850e+04
4.959999999999970655e+00,1.553149977988170072e+01,4.800199013048709884e-01,1.704938553147445079e-01,-2.473388331259894057e-03,2.768188829516847558e-03,-3.364928803895537047e-03,1.756502603780075447e+02,-1.367193316971549848e+02,1.084907865247612335e+02,-4.720260532131592690e-02,9.928314998614567344e+01,2.113749551901107043e+04,0.000000000000000000e+00,6.249962548256656737e+04
4.964999999999967883e+00,1.553149888883664254e+01,4.800234046841702629e-01,1.704831260815617699e-01,-2.381334107677587474e-03,2.792541610768676033e-03,-2.782213328432675981e-03,2.088118213959660352e+01,3.043857570543787006e+01,1.899138630727370298e+02,-4.720595808394729975e-02,9.920273882214959826e+01,2.251363775886736767e+04,0.000000000000000000e+00,5.883802867304772371e+04
4.969999999999965112e+00,1.553152552431256517e+01,4.800126289688915193e-01,1.704756590479706568e-01,-1.446013507409246463e-03,-1.894974994248932757e-03,-1.997509485364217310e-03,-1.734663268837402939e+01,8.600780275355896265e+01,1.685706521216215208e+02,-4.719965306800764926e-02,9.922623803350508354e+01,2.260971491290985796e+04,0.000000000000000000e+00,5.959774132925811864e+04
4.974999999999962341e+00,1.553155410285710758e+01,4.799882966845004373e-01,1.704673602353760364e-01,1.323821598678725066e-03,-2.151476861126234812e-03,-3.248133164362609297e-03,1.035931460155166803e+02,-8.619140263946724190e+01,1.013673617205916457e+02,-4.719214077053947298e-02,9.914153643756479539e+01,2.152490732358514651e+04,0.000000000000000000e+00,6.323546288005419774e+04
4.979999999999959570e+00,1.553159504551584824e+01,4.799530891647577624e-01,1.704574722883108462e-01,-1.103458374216052546e-03,-7.258558926997209053e-03,-2.260170949046988280e-03,3.598751700887071365e+02,-5.858908384373720679e+01,2.227977389832625192e+02,-4.715449157770309346e-02,9.919998159921529179e+01,2.123928881350396478e+04,0.000000000000000000e+00,5.552594436262729141e+04
4.984999999999956799e+00,1.553162119921142548e+01,4.799135417870428189e-01,1.704496399677824237e-01,-2.770317790143871344e-03,-7.636561489078538129e-03,-1.609058169843846251e-03,-7.297968024167448675e+01,1.352531716820597012e+02,1.948246218989274041e+02,-4.717220141223475716e-02,9.935976195721379156e+01,2.293653081445248245e+04,0.000000000000000000e+00,5.958832912519000092e+04
4.989999999999954028e+00,1.553161236571199133e+01,4.798982321831588016e-01,1.704262680908461558e-01,-3.563319573154268092e-03,1.203620384802296011e-03,-5.954407681366084316e-03,-6.923766103584921439e+01,1.055759444841573895e+02,2.110743727616635681e+02,-4.714512540411545938e-02,9.920289679669093630e+01,2.297682238450617297e+04,0.000000000000000000e+00,5.966124103926672251e+04
4.994999999999951257e+00,1.553161471062014520e+01,4.799041440276742287e-01,1.704039779834112256e-01,2.996930624884153616e-03,1.875171079483645923e-03,-3.939885813754485412e-03,-6.814283047328490284e+01,1.142862359501925766e+02,2.115140422980789197e+02,-4.714543027000599185e-02,9.903964848653924946e+01,2.301613840880808493e+04,0.000000000000000000e+00,5.987507572746682126e+04
