time,x,y,z,vx,vy,vz,Fx,Fy,Fz,min_contact_distance,mechanical_energy,base_load,left_edge_load,right_edge_load
0.000000000000000000e+00,8.000000000000000000e+00,0.000000000000000000e+00,3.868565916282395101e+00,3.579383314800978155e+00,0.000000000000000000e+00,-1.785501354164807930e+00,0.000000000000000000e+00,0.000000000000000000e+00,0.000000000000000000e+00,0.000000000000000000e+00,8.887029569943473462e+02,0.000000000000000000e+00,0.000000000000000000e+00,0.000000000000000000e+00
1.000000000000000194e-02,8.035793833148005660e+00,-3.667321383662919681e-39,3.850171352740746844e+00,3.579383314800978155e+00,-1.123749196110966777e-36,-1.883601354164808894e+00,0.000000000000000000e+00,0.000000000000000000e+00,0.000000000000000000e+00,0.000000000000000000e+00,8.886936937885419638e+02,0.000000000000000000e+00,0.000000000000000000e+00,0.000000000000000000e+00
2.000000000000001082e-02,8.071587666296011321e+00,-2.176684375348867411e-38,3.830795789199098689e+00,3.579383314800978155e+00,-1.982848042979486776e-36,-1.981701354164809858e+00,0.000000000000000000e+00,0.000000000000000000e+00,0.000000000000000000e+00,0.000000000000000000e+00,8.886844305827361268e+02,0.000000000000000000e+00,0.000000000000000000e+00,0.000000000000000000e+00
3.000000000000001971e-02,8.107381499444016981e+00,-6.723698462528662507e-38,3.810439225657450635e+00,3.579383314800978155e+00,-2.023554019475090623e-37,-2.079801354164808824e+00,0.000000000000000000e+00,0.000000000000000000e+00,0.000000000000000000e+00,0.000000000000000000e+00,8.886751673769308582e+02,0.000000000000000000e+00,0.000000000000000000e+00,0.000000000000000000e+00
4.000000000000002859e-02,8.143175332592022642e+00,8.721826928658539351e-40,3.789101662115802682e+00,3.579383314800978155e+00,1.971065216728958435e-36,-2.177901354164807568e+00,0.000000000000000000e+00,0.000000000000000000e+00,0.000000000000000000e+00,0.000000000000000000e+00,8.886659041711252485e+02,0.000000000000000000e+00,0.000000000000000000e+00,0.000000000000000000e+00
5.000000000000003747e-02,8.178969165740028302e+00,-2.660381523195015315e-37,3.766783098574154831e+00,3.579383314800978155e+00,-6.282275287609046585e-35,-2.276001354164806312e+00,0.000000000000000000e+00,0.000000000000000000e+00,0.000000000000000000e+00,0.000000000000000000e+00,8.886566409653197525e+02,0.000000000000000000e+00,0.000000000000000000e+00,0.000000000000000000e+00
6.000000000000004635e-02,8.214912577151679329e+00,1.591490120683422603e-04,3.744563990900873218e+00,3.664475199096310476e+00,5.420803910883834759e-02,-1.966454358841790651e+00,-3.329677143220996186e+03,-6.024986810625534872e+01,3.506352707525896221e+03,-1.203464119452190553e-03,8.774214978340816060e+02,5.055685723993820829e+03,7.663095536859899539e+02,2.875600285301136978e+02
7.000000000000004829e-02,8.249106710097592554e+00,2.008416654366301009e-03,3.728661904096560509e+00,3.358557570211772259e+00,2.679409568492507887e-01,-1.459575377898060911e+00,5.191102356286662456e+01,-1.300413524742953131e+00,1.190992549238967371e+02,-2.295542740762481111e-04,8.379979597224665895e+02,8.734318547560778256e+01,0.000000000000000000e+00,4.241906099829979837e+01
8.000000000000005718e-02,8.282725800293029295e+00,4.669662737217044994e-03,3.713665662056567562e+00,3.363027054763276347e+00,2.660389568792930204e-01,-1.540728177376816443e+00,0.000000000000000000e+00,0.000000000000000000e+00,0.000000000000000000e+00,0.000000000000000000e+00,8.379581118604439780e+02,0.000000000000000000e+00,0.000000000000000000e+00,0.000000000000000000e+00
9.000000000000006606e-02,8.316387024511945114e+00,7.329600827444904612e-03,3.697754172515828941e+00,3.368292037010028217e+00,2.659472540847352962e-01,-1.633003535924534289e+00,0.000000000000000000e+00,0.000000000000000000e+00,0.000000000000000000e+00,0.000000000000000000e+00,8.379436146721034220e+02,0.000000000000000000e+00,0.000000000000000000e+00,0.000000000000000000e+00
1.000000000000000749e-01,8.350082224434650868e+00,9.985264782515714324e-03,3.680896091401023806e+00,3.369606686910376681e+00,2.646506888267458613e-01,-1.728964791103088317e+00,1.361600986449549922e+01,-4.544489956200585823e-01,3.146602565461562406e+01,-1.048134760514731747e-03,8.378805599635554699e+02,1.679030061066406532e+01,0.000000000000000000e+00,1.745303586976890742e+01
1.100000000000000838e-01,8.383753072842088372e+00,1.261224164374185816e-02,3.663107230017543792e+00,3.365179641185444659e+00,2.611487153325121047e-01,-1.819933453731269690e+00,-7.806058664887864040e+00,7.833725638082029263e+01,7.208637512536184033e+01,-1.051862793286983608e-03,8.377603311735705347e+02,0.000000000000000000e+00,0.000000000000000000e+00,9.863463663172883855e+01
1.200000000000000927e-01,8.417297092751317322e+00,1.554511799453470872e-02,3.645152812017943056e+00,3.413763738051418972e+00,2.716927859397368361e-01,-1.699147347818129150e+00,2.449591749878870530e+02,-8.972046131653783618e+00,5.604252985315965816e+02,-2.523456357433413906e-04,8.338332006010655277e+02,5.090719476517255657e+02,0.000000000000000000e+00,1.018387967369027933e+02
1.300000000000000877e-01,8.451785716910526602e+00,1.816455167404889409e-02,3.628246122826015885e+00,3.454464997762654477e+00,2.614142761373512980e-01,-1.728078280808853062e+00,1.767095650616604132e+02,-4.155568362845834862e+00,4.043346983253718463e+02,-3.825814727485960225e-04,8.336224431970196065e+02,1.869395561616559576e+02,2.537776937256607539e+02,0.000000000000000000e+00
1.400000000000000966e-01,8.486701290485346050e+00,2.099599263923980844e-02,3.611417493869894191e+00,3.499412028077201420e+00,2.878925664175933097e-01,-1.707631158223337886e+00,3.776424762808021640e+00,-1.465434722816819912e-01,8.671291695639805397e+00,-4.400514187395199520e-05,8.331256573878947620e+02,3.079575879294772278e+00,6.367068811970837849e+00,0.000000000000000000e+00
1.500000000000001055e-01,8.521742783601810700e+00,2.390400698497013171e-02,3.593875765477917206e+00,3.526692626517104134e+00,2.987595232923496158e-01,-1.771015123546444192e+00,2.482658265189970450e+02,-7.267702920531061039e+00,5.686119904120703268e+02,-2.156700474860969233e-04,8.329064985978556024e+02,1.084768284542695227e+01,6.088420124644557063e+02,0.000000000000000000e+00
1.600000000000001144e-01,8.557169677290360710e+00,2.700603860135730380e-02,3.576176150437834433e+00,3.547506895948260297e+00,3.165666443708490263e-01,-1.781111479884905480e+00,0.000000000000000000e+00,0.000000000000000000e+00,0.000000000000000000e+00,0.000000000000000000e+00,8.325931520123797327e+02,0.000000000000000000e+00,0.000000000000000000e+00,0.000000000000000000e+00
1.700000000000001232e-01,8.592792131901019204e+00,3.021914271430751336e-02,3.558005889485457374e+00,3.573143212976841898e+00,3.254011185496114567e-01,-1.845111338060965167e+00,0.000000000000000000e+00,0.000000000000000000e+00,0.000000000000000000e+00,0.000000000000000000e+00,8.324028643739661675e+02,0.000000000000000000e+00,0.000000000000000000e+00,0.000000000000000000e+00
1.800000000000001321e-01,8.629028001013168137e+00,3.332734917759794246e-02,3.540307882977967946e+00,3.668104162464108420e+00,2.969866740280971418e-01,-1.731006727757138153e+00,1.096245992799179270e+01,-4.547027283709862977e-01,2.519960078867658382e+01,-7.623882731811304058e-04,8.314983627946382967e+02,1.062745912697035777e+01,0.000000000000000000e+00,1.682055710502412893e+01
1.900000000000001410e-01,8.665724985252680312e+00,3.628362488814381587e-02,3.522492815600157812e+00,3.669899320171905455e+00,2.949977306689641199e-01,-1.823212596178557687e+00,2.926142376993666083e+00,-4.901075636271018041e-03,6.713449092785515937e+00,-6.446775350321806361e-05,8.314472144437823999e+02,7.314293908926181587e+00,0.000000000000000000e+00,0.000000000000000000e+00
2.000000000000001499e-01,8.702427704075246240e+00,3.921066942454785181e-02,3.503817438905168391e+00,3.677011351243380410e+00,2.833016627474568838e-01,-1.868242129731676915e+00,1.518065631002274074e+02,-1.699576196935234096e+00,3.519187068660582440e+02,-7.350365787113402431e-05,8.312035068400623459e+02,1.804850988346892109e+02,0.000000000000000000e+00,2.023034159265364451e+02
2.100000000000001588e-01,8.739464289784175222e+00,4.199137222554386040e-02,3.485229321684606862e+00,3.757916825952743345e+00,2.847230786289192683e-01,-1.819627162806641607e+00,1.762298805609949000e+02,-3.097409940504523451e+00,4.039940748369909329e+02,-3.861019322524688203e-04,8.304953094184410247e+02,4.138906920162434631e+02,2.632225037030619319e+01,0.000000000000000000e+00
2.200000000000001676e-01,8.777327614192051541e+00,4.492680907604806179e-02,3.466960111894402896e+00,3.793137446526348988e+00,3.017462905500761239e-01,-1.833241372493257693e+00,6.492916517302438351e+00,-5.533486290099585980e-02,1.486445713757213838e+01,-5.376481813547319584e-05,8.301606220368557842e+02,0.000000000000000000e+00,1.620045293144233867e+01,0.000000000000000000e+00
2.300000000000001765e-01,8.815242641211582963e+00,4.794695180095683712e-02,3.448120482170115686e+00,3.789853781133873500e+00,3.020372737895469228e-01,-1.924897502945945638e+00,1.633943331487684247e+02,-1.963674103356966905e+00,3.753255370104034228e+02,-9.288878197555978065e-05,8.301116945798055440e+02,2.139674542492161606e+02,2.454133742727834644e+01,1.703330960625105490e+02
2.400000000000001854e-01,8.853201490854322842e+00,5.087941459831604035e-02,3.428764480742690690e+00,3.800487298510007328e+00,2.885724113192992268e-01,-1.956482954221017589e+00,4.065812997569573213e+02,-6.659660190206588837e+00,9.342221826402479792e+02,-1.214939545106429129e-04,8.298374779498093403e+02,8.678537675469763144e+02,1.103146223442515250e+01,1.387214029534189876e+02
2.500000000000001665e-01,8.891927603793785551e+00,5.374619544954788164e-02,3.409800975276632951e+00,3.886176792888396125e+00,2.881786061288018064e-01,-1.919668785545063150e+00,1.015111841252162250e+01,-1.345154312044661848e-01,2.355398760932354563e+01,-4.672438334829493237e-04,8.291268187390043067e+02,2.160115706441031591e+01,4.015122480614341960e+00,0.000000000000000000e+00
2.600000000000001754e-01,8.930849883356559715e+00,5.668299740799850189e-02,3.390443534010569415e+00,3.894067416802726278e+00,2.948509215620441770e-01,-1.971864750777720054e+00,1.994105512669956060e+00,4.379603372735470235e-04,4.584683117007899433e+00,-2.709982972158965844e-05,8.289250974878208353e+02,4.993334075233290648e+00,0.000000000000000000e+00,0.000000000000000000e+00
2.700000000000001843e-01,8.970207822202922898e+00,5.961672352563969490e-02,3.371048704818538688e+00,3.964602897398278092e+00,2.919120524201236355e-01,-1.934208964615810267e+00,5.650122745692582882e+00,-6.486755693741112772e-02,1.300174204943884959e+01,-6.810686037684600923e-05,8.283040673973650883e+02,6.567171382099343369e+00,9.851834442024687277e-02,7.493181323176225206e+00
2.800000000000001932e-01,9.009882683365063372e+00,6.252205569040733546e-02,3.351401949701749317e+00,3.971846212633744155e+00,2.896714183400864173e-01,-1.981433610217076868e+00,2.959485411565768942e+00,3.040332762328869058e-03,6.815840694218531226e+00,-6.139025128211851937e-05,8.280743440307629726e+02,2.784897679411076243e+00,4.636453927385304929e+00,0.000000000000000000e+00
2.900000000000002021e-01,9.049883715372285309e+00,6.541385498072350979e-02,3.331564470186591631e+00,4.029769058468890108e+00,2.885960351631292609e-01,-1.963305643877906848e+00,6.160477641685632832e+00,6.184296898442850215e-03,1.422311452328691317e+01,-1.134974993360132398e-04,8.275031019625596400e+02,6.051906971911447108e+00,5.318681360541076764e+00,4.110127570640154104e+00
3.000000000000002109e-01,9.090215305132613111e+00,6.830951066449353348e-02,3.311514082381258106e+00,4.056555254018949341e+00,2.928696863662023642e-01,-1.984945874171197833e+00,1.637877620619063350e+02,-2.062736594445936156e+00,3.779485077025427131e+02,-2.492774028454254262e-05,8.271326470679566683e+02,2.106617839995652730e+02,1.150383660494114650e+02,8.570238651100787308e+01
3.100000000000002198e-01,9.130960975841306393e+00,7.121944685524379814e-02,3.291376250087271860e+00,4.089331811881539380e+00,2.860086157129056450e-01,-2.020672782969645809e+00,1.565214228077495875e+02,-1.007161908392346650e+00,3.609121424579428208e+02,-2.518450463001890502e-05,8.268086516231021506e+02,3.822028970894984354e+02,0.000000000000000000e+00,1.069870847049641505e+01
3.200000000000002287e-01,9.172057369855497910e+00,7.409033598666711629e-02,3.271088325066842106e+00,4.125360669824371662e+00,2.907925238271284463e-01,-2.033480879968704524e+00,1.542012356117387526e+02,-8.457717028649314184e-01,3.557173803040473103e+02,-2.879471613746872535e-05,8.264049010667844186e+02,3.872192882167570929e+02,0.000000000000000000e+00,0.000000000000000000e+00
3.300000000000002376e-01,9.213539102984213969e+00,7.699769586610093197e-02,3.250677903631931098e+00,4.158339677140734381e+00,2.904698326227400096e-01,-2.071040400160719219e+00,1.632676001548273632e+02,-3.919088073874089639e-01,3.768361654120528783e+02,-7.882013842537040349e-05,8.261095004090198017e+02,1.976571756345393283e+01,1.832816185895161709e+01,3.720778794541386674e+02
3.400000000000002465e-01,9.255331802092124249e+00,7.985503995497340857e-02,3.230069150506785558e+00,4.213460350166057466e+00,2.970279086188062911e-01,-2.031198149118385921e+00,4.571657881339755924e+00,3.954041825718825065e-02,1.054283037751167029e+01,-4.188436205714929708e-05,8.254621385018866704e+02,1.147696191359411522e+01,0.000000000000000000e+00,0.000000000000000000e+00
3.500000000000002554e-01,9.297472678509047128e+00,8.281693658401594049e-02,3.209260793931786981e+00,4.217436591861631001e+00,2.912907969975852551e-01,-2.101437599216347429e+00,1.416559376529182259e+02,-1.299663267526949828e-01,3.270925877761589504e+02,-3.775065493525275526e-05,8.253101502041973845e+02,1.990262613667318021e+02,0.000000000000000000e+00,1.569769242715342727e+02
3.600000000000002642e-01,9.339999946797197694e+00,8.559519804530174580e-02,3.188321412468370752e+00,4.265262198760901846e+00,2.743657973966092678e-01,-2.120935852720323034e+00,1.902400038447502482e+02,-5.278863383654963659e-01,4.416414979472776281e+02,-1.849874583133852453e-04,8.249117424658580831e+02,2.601073153918351295e+02,2.115832587762506307e+02,8.581545227656761199e+00
3.700000000000002731e-01,9.382841598443125264e+00,8.846856174550815632e-02,3.167192665687317277e+00,4.300130835595140866e+00,2.932509981604205507e-01,-2.134047090843932182e+00,0.000000000000000000e+00,0.000000000000000000e+00,0.000000000000000000e+00,0.000000000000000000e+00,8.244811288697239888e+02,0.000000000000000000e+00,0.000000000000000000e+00,0.000000000000000000e+00
3.800000000000002820e-01,9.426006048250924252e+00,9.143451562304687197e-02,3.145823570626614440e+00,4.337227393413694010e+00,2.914341602236207307e-01,-2.149395398406689583e+00,1.640709945610138050e+02,2.353914542627260631e-01,3.793792302901527478e+02,-1.287357459407592955e-05,8.240368786934222953e+02,2.325466870459462996e+02,0.000000000000000000e+00,1.802723075866998954e+02
3.900000000000002909e-01,9.469569926135029903e+00,9.426475653781768438e-02,3.124355425844618672e+00,4.373929268426478778e+00,2.855928495561436131e-01,-2.166258628499099448e+00,1.769497494928123729e+02,-6.257818602479150449e-01,4.094141485750101879e+02,-7.295643548664533171e-05,8.236228408696567840e+02,3.181630627357524759e+02,1.112205652807334246e+02,1.607557753662779376e+01
4.000000000000002998e-01,9.513464243504309081e+00,9.716743271838403084e-02,3.102704880420432243e+00,4.410168161883731841e+00,2.849512899036399927e-01,-2.181894288656347491e+00,1.698797142787065866e+02,6.997848827588488696e-01,3.932025757229313285e+02,-2.984188788245729571e-05,8.231908663376691493e+02,2.403945148127712912e+02,1.607192891034767257e+01,1.713255795625721021e+02
4.100000000000003086e-01,9.557742074571519808e+00,1.000266705519106680e-01,3.080927364314880901e+00,4.447698711329501009e+00,2.905917045836325374e-01,-2.193518612048346306e+00,1.752705791158620627e+02,2.952576760228113328e-01,4.059744862703848298e+02,-5.821032558145605544e-05,8.227489965033288399e+02,3.708381020429863497e+02,7.080107483242930755e+01,0.000000000000000000e+00
4.200000000000003175e-01,9.602359192223911322e+00,1.029719519481208240e-01,3.059020530807404992e+00,4.486757205132504644e+00,2.842210715112076791e-01,-2.188268307814620339e+00,6.471738731295414659e+00,-1.035685052938667555e-01,1.503191170216701522e+01,-5.821094443581769154e-05,8.222237036316844296e+02,1.119210406283390036e+01,0.000000000000000000e+00,5.153659156486248172e+00
4.300000000000003264e-01,9.647273343307865900e+00,1.057825462988338239e-01,3.036768814946893880e+00,4.508946123128731998e+00,2.822233578661538234e-01,-2.239608904390816502e+00,3.833581503518975637e+02,5.093571482957442997e-01,8.887371857146005141e+02,-7.446434245502592253e-05,8.219507068485289665e+02,9.188483484624078983e+02,3.212528632865318201e+01,1.570469387187590016e+01
4.400000000000003353e-01,9.692585344398020553e+00,1.086912928060968508e-01,3.014509059511853994e+00,4.532122326276748936e+00,2.910063133847634598e-01,-2.266540657116690838e+00,2.398982299866585208e+02,-3.929167203464853930e-01,5.581147295459401221e+02,-1.414015250972393278e-04,8.215933050052899489e+02,5.646963056338821616e+02,2.542511302159850572e+01,1.660753457789845200e+01
4.500000000000003442e-01,9.738302371242630429e+00,1.115245407292392993e-01,2.992123138802002202e+00,4.575683170122696097e+00,2.815536856237096375e-01,-2.266926410479581211e+00,5.492197040857671908e+00,-3.807601501030983410e-02,1.278916320679139673e+01,-9.660164248434435080e-05,8.210697162561925779e+02,8.717129537449576304e+00,5.184068139059001545e+00,0.000000000000000000e+00
4.600000000000003531e-01,9.784298153970839351e+00,1.144688551368368834e-01,2.969448304599322519e+00,4.608802287910428674e+00,3.006879564457073939e-01,-2.281027858889726367e+00,1.692953287675234151e+02,1.246870896755642777e+00,3.927135917080114496e+02,-1.059574922162109887e-04,8.206305586713215234e+02,2.239210371895611331e+02,2.605980638276368389e+00,2.005814104508845048e+02
4.700000000000003619e-01,9.830680157411478604e+00,1.173508212730248329e-01,2.946670590675637857e+00,4.650965021994740489e+00,2.805087851000473975e-01,-2.286487006963757285e+00,1.491908416771072154e+02,5.046451887333432751e+00,3.533111063251665769e+02,-6.840249464783415383e-05,8.201173104081183283e+02,2.205708713888622015e+02,0.000000000000000000e+00,1.629264146386736911e+02
4.800000000000003708e-01,9.877396905728048182e+00,1.201778545641211116e-01,2.923719082275045178e+00,4.688137677630442646e+00,2.916722567357175055e-01,-2.298817140104044032e+00,5.304616543569568243e+00,1.098178965045172872e-01,1.233635930938126180e+01,-8.219836075001396916e-05,8.196258197739315392e+02,1.341153156941734714e+01,0.000000000000000000e+00,0.000000000000000000e+00
4.900000000000003797e-01,9.924447400139140285e+00,1.231409936785437809e-01,2.900570840591043531e+00,4.726919989565512736e+00,2.951398222271750527e-01,-2.305458353267192173e+00,1.681289763062734721e+02,1.466367998703411502e+00,3.900593196080834559e+02,-7.362025750036341534e-05,8.191153005989974645e+02,3.188513618515074768e+02,0.000000000000000000e+00,1.053587957152344359e+02
5.000000000000003331e-01,9.971858903336258351e+00,1.260190568940720846e-01,2.877323266306985872e+00,4.748469863012382497e+00,2.857928758861419949e-01,-2.360375790904816196e+00,5.289823648911897713e+00,1.033303203575573065e-01,1.227160308804385913e+01,-5.124615066980260647e-05,8.188766568193584590e+02,9.380973228800955965e+00,0.000000000000000000e+00,3.965030520437601957e+00
5.100000000000003419e-01,1.001964257078811293e+01,1.288794438500547868e-01,2.853917879483633513e+00,4.797601116038925362e+00,2.884908476229430252e-01,-2.326056845820994479e+00,5.225290414048800791e+00,1.272968877065707403e-02,1.219769952915249078e+01,-1.307567859775507230e-04,8.181663889392533520e+02,9.909624843355619106e+00,2.234816209444085544e+00,1.108649797496030098e+00
5.200000000000003508e-01,1.006775270116213505e+01,1.318046387143807507e-01,2.830281247393276800e+00,4.831482294287926749e+00,2.918746760173727139e-01,-2.382866363234958040e+00,2.998567379015217860e+00,2.175218936917612533e-03,6.990204133727273117e+00,-5.265553021548824431e-05,8.178883230170124534e+02,7.596618150488740895e+00,0.000000000000000000e+00,0.000000000000000000e+00
5.300000000000003597e-01,1.011622538254425585e+01,1.346977972631131504e-01,2.806502277274586454e+00,4.867194227272316986e+00,2.866957733935134867e-01,-2.361158064501305720e+00,3.112866820905350718e+00,-9.237973854974643184e-03,7.258966206707705204e+00,-1.162331124141555497e-05,8.172383984978398530e+02,4.505704048005653384e+00,0.000000000000000000e+00,3.382639344622495159e+00
5.400000000000003686e-01,1.016505653392601793e+01,1.375597122342276657e-01,2.782541527785205027e+00,4.900642438375026444e+00,2.904283540494829174e-01,-2.417372967353638824e+00,7.613946448582157522e+00,1.818856407186428270e-01,1.781187255079321474e+01,-6.688064759706284501e-05,8.169483550569484578e+02,0.000000000000000000e+00,1.934679626694484966e+01,0.000000000000000000e+00
5.500000000000003775e-01,1.021421797593575143e+01,1.405127749677951010e-01,2.758453205987340784e+00,4.948871670018358593e+00,2.957034004790101145e-01,-2.387473756229166799e+00,3.673260454461017233e+00,1.076171992308828651e-01,8.604924649163539385e+00,-6.945883581494860862e-05,8.162332210510024879e+02,9.344376836909814799e+00,0.000000000000000000e+00,0.000000000000000000e+00
5.600000000000003864e-01,1.026371362556715994e+01,1.434591165281605407e-01,2.734058789852245930e+00,4.950122938370221881e+00,2.937042055906073368e-01,-2.481708715487036976e+00,3.638469527807985742e+02,5.896863528765720730e+00,8.488661059945799252e+02,-5.450094092318016024e-05,8.161824693285670946e+02,3.906186009327011561e+02,0.000000000000000000e+00,5.317529082014684718e+02
5.700000000000003952e-01,1.031366298113587021e+01,1.462545191703736036e-01,2.709788367045412372e+00,5.015171630410562464e+00,2.828089044785873640e-01,-2.439573506988302221e+00,5.954904121883700441e+00,1.106012284857226247e-01,1.386506774970654376e+01,-1.464882820692353302e-05,8.153609675424748957e+02,6.426572285069273249e+00,8.643776011522390945e+00,0.000000000000000000e+00
5.800000000000004041e-01,1.036386418870857185e+01,1.491440006864480083e-01,2.685170952272475375e+00,5.038535354340925032e+00,2.989321412224088537e-01,-2.462634899578481029e+00,1.741834288250819895e+02,3.263546529048223288e+00,4.101311592811470632e+02,-2.543538692206716995e-05,8.149181339215359685e+02,4.246243091291176484e+02,2.039963911151513187e+01,0.000000000000000000e+00
5.900000000000004130e-01,1.041439616597564211e+01,1.521905535448837554e-01,2.660244660867243205e+00,5.058203898371436580e+00,3.008906974238571008e-01,-2.503915603422816716e+00,2.504915708341470690e+02,5.169699011232125052e+00,5.873953217457597020e+02,-1.196461419999334582e-04,8.145651457270874971e+02,3.047480652547225759e+02,1.852129042137114823e+01,3.144883934429665260e+02
6.000000000000004219e-01,1.046532526651552431e+01,1.550754239523376155e-01,2.635481295786623157e+00,5.106132216313064021e+00,2.864494920859057547e-01,-2.502720450352062809e+00,7.582077637741512000e+00,6.246045286162649895e-02,1.769923402024998538e+01,-1.080962845548148407e-04,8.139647933946371268e+02,1.923025509166603442e+01,0.000000000000000000e+00,0.000000000000000000e+00
6.100000000000004308e-01,1.051655841793647284e+01,1.580280833325823364e-01,2.610213233490413121e+00,5.143363763425225166e+00,3.096693600043985972e-01,-2.503369591406185535e+00,5.521576063421121283e+00,1.284809402629426001e-01,1.286705781786426961e+01,-7.955689286581833081e-06,8.133762733880382712e+02,9.326755949913422938e+00,4.656856442339336155e+00,0.000000000000000000e+00
6.200000000000004396e-01,1.056822420475068647e+01,1.610181547141108505e-01,2.585121102907086854e+00,5.185720560269960089e+00,2.902202789663106963e-01,-2.514332680982412693e+00,0.000000000000000000e+00,0.000000000000000000e+00,0.000000000000000000e+00,0.000000000000000000e+00,8.128457537135054736e+02,0.000000000000000000e+00,0.000000000000000000e+00,0.000000000000000000e+00
6.300000000000004485e-01,1.062010663840190716e+01,1.639261566668631098e-01,2.559479663754286261e+00,5.205611055749138849e+00,2.959138992846527816e-01,-2.584517264094535083e+00,1.957283172353917564e+02,3.009918000860620335e+00,4.582897692924619264e+02,-3.421221880374296365e-05,8.126161375371968916e+02,4.845821824622091185e+02,1.310997360395892031e+01,0.000000000000000000e+00
6.400000000000004574e-01,1.067247379643223226e+01,1.669415796681452402e-01,2.534126586551300520e+00,5.240760654573966448e+00,3.005196979684111036e-01,-2.560627902785846288e+00,8.537279021922993039e+00,2.733131679801086705e-02,1.992226449566454249e+01,-6.697632567596151741e-05,8.119305242762984562e+02,9.819270362953020026e+00,0.000000000000000000e+00,1.182741214957486697e+01
6.500000000000004663e-01,1.072512094894579349e+01,1.698897347919891276e-01,2.508253318196706605e+00,5.277091894550076212e+00,2.914411320038235997e-01,-2.616553414519558363e+00,4.226699620193169693e+00,3.344292901942742813e-02,9.898697260640565432e+00,-8.198431062677365849e-06,8.116130209039961301e+02,6.788989576122102854e+00,0.000000000000000000e+00,3.960508716531972784e+00
6.600000000000004752e-01,1.077815101744367254e+01,1.728056598229543717e-01,2.482383281132236608e+00,5.331017465709446235e+00,2.958096472201571792e-01,-2.562742492424399998e+00,0.000000000000000000e+00,0.000000000000000000e+00,0.000000000000000000e+00,0.000000000000000000e+00,8.107037290928547009e+02,0.000000000000000000e+00,0.000000000000000000e+00,0.000000000000000000e+00
6.700000000000004841e-01,1.083147049260017170e+01,1.757730053583080598e-01,2.456232281780338145e+00,5.332791820665191196e+00,2.974147926424961508e-01,-2.657674410844222290e+00,2.037882528624501504e+02,3.341063379008324397e+00,4.773748703638230495e+02,-4.770718993372165956e-05,8.106626876288769381e+02,3.061169312780356790e+02,2.122589434659280130e+02,0.000000000000000000e+00
6.800000000000004929e-01,1.088515533834746662e+01,1.788040233727014316e-01,2.429902008984247352e+00,5.382463953235363974e+00,3.005725120708474529e-01,-2.634078374747623741e+00,3.176087116959654733e+00,1.099083810361137781e-01,7.436151994941880616e+00,-4.903941621556468823e-05,8.098630067915587460e+02,0.000000000000000000e+00,0.000000000000000000e+00,8.075193018050484284e+00
6.900000000000005018e-01,1.093927303728730216e+01,1.817339376726909428e-01,2.403566975214376011e+00,5.423842487947940327e+00,2.925817263371006116e-01,-2.637669145561460038e+00,6.649654402934916497e+00,2.123035234379083425e-01,1.554845561795994691e+01,-8.993900935710258393e-06,8.092725923282389431e+02,1.266509404450278709e+01,4.223572942266431873e+00,0.000000000000000000e+00
7.000000000000005107e-01,1.099366573341032272e+01,1.847451457748683357e-01,2.376967688309358451e+00,5.457906383516776927e+00,3.116835541608551363e-01,-2.664482935896740123e+00,5.695640949203154335e+00,1.843661615986625368e-01,1.333067223971558946e+01,-4.482129998536598520e-05,8.088151860469986332e+02,1.313808256880718872e+01,1.339367820344118609e+00,0.000000000000000000e+00
7.100000000000005196e-01,1.104838775640163639e+01,1.878052212924523623e-01,2.350240813938795359e+00,5.504477644962074478e+00,2.965251224339121028e-01,-2.657131026389395689e+00,0.000000000000000000e+00,0.000000000000000000e+00,0.000000000000000000e+00,0.000000000000000000e+00,8.081203269868418602e+02,0.000000000000000000e+00,0.000000000000000000e+00,0.000000000000000000e+00
7.200000000000005285e-01,1.110344104584876845e+01,1.907753117237812879e-01,2.323181022450190536e+00,5.507937029660917361e+00,3.011965224256124563e-01,-2.721679116581410707e+00,3.869322235501740010e+02,7.556875337356806277e+00,9.076494130669583456e+02,-9.841752428948048574e-05,8.079057168303784238e+02,8.281190876551409019e+02,1.572611462204118027e+02,0.000000000000000000e+00
7.300000000000005373e-01,1.115891475284186463e+01,1.938571064479048811e-01,2.296208665518774339e+00,5.570943179998764094e+00,2.993290874732815188e-01,-2.698752961045226773e+00,0.000000000000000000e+00,0.000000000000000000e+00,0.000000000000000000e+00,0.000000000000000000e+00,8.070945275431085975e+02,0.000000000000000000e+00,0.000000000000000000e+00,0.000000000000000000e+00
7.400000000000005462e-01,1.121467732594360989e+01,1.968181710650153682e-01,2.268852364378654229e+00,5.599199676547995885e+00,2.952192277552419530e-01,-2.735851606260763624e+00,3.810772738360022345e+02,8.848879797487077425e+00,8.954078055982294018e+02,-9.548413802232757173e-05,8.066599962913408035e+02,8.895639426471930165e+02,6.880042726857095658e+01,1.347520745135211584e+01
7.500000000000005551e-01,1.127085146233994450e+01,1.998866340169544176e-01,2.241511358180419133e+00,5.619688932110586066e+00,3.104060036698134128e-01,-2.754301940452157371e+00,0.000000000000000000e+00,0.000000000000000000e+00,0.000000000000000000e+00,0.000000000000000000e+00,8.061750950832708895e+02,0.000000000000000000e+00,0.000000000000000000e+00,0.000000000000000000e+00
7.600000000000005640e-01,1.132735729108076761e+01,2.029174828622266613e-01,2.213977269893531830e+00,5.665999945897412182e+00,3.009735840285177599e-01,-2.773745734962200338e+00,2.223054761901699372e+00,5.477996506899815432e-02,5.232260822203758543e+00,-1.133687511403963857e-05,8.056178823152586119e+02,0.000000000000000000e+00,5.677238346345379050e+00,0.000000000000000000e+00
7.700000000000005729e-01,1.138416407335895109e+01,2.059724829367933496e-01,2.186194682040037751e+00,5.716602746084818776e+00,3.086511933462369739e-01,-2.751504687805957250e+00,2.001738957428466303e+00,3.996984548579986252e-02,4.705809134975079466e+00,-2.856197238268118332e-06,8.048133953469132393e+02,4.236367805384353424e+00,8.706862252680813707e-01,0.000000000000000000e+00
7.800000000000005818e-01,1.144134725083300097e+01,2.090479804681637521e-01,2.158288533888219174e+00,5.721347150048909924e+00,3.059933425614103086e-01,-2.813773252938578384e+00,5.425901281036163759e+00,1.263713212492108828e-01,1.275418778324826619e+01,-6.192442035647086236e-05,8.045725135822492575e+02,1.384206645602984409e+01,0.000000000000000000e+00,0.000000000000000000e+00
7.900000000000005906e-01,1.149890501649232455e+01,2.120912185071349987e-01,2.130338760490202432e+00,5.772632331870180877e+00,3.053747272410674007e-01,-2.794062081112012930e+00,3.959874337416610768e+00,9.551918361999828244e-02,9.321630481642479538e+00,-1.768943206651319572e-05,8.037842786996538962e+02,2.829733393213301973e+00,7.284360323343582522e+00,0.000000000000000000e+00
8.000000000000005995e-01,1.155679311680366794e+01,2.152085953120682071e-01,2.102079736089092155e+00,5.806941601783297990e+00,3.190601337213339606e-01,-2.844530840685593809e+00,5.843326129647849143e+00,1.895655332458895947e-01,1.374042761510893129e+01,-1.286608745341239965e-05,8.034297866856635437e+02,4.350082489671797781e+00,0.000000000000000000e+00,1.056099072017673279e+01
8.100000000000006084e-01,1.161495281316078909e+01,2.182757560888947401e-01,2.073573168624553542e+00,5.819537716369079128e+00,3.034017091041778524e-01,-2.878399881269330773e+00,3.052953214350019095e+00,1.106024479243660763e-01,7.172628167120723042e+00,-1.237625028375566663e-05,8.029761329799798659e+02,4.232061982830039426e+00,3.552830417722587342e+00,0.000000000000000000e+00
8.200000000000006173e-01,1.167355354608630691e+01,2.214096584019425162e-01,2.045014988568234937e+00,5.867947265103395260e+00,3.149937566279630285e-01,-2.875956521177780445e+00,2.103908103122117836e+02,7.052354057294288658e+00,4.950944160984375344e+02,-5.387917699031428108e-05,8.022627983444115216e+02,3.100879726424518594e+02,0.000000000000000000e+00,2.271257163071852858e+02
8.300000000000006262e-01,1.173245353052479345e+01,2.245176394375035245e-01,2.016263336899812408e+00,5.921157701743071655e+00,3.190356498340767843e-01,-2.851749812808923146e+00,3.566999284596936715e+00,1.569646043141346425e-01,8.436709051285522065e+00,-3.436495942669677908e-05,8.014183521152685898e+02,8.012851857259326138e+00,0.000000000000000000e+00,1.134748922880475241e+00
8.400000000000006350e-01,1.179170531873024785e+01,2.276516372882946837e-01,1.987415618349013036e+00,5.927858001089745699e+00,3.111237582864695983e-01,-2.919223860711151808e+00,2.598874288726419124e+00,8.760702436660430803e-02,6.196252274300441343e+00,-6.779805932472654506e-05,8.012144365058994708e+02,5.065899330581070004e+00,0.000000000000000000e+00,1.644586605000362800e+00
8.500000000000006439e-01,1.185135500341986159e+01,2.307511846954737877e-01,1.958404298745172634e+00,5.982409011539430388e+00,3.079006856062470043e-01,-2.893094952548437515e+00,6.353242368224180758e+00,2.351156086194298445e-01,1.523338655262305963e+01,-6.672898035054494054e-05,8.003180865746423933e+02,9.165230880838107552e+00,6.066539336899507973e+00,1.252075872103910026e+00
8.600000000000006528e-01,1.191128311348262869e+01,2.338698360498542572e-01,1.929065666370627374e+00,6.018910919449576902e+00,3.237910868394690000e-01,-2.942259002675638779e+00,2.337404068305263252e+02,7.333490815888405123e+00,5.516931017364271383e+02,-2.123301173630543284e-04,7.999059834006920937e+02,4.706044256970330366e+02,1.179073902199615418e+02,9.844347695990530056e+00
8.700000000000006617e-01,1.197157198478177520e+01,2.371750494249555141e-01,1.899744942020791250e+00,6.039306398223380334e+00,3.231543131214291709e-01,-2.941934528784551972e+00,1.994523470075783962e+02,7.367097229800538827e+00,4.705675924933456145e+02,-8.344442414631660261e-05,7.992255134516094586e+02,2.691866405201181465e+02,0.000000000000000000e+00,2.412140873935334184e+02
8.800000000000006706e-01,1.203219975980886325e+01,2.403124935177159693e-01,1.870214422279364186e+00,6.077297645019802630e+00,3.117157771362767948e-01,-2.986287873324954933e+00,0.000000000000000000e+00,0.000000000000000000e+00,0.000000000000000000e+00,0.000000000000000000e+00,7.987578495512539121e+02,0.000000000000000000e+00,0.000000000000000000e+00,0.000000000000000000e+00
8.900000000000006795e-01,1.209323253631650275e+01,2.433619176108606785e-01,1.840489908280115161e+00,6.134941456468060217e+00,3.052883809151548666e-01,-2.943076561532282032e+00,5.203098185294765976e+00,9.477397357845097625e-01,1.643731219636036300e+01,-4.042722608711068425e-04,7.976002655245972619e+02,8.443179538960880137e+00,0.000000000000000000e+00,8.799865424594973007e+00
9.000000000000006883e-01,1.215450048554003004e+01,2.467660682018294194e-01,1.811094065419446508e+00,6.095060973146748218e+00,3.978768990739076639e-01,-2.936935633127780054e+00,0.000000000000000000e+00,0.000000000000000000e+00,0.000000000000000000e+00,0.000000000000000000e+00,7.896093348623088559e+02,0.000000000000000000e+00,0.000000000000000000e+00,0.000000000000000000e+00
9.100000000000006972e-01,1.221607376722871940e+01,2.507758355146570417e-01,1.782168538285031412e+00,6.209351323186665716e+00,4.117605206039103849e-01,-2.788006554663101433e+00,1.604802362901177659e+01,3.779481497551432589e+00,5.694756252737525415e+01,-6.979073368474600792e-04,7.876799777165504111e+02,2.102100894078533599e+01,0.000000000000000000e+00,3.819105145089577746e+01
9.200000000000007061e-01,1.227831702657970681e+01,2.549220633621977483e-01,1.753878921391480050e+00,6.233356247337397349e+00,4.155902604454070892e-01,-2.860595004245979123e+00,2.281421836751084697e+01,6.466827859029765868e+00,7.109293238315933650e+01,-8.636698106403897356e-04,7.873735777248552949e+02,7.112175764988073468e+00,2.145081822837477148e+01,4.645031842561785140e+01
9.300000000000007150e-01,1.234083568234376393e+01,2.591196986599401120e-01,1.725181386373006998e+00,6.311561767620790242e+00,4.276075718392136626e-01,-2.762808244869285001e+00,2.222397130410696491e+02,4.072008181540719107e+01,6.585826551880676334e+02,-5.307612314607702917e-04,7.856724267391762169e+02,2.800107193713442939e+02,5.951491746571555552e+01,3.560212124829552636e+02
9.400000000000007239e-01,1.240453662370349441e+01,2.634123694106496050e-01,1.698699212368626421e+00,6.380376090845756742e+00,4.320526776707101502e-01,-2.633350942156747809e+00,3.787837547351346501e+01,3.168084238875741221e+01,1.329648817709030482e+02,-2.002808041200458862e-04,7.839710492543392775e+02,0.000000000000000000e+00,8.598961976561056986e+01,5.676772616932359483e+01
9.500000000000007327e-01,1.246872493648099045e+01,2.677789671069998323e-01,1.672574280809573821e+00,6.492227033565779237e+00,4.399161673332407374e-01,-2.533552000588678244e+00,3.731949649648567515e+02,7.267657560830942032e+01,1.170359371512276994e+03,-4.895603195058885384e-04,7.819980366516458616e+02,5.108898237117153940e+02,2.424225637422305724e+01,6.942006655032556637e+02
9.600000000000007416e-01,1.253386854817425622e+01,2.719049013717254604e-01,1.648150374338089641e+00,6.511699717691239897e+00,4.070415444453536757e-01,-2.456180960721820572e+00,2.211904723095977232e+01,4.421919917429822711e+00,6.345258543280268526e+01,-7.445092456073031280e-04,7.806761726237587027e+02,4.727766279066077004e+01,3.700478910701514024e-01,1.971667863198278070e+01
9.700000000000007505e-01,1.259929087412898951e+01,2.759267872698951685e-01,1.624294843098278429e+00,6.598577509024584842e+00,3.981077306973569430e-01,-2.284872568509014101e+00,0.000000000000000000e+00,0.000000000000000000e+00,0.000000000000000000e+00,0.000000000000000000e+00,7.760449262436264917e+02,0.000000000000000000e+00,0.000000000000000000e+00,0.000000000000000000e+00
9.800000000000007594e-01,1.266537159803768020e+01,2.800453063860176006e-01,1.602116502662972897e+00,6.627577910047284249e+00,4.335144382173466426e-01,-2.100167927436205506e+00,2.297749211203696973e+01,2.856941709062126744e+00,6.788331695346431616e+01,-1.102343806413274684e-03,7.736120678444333407e+02,5.307065874520164073e+01,1.848175380396447665e+01,0.000000000000000000e+00
9.900000000000007683e-01,1.273173192444346569e+01,2.844130397993751558e-01,1.580834814107948239e+00,6.680535728269000550e+00,4.480018832548168795e-01,-2.099512577040867356e+00,1.185806723639999944e+02,9.239074563039199006e+01,5.551622350452917090e+02,-2.507285280405945147e-04,7.725137730048513731e+02,4.135016295243206628e+02,0.000000000000000000e+00,1.605412298687838870e+02
1.000000000000000666e+00,1.279895508807528337e+01,2.892937971908579597e-01,1.560721063906237660e+00,6.738016845667594623e+00,5.390623110969399168e-01,-1.892041503897040844e+00,0.000000000000000000e+00,0.000000000000000000e+00,0.000000000000000000e+00,0.000000000000000000e+00,7.700562476458594574e+02,0.000000000000000000e+00,0.000000000000000000e+00,0.000000000000000000e+00
1.009999999999999565e+00,1.286631038650184777e+01,2.947260660702736290e-01,1.541421329668880125e+00,6.733720694767435511e+00,5.471721268292221163e-01,-1.959280747674330359e+00,0.000000000000000000e+00,0.000000000000000000e+00,0.000000000000000000e+00,0.000000000000000000e+00,7.696842311305431394e+02,0.000000000000000000e+00,0.000000000000000000e+00,0.000000000000000000e+00
1.019999999999998463e+00,1.293354024017826021e+01,3.003307330067355729e-01,1.522051585374875060e+00,6.719365116292174811e+00,5.673935164203290915e-01,-1.945565852503768900e+00,0.000000000000000000e+00,0.000000000000000000e+00,0.000000000000000000e+00,0.000000000000000000e+00,7.686412979667102263e+02,0.000000000000000000e+00,0.000000000000000000e+00,0.000000000000000000e+00
1.029999999999997362e+00,1.300078474203974821e+01,3.060427898430176374e-01,1.501969808808977014e+00,6.728302682717449912e+00,5.741992364322270337e-01,-2.057804362565593070e+00,0.000000000000000000e+00,0.000000000000000000e+00,0.000000000000000000e+00,0.000000000000000000e+00,7.686065746904512253e+02,0.000000000000000000e+00,0.000000000000000000e+00,0.000000000000000000e+00
1.039999999999996261e+00,1.306802577398408793e+01,3.118745632392339595e-01,1.481275999054832537e+00,6.721549383633264263e+00,5.882114776698167402e-01,-2.084770574981989366e+00,0.000000000000000000e+00,0.000000000000000000e+00,0.000000000000000000e+00,0.000000000000000000e+00,7.679686187664607360e+02,0.000000000000000000e+00,0.000000000000000000e+00,0.000000000000000000e+00
1.049999999999995159e+00,1.313524223327153351e+01,3.177914977454892043e-01,1.460024271824436504e+00,6.720125448365789289e+00,5.951199535754644332e-01,-2.148663369325031880e+00,0.000000000000000000e+00,0.000000000000000000e+00,0.000000000000000000e+00,0.000000000000000000e+00,7.676650814542390435e+02,0.000000000000000000e+00,0.000000000000000000e+00,0.000000000000000000e+00
1.059999999999994058e+00,1.320245360666503842e+01,3.237393143619352043e-01,1.438052416832282354e+00,6.721886643893742352e+00,5.943880044521374639e-01,-2.236981599236551599e+00,0.000000000000000000e+00,0.000000000000000000e+00,0.000000000000000000e+00,0.000000000000000000e+00,7.676441198320947024e+02,0.000000000000000000e+00,0.000000000000000000e+00,0.000000000000000000e+00
1.069999999999992957e+00,1.326967897679424269e+01,3.296741804155629563e-01,1.415198040800912382e+00,6.723051062448152315e+00,5.926980904466986333e-01,-2.325496762283808305e+00,0.000000000000000000e+00,0.000000000000000000e+00,0.000000000000000000e+00,0.000000000000000000e+00,7.676272474299083797e+02,0.000000000000000000e+00,0.000000000000000000e+00,0.000000000000000000e+00
1.079999999999991855e+00,1.333691661298446718e+01,3.355928672050782491e-01,1.391434436788246742e+00,6.724395310686126948e+00,5.913044562726166298e-01,-2.418919456757415709e+00,0.000000000000000000e+00,0.000000000000000000e+00,0.000000000000000000e+00,0.000000000000000000e+00,7.676083469968195914e+02,0.000000000000000000e+00,0.000000000000000000e+00,0.000000000000000000e+00
1.089999999999990754e+00,1.340416888149793806e+01,3.415022040637538114e-01,1.366701031971466529e+00,6.725888132008257081e+00,5.907385543329001232e-01,-2.518789176678045916e+00,0.000000000000000000e+00,0.000000000000000000e+00,0.000000000000000000e+00,0.000000000000000000e+00,7.675903230598548816e+02,0.000000000000000000e+00,0.000000000000000000e+00,0.000000000000000000e+00
1.099999999999989653e+00,1.347143386942020626e+01,3.474080261311060513e-01,1.340940526619649908e+00,6.726869077399013186e+00,5.904059935251380065e-01,-2.623336439073523429e+00,0.000000000000000000e+00,0.000000000000000000e+00,0.000000000000000000e+00,0.000000000000000000e+00,7.675779734416566953e+02,0.000000000000000000e+00,0.000000000000000000e+00,0.000000000000000000e+00
1.109999999999988551e+00,1.353870349760829583e+01,3.533068322153036789e-01,1.314126806657110569e+00,6.726907403401095387e+00,5.892789972381401453e-01,-2.728659001576846599e+00,0.000000000000000000e+00,0.000000000000000000e+00,0.000000000000000000e+00,0.000000000000000000e+00,7.675684711816265917e+02,0.000000000000000000e+00,0.000000000000000000e+00,0.000000000000000000e+00
1.119999999999987450e+00,1.360597025809541627e+01,3.591883814309680956e-01,1.286273354344075415e+00,6.726500089512425617e+00,5.871267701608851031e-01,-2.831102921400515005e+00,0.000000000000000000e+00,0.000000000000000000e+00,0.000000000000000000e+00,0.000000000000000000e+00,7.675562607485096578e+02,0.000000000000000000e+00,0.000000000000000000e+00,0.000000000000000000e+00
1.129999999999986349e+00,1.367323582669920512e+01,3.650469222412198178e-01,1.257419825130473345e+00,6.726792468319547247e+00,5.849091181620310609e-01,-2.929068820791747907e+00,0.000000000000000000e+00,0.000000000000000000e+00,0.000000000000000000e+00,0.000000000000000000e+00,7.675410887930034960e+02,0.000000000000000000e+00,0.000000000000000000e+00,0.000000000000000000e+00
1.139999999999985247e+00,1.374051237380347068e+01,3.708891960053552483e-01,1.227608342979389144e+00,6.728604380587598577e+00,5.839245656894480607e-01,-3.023356871731984530e+00,0.000000000000000000e+00,0.000000000000000000e+00,0.000000000000000000e+00,0.000000000000000000e+00,7.675265638287792171e+02,0.000000000000000000e+00,0.000000000000000000e+00,0.000000000000000000e+00
1.149999999999984146e+00,1.380781495059339470e+01,3.767311618018888697e-01,1.196863683305436021e+00,6.731747002047889339e+00,5.846504275431497755e-01,-3.116276117065288176e+00,0.000000000000000000e+00,0.000000000000000000e+00,0.000000000000000000e+00,0.000000000000000000e+00,7.675143707484604647e+02,0.000000000000000000e+00,0.000000000000000000e+00,0.000000000000000000e+00
1.159999999999983045e+00,1.387515160259192193e+01,3.825867412735863837e-01,1.165185547340879202e+00,6.735184511093225801e+00,5.863458472264593269e-01,-3.210297319533667704e+00,0.000000000000000000e+00,0.000000000000000000e+00,0.000000000000000000e+00,0.000000000000000000e+00,7.675029540308595415e+02,0.000000000000000000e+00,0.000000000000000000e+00,0.000000000000000000e+00
1.169999999999981943e+00,1.394251874485923715e+01,3.884580847909399060e-01,1.132553384947875275e+00,6.737775362509548671e+00,5.876132325421635771e-01,-3.306960314551911750e+00,0.000000000000000000e+00,0.000000000000000000e+00,0.000000000000000000e+00,0.000000000000000000e+00,7.674908971932703707e+02,0.000000000000000000e+00,0.000000000000000000e+00,0.000000000000000000e+00
1.179999999999980842e+00,1.400990429075520716e+01,3.943344300065858565e-01,1.098938729702179096e+00,6.738987401191332438e+00,5.873960917769226464e-01,-3.406432907451304892e+00,0.000000000000000000e+00,0.000000000000000000e+00,0.000000000000000000e+00,0.000000000000000000e+00,7.674790658733518285e+02,0.000000000000000000e+00,0.000000000000000000e+00,0.000000000000000000e+00
1.189999999999979741e+00,1.407729556184239961e+01,4.001999687049405119e-01,1.064318164223518437e+00,6.739139638616070904e+00,5.856982886853835391e-01,-3.507731271995785161e+00,0.000000000000000000e+00,0.000000000000000000e+00,0.000000000000000000e+00,0.000000000000000000e+00,7.674685924163730988e+02,0.000000000000000000e+00,0.000000000000000000e+00,0.000000000000000000e+00
1.199999999999978639e+00,1.414468646261260965e+01,4.060448330446446707e-01,1.028681696178096239e+00,6.739089243926686734e+00,5.835230543731761976e-01,-3.609321513855060726e+00,0.000000000000000000e+00,0.000000000000000000e+00,0.000000000000000000e+00,0.000000000000000000e+00,7.674587421059488861e+02,0.000000000000000000e+00,0.000000000000000000e+00,0.000000000000000000e+00
1.209999999999977538e+00,1.421207971722335195e+01,4.118712678631401558e-01,9.920345783951676211e-01,6.739652952472707348e+00,5.821115833666944406e-01,-3.709778527349592014e+00,0.000000000000000000e+00,0.000000000000000000e+00,0.000000000000000000e+00,0.000000000000000000e+00,7.674482237021486526e+02,0.000000000000000000e+00,0.000000000000000000e+00,0.000000000000000000e+00
1.219999999999976437e+00,1.427948362435851948e+01,4.176912852878409410e-01,9.543932212277267402e-01,6.740944203344573893e+00,5.821856298679142228e-01,-3.808298565065170838e+00,6.987759146035205760e+00,7.883080962491707533e-01,2.206315542508838945e+01,-1.207779427929991977e-03,7.674029255906887101e+02,0.000000000000000000e+00,2.286914002796735801e+01,0.000000000000000000e+00
1.229999999999975335e+00,1.434669344553586612e+01,4.229363400588682098e-01,9.160517513357482322e-01,6.716887336082370652e+00,4.999291243443791388e-01,-3.869740643314495188e+00,1.346552439580849381e+01,4.029958592456049926e-01,5.054429795855584473e+01,-1.923934587449595886e-03,7.612415948429458012e+02,0.000000000000000000e+00,5.206242642811356092e+01,0.000000000000000000e+00
1.239999999999974234e+00,1.441389301834640335e+01,4.280787053459652047e-01,8.768599310254175938e-01,6.725262069438575629e+00,5.305549978068373473e-01,-3.958123923914438791e+00,0.000000000000000000e+00,0.000000000000000000e+00,0.000000000000000000e+00,0.000000000000000000e+00,7.609788210568419800e+02,0.000000000000000000e+00,0.000000000000000000e+00,0.000000000000000000e+00
1.249999999999973133e+00,1.448116368146127897e+01,4.335241183548353416e-01,8.368467253983005172e-01,6.727006061936460668e+00,5.570193566838076427e-01,-4.032663218395367899e+00,0.000000000000000000e+00,0.000000000000000000e+00,0.000000000000000000e+00,0.000000000000000000e+00,7.604062070488973859e+02,0.000000000000000000e+00,0.000000000000000000e+00,0.000000000000000000e+00
1.259999999999972031e+00,1.454848545714094143e+01,4.392987351876250779e-01,7.961429216226298955e-01,6.732942055627729516e+00,5.880583056062723690e-01,-4.099711069533999108e+00,3.604862397414114383e+01,6.774408178010142834e-01,9.783887415370288920e+01,-4.858354210020619877e-04,7.598882728033963758e+02,0.000000000000000000e+00,1.036471839663531966e+02,0.000000000000000000e+00
1.269999999999970930e+00,1.461585435888414786e+01,4.453512212010812821e-01,7.548193173430032266e-01,6.739309387752355107e+00,6.149129159796571376e-01,-4.159976026603243504e+00,3.093962460385273161e+01,1.207973595557512159e-01,8.073644076256223912e+01,-1.807382407864911505e-03,7.595458588159390274e+02,0.000000000000000000e+00,8.606119956193722942e+01,0.000000000000000000e+00
1.279999999999969829e+00,1.468324837924114412e+01,4.515989248737874440e-01,7.129059598276357157e-01,6.741617384439286376e+00,6.356918131344331258e-01,-4.217781227874894512e+00,0.000000000000000000e+00,0.000000000000000000e+00,0.000000000000000000e+00,0.000000000000000000e+00,7.592978270370042537e+02,0.000000000000000000e+00,0.000000000000000000e+00,0.000000000000000000e+00
1.289999999999968727e+00,1.475068144095805067e+01,4.580117217109708760e-01,6.703355168033082734e-01,6.742565402398957630e+00,6.439652751722453328e-01,-4.289649487135898553e+00,2.553251748647586084e+01,2.790329650397131545e+00,7.044004067592801732e+01,-7.389829613662309872e-04,7.590289518576037153e+02,7.474059405861362393e+01,0.000000000000000000e+00,0.000000000000000000e+00
1.299999999999967626e+00,1.481809522947399671e+01,4.645086996514689037e-01,6.270218016191204669e-01,6.740930068353667259e+00,6.525586821393570824e-01,-4.369145195178886887e+00,0.000000000000000000e+00,0.000000000000000000e+00,0.000000000000000000e+00,0.000000000000000000e+00,7.588910067273943696e+02,0.000000000000000000e+00,0.000000000000000000e+00,0.000000000000000000e+00
1.309999999999966525e+00,1.488548039724658523e+01,4.710270231986051770e-01,5.828149263345998587e-01,6.736040634348256617e+00,6.504600490998286855e-01,-4.464035633838379979e+00,0.000000000000000000e+00,0.000000000000000000e+00,0.000000000000000000e+00,0.000000000000000000e+00,7.588247624630789687e+02,0.000000000000000000e+00,0.000000000000000000e+00,0.000000000000000000e+00
1.319999999999965423e+00,1.495279649288922919e+01,4.774826585468381346e-01,5.376113636523838224e-01,6.727528166898316897e+00,6.404941936225704291e-01,-4.567531865067002705e+00,0.000000000000000000e+00,0.000000000000000000e+00,0.000000000000000000e+00,0.000000000000000000e+00,7.587831233566068931e+02,0.000000000000000000e+00,0.000000000000000000e+00,0.000000000000000000e+00
1.329999999999964322e+00,1.502001671418324058e+01,4.838169213467807261e-01,4.913478411238594856e-01,6.717511391017533029e+00,6.278659415698553126e-01,-4.674407328314974741e+00,0.000000000000000000e+00,0.000000000000000000e+00,0.000000000000000000e+00,0.000000000000000000e+00,7.587632159078392533e+02,0.000000000000000000e+00,0.000000000000000000e+00,0.000000000000000000e+00
1.339999999999963221e+00,1.508714195146071013e+01,4.900447834186464346e-01,4.440323761558183091e-01,6.708850794731472611e+00,6.196029576526285165e-01,-4.777171114429810572e+00,0.000000000000000000e+00,0.000000000000000000e+00,0.000000000000000000e+00,0.000000000000000000e+00,7.587364215750071708e+02,0.000000000000000000e+00,0.000000000000000000e+00,0.000000000000000000e+00
1.349999999999962119e+00,1.515419982997079984e+01,4.962248115939434934e-01,3.957383993431982661e-01,6.703988035348525720e+00,6.174186481731562814e-01,-4.870552896221601813e+00,0.000000000000000000e+00,0.000000000000000000e+00,0.000000000000000000e+00,0.000000000000000000e+00,7.586960146743421092e+02,0.000000000000000000e+00,0.000000000000000000e+00,0.000000000000000000e+00
1.359999999999961018e+00,1.522123629225493602e+01,5.023995947579565913e-01,3.465649805958749829e-01,6.704115608767380330e+00,6.174487705924062153e-01,-4.954467060607798068e+00,0.000000000000000000e+00,0.000000000000000000e+00,0.000000000000000000e+00,0.000000000000000000e+00,7.586574674535168015e+02,0.000000000000000000e+00,0.000000000000000000e+00,0.000000000000000000e+00
1.369999999999959917e+00,1.528829865359356965e+01,5.085630702779826429e-01,2.965827882516621217e-01,6.708440754520268889e+00,6.147828832503223762e-01,-5.033855761931934403e+00,0.000000000000000000e+00,0.000000000000000000e+00,0.000000000000000000e+00,0.000000000000000000e+00,7.586254537181202977e+02,0.000000000000000000e+00,0.000000000000000000e+00,0.000000000000000000e+00
1.379999999999958815e+00,1.535466961301557554e+01,5.144258553402883960e-01,2.463298322671859109e-01,6.397703197583705759e+00,5.029960026995544675e-01,-4.885733372814459408e+00,-1.139675735823157083e+03,1.119529898832662411e+02,2.428567904215048202e+03,-1.212931333534533057e-02,7.064527198835201034e+02,4.941899048759715697e+03,0.000000000000000000e+00,9.048163449948138805e+03
1.389999999999957714e+00,1.541368118832266809e+01,5.241068671722136640e-01,2.090942629069899028e-01,5.458385752344701913e+00,1.546265717659089933e+00,-2.699691965702048169e+00,-3.507207064061718711e+02,6.682045037374205094e+02,3.816190544661014428e+03,-1.348125784525352165e-02,4.880503193389598096e+02,1.057600934786939433e+04,0.000000000000000000e+00,1.519119185673732318e+04
1.399999999999956612e+00,1.546477445579180277e+01,5.380307695095007947e-01,1.904696152433999479e-01,4.862828653324166694e+00,1.280100042949291028e+00,-1.450702134899877649e+00,-1.898047557946628103e+02,4.533973540661131096e+01,9.218466850471804719e+01,-1.295330588349948540e-02,3.942405393918246546e+02,2.088603154136542798e+03,0.000000000000000000e+00,6.394233904222890487e+03
1.409999999999955511e+00,1.551008521992756251e+01,5.515271060671078640e-01,1.837010046474703839e-01,4.046087321674265880e+00,1.354744401346384519e+00,1.948800035462121549e-01,-1.198284741530748306e+03,-2.384014613492989838e+02,2.114168064005545148e+03,-1.002245800366831190e-02,2.767345854752066430e+02,2.436186599271138221e+03,0.000000000000000000e+00,6.990207277184966188e+03
1.419999999999954410e+00,1.555016105767306023e+01,5.645399148293618330e-01,1.889185165250028831e-01,4.120321138287664553e+00,1.219169539771792765e+00,4.530549891652441152e-01,-1.691578377189114235e+01,-2.773758410532122980e+02,-8.002928660222896724e+02,-6.388341046152767010e-03,2.618819121001247368e+02,1.271822563024234341e+03,0.000000000000000000e+00,2.373488638358437584e+03
1.429999999999953308e+00,1.559239349249207329e+01,5.760280370042355491e-01,1.913943349625510937e-01,4.280662636036635327e+00,1.108795405184779925e+00,1.603404850088208933e-01,0.000000000000000000e+00,0.000000000000000000e+00,0.000000000000000000e+00,0.000000000000000000e+00,2.585221236698642997e+02,0.000000000000000000e+00,0.000000000000000000e+00,0.000000000000000000e+00
1.439999999999952207e+00,1.563577003380492059e+01,5.866789396616733931e-01,1.922032393663299921e-01,4.383403452416332335e+00,1.032748931896601219e+00,2.207878196560851547e-02,0.000000000000000000e+00,0.000000000000000000e+00,0.000000000000000000e+00,0.000000000000000000e+00,2.578546535339128241e+02,0.000000000000000000e+00,0.000000000000000000e+00,0.000000000000000000e+00
1.449999999999951106e+00,1.568033044817830479e+01,5.967993829114566218e-01,1.917412944652487072e-01,4.525234709201763295e+00,1.003673813708790608e+00,-1.067293283228956946e-01,0.000000000000000000e+00,0.000000000000000000e+00,0.000000000000000000e+00,0.000000000000000000e+00,2.567711662315687136e+02,0.000000000000000000e+00,0.000000000000000000e+00,0.000000000000000000e+00
1.459999999999950004e+00,1.572660723512034231e+01,6.068643824266789499e-01,1.896619621048611093e-01,4.714273445730023937e+00,1.010205015627424041e+00,-3.063088630015619040e-01,0.000000000000000000e+00,0.000000000000000000e+00,0.000000000000000000e+00,0.000000000000000000e+00,2.557508873871115327e+02,0.000000000000000000e+00,0.000000000000000000e+00,0.000000000000000000e+00
1.469999999999948903e+00,1.577470535406041741e+01,6.169494642437586274e-01,1.849840491514446739e-01,4.877478222012462616e+00,1.002154477740286431e+00,-6.156900755828684790e-01,0.000000000000000000e+00,0.000000000000000000e+00,0.000000000000000000e+00,0.000000000000000000e+00,2.552808204849497145e+02,0.000000000000000000e+00,0.000000000000000000e+00,0.000000000000000000e+00
1.479999999999947802e+00,1.582392212504833751e+01,6.267636872954727156e-01,1.767362318841967372e-01,4.938924534286003087e+00,9.600082604092119443e-01,-1.002459332106507839e+00,0.000000000000000000e+00,0.000000000000000000e+00,0.000000000000000000e+00,0.000000000000000000e+00,2.552420206666130014e+02,0.000000000000000000e+00,0.000000000000000000e+00,0.000000000000000000e+00
1.489999999999946700e+00,1.587304383772139182e+01,6.360397253360471348e-01,1.645312318506145510e-01,4.871660177648864831e+00,9.003615011233144783e-01,-1.393851350813960721e+00,0.000000000000000000e+00,0.000000000000000000e+00,0.000000000000000000e+00,0.000000000000000000e+00,2.553899491200504315e+02,0.000000000000000000e+00,0.000000000000000000e+00,0.000000000000000000e+00
1.499999999999945599e+00,1.592088102339736366e+01,6.447370273443435718e-01,1.487137505982932539e-01,4.699424947356406257e+00,8.472696690666288166e-01,-1.722327272391787290e+00,0.000000000000000000e+00,0.000000000000000000e+00,0.000000000000000000e+00,0.000000000000000000e+00,2.554652968005517835e+02,0.000000000000000000e+00,0.000000000000000000e+00,0.000000000000000000e+00
1.509999999999944498e+00,1.596665538326114664e+01,6.530344973404430542e-01,1.301410156322084233e-01,4.474314088140507017e+00,8.205666257205076475e-01,-1.952048108060838949e+00,0.000000000000000000e+00,0.000000000000000000e+00,0.000000000000000000e+00,0.000000000000000000e+00,2.552467759858878935e+02,0.000000000000000000e+00,0.000000000000000000e+00,0.000000000000000000e+00
1.519999999999943396e+00,1.601017012255761784e+01,6.612649829639613008e-01,1.098060253331401004e-01,4.255624734792933239e+00,8.304570986853107017e-01,-2.088705819779956396e+00,0.000000000000000000e+00,0.000000000000000000e+00,0.000000000000000000e+00,0.000000000000000000e+00,2.548282330513027887e+02,0.000000000000000000e+00,0.000000000000000000e+00,0.000000000000000000e+00
1.529999999999942295e+00,1.605169979101922806e+01,6.697618649829815141e-01,8.842927342095628640e-02,4.074379720480843403e+00,8.681448836071130604e-01,-2.173383343164998038e+00,0.000000000000000000e+00,0.000000000000000000e+00,0.000000000000000000e+00,0.000000000000000000e+00,2.545041301937228866e+02,0.000000000000000000e+00,0.000000000000000000e+00,0.000000000000000000e+00
1.539999999999941194e+00,1.609155331192956595e+01,6.786984021027924197e-01,6.632278541605711453e-02,3.912731483529675813e+00,9.147434510324190526e-01,-2.238640008692828864e+00,0.000000000000000000e+00,0.000000000000000000e+00,0.000000000000000000e+00,0.000000000000000000e+00,2.543423675507989401e+02,0.000000000000000000e+00,0.000000000000000000e+00,0.000000000000000000e+00
1.549999999999940092e+00,1.612975019655344866e+01,6.881049291227469000e-01,4.370369964215479325e-02,3.741268047366358207e+00,9.623029036925460078e-01,-2.273945111612342806e+00,0.000000000000000000e+00,0.000000000000000000e+00,0.000000000000000000e+00,0.000000000000000000e+00,2.541728368714868793e+02,0.000000000000000000e+00,0.000000000000000000e+00,0.000000000000000000e+00
1.559999999999938991e+00,1.616619185835348560e+01,6.980267914609503688e-01,2.105479530992876436e-02,3.567042326211109060e+00,1.018895139846768716e+00,-2.246012172917482896e+00,0.000000000000000000e+00,0.000000000000000000e+00,0.000000000000000000e+00,0.000000000000000000e+00,2.538727675359288014e+02,0.000000000000000000e+00,0.000000000000000000e+00,0.000000000000000000e+00
1.569999999999937890e+00,1.620107819803846994e+01,7.086089160109291241e-01,-8.925316327029267360e-04,3.434707235617497911e+00,1.093083533636658000e+00,-2.142396594715904268e+00,0.000000000000000000e+00,0.000000000000000000e+00,0.000000000000000000e+00,0.000000000000000000e+00,2.534449566070633466e+02,0.000000000000000000e+00,0.000000000000000000e+00,0.000000000000000000e+00
1.579999999999936788e+00,1.623509360381738276e+01,7.200129658637000052e-01,-2.149476048877434209e-02,3.389752307297663414e+00,1.179989905038120401e+00,-1.988850418220794225e+00,0.000000000000000000e+00,0.000000000000000000e+00,0.000000000000000000e+00,0.000000000000000000e+00,2.529428960901572054e+02,0.000000000000000000e+00,0.000000000000000000e+00,0.000000000000000000e+00
1.589999999999935687e+00,1.626923386997340870e+01,7.322820618519566560e-01,-4.050944406221238664e-02,3.449168393581890868e+00,1.263351848046424086e+00,-1.833513548176419983e+00,0.000000000000000000e+00,0.000000000000000000e+00,0.000000000000000000e+00,0.000000000000000000e+00,2.524183876002543627e+02,0.000000000000000000e+00,0.000000000000000000e+00,0.000000000000000000e+00
1.599999999999934586e+00,1.630448069429359848e+01,7.452813176396362316e-01,-5.818247236553698853e-02,3.597385913616093944e+00,1.325603163318693989e+00,-1.722461428217054058e+00,0.000000000000000000e+00,0.000000000000000000e+00,0.000000000000000000e+00,0.000000000000000000e+00,2.519197795551943386e+02,0.000000000000000000e+00,0.000000000000000000e+00,0.000000000000000000e+00
1.609999999999933484e+00,1.634060885935760155e+01,7.577950376034393587e-01,-7.420268719785111378e-02,3.545899399527786322e+00,1.038386431367853913e+00,-1.414180646449838763e+00,-3.499459740538903816e+02,-8.732939851436935896e+02,5.527938891669634813e+02,-2.443464789311189725e-02,2.198776321998139167e+02,2.934101126238987490e+03,0.000000000000000000e+00,3.522926080327083127e+03
1.619999999999932383e+00,1.637476508057195801e+01,7.621207793389860319e-01,-8.523560367471758048e-02,3.330281417730992732e+00,-4.805816580796638121e-02,-8.722595860818741498e-01,-1.797469530753427875e+02,-7.799463345552220517e+02,4.001779036667302307e+02,-2.870085032125467908e-02,1.795874492101122541e+02,2.997494663711562225e+03,0.000000000000000000e+00,3.032672803248301079e+03
1.629999999999931282e+00,1.640878864206884913e+01,7.596702271837673104e-01,-9.272682082787903068e-02,3.486074601708259113e+00,-3.777108375490035863e-01,-6.674123750950703426e-01,-1.058900439732358336e+02,-3.741819006834493280e+02,2.689404357502646690e+02,-3.452767135877009980e-02,1.782389283789763681e+02,2.651463439275783912e+03,0.000000000000000000e+00,3.944827230405222508e+03
1.639999999999930180e+00,1.644476061255373978e+01,7.557971571663691934e-01,-1.017650302037531734e-01,3.645198719268566201e+00,-3.609382867890896796e-01,-1.194394127032647912e+00,-1.893462226117878799e+02,4.911607387184358231e+01,-3.875135625205007273e+02,-3.737414126034175471e-02,1.645083031993088696e+02,2.261737169384885874e+03,0.000000000000000000e+00,6.417242100587094683e+03
1.649999999999929079e+00,1.648044912396471773e+01,7.515367827427364977e-01,-1.167409882274276639e-01,3.493542891851107335e+00,-4.622865963361048602e-01,-1.702050837654535576e+00,-1.771118138966098741e+02,1.661000798884319920e+02,-1.113431695689195067e+02,-3.932225306171105439e-02,1.509278087813524110e+02,2.292998752106385837e+03,0.000000000000000000e+00,5.401224660087621487e+03
1.659999999999927978e+00,1.651474522176217263e+01,7.466849049196241372e-01,-1.350550035638183322e-01,3.358991493335867329e+00,-5.457669661130996053e-01,-1.934839606883778984e+00,-2.722767245549341624e+02,-2.216546958325698142e+02,4.862816588220781000e+01,-4.005059867539857016e-02,1.445611264964151417e+02,2.923922435929133826e+03,0.000000000000000000e+00,4.850695243376940198e+03
1.669999999999926876e+00,1.654736539535841189e+01,7.402138658806656224e-01,-1.554510621942793713e-01,3.187331821156531131e+00,-7.137822888479816719e-01,-2.118799131296237981e+00,-2.083671083019221442e+02,-6.746637248721867763e+01,6.407771666657208698e+01,-3.969519374356107050e-02,1.377695178668730023e+02,2.998215041314882910e+03,0.000000000000000000e+00,4.410328740360721895e+03
1.679999999999925775e+00,1.657847044219162314e+01,7.330278610039816511e-01,-1.775262543119319747e-01,3.049477664866839355e+00,-7.037317282453312561e-01,-2.275952051765003592e+00,-1.874325619882897627e+02,5.217570397582585429e+01,4.427208204059229502e+01,-3.863271008997886530e-02,1.319487481167579404e+02,3.457524792989054276e+03,0.000000000000000000e+00,4.115249997320961484e+03
1.689999999999924674e+00,1.660849922793899225e+01,7.267924715577247508e-01,-2.006313665287520198e-01,2.975118064771907100e+00,-5.231148184543182866e-01,-2.318949332354757864e+00,-1.304338096366648188e+02,3.429509998068717778e+02,1.393967857445254594e+02,-3.753262265769798101e-02,1.252674447559890609e+02,3.417176657475151387e+03,0.000000000000000000e+00,4.522791838399300104e+03
1.699999999999923572e+00,1.663777736005452823e+01,7.225934616662958998e-01,-2.239180414792633633e-01,2.884519825987458930e+00,-3.551028938934789880e-01,-2.335129360684262245e+00,-1.797698736679199101e+02,2.103620639723060322e+02,1.796414343816630890e+02,-3.665588945527404469e-02,1.187878739061795841e+02,3.960413550352929178e+03,0.000000000000000000e+00,3.998626919916179759e+03
1.709999999999922471e+00,1.666606785174914407e+01,7.196077599072131514e-01,-2.472665807483747646e-01,2.777264290396772584e+00,-2.665484126112158125e-01,-2.344610434649855524e+00,-2.392755557781674725e+02,8.439790373967730375e+01,1.448144310602655196e+02,-3.582082964179691964e-02,1.112128985259139569e+02,3.974203830855976776e+03,0.000000000000000000e+00,4.116218350094252855e+03
1.719999999999921370e+00,1.669306419630245486e+01,7.170222094189172557e-01,-2.711127320282422093e-01,2.627255038734232606e+00,-2.518678204618604033e-01,-2.428937690371864022e+00,-2.638990701258862828e+02,2.397760740442333827e+02,1.948568688035630885e+02,-3.551935896711194696e-02,1.027896908075628630e+02,3.551970887716674042e+03,0.000000000000000000e+00,4.328979388401656252e+03
1.729999999999920268e+00,1.671859020882926572e+01,7.157168556188324704e-01,-2.953411921959793740e-01,2.484174891467451296e+00,3.837791406071500849e-02,-2.402857328415967331e+00,-4.060062499182456577e+02,9.273555186830574257e+02,2.782535310112999696e+02,-3.351168587532527693e-02,8.751253278435052607e+01,3.906629064123336320e+03,0.000000000000000000e+00,5.040301401980357696e+03
1.739999999999919167e+00,1.674230392708083670e+01,7.191721813937160812e-01,-3.189594980387753242e-01,2.285086988910552730e+00,5.574827486491465978e-01,-2.322660339787873340e+00,-4.177476466516252458e+02,6.676582025396785411e+02,3.003860097799359892e+02,-3.135140832860476567e-02,7.617397879342449585e+01,3.681157492643242222e+03,0.000000000000000000e+00,4.972350920016724558e+03
1.749999999999918066e+00,1.676423070490645983e+01,7.261985667189676530e-01,-3.416151171093316785e-01,2.122130445763693363e+00,7.830839363101242956e-01,-2.219627894636656329e+00,-3.886831087120226584e+02,2.796210509323465203e+02,2.516192642393729102e+02,-2.986322568674557379e-02,6.975906737129976420e+01,3.217715156807062613e+03,0.000000000000000000e+00,5.187216217011437948e+03
1.759999999999916964e+00,1.678455645126139828e+01,7.345405174173843532e-01,-3.634794837754054542e-01,1.959581387430011201e+00,8.646988669701557439e-01,-2.165066870937089494e+00,-3.988241476075017999e+02,2.180237367289290660e+02,2.484098037989160161e+02,-2.832322155786655415e-02,6.328493820203378561e+01,3.672800035883899454e+03,0.000000000000000000e+00,5.528029789452163641e+03
1.769999999999915863e+00,1.680304909798263324e+01,7.437168865881860214e-01,-3.849614395050856008e-01,1.763371066708069979e+00,9.580132563303911386e-01,-2.128436612763610736e+00,-4.004294947760938044e+02,2.019338866332270186e+02,2.659118085483010532e+02,-2.689639483464224476e-02,5.575766318992487669e+01,3.995603266231830730e+03,0.000000000000000000e+00,5.287772568609487280e+03
1.779999999999914762e+00,1.681959776683290286e+01,7.537807147948213382e-01,-4.059784306815334420e-01,1.568616622653356663e+00,1.039958993902039497e+00,-2.078640274457764114e+00,-3.066523840452490504e+02,8.323734531040742013e+01,3.218233773131825046e+02,-2.542078761315945401e-02,4.858273323092975460e+01,4.203425212915696648e+03,0.000000000000000000e+00,4.968616648674621501e+03
1.789999999999913660e+00,1.683605318142308960e+01,7.646304330551096928e-01,-4.240002684854548010e-01,1.703619482264859597e+00,1.122405095360089033e+00,-1.580211030391159399e+00,-2.580566903224791986e+01,9.110872273926483444e+01,9.746258135518280596e+02,-2.418914863640556773e-02,3.084370990165761839e+01,5.830317729455045992e+03,0.000000000000000000e+00,7.063970495383842717e+03
1.799999999999912559e+00,1.685276256813791207e+01,7.761181670455480353e-01,-4.380920302778283371e-01,1.615039203434691872e+00,1.158832529057284511e+00,-1.293664984665437778e+00,-2.894205696750453853e+02,-9.648535542772593487e+01,5.368298041698240013e+02,-2.379233795071575980e-02,2.294444783828865653e+01,6.796178391749012007e+03,0.000000000000000000e+00,6.878945432224992146e+03
1.809999999999911457e+00,1.686771763994248374e+01,7.875896377675783988e-01,-4.499772855760973411e-01,1.380055427589909733e+00,1.128140408472002587e+00,-1.115734156689421219e+00,-3.715917965660451046e+02,-2.412326035757591001e+02,4.336726036505208413e+02,-2.383522998534878812e-02,1.590518657101819144e+01,7.390991817231618370e+03,0.000000000000000000e+00,7.438188160249925204e+03
1.819999999999910356e+00,1.688024345322090980e+01,7.983675815334853043e-01,-4.602190139539877878e-01,1.153795672557173635e+00,1.037248230158819062e+00,-9.319480944120069887e-01,-3.666449614912453399e+02,-2.996435778571764104e+02,6.169143401951566830e+02,-2.395009116133145141e-02,8.980053074578890460e+00,7.757216531436110017e+03,0.000000000000000000e+00,8.096423570673407994e+03
1.829999999999909255e+00,1.689044177664644408e+01,8.082141731994536560e-01,-4.681023197376853462e-01,9.049889900664263021e-01,9.224227314707319492e-01,-6.757487465098721557e-01,-5.088874653067748568e+02,-3.845911135995045242e+02,5.894925344931996278e+02,-2.440837687982246387e-02,3.997038773353363439e+00,8.005672683927015896e+03,0.000000000000000000e+00,9.426932304474494231e+03
1.839999999999908153e+00,1.689816289718261189e+01,8.161037261933898890e-01,-4.737051221566451753e-01,6.690557217322582462e-01,6.691116984628218134e-01,-4.677287108338759603e-01,-4.483599400009778719e+02,-3.761841884050450631e+02,6.296856782320285220e+02,-2.434720564209828103e-02,-1.599787407767507830e-01,7.575691529469480884e+03,0.000000000000000000e+00,9.627294118735435404e+03
1.849999999999907052e+00,1.690357757391074855e+01,8.210430171489624396e-01,-4.775594935831072863e-01,4.325439060653984980e-01,3.375982374839621714e-01,-3.267385960389152522e-01,-4.987319703328353739e+02,-5.487133744990951527e+02,5.067754390781033180e+02,-2.389670209905197032e-02,-4.899884172083104339e+00,8.468328067077100059e+03,0.000000000000000000e+00,9.416201030422091208e+03
1.859999999999905951e+00,1.690654094299965138e+01,8.229473151323046798e-01,-4.797560022851485306e-01,1.794151997916526575e-01,8.982597812331928611e-02,-1.318190517940031059e-01,-5.508644527262703150e+02,-4.088588167205120385e+02,4.487595758584483292e+02,-2.349743723315095636e-02,-9.334729971289098316e+00,9.004456874823586986e+03,0.000000000000000000e+00,8.951464409746744423e+03
1.869999999999904849e+00,1.690688238436904456e+01,8.228152568999546057e-01,-4.801344911784972136e-01,-8.562335473903591454e-02,-9.063468678314665072e-02,3.620380612713723634e-02,-5.545658686467679672e+02,-1.143640181651482379e+02,4.350826482214712314e+02,-2.378200312149982010e-02,-1.166023197259343469e+01,8.371211123005012269e+03,0.000000000000000000e+00,8.948925273405910048e+03
1.879999999999903748e+00,1.690465706055061190e+01,8.212965532286947701e-01,-4.788625843967592166e-01,-3.282181871683713670e-01,-2.174600995241614265e-01,1.885154274066070390e-01,-3.393371987377935284e+02,-3.371141907312394892e+02,4.922491217418958058e+02,-2.463514393159311686e-02,-1.213517908027169767e+01,8.290294329320306133e+03,0.000000000000000000e+00,9.508329044568701647e+03
1.889999999999902647e+00,1.690065560896620411e+01,8.179421978896840306e-01,-4.763181637068813479e-01,-4.455112066370162660e-01,-4.350135660244983105e-01,2.961746804063603022e-01,-8.158199218538510422e+01,-4.818127239806781290e+02,2.734436398866789659e+02,-2.474521798302469280e-02,-1.210648816011947915e+01,8.507571838505975393e+03,0.000000000000000000e+00,1.047409082459930505e+04
1.899999999999901545e+00,1.689585270305062892e+01,8.123738258376362875e-01,-4.731143652128310673e-01,-5.232804951665294135e-01,-6.364500555244311242e-01,3.371683545803460524e-01,-2.994864842441701285e+02,-1.585645418616752522e+02,3.506729553331220473e+02,-2.524543934459140895e-02,-1.421289166130778270e+01,9.275004061554651344e+03,0.000000000000000000e+00,1.025146601070480028e+04
1.909999999999900444e+00,1.688971185208737680e+01,8.056644242660523370e-01,-4.691622722812812118e-01,-6.743955179959902901e-01,-7.072893605296731723e-01,4.489918288901472709e-01,-2.444856853483038890e+02,-1.841548587547094087e+02,2.878883232196080826e+02,-2.562287694745767064e-02,-1.632348457118287754e+01,9.391132218190447020e+03,0.000000000000000000e+00,1.008890437989355996e+04
1.919999999999899343e+00,1.688215943773966643e+01,7.981324955983468694e-01,-4.643314636150047692e-01,-8.167399674323025938e-01,-7.899594012123775100e-01,5.149174441660381296e-01,-1.052226033092102853e+01,-2.229389169293410191e+02,4.992480278540385825e+02,-2.613426591702118496e-02,-1.777979890469037727e+01,8.774799158765223183e+03,0.000000000000000000e+00,1.112397431732830591e+04
1.929999999999898241e+00,1.687355369949739625e+01,7.896825276876543453e-01,-4.587147134287566375e-01,-9.161866038090233921e-01,-8.785967717231740748e-01,5.702506218563992979e-01,-2.574548340165879949e+02,2.115695996954292468e+01,3.064564646441976947e+02,-2.685841704417224474e-02,-1.943564301091671709e+01,9.932488755464462884e+03,0.000000000000000000e+00,1.049951937115009969e+04
1.939999999999897140e+00,1.686386393429857833e+01,7.809440357336521199e-01,-4.524672419114452726e-01,-1.005783851900402537e+00,-8.726133305001845253e-01,6.650323531724929849e-01,-2.421627528348803651e+02,-3.975823449783001706e+01,1.706028214507820735e+02,-2.667798278503115059e-02,-2.093060692126676869e+01,8.546492619594038842e+03,0.000000000000000000e+00,1.078699667170028079e+04
1.949999999999896039e+00,1.685349326078943122e+01,7.720675269903044535e-01,-4.456383333903204402e-01,-1.048147617770661899e+00,-9.093151930496407020e-01,6.908412485093278210e-01,1.017438771570758149e+01,-9.870517310911665732e+01,2.041064969969428944e+02,-2.703576887592332861e-02,-2.116445589067053135e+01,8.834698212529883676e+03,0.000000000000000000e+00,1.157236230222571430e+04
1.959999999999894937e+00,1.684277754791255433e+01,7.630582554072711243e-01,-4.388078184380975744e-01,-1.100114274271559278e+00,-8.656904784241660211e-01,6.770582323389047197e-01,-1.241488707155035058e+02,1.709508760426348886e+02,8.829368998845293959e+01,-2.739916102069231071e-02,-2.270777520032324404e+01,7.779196348469095938e+03,0.000000000000000000e+00,1.121913156260408869e+04
1.969999999999893836e+00,1.683174429592961019e+01,7.547817422674558685e-01,-4.323270635103186876e-01,-1.093742007612116929e+00,-7.938595838460756893e-01,6.243106528744191142e-01,2.244563590035402001e+01,1.774330552110034773e+02,8.822953902179648367e+00,-2.777846616854198411e-02,-2.437423071985313783e+01,7.745982926641068843e+03,0.000000000000000000e+00,1.136675462981265628e+04
1.979999999999892735e+00,1.682097166114940023e+01,7.474900178087326985e-01,-4.263752120283365032e-01,-1.028020839258066310e+00,-7.083164147111494779e-01,5.663091623679951114e-01,2.024473288789707794e+02,3.627607389116538172e+01,-1.339661984487279369e+02,-2.831348236268128524e-02,-2.554439157617299472e+01,7.855626091650340641e+03,0.000000000000000000e+00,1.176348124266434752e+04
1.989999999999891633e+00,1.681152573063572220e+01,7.405813823194484780e-01,-4.215305300641657982e-01,-8.656630238498490559e-01,-6.548564277432388225e-01,4.257682433300696845e-01,2.933898678178434238e+02,3.020285332972772494e+02,-1.040213015696356535e+02,-2.926794448884096483e-02,-3.023948903744852856e+01,8.583506665451473964e+03,0.000000000000000000e+00,1.131941869543648681e+04
1.999999999999890532e+00,1.680337047444827547e+01,7.354201728435846297e-01,-4.183494594637897079e-01,-7.886105109427102855e-01,-3.775404927122527621e-01,2.334150689562495828e-01,2.087588901095589904e+02,4.107655052456523777e+02,-2.034375127405650119e+01,-2.976526094913482107e-02,-3.457077237493931676e+01,8.900167282090345907e+03,0.000000000000000000e+00,1.257935206042662685e+04
2.009999999999889653e+00,1.679672924263304878e+01,7.322238644901009064e-01,-4.167094745993809579e-01,-5.653007056619929749e-01,-2.924549790772380531e-01,1.449849484663827404e-01,3.425992781982023416e+01,2.858918510506565553e+02,2.541024940026942431e+02,-3.018445743259496813e-02,-4.355756323760926563e+01,8.687862795411336265e+03,0.000000000000000000e+00,1.142654700901278920e+04
2.019999999999888551e+00,1.679190530901619027e+01,7.291242108929357757e-01,-4.155662050130218277e-01,-4.134381541157745032e-01,-3.452856056899484827e-01,7.355156956106106980e-02,2.155998267654267693e+02,-2.923369731661304627e+01,-3.214100597019682937e+01,-3.121430991359435900e-02,-5.348430240461767937e+01,9.749682174233559635e+03,0.000000000000000000e+00,1.077266695598197839e+04
2.029999999999887450e+00,1.678821605298846364e+01,7.258246278409518082e-01,-4.150236403898209803e-01,-3.277036260431879233e-01,-3.154180908478398382e-01,6.043995215418051375e-02,1.950619764065537538e+02,1.086287989493454376e+02,2.028354106147955918e+02,-3.210758038411284238e-02,-5.716963520729590442e+01,8.880638508151570932e+03,0.000000000000000000e+00,1.331577701617134699e+04
2.039999999999886349e+00,1.678537596099949525e+01,7.229963594031969532e-01,-4.146016590727741313e-01,-2.449235290623693884e-01,-2.598252076070048933e-01,1.293082228499179559e-02,1.270926305730843069e+02,1.913650545208258791e+02,8.908122809364601835e+01,-3.248990819264928331e-02,-5.884325513285995157e+01,9.948384714328996779e+03,0.000000000000000000e+00,1.293435378847678112e+04
2.049999999999885247e+00,1.678345848463241907e+01,7.208999843768034710e-01,-4.146702470281222741e-01,-1.351208748508068991e-01,-1.823765397236035979e-01,-1.050589958519788751e-02,7.471211068213676754e+01,2.140602721839909464e+02,1.123699909883782766e+02,-3.263838213675503142e-02,-5.968518797272498944e+01,1.020863485104190295e+04,0.000000000000000000e+00,1.356784769417211101e+04
2.059999999999884146e+00,1.678240575504601395e+01,7.196269394834375888e-01,-4.150749279708919603e-01,-7.392879604960865547e-02,-9.989218494665064174e-02,-6.210168131302599981e-02,-1.985149569147063175e+01,3.583872440471063783e+02,7.766476840486802757e+01,-3.288725052457379394e-02,-5.989345946236939966e+01,1.063596561883824143e+04,0.000000000000000000e+00,1.341275520236261218e+04
2.069999999999883045e+00,1.678190820792023175e+01,7.192281727534416413e-01,-4.159258441009786034e-01,-1.723121133503378172e-02,-6.164760321748247000e-03,-9.423752478843384905e-02,1.738205549348210184e+02,3.373807267243027752e+01,1.735837240958998109e+02,-3.323593980574689188e-02,-5.995668254021163079e+01,9.636023426037172612e+03,0.000000000000000000e+00,1.528085395364626493e+04
2.079999999999881943e+00,1.678195629846224080e+01,7.196019204666963542e-01,-4.172649632558640409e-01,3.681471126280395911e-02,5.949759129805905905e-02,-1.566691385086486921e-01,6.792760370444489126e+01,2.410705181127634091e+02,1.070379185433563407e+02,-3.356673583575425779e-02,-6.016778145182848192e+01,1.080155662817814846e+04,0.000000000000000000e+00,1.367483517971403489e+04
2.089999999999880842e+00,1.678271664322754830e+01,7.207341827023623360e-01,-4.190514379962766434e-01,1.096919617088150806e-01,1.412981370415849203e-01,-1.927996378938553745e-01,3.990285912884064601e+01,1.571033404903694191e+02,3.167545142769313316e+01,-3.366267958248459619e-02,-6.092706207781972694e+01,1.095869868372308156e+04,0.000000000000000000e+00,1.421285835757459608e+04
2.099999999999879741e+00,1.678424438441307132e+01,7.222737411094534155e-01,-4.209639165991792553e-01,1.889795311334904471e-01,1.524318676117509541e-01,-1.886709964273504958e-01,1.109533350944798258e+02,-2.665392516699080261e+01,-7.771477632342339348e+01,-3.364646274737170817e-02,-6.197228575452943744e+01,1.125337342275732590e+04,0.000000000000000000e+00,1.475124918625212376e+04
2.109999999999878639e+00,1.678652240952758845e+01,7.237637777530091521e-01,-4.230572398504937603e-01,2.612609044319134100e-01,1.349686343644053710e-01,-2.238927987654052709e-01,1.461448369448230551e+02,-4.034432692602371873e+01,-1.020146556023776725e+02,-3.361707510365864737e-02,-6.247428237517917893e+01,1.157370030129323095e+04,0.000000000000000000e+00,1.423244453847259319e+04
2.119999999999877538e+00,1.678921342478654211e+01,7.251705040977129979e-01,-4.255278806205374242e-01,2.669418091519096259e-01,1.455422620760168650e-01,-2.537362366740862907e-01,-1.343926848810808110e+02,7.691050939198402148e+01,6.817689803424491402e+01,-3.363199340614209804e-02,-6.341913719667395810e+01,1.168508463599254173e+04,0.000000000000000000e+00,1.549009206758223445e+04
2.129999999999876437e+00,1.679172435048621281e+01,7.266792596418311101e-01,-4.278978601077537136e-01,2.326264656813798459e-01,1.500937948296866276e-01,-2.143586785519693005e-01,-1.180807353988147952e+02,-2.412580332151279094e+01,2.569002171607962737e+02,-3.353137449127545355e-02,-6.450479646191224958e+01,1.152560265907857320e+04,0.000000000000000000e+00,1.707339183619575124e+04
2.139999999999875335e+00,1.679364655690176988e+01,7.280150661411457502e-01,-4.297960014439962118e-01,1.518391959933881041e-01,1.148726252379017460e-01,-1.699821771396825554e-01,-1.981468040399340680e+02,-7.289389014023224433e+01,3.017134998775113672e+02,-3.342085224844230235e-02,-6.514339373912753217e+01,1.134611440046750067e+04,0.000000000000000000e+00,1.800403538348181610e+04
2.149999999999874234e+00,1.679457914693933063e+01,7.288231941894299792e-01,-4.312361391622788753e-01,4.358458517090663120e-02,5.111995350048613440e-02,-1.221696887257546216e-01,-2.113895489418117108e+02,-1.078714672059254838e+02,3.022741347967155434e+02,-3.338721169939352917e-02,-6.551301830027995265e+01,1.125866475473444189e+04,0.000000000000000000e+00,1.842932069142751425e+04
2.159999999999873133e+00,1.679447713328901060e+01,7.289152675864127851e-01,-4.321620208323000978e-01,-5.352380393095619582e-02,-2.803196325382846174e-02,-7.191149419009110200e-02,-1.756307711131036626e+02,-1.585914842760854242e+02,2.814564470097726598e+02,-3.346916101500255203e-02,-6.592124561861936627e+01,1.134278301855066275e+04,0.000000000000000000e+00,1.914704617571761264e+04
2.169999999999872031e+00,1.679342020366748756e+01,7.282116199421289071e-01,-4.327092742774648615e-01,-1.464497425843681311e-01,-1.020771505873926815e-01,-4.463482326899002178e-02,-1.059868062651437413e+02,-1.062974101745870001e+02,2.527121174715035750e+02,-3.352415937077894009e-02,-6.666978516757498596e+01,1.199434633551935622e+04,0.000000000000000000e+00,1.955154998789415185e+04
2.179999999999870930e+00,1.679159170252260580e+01,7.269922045237783292e-01,-4.331170193869204876e-01,-2.144651898331575157e-01,-1.382019525749750011e-01,-5.606127866405331145e-02,-1.136958438146236290e+02,-1.125133629584642847e+02,9.416120956813301746e+01,-3.342848615872519996e-02,-6.735902215168985663e+01,1.280993443501616457e+04,0.000000000000000000e+00,2.050926841259194043e+04
2.189999999999869829e+00,1.678921487168558357e+01,7.253475994034580543e-01,-4.338840662840555695e-01,-2.488098300605677271e-01,-1.705304313870178168e-01,-7.757370473184826976e-02,-1.683264350059494063e+01,-2.675588672165257265e+01,1.686740761637672676e+02,-3.334706203806719199e-02,-6.799952634522679773e+01,1.424310525894087186e+04,0.000000000000000000e+00,2.081833882619428550e+04
2.199999999999868727e+00,1.678666591422906507e+01,7.235960392056129953e-01,-4.348481078195070570e-01,-2.513837554463405066e-01,-1.675159904152846713e-01,-1.168180999821115257e-01,5.339420747861277050e+01,1.546696461810306289e+00,7.540747049013225478e+01,-3.335695665548145394e-02,-6.854575551091133434e+01,1.736675947812867889e+04,0.000000000000000000e+00,1.872949561305135285e+04
2.209999999999867626e+00,1.678436481502623678e+01,7.219667158657119277e-01,-4.361418263468038736e-01,-2.067137754932761307e-01,-1.451709927081802909e-01,-1.246451763313693728e-01,6.246121503994640989e+01,3.133614572175842738e+01,1.315254933642459036e+02,-3.352673062042528518e-02,-6.959018476495906214e+01,1.571189495225356222e+04,0.000000000000000000e+00,2.116762826460052020e+04
2.219999999999866525e+00,1.678246917120630499e+01,7.206950747064877483e-01,-4.375248528131460701e-01,-1.776685849278289153e-01,-9.975875420463810317e-02,-1.332163438392117982e-01,4.587014777649937969e+01,1.210937460362168707e+02,3.186112707820774403e+02,-3.374904169495436534e-02,-7.065454933793657233e+01,1.587410307811119128e+04,0.000000000000000000e+00,2.535404268077161032e+04
2.229999999999865423e+00,1.678086765013719628e+01,7.199306462802250728e-01,-4.387323986368831252e-01,-1.474023750213035167e-01,-7.036319470697195710e-02,-1.214497996061020130e-01,4.019156800478299374e+01,2.007757416791693572e+01,1.726379316772795391e+02,-3.378673180786906372e-02,-7.150638034792218889e+01,1.654879715277351352e+04,0.000000000000000000e+00,2.708990742986173427e+04
2.239999999999864322e+00,1.677957545261928018e+01,7.193013310050200282e-01,-4.399598766285788276e-01,-1.219891509520399653e-01,-6.145635645349358661e-02,-1.161684447004697612e-01,-1.303271858785915356e+02,-2.753588210025279182e+01,2.404310097811264768e+02,-3.375852916469862519e-02,-7.208472011362296428e+01,1.674727291426641023e+04,0.000000000000000000e+00,2.950926053073649746e+04
2.249999999999863221e+00,1.677822061454924096e+01,7.186169907948752877e-01,-4.410573031254632625e-01,-1.372550316850577323e-01,-8.096859130741369814e-02,-1.120539794742868162e-01,-2.094925263501966128e+01,-1.163585581766483443e+02,1.187247759723315994e+02,-3.364701607805577893e-02,-7.217715919452065521e+01,1.705572312206136121e+04,0.000000000000000000e+00,3.083331573634011147e+04
2.259999999999862119e+00,1.677714794969719136e+01,7.174794221695630636e-01,-4.421219093828661073e-01,-4.972413682819429304e-02,-1.339796359324499919e-01,-9.533038762343322425e-02,1.549157054596018952e+02,-1.538520788694738428e+01,1.874342173286396473e+02,-3.335319459392445396e-02,-7.207466127800456945e+01,1.852101465823684703e+04,0.000000000000000000e+00,3.554011269075583550e+04
2.269999999999861018e+00,1.677708856571667795e+01,7.164433719976277537e-01,-4.428167657207448538e-01,3.816555357401761606e-02,-4.406761334898997434e-02,-3.943491579816050391e-02,1.278958773304160559e+02,3.497291837181596748e+02,3.009058087327925932e+02,-3.327934581079552978e-02,-7.167268307542829575e+01,2.294135091954805102e+04,0.000000000000000000e+00,3.633262845902328991e+04
2.279999999999859916e+00,1.677784051542787935e+01,7.166403203673767930e-01,-4.430279314420002557e-01,9.752301594782697425e-02,5.224486287891874636e-02,-1.581189210191422459e-02,3.509744698613860692e+01,9.087620557099378971e+01,1.700091288660815962e+02,-3.583599376803861536e-02,-7.045170935295550407e+01,2.557200549511540157e+04,0.000000000000000000e+00,3.805528050067336153e+04
2.289999999999858815e+00,1.677875017509029476e+01,7.172521495422542470e-01,-4.432396985561834479e-01,8.605746727115330674e-02,6.494897024359506943e-02,-2.941488094414389937e-02,-1.065898798649116088e+02,1.148558599427772009e+01,2.369598710633747487e+02,-3.920622196369377699e-02,-6.908223947877408477e+01,2.569642358249871540e+04,0.000000000000000000e+00,4.272923908539707918e+04
2.299999999999857714e+00,1.677992899654794812e+01,7.179142482732426833e-01,-4.437172943743828424e-01,1.706713551080379643e-01,6.397196897531799709e-02,-7.001795741774269333e-02,1.318943351305229044e+02,-3.055064941330224926e+01,8.861212139794156428e+01,-4.221129180679601689e-02,-6.794313484424216654e+01,2.685195724716458426e+04,0.000000000000000000e+00,4.357592054353386629e+04
2.309999999999856612e+00,1.678199772029041270e+01,7.185928534658985178e-01,-4.445853590360829832e-01,2.235776103984219443e-01,7.292698948749459786e-02,-9.485987898429570908e-02,7.780341236574088271e+01,-2.012178603016614176e+01,2.059076545151365281e+02,-4.471398024328557264e-02,-6.805898093596789522e+01,2.654592529206913241e+04,0.000000000000000000e+00,4.650574854797627631e+04
2.319999999999855511e+00,1.678431110494450706e+01,7.193655173112321055e-01,-4.454606382046039648e-01,2.273168361583162156e-01,7.969373441815839898e-02,-8.013468232290703319e-02,-2.645692227126187390e+01,-1.865876206666207793e+00,2.061294116215844952e+02,-4.636152156485441600e-02,-6.956107644987727667e+01,2.763406709930986835e+04,0.000000000000000000e+00,4.772530126047554950e+04
2.329999999999854410e+00,1.678600542060265255e+01,7.199283851876945306e-01,-4.462510496657754455e-01,1.208119466214432336e-01,3.763340333226159601e-02,-7.229157944481817699e-02,-1.888098286077749890e+02,-3.397231720307427594e+01,2.832674313172390157e+02,-4.697268108991022040e-02,-7.157693400931674432e+01,2.591304231165345846e+04,0.000000000000000000e+00,5.105535730628240708e+04
2.339999999999853308e+00,1.678700713063323846e+01,7.202691232045566050e-01,-4.469374368382394436e-01,8.550125512824398311e-02,3.128134499881017605e-02,-6.298018033847817276e-02,-3.952412631164895629e+01,-4.244666345767836191e+00,2.163984351626802436e+02,-4.657767399408756226e-02,-7.243394639876417784e+01,2.594190980140047759e+04,0.000000000000000000e+00,5.142137870562689204e+04
2.349999999999852207e+00,1.678766870073545192e+01,7.204787080057443172e-01,-4.474081408156800332e-01,4.509064998090289017e-02,8.228690976703846582e-03,-3.438826252798344446e-02,-1.116750314492732059e+02,-9.306208493367813617e+01,2.231396549669705109e+02,-4.639617342115773951e-02,-7.275619987306697567e+01,2.607098799386930477e+04,0.000000000000000000e+00,5.228871740737668006e+04
2.359999999999851106e+00,1.678790301239947524e+01,7.204178828673071244e-01,-4.477068712763728753e-01,1.581198388262717441e-02,-1.114612034125792364e-02,-2.504452586949240667e-02,-4.709572547910568119e+01,-3.766394965815792517e+01,2.075433677407338564e+02,-4.627782866672563999e-02,-7.277684693645774416e+01,2.626242529252580789e+04,0.000000000000000000e+00,5.295447710695468413e+04
2.369999999999850004e+00,1.678800747197756849e+01,7.202672141117422155e-01,-4.479360281209084360e-01,8.429519938750565031e-03,-1.666229080690884157e-02,-2.118705578398548048e-02,-3.915820329200766992e+01,-1.852611677072586360e+01,2.179625023103542389e+02,-4.623373688861673325e-02,-7.274822517183484649e+01,2.655649948228401627e+04,0.000000000000000000e+00,5.341237130436040025e+04
2.379999999999848903e+00,1.678808761081888079e+01,7.200866062961012171e-01,-4.481159416436751308e-01,5.490502698883843562e-03,-1.963469925910403882e-02,-1.687674531247317783e-02,-2.997872284455058889e+01,-1.100227722523008111e+01,2.105703264599949307e+02,-4.636387276281413866e-02,-7.267868868684901429e+01,2.675516302470049050e+04,0.000000000000000000e+00,5.388500864201049990e+04
2.389999999999847802e+00,1.678816886639427608e+01,7.198986848724729937e-01,-4.482673299892911967e-01,2.959963845302511932e-03,-2.143350390887576590e-02,-1.582715916663667358e-02,-1.494937090762891785e+01,-1.412623274691175723e+01,1.971348869164301050e+02,-4.649824486906686122e-02,-7.256356796726673508e+01,2.694730209441571787e+04,0.000000000000000000e+00,5.416436713185832195e+04
2.399999999999846700e+00,1.678822137593594022e+01,7.197490067620223586e-01,-4.484466075977704969e-01,-3.413672962397993303e-03,-1.343970493100573801e-02,-1.831612494803774860e-02,-8.328790719032213019e+01,-1.199831945858798576e+02,3.083530373962580597e+02,-4.653882967498735451e-02,-7.242451854521326027e+01,2.907986171148130961e+04,0.000000000000000000e+00,5.631810467048588907e+04
2.409999999999845599e+00,1.678821167202839604e+01,7.195665245979697699e-01,-4.485552941877677391e-01,-1.740682253215383382e-05,-1.527621179478158737e-02,-1.268343208687000741e-02,-2.532400570023673936e+01,1.192909576481370770e+01,1.500654641552398516e+02,-4.665866108779034849e-02,-7.232451918563278070e+01,2.796029429435733618e+04,0.000000000000000000e+00,5.569201020792364579e+04
2.419999999999844498e+00,1.678821907373611211e+01,7.193662801669211682e-01,-4.487275632688787486e-01,1.903750103493941082e-02,-2.826670887453345410e-02,-2.115346495546848241e-02,8.430123607138511943e+00,3.649542827031471859e+01,1.413194822893181026e+02,-4.671589041195260694e-02,-7.230552683059423202e+01,2.876861269873838683e+04,0.000000000000000000e+00,5.566401067887794488e+04
2.429999999999843396e+00,1.678847906028691384e+01,7.189458779529636079e-01,-4.490567431021766920e-01,3.429326576329180115e-02,-5.569664584160288756e-02,-3.792678609464224943e-02,9.922708898134374067e+01,3.235345082673605077e+01,9.889031383712836032e+01,-4.700401553816874883e-02,-7.227301842343622695e+01,3.072286676118911419e+04,0.000000000000000000e+00,5.229397780340769532e+04
2.439999999999842295e+00,1.678890207537493851e+01,7.184825814724320470e-01,-4.493929769714242739e-01,3.041862647471896622e-02,-4.251519564696433495e-02,-3.082740009160601924e-02,-8.290660937018742516e+01,9.434638555964625084e-01,2.504167334782841863e+02,-4.733655218179999569e-02,-7.171777551040909771e+01,2.821157251321156218e+04,0.000000000000000000e+00,5.802522144641205523e+04
2.449999999999841194e+00,1.678913946495329057e+01,7.180559666219947790e-01,-4.496955961580379468e-01,3.287892588513285919e-02,-3.738082325049377208e-02,-2.693872514986541539e-02,-1.147075531410496296e+01,3.475115442069979110e+01,2.626062491059187778e+02,-4.763694179583467109e-02,-7.112041428255861319e+01,2.707943533644559284e+04,0.000000000000000000e+00,5.832374876803228835e+04
2.459999999999840092e+00,1.678938568373591522e+01,7.176648245450810704e-01,-4.498941840865097186e-01,1.566536877201170352e-02,-3.932782103293453596e-02,-1.492536021240146657e-02,-2.408368241736786786e+01,-4.451769957794226684e+00,2.220363577211296615e+02,-4.784454791044039784e-02,-7.096762759161697431e+01,2.735388988944740049e+04,0.000000000000000000e+00,5.909592757226854155e+04
2.469999999999838991e+00,1.678961002717189643e+01,7.173021248883193479e-01,-4.500775406456756778e-01,2.592647266314102028e-02,-3.236312104114475591e-02,-2.129227752699571971e-02,-6.223021444694245474e+01,2.751764797206438118e+01,2.232755848160495589e+02,-4.805107838242805157e-02,-7.119206905237322758e+01,2.702377846233415039e+04,0.000000000000000000e+00,5.986388729916611192e+04
2.479999999999837890e+00,1.678977295524929048e+01,7.170457362791672340e-01,-4.502704445327678218e-01,2.337606674725236852e-02,-1.902646252306505401e-02,-1.590195505582825408e-02,5.798460383046381139e+01,-4.251924144147430695e+01,1.221830917417980800e+02,-4.826536024423573601e-02,-7.142619153594864656e+01,2.970387580302589777e+04,0.000000000000000000e+00,5.530424425902123039e+04
2.489999999999836788e+00,1.678993502784474856e+01,7.167682713915219939e-01,-4.503747370179677634e-01,1.750235984602048836e-02,-2.928715742584956164e-02,-1.095943822220521446e-02,5.842611278453546220e+01,-8.410526202001165075e-01,1.207811335245348801e+02,-4.845194107955939911e-02,-7.159660431224460808e+01,2.984986853854290894e+04,0.000000000000000000e+00,5.525393631102502695e+04
2.499999999999835687e+00,1.679003818673827553e+01,7.165134856718839984e-01,-4.504802097421467533e-01,2.561716309307177433e-03,-2.210629585374871559e-02,-1.073881683034853818e-02,8.778495442065991483e+01,1.973717722054999513e-01,1.032497303480656683e+02,-4.858529055160806104e-02,-7.171987376130601888e+01,2.998920454079527917e+04,0.000000000000000000e+00,5.534768695971580746e+04
2.509999999999834586e+00,1.679015005158696283e+01,7.163007902733709020e-01,-4.505538390123274284e-01,1.267869387633719334e-02,-2.143487047945515089e-02,-6.947462908334587836e-03,6.621263013572320233e+01,1.268637202179530732e+01,1.111670542592842139e+02,-4.873129267880714488e-02,-7.185470046136248357e+01,3.013103222542229923e+04,0.000000000000000000e+00,5.527503918600153702e+04
2.519999999999833484e+00,1.679028503372321524e+01,7.161253761021986186e-01,-4.506458906707192513e-01,1.062219556841566791e-02,-1.353223180436391275e-02,-1.041278424786236390e-02,4.041218948926689336e+01,1.010020672157683919e+01,1.193599544648059236e+02,-4.881569004546267021e-02,-7.193979202692601405e+01,3.058743606383055157e+04,0.000000000000000000e+00,5.546179627646906010e+04
2.529999999999832383e+00,1.679040495114767850e+01,7.159679565431719128e-01,-4.507278286374938880e-01,2.104915473320444902e-02,-1.490987148819658895e-02,-1.476710843771965494e-02,5.883279215868765277e+01,1.817396656292976331e+01,1.283241212347211331e+02,-4.893173207928083746e-02,-7.198609970637195943e+01,3.086371876654954394e+04,0.000000000000000000e+00,5.544077241273645632e+04
2.539999999999831282e+00,1.679057099389496344e+01,7.157813367201164567e-01,-4.508560272391405888e-01,2.177590401940145137e-02,-1.851800302111678703e-02,-1.251703354787261392e-02,-3.908018659802655748e+01,-1.483922164698630297e+01,2.228514871629001846e+02,-4.906193539628164735e-02,-7.202607188413846018e+01,2.828341548312813029e+04,0.000000000000000000e+00,6.041018367806410242e+04
2.549999999999830180e+00,1.679070194877356315e+01,7.155782699423651749e-01,-4.509801145863621685e-01,1.837852751472430352e-02,-1.905283424727930580e-02,-9.640867445080393561e-03,-3.711617986857913820e+01,-2.644093859518022782e+01,2.384217785382863894e+02,-4.919751959290767640e-02,-7.213067591245183507e+01,2.861515333780738001e+04,0.000000000000000000e+00,6.006593026164403273e+04
2.559999999999829079e+00,1.679086013803539856e+01,7.153803753843046564e-01,-4.511012455492054429e-01,1.773912920053218045e-02,-1.765020561056008380e-02,-1.510107759342359073e-02,-3.643898946513922965e+01,-7.510635922444890866e+00,2.271508371076822641e+02,-4.932249415176769708e-02,-7.221727091736234172e+01,2.880626558489844319e+04,0.000000000000000000e+00,6.064531713737932296e+04
2.569999999999827978e+00,1.679101510372817785e+01,7.151998984871679177e-01,-4.512170398207707156e-01,1.059062996031983825e-02,-1.977450176141079888e-02,-1.006892779020474027e-02,-3.839378685291057991e+01,1.973242760089685532e+01,1.977089694561550459e+02,-4.946193061168014521e-02,-7.230697537669712460e+01,2.932292032111655135e+04,0.000000000000000000e+00,6.096144455770843342e+04
2.579999999999826876e+00,1.679114596796455317e+01,7.150582382583641206e-01,-4.513161833229274444e-01,1.360045936652697941e-02,-9.809698447659206955e-03,-8.412740555613711438e-03,-2.040240618904817893e+00,3.055197972622001146e+01,1.164438505609925869e+02,-4.956086925983154562e-02,-7.242332050102540109e+01,3.061955833284937398e+04,0.000000000000000000e+00,6.057992223446723801e+04
2.589999999999825775e+00,1.679126780745142256e+01,7.149930413832905618e-01,-4.514036044761534083e-01,5.520184594691284960e-03,-7.896041194798249924e-03,-7.458898893490898720e-03,-1.935826730784560823e+01,-1.498885754045609531e+01,2.035757452831537648e+02,-4.962025296992290252e-02,-7.248193587829742057e+01,2.980217636334497365e+04,0.000000000000000000e+00,6.096289785707637930e+04
2.599999999999824674e+00,1.679136734543431331e+01,7.149486487291228931e-01,-4.514736691705746319e-01,1.703978187821473395e-02,-1.462256402786787750e-03,-7.829865829531405461e-03,7.727917015762545816e+01,5.067749825671178598e+01,1.278854147638787708e+02,-4.967507951314496101e-02,-7.257193776336151814e+01,3.266775564606099215e+04,0.000000000000000000e+00,5.571214500616271835e+04
2.609999999999823572e+00,1.679150371363738259e+01,7.149172304814156442e-01,-4.515446265178171270e-01,1.517390684458985728e-02,-2.160928278022255285e-03,-6.457711716967128555e-03,-3.955566115576561970e+01,-3.681171558466678562e+01,2.202143974457362674e+02,-4.969307575915705988e-02,-7.271490013108150663e+01,3.049839326788530525e+04,0.000000000000000000e+00,6.104973953178942611e+04
2.619999999999822471e+00,1.679162184818883929e+01,7.148908195059061610e-01,-4.516224804211197985e-01,1.660271368151332999e-02,2.245820725784699635e-03,-1.089736596306630986e-02,2.716435204991398678e+01,2.262932083224747259e+01,2.035943681979033499e+02,-4.973234424738778164e-02,-7.282764894891167273e+01,3.019117207915045583e+04,0.000000000000000000e+00,6.054606874695973966e+04
2.629999999999821370e+00,1.679181340194325500e+01,7.149182356915991798e-01,-4.517151243767940083e-01,6.573835823267770891e-03,-3.352245113615450172e-03,-7.645372311484112046e-03,6.539215157554463076e+01,8.133618288738266244e+01,1.182100106821646932e+02,-4.978868093258220079e-02,-7.292953793940868934e+01,3.353973331220104592e+04,0.000000000000000000e+00,5.593401266343480529e+04
2.639999999999820268e+00,1.679190853826780483e+01,7.149049054264160485e-01,-4.517792379610571230e-01,1.434491961019948233e-02,-1.836818425585399648e-03,-4.627499899146916840e-03,-4.620158476831420558e+01,-3.209579356143065354e+01,2.304211431389378504e+02,-4.981488930101062029e-02,-7.297083524280272115e+01,3.182475951806882949e+04,0.000000000000000000e+00,6.126191291571618785e+04
2.649999999999819167e+00,1.679196285194863592e+01,7.148466193375538902e-01,-4.518281446792189460e-01,6.323485834335228727e-03,-5.998543800021413977e-03,-4.399302589918678043e-03,-3.041656345687260909e+01,-1.236276950321435208e+01,2.153163233382986164e+02,-4.984408463091991731e-02,-7.303160286646428290e+01,3.173545384968501821e+04,0.000000000000000000e+00,6.138693336410600750e+04
2.659999999999818066e+00,1.679201125342995482e+01,7.147841441659940065e-01,-4.518733332767708721e-01,2.826583818820603035e-03,-7.158338259310263567e-03,-5.073429001875236037e-03,8.516791827152951555e+01,7.039425643523179588e+01,1.127138230245354862e+02,-4.987091139145460872e-02,-7.310813129036800717e+01,3.370776335823753470e+04,0.000000000000000000e+00,5.591128230061422801e+04
2.669999999999816964e+00,1.679208244306110132e+01,7.147340979839650332e-01,-4.519161997573672429e-01,4.963996359561738056e-03,-6.361038522493904328e-03,-4.003105861991663669e-03,-3.157012200574536109e+01,-3.165431865510527132e+00,2.045653157595102130e+02,-4.990733240435437507e-02,-7.321013227084476682e+01,3.220565946742615779e+04,0.000000000000000000e+00,6.164165305950723996e+04
2.679999999999815863e+00,1.679217113836362074e+01,7.146992687178007619e-01,-4.519854660643589095e-01,1.080443265654349415e-02,-2.489593170148397122e-03,-8.817711296995659614e-03,2.165578155320417864e-01,1.753617911007559371e+01,1.969910644198089358e+02,-4.996003848772755107e-02,-7.326220155676465140e+01,3.202033867456911321e+04,0.000000000000000000e+00,6.068047977491738129e+04
2.689999999999814762e+00,1.679228461009618201e+01,7.146613205114591416e-01,-4.520437037920561063e-01,2.637014598464966844e-03,-7.578184664615112906e-03,-5.707207144056669103e-03,8.099932474932074911e+01,4.920859225982222540e+01,1.021358379593095833e+02,-4.998447112569037731e-02,-7.328201077026012911e+01,3.340659423540390708e+04,0.000000000000000000e+00,5.561073972420697100e+04
2.699999999999813660e+00,1.679234718906178259e+01,7.146002188051309156e-01,-4.520961778430797051e-01,8.059712263928753978e-03,-4.184636096789647736e-03,-4.828948944974036962e-03,4.931633034895116907e+01,5.727589539681947883e+01,1.398345010950997676e+02,-5.000739220367202142e-02,-7.325251484683317926e+01,3.494964395683528710e+04,0.000000000000000000e+00,5.637714320285586291e+04
2.709999999999812559e+00,1.679240444302381974e+01,7.145570900885330756e-01,-4.521404330013878425e-01,7.382222144717551227e-03,-3.193972093594106207e-03,-3.744013327585670424e-03,-3.537817324551610909e+01,-2.344229133054858494e+01,2.195349776824982655e+02,-5.004493059721388387e-02,-7.328452005934630620e+01,3.306950691899166850e+04,0.000000000000000000e+00,6.199007511332057766e+04
2.719999999999811457e+00,1.679248829198644088e+01,7.145356426095718083e-01,-4.521922206681889267e-01,6.480592075467390446e-03,-1.753232129122890299e-03,-5.869420698583744864e-03,-3.503673244683227495e+01,-2.898864830880610555e+01,2.170356571097054257e+02,-5.000812089529376586e-02,-7.336622009378019982e+01,3.352476096738593333e+04,0.000000000000000000e+00,6.202073553980634460e+04
2.729999999999810356e+00,1.679253851613932369e+01,7.145095325734807101e-01,-4.522393663170075628e-01,5.484829887473861854e-03,-3.515964635757038055e-03,-3.512274117060077468e-03,-3.481181594064173623e+01,-2.213209881941628510e+01,2.056764616048283187e+02,-5.009668394824016296e-02,-7.337911509214410444e+01,3.355643765074420662e+04,0.000000000000000000e+00,6.219804553494981519e+04
2.739999999999809255e+00,1.679261154061234507e+01,7.144919259187024752e-01,-4.522794385425518704e-01,7.301452925406035598e-03,-6.910411337366405629e-04,-4.276819376631848385e-03,-3.421993633663669243e+01,-1.821906448275720436e+01,2.092534928333500375e+02,-5.013626689651165536e-02,-7.340738807737390914e+01,3.401859461671082681e+04,0.000000000000000000e+00,6.215513898996130592e+04
2.749999999999808153e+00,1.679274108639534901e+01,7.145100642659582002e-01,-4.523502488551860434e-01,2.847725825844547518e-02,1.081286096410645492e-02,-1.002626804984029299e-02,-1.607542276036770090e+01,-1.262601250973774114e+01,2.307674320613764394e+02,-5.008662390509387857e-02,-7.340994203850907240e+01,3.302490300387587195e+04,0.000000000000000000e+00,6.144146822602218163e+04
2.759999999999807052e+00,1.679287646481518692e+01,7.145359288736587988e-01,-4.524266452906068325e-01,9.247538627611719131e-03,-2.878344957338449745e-04,-5.985250743961697054e-03,-3.545128842511485345e+01,-3.943633817925203289e+01,2.209210919178863151e+02,-5.013896334579796832e-02,-7.341284774059435847e+01,3.364774546642840141e+04,0.000000000000000000e+00,6.234082403116044588e+04
2.769999999999805951e+00,1.679292229393711366e+01,7.145128987479377747e-01,-4.524800519071424665e-01,3.078979867516536389e-03,-2.125943915386072861e-03,-5.108706310241462913e-03,-2.000517601144588298e+01,-1.322334382629488658e+01,2.077287147843735511e+02,-5.017874479416600808e-02,-7.335769970785673877e+01,3.381296445045916334e+04,0.000000000000000000e+00,6.260467358458371746e+04
2.779999999999804849e+00,1.679296748746952161e+01,7.144971018536634411e-01,-4.525280992234141930e-01,8.692242159308015761e-03,6.037086798720382253e-04,-3.981363081215933200e-03,-3.645080676590669100e+01,-2.658540011763444966e+01,2.223141446295082915e+02,-5.019457629767393875e-02,-7.327558249937750645e+01,3.455463041645414341e+04,0.000000000000000000e+00,6.273155409122344281e+04
2.789999999999803748e+00,1.679300526609370436e+01,7.144852965249410826e-01,-4.525713328842216887e-01,1.524631188625522049e-02,4.551718906196789219e-03,-5.783076314499445425e-03,-5.357453496074958821e+01,-4.142095310198844516e+01,2.276733390186971064e+02,-5.022338588288552397e-02,-7.318076371120375256e+01,3.491377138267408009e+04,0.000000000000000000e+00,6.288115957608387544e+04
2.799999999999802647e+00,1.679308429479409170e+01,7.145038128965089941e-01,-4.526212776691542761e-01,5.287293539891743492e-03,5.689365833264110753e-04,-4.015825314847727527e-03,-3.171573387289413404e+01,-3.293894231641948522e+01,2.167333359281901721e+02,-5.023095722714957662e-02,-7.311556246941154313e+01,3.559340220989297814e+04,0.000000000000000000e+00,6.296584879263408948e+04
2.809999999999801545e+00,1.679312086639668422e+01,7.144911755155531896e-01,-4.526605345672659042e-01,8.654048560043510821e-03,1.640502514495928996e-03,-3.948516401747302097e-03,-1.933364232839448960e+01,-3.568104841356327483e+01,2.125079506043377933e+02,-5.023771617149697111e-02,-7.302170050333921836e+01,3.456803786976708216e+04,0.000000000000000000e+00,6.257899390427636536e+04
2.819999999999800444e+00,1.679315273336811742e+01,7.144691980788729913e-01,-4.526975659821245168e-01,-8.023757744281922837e-04,-4.789321252854400641e-03,-3.872887766932725864e-03,9.759213773191686414e+01,9.298012298756016492e+01,1.027405175509466062e+02,-5.026125413022985988e-02,-7.294068158413179503e+01,3.726637822471949039e+04,0.000000000000000000e+00,5.729343779491864552e+04
2.829999999999799343e+00,1.679318656118861597e+01,7.144490618861182307e-01,-4.527297524354508829e-01,7.514969258930082052e-03,-2.000274563965699897e-03,-4.407996687923701473e-03,-3.473403567041350470e+01,-1.786032106454226209e+01,2.091030054876546274e+02,-5.027634939699029970e-02,-7.298229403826631767e+01,3.553786082173683826e+04,0.000000000000000000e+00,6.328151283588562364e+04
2.839999999999798241e+00,1.679320839799012077e+01,7.144192495873524784e-01,-4.527842671484969550e-01,-1.895807006554638347e-03,-4.267772512085237467e-03,-5.605038241664140643e-03,9.996329699736497787e+01,8.161277364035059634e+01,8.511912387850770756e+01,-5.030282024249970591e-02,-7.307051696543335595e+01,3.678138031260464777e+04,0.000000000000000000e+00,5.773531950567627064e+04
2.849999999999797140e+00,1.679323180279149241e+01,7.143850417740172931e-01,-4.528428354331442418e-01,2.971210978034609634e-03,-3.260988474446468045e-03,-5.544256222361102632e-03,-1.691364018877379749e+01,-2.398830548055127565e+01,2.165448249659752946e+02,-5.031392321331564638e-02,-7.315487805156934087e+01,3.576055671330131008e+04,0.000000000000000000e+00,6.413061178579515399e+04
2.859999999999796039e+00,1.679326771744491253e+01,7.143534599785568151e-01,-4.528944642454268421e-01,8.679249378551240693e-03,-1.983358723358692993e-03,-5.244167806765077586e-03,-1.957985804858913070e+01,-2.478203089140673399e+01,2.120886361536565801e+02,-5.035420091335544857e-02,-7.319843078868146335e+01,3.566801672050367051e+04,0.000000000000000000e+00,6.387082203782036959e+04
2.869999999999794937e+00,1.679330660373822681e+01,7.143103439173251745e-01,-4.529401908062418713e-01,1.296578876822315112e-03,-6.711400679516373903e-03,-4.477312490548313560e-03,-6.456966698136511695e+00,-3.057232714386690020e+01,1.883698578051200911e+02,-5.038703922093749898e-02,-7.327650315698446093e+01,3.421863798492187925e+04,0.000000000000000000e+00,6.422397279895533575e+04
2.879999999999793836e+00,1.679336380861040823e+01,7.142285574920852476e-01,-4.529971097226453969e-01,4.703654593335372842e-03,-8.875723140241337933e-03,-5.579656132475495529e-03,-3.136122609960580121e+01,3.150830471805591060e+00,2.191649639919055517e+02,-5.043231600033409173e-02,-7.335940726427858749e+01,3.669396540478472161e+04,0.000000000000000000e+00,6.479185150651681761e+04
2.889999999999792735e+00,1.679340782061733606e+01,7.141578765289094965e-01,-4.530468344840246075e-01,1.312878779822509306e-02,-2.930853870601658664e-03,-5.982153342860101024e-03,-1.897811464728238207e+01,-8.527992705881175084e+01,1.918012561664922941e+02,-5.049018884480020730e-02,-7.338861880156305517e+01,3.225585148001662310e+04,0.000000000000000000e+00,6.473218749394339102e+04
2.899999999999791633e+00,1.679345558418440376e+01,7.140898336874140773e-01,-4.530981901931228628e-01,1.113779085949308289e-03,-7.346463925138132026e-03,-4.152488281447277128e-03,-3.201294605653401959e+00,-2.333764703298814425e+01,1.907327796657382351e+02,-5.054840210175298026e-02,-7.348055514466366844e+01,3.471010127743757039e+04,0.000000000000000000e+00,6.467016914899055701e+04
2.909999999999790532e+00,1.679352116262926131e+01,7.140254456861303556e-01,-4.531472336864748596e-01,1.710179714975702814e-02,-1.036826424417188050e-03,-5.374805601456832983e-03,-4.020220770946639277e+01,-1.912221130844744721e+01,2.435683330352599114e+02,-5.055942155134941079e-02,-7.355521576143108575e+01,3.622677728665755421e+04,0.000000000000000000e+00,6.498877906324028299e+04
2.919999999999789431e+00,1.679358066569862373e+01,7.139668383804657070e-01,-4.531899765801220004e-01,3.509757038449395645e-03,-6.142630201457974053e-03,-3.322078042327235043e-03,-2.904374859918789298e+01,-7.614564017671094120e+01,1.920687932181722317e+02,-5.064126973527621062e-02,-7.360276535232198114e+01,3.381435774664926430e+04,0.000000000000000000e+00,6.525716249261251505e+04
2.929999999999788329e+00,1.679359524594497088e+01,7.138788032618628154e-01,-4.532313403385934136e-01,1.066946324635813497e-03,-8.827365125299984142e-03,-3.910936470447893588e-03,1.806813067306320590e+02,1.587504989726212727e+02,5.596186484030386055e+01,-5.068780767462917336e-02,-7.370346406976551634e+01,3.704896125791663508e+04,0.000000000000000000e+00,5.834358688235642330e+04
2.939999999999787228e+00,1.679367469532462209e+01,7.138243471153907782e-01,-4.532880480924824096e-01,1.278482458954787251e-02,-1.011825475732074662e-03,-5.250026578251753423e-03,7.237070574261679212e+00,-1.394531893820422397e+01,2.274574675060807749e+02,-5.071982939743031882e-02,-7.383626034613558886e+01,3.604842268143239926e+04,0.000000000000000000e+00,6.450441876059754577e+04
2.949999999999786127e+00,1.679372813612965487e+01,7.137708090801618832e-01,-4.533092463994770616e-01,1.066823147579351073e-02,3.683784772242986415e-03,-1.373847793264906109e-03,-2.188103315508396918e+01,-1.356388752071507042e+01,2.194937180515426007e+02,-5.075629659335458704e-02,-7.393791392000915152e+01,3.612995151475897728e+04,0.000000000000000000e+00,6.515677510894648731e+04
2.959999999999785025e+00,1.679381932314942460e+01,7.138085163300642577e-01,-4.533411807116837222e-01,2.288335876774276467e-02,1.213244428826654175e-02,-5.129400572681809198e-03,-3.294317410543158076e+01,-4.021098969685112934e+01,2.325278230345984412e+02,-5.075454968093433272e-02,-7.405797098901690845e+01,3.740802598358265095e+04,0.000000000000000000e+00,6.458390159374280483e+04
2.969999999999783924e+00,1.679392038888925853e+01,7.138173575129792559e-01,-4.533877466259861877e-01,-3.549234241681171781e-04,-6.904087512748456265e-03,-4.566189002321410437e-03,-1.654187312994865806e+02,-1.855308609408928362e+02,2.607246996315361685e+02,-5.099787721575758243e-02,-7.419731339950342885e+01,3.772599492596901109e+04,0.000000000000000000e+00,6.606615808304934762e+04
2.979999999999782823e+00,1.679382800410095555e+01,7.136785432110592797e-01,-4.533743255921442450e-01,2.630165299287572436e-03,-1.049450708125511302e-03,-1.027450609829711099e-03,-5.975678216243977658e+00,-5.714993358636155563e+01,2.389947711881877694e+02,-5.159575157902986792e-02,-7.421840251001817990e+01,3.580367791348078754e+04,0.000000000000000000e+00,6.693872416690476530e+04
2.989999999999781721e+00,1.679397107211786988e+01,7.136698678828727882e-01,-4.534455047540084105e-01,3.369813444746923292e-02,4.851094148488434461e-03,-1.582361339571160611e-02,-9.198713229365512234e+01,-6.226945786535543448e+01,2.167710960946765226e+02,-5.200447527572484713e-02,-7.455185763932384191e+01,3.910149306087328296e+04,0.000000000000000000e+00,6.572733032274484867e+04
2.999999999999780620e+00,1.679414101081903254e+01,7.136104181718647688e-01,-4.536086853491607673e-01,6.109667137115448385e-03,-1.619871536173818002e-02,-1.623883592741227552e-02,9.343031511921162746e+01,8.268639101080157161e+01,6.866897296612432910e+01,-5.262080543924346071e-02,-7.495128839247161068e+01,4.066316853012518550e+04,0.000000000000000000e+00,6.121720713640280883e+04
3.009999999999779519e+00,1.679427834279579557e+01,7.134719872502901516e-01,-4.537739149040779796e-01,1.637500465806333502e-02,-1.479611120263689059e-02,-1.576794274986722741e-02,-4.796883733668937566e+01,-4.958855953937728600e+01,3.203425484147142015e+02,-5.335940911843100459e-02,-7.528095879893623987e+01,3.649931361770344665e+04,0.000000000000000000e+00,6.842364526087211561e+04
3.019999999999778417e+00,1.679442020418991532e+01,7.132964073142407102e-01,-4.539122629237156703e-01,1.618366361868715797e-02,-1.710065161012048682e-02,-1.327187166294392477e-02,-6.741403491678534010e+01,-7.802781170226992913e+01,2.536184440274919325e+02,-5.390537596719414265e-02,-7.532483204609226846e+01,3.746010470586879819e+04,0.000000000000000000e+00,6.951422800546625513e+04
3.029999999999777316e+00,1.679453994430566866e+01,7.130920263977773566e-01,-4.540378046954717806e-01,1.534390159899604034e-02,-1.796734282900397731e-02,-1.334744055348645667e-02,-5.169332129899112260e+01,-1.825343505586573656e+01,2.238083747354403386e+02,-5.453164564265153280e-02,-7.550108049506738439e+01,3.943759621325008629e+04,0.000000000000000000e+00,6.790236724616614811e+04
3.039999999999776215e+00,1.679453387519966157e+01,7.127841597465793821e-01,-4.540892664325821837e-01,-2.459763843804887995e-02,-5.186551116753748691e-02,5.666464465700433474e-03,-1.709009087402607747e+02,-2.207688674558285697e+02,3.037785091317114166e+02,-5.520235341638259075e-02,-7.544219340847715216e+01,3.780442374594410649e+04,0.000000000000000000e+00,6.984137394484286779e+04
3.049999999999775113e+00,1.679409564088776108e+01,7.120943875431979819e-01,-4.539280358084898381e-01,-5.176764816351563103e-02,-7.693208317843329425e-02,2.164158546296694047e-02,-1.430309143800567426e+02,-1.679036021405007659e+02,4.223158771736857489e+02,-5.570257079407519435e-02,-7.495760602389270844e+01,3.735019174883874075e+04,0.000000000000000000e+00,7.079685988699682639e+04
3.059999999999774012e+00,1.679335793783958053e+01,7.112117782237139529e-01,-4.536220001756732789e-01,-6.999886980196719233e-02,-8.675803452401067983e-02,2.832123691970485357e-02,-2.296447298773614420e+01,2.454699550764397031e+01,1.274934263866498441e+02,-5.567179247839014467e-02,-7.442193099620226349e+01,3.923354752842486050e+04,0.000000000000000000e+00,6.798042009053262882e+04
3.069999999999772911e+00,1.679277929994523078e+01,7.104852594011988876e-01,-4.534240488130328872e-01,-3.880117744896811882e-02,-6.067651887111972370e-02,1.417468883397278619e-02,-2.170183772233008312e+01,2.108793294995189171e+01,3.440561132219565934e+02,-5.570996363436956506e-02,-7.402954729906515752e+01,3.634088928522977221e+04,0.000000000000000000e+00,7.168303811008727644e+04
3.079999999999771809e+00,1.679245790628312918e+01,7.100593628053611939e-01,-4.533304304419241149e-01,-2.737078551219367453e-02,-3.069106975196786088e-02,7.257910619797968386e-03,1.481466450430266377e+02,2.100161244863311936e+02,-4.024617429042245931e+01,-5.572294768272582910e-02,-7.393421349039958557e+01,4.195586447859404871e+04,0.000000000000000000e+00,6.317858458577077545e+04
3.089999999999770708e+00,1.679232664477116543e+01,7.098968469857576125e-01,-4.533056927335271102e-01,-1.620583572961702135e-02,-1.514240049368910379e-02,2.574912714368453228e-03,1.229569847147040491e+02,1.474693993524414850e+02,-2.765428118992349482e+01,-5.575236310301589365e-02,-7.403081204317932418e+01,4.233171430985072948e+04,0.000000000000000000e+00,6.370252508315505111e+04
3.099999999999769607e+00,1.679222568528076209e+01,7.096664876459723992e-01,-4.532703382515120838e-01,-1.922158211193005992e-02,-3.692371093942568849e-02,9.489306377041872853e-03,1.046984843659677153e+02,8.325738346251841904e+01,2.444615133228489867e+01,-5.582152948662150865e-02,-7.410019447031950790e+01,3.928007253227467299e+04,0.000000000000000000e+00,6.750719892821265967e+04
3.109999999999768505e+00,1.679216699222369868e+01,7.093540916610401315e-01,-4.532297870296138065e-01,-5.532254132745466867e-03,-2.908309980081813170e-02,2.971936802904968315e-03,-1.029574912149116699e+02,-8.798577591869241132e+01,2.905962963153010605e+02,-5.594342120959204523e-02,-7.435479469419193777e+01,3.879665510645197355e+04,0.000000000000000000e+00,7.265216546634334372e+04
3.119999999999767404e+00,1.679206414314166906e+01,7.090449525084232540e-01,-4.532024144264492072e-01,-1.016458192598571758e-02,-2.754402302703843133e-02,2.217622898445014822e-03,-2.404322800889826794e+01,-3.699514318064757390e+00,2.250988521110225520e+02,-5.604966351546265130e-02,-7.445721469792458436e+01,3.947661738865083316e+04,0.000000000000000000e+00,7.077657438428142632e+04
3.129999999999766302e+00,1.679191167899628212e+01,7.087839932043789037e-01,-4.531787560233803691e-01,-2.426926202347894426e-02,-2.594921326885892346e-02,2.421104614078594709e-03,6.903244710168110032e+01,8.351799857225412893e+01,7.684354133259603259e+00,-5.610912050182821631e-02,-7.465124122291071274e+01,4.132473093871589663e+04,0.000000000000000000e+00,6.981023856993544905e+04
3.139999999999765201e+00,1.679177765784624654e+01,7.086323553371337569e-01,-4.531735919200848839e-01,-1.062944989615543373e-02,-8.576682122948870238e-03,2.157060603905753236e-03,-1.549456211760343649e+01,8.181489863394020290e+01,1.205456771294848295e+02,-5.610350823647576590e-02,-7.483471089704615054e+01,4.119663298191736976e+04,0.000000000000000000e+00,6.995455295160475362e+04
3.149999999999764100e+00,1.679164018244920342e+01,7.085550346582779602e-01,-4.531370704382969294e-01,-1.139313558668693209e-02,-1.072353404893825260e-02,3.992487604891654419e-03,-1.683754208490199744e+01,1.980147535668720593e+01,1.859295243948463394e+02,-5.610630193751268979e-02,-7.473722345850990223e+01,3.645817450108884805e+04,0.000000000000000000e+00,7.036676389063983515e+04
3.159999999999762998e+00,1.679157303877088836e+01,7.084755323530560478e-01,-4.531345489916242530e-01,-1.558680761092391502e-02,-1.129742271557942525e-02,2.241158104167048724e-03,5.054653235269643119e+01,8.190563900600091074e+01,7.742081247612713923e+01,-5.611969702005199789e-02,-7.454228149661994962e+01,4.089219571419951535e+04,0.000000000000000000e+00,6.855901039908883104e+04
3.169999999999761897e+00,1.679149623863948193e+01,7.084099295335245516e-01,-4.531386557716108321e-01,-3.331481290838734892e-03,-1.265616680959707249e-03,-1.859503404012081149e-03,-2.662270723570668451e+01,-9.239450636722040144e+00,2.486747948585884842e+02,-5.612039856490995404e-02,-7.427508261221677799e+01,3.803404683508470043e+04,0.000000000000000000e+00,7.080717458372557303e+04
3.179999999999760796e+00,1.679141412214413620e+01,7.083527882707540968e-01,-4.531401157992049344e-01,-5.794188586617910093e-03,-4.201304983607615819e-03,1.104417275070060378e-03,-8.821109927427050934e+01,-1.182043862424369536e+02,3.260932163846578078e+02,-5.611365620756870315e-02,-7.392413747789699130e+01,3.568011680078573409e+04,0.000000000000000000e+00,7.808608452265175583e+04
3.189999999999759694e+00,1.679132971275286579e+01,7.082782327106338371e-01,-4.531467318635726826e-01,-2.280066763359702223e-02,-1.803234181288662988e-02,5.111215045567991770e-03,9.062951340962899849e+01,1.241297348878290734e+02,-4.117175308967080127e+01,-5.607086149165295408e-02,-7.359625697713615011e+01,4.255195929948366393e+04,0.000000000000000000e+00,6.854754807308111049e+04
3.199999999999758593e+00,1.679126713129630133e+01,7.082090879836051567e-01,-4.531690886137671459e-01,-1.007501146953985321e-02,-6.594722681158468082e-03,-2.130104269966513839e-03,-1.057273411345469185e+02,-1.555448561243891845e+02,4.207867696726975737e+02,-5.608371228059005897e-02,-7.342990732679102450e+01,3.433320333241779736e+04,0.000000000000000000e+00,7.831362199272666476e+04
3.209999999999757492e+00,1.679120474167016042e+01,7.081445507845136600e-01,-4.531732386369399235e-01,5.241583925440817908e-03,1.528338408183087553e-03,-5.498822773207015339e-03,5.785737526250954943e+01,5.479440799059861433e+01,7.717081924399917625e+01,-5.607111270784031348e-02,-7.323973916182583821e+01,4.020946943267014285e+04,0.000000000000000000e+00,7.198121316863276297e+04
3.219999999999756390e+00,1.679118656963864709e+01,7.081095824289843632e-01,-4.531855651214026781e-01,8.304508676872124698e-03,-6.503890438172198413e-04,-2.084892681879922834e-03,-1.494395813279061258e+01,2.082870289873164893e+01,1.932774064284249107e+02,-5.605280856293196057e-02,-7.308846665598350967e+01,3.792090840844046761e+04,0.000000000000000000e+00,7.228587411574882572e+04
3.229999999999755289e+00,1.679113389991667660e+01,7.080571079202294671e-01,-4.531684353256755782e-01,-1.335683662709129379e-03,-2.315146110170068945e-03,-2.017915542058983103e-03,1.416831004516473058e+01,4.575554442045404357e+01,1.862576997844139441e+02,-5.604901991709542591e-02,-7.291613790941676143e+01,3.921075266731242300e+04,0.000000000000000000e+00,6.928881850884566666e+04
3.239999999999754188e+00,1.679109048440083285e+01,7.080222951706707235e-01,-4.531517691697332095e-01,-6.754124127892595190e-03,-7.852565759108575197e-03,3.359733629516892337e-03,9.443757456950766027e+01,1.239283087358921307e+02,-3.480542390078880999e+01,-5.602715009172417465e-02,-7.263634505298487909e+01,4.132623476777298492e+04,0.000000000000000000e+00,6.948976052285837068e+04
3.249999999999753086e+00,1.679105646759659010e+01,7.079754382742675656e-01,-4.531584402355502972e-01,9.239253537972693525e-03,3.702539397686456599e-03,-5.241906824945915568e-03,-1.214755118563912220e+02,-1.697241468676725162e+02,4.603021911043495038e+02,-5.605245257512513068e-02,-7.248569782739187417e+01,3.310282140272003016e+04,0.000000000000000000e+00,7.884209605114467558e+04
3.259999999999751985e+00,1.679102242876045992e+01,7.079493356418824490e-01,-4.531540166227027155e-01,-1.158752162503588149e-03,-1.525953354605640673e-03,8.072581463512156939e-04,-1.091083514050162648e+02,-1.499975856877008482e+02,4.132945805994791044e+02,-5.602582575907476964e-02,-7.235756084348230388e+01,3.330000345879334782e+04,0.000000000000000000e+00,7.885664744153567881e+04
3.269999999999750884e+00,1.679095712584743794e+01,7.078965677687557578e-01,-4.531522180181123405e-01,-1.539302537854778975e-02,-1.048656422312408028e-02,1.486760214219505797e-03,3.195100030589253493e+01,1.554156266663267161e+01,1.945886781602325755e+02,-5.604161439177397785e-02,-7.221011185050925008e+01,3.573652946811034053e+04,0.000000000000000000e+00,7.243068204023074941e+04
3.279999999999749782e+00,1.679091043221635715e+01,7.078507984495832073e-01,-4.531643252351365003e-01,-8.254716637871088031e-03,-3.313696528234114091e-03,-1.564188306223568197e-03,5.790174188141168088e+01,6.155723844476187878e+01,1.144844071107895616e+02,-5.601451993308036170e-02,-7.211280124846804540e+01,3.887613135539986251e+04,0.000000000000000000e+00,7.065258259674927103e+04
3.289999999999748681e+00,1.679081529457366884e+01,7.077877803236189980e-01,-4.531528184238918788e-01,-1.376194453298788811e-02,-8.698870762311078017e-03,4.803713138663388317e-03,5.633774101475273710e+01,7.216455170487814996e+01,8.456439113073702174e+01,-5.600741657178053695e-02,-7.204300183889748155e+01,3.560311070856251899e+04,0.000000000000000000e+00,7.365395200637982634e+04
3.299999999999747580e+00,1.679076930744291829e+01,7.077716857566213049e-01,-4.531633653828754937e-01,-5.217249383184176421e-03,-5.280451432262819531e-03,2.941320330901125817e-03,-3.270098712145795616e+01,-2.413397880936736328e+01,1.980377305198785507e+02,-5.603826261217215859e-02,-7.189102643523766289e+01,3.475629563060806686e+04,0.000000000000000000e+00,7.639805992938467534e+04
3.309999999999746478e+00,1.679077035817437036e+01,7.077548311222495725e-01,-4.531916126641793996e-01,-5.677010409767683889e-03,-4.069340678138180442e-03,-8.174236409897889808e-04,2.859735843386965826e+01,3.925318804041921794e+01,1.833344091245230629e+02,-5.599063540460560290e-02,-7.177718611976607122e+01,3.755627474228852952e+04,0.000000000000000000e+00,7.084280185666898615e+04
3.319999999999745377e+00,1.679075598188854812e+01,7.077249419738698144e-01,-4.531667739289474417e-01,1.429693008315606126e-02,6.269923636606363274e-03,-1.202692839204268574e-03,-1.356278889360040694e+02,-1.821137039593994587e+02,4.506601798348513057e+02,-5.600697339876446745e-02,-7.163924470009887102e+01,3.247540988361625932e+04,0.000000000000000000e+00,8.035289620578402537e+04
3.329999999999744276e+00,1.679069488687673939e+01,7.076885251732842885e-01,-4.531592842509351571e-01,1.119464901733749351e-02,5.551040099067223316e-03,-5.007514673320417886e-03,-4.651539868087968443e+01,-7.748118087100283446e+01,3.470913152165976499e+02,-5.603087032904827819e-02,-7.151321891055546587e+01,3.487750952920581767e+04,0.000000000000000000e+00,7.575956399481835251e+04
3.339999999999743174e+00,1.679067048695343090e+01,7.076732810971086973e-01,-4.531701921039217318e-01,7.179162717773521392e-03,5.040400983018038933e-03,-1.739612168802001646e-03,-1.124013883530499243e+02,-1.619711712802156853e+02,4.301635696269859181e+02,-5.597631805293797752e-02,-7.150888393829529832e+01,3.214269137157867954e+04,0.000000000000000000e+00,8.049488145547012391e+04
3.349999999999742073e+00,1.679064506295438264e+01,7.076445392430590342e-01,-4.531470946879701533e-01,6.684401833597999627e-04,-2.168614677447192225e-03,2.043472492682935418e-03,1.312162605042874475e+01,5.049854834250595559e+01,1.626219591440503791e+02,-5.598709997463108268e-02,-7.136878697009458961e+01,3.771929739969383081e+04,0.000000000000000000e+00,7.139098438869764504e+04
3.359999999999740972e+00,1.679061468525160450e+01,7.076302659252516891e-01,-4.531330968342121568e-01,-2.715018977440764210e-03,4.006801078882226211e-03,-3.724337355751825441e-03,-9.311416955577965382e+01,-1.580059139456019466e+02,4.190008312524155372e+02,-5.600190117289529507e-02,-7.124546886321998329e+01,3.188731814666502760e+04,0.000000000000000000e+00,8.063181429642011062e+04
3.369999999999739870e+00,1.679059077309965886e+01,7.076109321090717774e-01,-4.531436342627948588e-01,-1.234052569203620414e-02,-7.790333844137797836e-03,3.712950680897141205e-03,5.254710894075287797e+00,7.840495218238993402e+01,8.766682931914783694e+01,-5.596342796226443095e-02,-7.110763173810784110e+01,3.923989084394926613e+04,0.000000000000000000e+00,7.272622094515879871e+04
3.379999999999738769e+00,1.679054571376735794e+01,7.075740086278899943e-01,-4.531217998280149817e-01,-8.097306892330433797e-03,-7.043441970883274061e-03,6.498474954652565076e-03,8.949321200901636075e+01,7.680016010534427551e+01,-2.399340261161796661e+00,-5.599121942033974397e-02,-7.105983645602898946e+01,3.768336416814957192e+04,0.000000000000000000e+00,7.512788276265887544e+04
3.389999999999737668e+00,1.679051169579312841e+01,7.075615198726256105e-01,-4.530827881415191993e-01,-1.010412258489079909e-02,-5.265191690539500376e-03,5.186149921464949623e-03,-5.821829276903861228e+01,-9.948319706156541997e+01,3.275338050956565894e+02,-5.598675860252514541e-02,-7.095079228619115952e+01,3.399412615333441499e+04,0.000000000000000000e+00,7.817558918356112554e+04
3.399999999999736566e+00,1.679046517809384298e+01,7.075400862395838653e-01,-4.530832244622372551e-01,-1.438486239685959987e-03,1.256226694245540440e-03,-1.735016295060872902e-03,-1.511011607606644702e+01,-1.980006634829487666e+01,2.623317434647015034e+02,-5.597880088576408231e-02,-7.088567456030523317e+01,3.640956751320295734e+04,0.000000000000000000e+00,7.396873947484418750e+04
3.409999999999735465e+00,1.679044299679303265e+01,7.075327500278865145e-01,-4.530712293718378025e-01,-2.972872044456483301e-03,5.377693915048284011e-05,2.981458820505421617e-03,-4.032166448797602243e+01,-5.363917182861769106e+01,2.439015946874392284e+02,-5.594147040477480404e-02,-7.077450133823167278e+01,3.726611357304331614e+04,0.000000000000000000e+00,7.813428092239405669e+04
3.419999999999734364e+00,1.679041139323188148e+01,7.075087171925511509e-01,-4.530473729937689598e-01,-7.974892578744726540e-03,-8.234371003811184753e-03,3.541503420355336575e-03,3.470888713529757297e+01,1.054656010540886655e+02,4.093173950656273519e+01,-5.595910940323948340e-02,-7.069155006819724463e+01,4.103800018250899302e+04,0.000000000000000000e+00,7.265758856612896489e+04
3.429999999999733262e+00,1.679037687704344961e+01,7.074909097907244870e-01,-4.530329224341117511e-01,-2.039428146572555122e-03,-6.072419469785667523e-04,2.081710639688307603e-03,7.469628291539447673e+01,6.000864626674481883e+01,3.889789888490076919e+01,-5.594995980020402160e-02,-7.070622040034287181e+01,3.854684307270573481e+04,0.000000000000000000e+00,7.365464575916648027e+04
3.439999999999732161e+00,1.679036282808278102e+01,7.074774696774629446e-01,-4.530349997256979955e-01,-1.819547153649759066e-03,-1.477282047301160936e-03,4.100720023137033061e-04,1.058852456030410849e+01,5.291779638908337802e+01,1.679289119431023209e+02,-5.593928681972480665e-02,-7.069907596844336695e+01,3.784110538751340209e+04,0.000000000000000000e+00,7.171255816698096169e+04
3.449999999999731060e+00,1.679033767579920777e+01,7.074658347874821507e-01,-4.530128360614421035e-01,-1.190520235274373194e-02,-9.320397688346476403e-03,5.833419361390997267e-03,-6.335169985786285451e+01,-5.536694454417511224e+01,3.029766251183514214e+02,-5.592722291074384705e-02,-7.062471955811747648e+01,3.249268882379036586e+04,0.000000000000000000e+00,7.900135118700537714e+04
3.459999999999729958e+00,1.679028602999309427e+01,7.074451432376296367e-01,-4.529927718792655100e-01,-6.913204713813315798e-03,-3.103377899152388441e-03,6.285734594013662330e-04,-9.318955635574820917e+01,-1.506700342718843331e+02,4.024327382504761772e+02,-5.593670993422661386e-02,-7.049731406481430440e+01,3.247435505489863135e+04,0.000000000000000000e+00,8.058111822158822906e+04
3.469999999999728857e+00,1.679025955331145781e+01,7.074311869447417189e-01,-4.530018690441857121e-01,7.462446342840552572e-04,3.567169913966801139e-04,-1.450547067920409262e-03,-9.910523210407893657e+01,-1.545927686763340034e+02,4.322585588989647931e+02,-5.591116278892788172e-02,-7.048288811765148409e+01,3.315691135660321743e+04,0.000000000000000000e+00,8.006153549083608959e+04
3.479999999999727756e+00,1.679018903518220895e+01,7.073935272615353709e-01,-4.529810149765391980e-01,-1.480822906260189503e-02,-8.516170075426893887e-03,6.407763654162698316e-03,1.520965056087395624e+02,2.155272205997461015e+02,-1.584067183060085426e+02,-5.589093908257757037e-02,-7.047135135350497137e+01,4.157445611793683202e+04,0.000000000000000000e+00,6.959563899520387349e+04
3.489999999999726654e+00,1.679018984221038835e+01,7.074065910316833516e-01,-4.529738680486072866e-01,6.066420168979616209e-03,3.784841136207649920e-03,-6.800432520803515140e-05,-8.614312100446807108e+01,-1.340707905325373304e+02,3.782213240732639861e+02,-5.591357589712211973e-02,-7.045794608550711757e+01,3.458371944852055458e+04,0.000000000000000000e+00,7.824516272288023902e+04
3.499999999999725553e+00,1.679020891630099399e+01,7.074068208113934997e-01,-4.529636812829598846e-01,1.646936977950846058e-03,2.191378843557979014e-03,-1.433599109800010041e-03,-7.738465651999717920e+01,-1.281361058733690470e+02,3.837729375539279317e+02,-5.586534806243762669e-02,-7.041858320852061581e+01,3.450686428978178446e+04,0.000000000000000000e+00,7.771797949669374793e+04
3.509999999999724452e+00,1.679017826589488038e+01,7.073823330264549236e-01,-4.529286422125315958e-01,1.162532776961282092e-02,5.932336157939418347e-03,-5.168243754119438652e-04,-9.888304092663440770e+01,-1.338412024489471150e+02,3.807085750497417393e+02,-5.592647568757525001e-02,-7.045072719888641188e+01,3.413523519801165094e+04,0.000000000000000000e+00,7.815605323586464510e+04
3.519999999999723350e+00,1.679014409621072801e+01,7.073657968425293152e-01,-4.529222709437724093e-01,-6.886640020871418605e-03,-2.830950956268847140e-03,2.472437918357679905e-03,7.823473094106498138e+01,9.449318398536757968e+01,6.342376084592660845e+01,-5.593443396917596039e-02,-7.040569634871441451e+01,3.694964905444978649e+04,0.000000000000000000e+00,7.211885086978324398e+04
3.529999999999722249e+00,1.679013409886904284e+01,7.073621176350690654e-01,-4.529087820936980036e-01,2.171340251742930657e-03,3.312406969017398276e-04,-1.069994616866972923e-04,-9.161933799234475373e+00,7.172487646301294717e+01,1.116730470921120286e+02,-5.591145004566867860e-02,-7.038744654576393600e+01,3.896526346803353226e+04,0.000000000000000000e+00,7.221703518070583232e+04
3.539999999999721148e+00,1.679010385827397300e+01,7.073645805598852698e-01,-4.529040501460416257e-01,1.807698616135178628e-03,3.669731973484194592e-03,-2.960706846802977580e-03,-7.644205910254765968e+01,-1.176882314007212926e+02,3.442772826635755337e+02,-5.590318627074213065e-02,-7.027421285102164461e+01,3.393940846126367978e+04,0.000000000000000000e+00,8.071020441867463524e+04
3.549999999999720046e+00,1.679006638444262478e+01,7.073531203042022764e-01,-4.529097749673161588e-01,-1.121403080383176140e-02,-3.843440989874012236e-03,2.538982854398472936e-03,5.069529309098629710e+01,5.171540185388607824e+01,1.647186288158522984e+02,-5.591425831730026386e-02,-7.025076575403690526e+01,3.916594424256480852e+04,0.000000000000000000e+00,7.081061847373764613e+04
3.559999999999718945e+00,1.679005539911962330e+01,7.073566989210714473e-01,-4.528941511973550993e-01,-6.357371726503406595e-03,-2.356098026207290291e-03,2.504333790437793857e-03,2.439547515582216874e+01,-2.077314369883367817e+01,2.181215444523777478e+02,-5.590724687454354941e-02,-7.019366332510973905e+01,3.645660131604615162e+04,0.000000000000000000e+00,7.339357126617241011e+04
3.569999999999717843e+00,1.679004417475077204e+01,7.073351612633795860e-01,-4.528815840149005845e-01,7.257723554206788746e-03,4.540704821584820583e-03,-4.045782607452818452e-03,-2.900870413123539038e+01,-5.306553596088861013e+00,2.660189102805929906e+02,-5.590449206991281866e-02,-7.021597104437773851e+01,3.693242407718210598e+04,0.000000000000000000e+00,7.374513896193998517e+04
3.579999999999716742e+00,1.679001739453552489e+01,7.073303931859887816e-01,-4.528737389024787285e-01,-8.691898626580291110e-03,-2.637364986372385794e-03,2.274118377383458570e-03,2.419755319168405094e+01,1.076003228037620829e+00,2.071922524160081593e+02,-5.588068129687714242e-02,-7.022500447095652021e+01,3.620369313710033020e+04,0.000000000000000000e+00,7.361448692538408795e+04
3.589999999999715641e+00,1.678998905708102285e+01,7.073339897117175701e-01,-4.528642486626328623e-01,-1.029043840598481072e-02,-4.701071795239531587e-03,1.228016483779676002e-03,8.891590768068226680e+00,3.588274300946989115e+01,1.681528196525355270e+02,-5.583958520088320998e-02,-7.011065279757305291e+01,3.877009690838083043e+04,0.000000000000000000e+00,7.448965592919925984e+04
3.599999999999714539e+00,1.678994034812394887e+01,7.073146368342494439e-01,-4.528459259615680854e-01,2.235944227924908673e-03,-6.965994744485582433e-04,-3.420572137103429283e-04,-1.842309054057864159e+01,-5.297295612825286071e+01,2.489790056254159936e+02,-5.587711663890865266e-02,-7.014418323853193726e+01,3.362954090713192272e+04,0.000000000000000000e+00,7.868477596897368494e+04
3.609999999999713438e+00,1.678992062974374733e+01,7.072953377080800630e-01,-4.528429214790152257e-01,-1.381958854753351056e-02,-8.285822654529375123e-03,4.274963382767966308e-03,8.716831344095953682e+01,1.974053089443875137e+02,-1.045115535785225802e+02,-5.586819880085429346e-02,-7.010168964971813921e+01,4.202237593065112742e+04,0.000000000000000000e+00,6.983217461781986640e+04
3.619999999999712337e+00,1.678990141936455771e+01,7.072951857028408895e-01,-4.528365763948880574e-01,1.286336644114499314e-02,9.640030865736443424e-03,-5.309229336375276970e-03,-9.648824783243946968e+01,-1.484671951502049296e+02,4.182912018308768438e+02,-5.584700989649609565e-02,-7.013877349791869165e+01,3.576547454663152894e+04,0.000000000000000000e+00,7.817055273821568699e+04
3.629999999999711235e+00,1.678985606647371753e+01,7.072817801834081486e-01,-4.528179786366668402e-01,6.871967343430705408e-03,4.449175467505658843e-03,-1.204491593290853320e-03,9.303639540896074323e+01,1.087113539302603158e+02,1.362654166361676289e+01,-5.585193116857754825e-02,-7.012293038537292489e+01,3.984545517519665736e+04,0.000000000000000000e+00,7.104992528124382079e+04
3.639999999999710134e+00,1.678984317858898834e+01,7.072737739631856924e-01,-4.528064201884683393e-01,-1.402148874202778289e-03,3.783762471113189126e-04,1.401510314944143807e-03,-1.070241863450996789e+01,-1.244251709117111204e+01,2.360321806283254773e+02,-5.588073908457585892e-02,-7.016052517625765006e+01,3.599090525324158079e+04,0.000000000000000000e+00,7.408770059402713377e+04
3.649999999999709033e+00,1.678984578329699673e+01,7.072671879221879010e-01,-4.527890302812991319e-01,-7.777227956387968225e-03,-3.642960824885379395e-03,3.953240216723879520e-03,-1.856194730122308556e+01,2.020939777791545566e+01,1.979088853792618465e+02,-5.585086497604422467e-02,-7.016960232365063632e+01,3.674425510796760500e+04,0.000000000000000000e+00,7.456025549374020193e+04
3.659999999999707931e+00,1.678982622605264297e+01,7.072709190098495080e-01,-4.527594921128066385e-01,-1.657717884481808715e-03,4.899082823843092403e-04,2.415085039125095499e-03,2.082477994965552170e+01,-3.524900203083788597e+00,1.387463245041494702e+02,-5.584956483560563067e-02,-7.007590222339142372e+01,3.612602871134530869e+04,0.000000000000000000e+00,7.757069913310139964e+04
3.669999999999706830e+00,1.678983509915723360e+01,7.072811168678797555e-01,-4.527384340827686482e-01,9.520119942563583237e-03,4.569692031778374401e-03,-1.321260584815411691e-03,-9.906308358976559703e+01,-1.325160469887767931e+02,3.498162364935633377e+02,-5.583496903260599248e-02,-6.996919976639344441e+01,3.425596641219851153e+04,0.000000000000000000e+00,8.055963438807245984e+04
3.679999999999705729e+00,1.678982343925505560e+01,7.072752143251478385e-01,-4.527537814705879238e-01,5.317526075340530192e-03,1.063604232169935299e-03,-2.366596412032314842e-03,-4.190418562904653754e+01,-5.850798185580742938e+01,3.116936348516269391e+02,-5.581141091380249081e-02,-7.003552068636133754e+01,3.493278460739592265e+04,0.000000000000000000e+00,7.590014039909209532e+04
3.689999999999704627e+00,1.678977666637628019e+01,7.072461061449160091e-01,-4.527221514288024551e-01,-1.107889271862572654e-02,-2.944500083764367039e-03,4.988376132462758739e-03,7.028607833683281569e+00,2.388661252980500649e+01,1.833141522076921319e+02,-5.584926538059739598e-02,-7.010344808718767240e+01,3.580620964202492905e+04,0.000000000000000000e+00,7.364581182775109482e+04
3.699999999999703526e+00,1.678975645328655730e+01,7.072443386786292363e-01,-4.526972873742257097e-01,-7.541905213657038032e-03,-2.831943005865516366e-03,3.876733309279232695e-03,1.508673172709870869e+01,3.206700536943856150e+01,1.606781796946429495e+02,-5.581135469111305619e-02,-6.995743613631212554e+01,3.870225861586384417e+04,0.000000000000000000e+00,7.361715508366950962e+04
3.709999999999702425e+00,1.678974196454910128e+01,7.072445636278550385e-01,-4.526900191770883985e-01,6.549694335855783291e-03,6.160076619246060252e-03,-5.321500042836323739e-03,-4.247897817301577561e+00,-2.992395917154340168e+01,2.631093975414587476e+02,-5.579721532570601494e-02,-6.990289415499050563e+01,3.641187995153462543e+04,0.000000000000000000e+00,7.313072037352435291e+04
3.719999999999701323e+00,1.678969218531080543e+01,7.072169614196300858e-01,-4.526735028749710454e-01,-9.240079252016376518e-03,-7.915798928629416351e-03,2.632503816302885977e-03,-2.199538969112109044e+01,6.636263344966164368e+01,1.159667242681712196e+02,-5.581495689803131488e-02,-6.987792606947483876e+01,3.715148548374058009e+04,0.000000000000000000e+00,7.479310504846733238e+04
3.729999999999700222e+00,1.678971874949333554e+01,7.072335653640399178e-01,-4.527108220449477249e-01,-1.134301319300482641e-03,-3.103401714050027429e-03,1.356678218609473131e-04,-8.775994509375107100e+01,-6.897131668527049442e+01,3.486853874357489076e+02,-5.572368812965014517e-02,-6.995112339592432704e+01,3.381644989279023139e+04,0.000000000000000000e+00,7.875729214980047254e+04
3.739999999999699121e+00,1.678967391577284118e+01,7.072149212379185146e-01,-4.526889775254291370e-01,1.082291813521727613e-03,2.938176581044168751e-03,-2.458697636866471917e-04,-2.407352547609593785e+01,-2.533356321469227623e+00,2.291974906404298054e+02,-5.577839451321069120e-02,-6.992609251098917866e+01,3.661039000337565813e+04,0.000000000000000000e+00,7.414226448021260148e+04
3.749999999999698019e+00,1.678963749193572141e+01,7.071976968593017832e-01,-4.526754335242171301e-01,2.898685646507298454e-03,3.230081977974153581e-03,-3.059864527772931508e-03,-2.222052085082123085e+01,-6.108015294489632652e-01,2.488954214129744287e+02,-5.580613000348760844e-02,-6.987589898365978058e+01,3.664333803780614835e+04,0.000000000000000000e+00,7.382446886853728211e+04
3.759999999999696918e+00,1.678962660351355751e+01,7.071810689247953752e-01,-4.526708492396936956e-01,-2.033501518957443483e-03,-3.139162984356092000e-04,1.313444364888454938e-03,-1.582003171177996137e+01,-6.682046877366019544e+00,2.323548057041643915e+02,-5.579399129160204224e-02,-6.987554109440188199e+01,3.651070943994852132e+04,0.000000000000000000e+00,7.431555843256413937e+04
3.769999999999695817e+00,1.678962342445297296e+01,7.071799099842696057e-01,-4.526696042250358820e-01,3.105692946195224777e-03,3.233719957734561713e-03,-1.408723474239651635e-03,-1.038961548764332292e+02,-1.609742827406957986e+02,4.310132062223092362e+02,-5.574335261308641792e-02,-6.989404404300530871e+01,3.321299258067311894e+04,0.000000000000000000e+00,8.003849101957258245e+04
3.779999999999694715e+00,1.678958374587599778e+01,7.071587150233648034e-01,-4.526386234501890704e-01,-1.542460499158281820e-03,2.050166794671384003e-04,3.341266544731720956e-03,-9.017323069302062777e+01,-8.281518835928477529e+01,3.281611502991736415e+02,-5.581080840091913464e-02,-6.985642101870347176e+01,3.349115125743432873e+04,0.000000000000000000e+00,7.922037251147323695e+04
3.789999999999693614e+00,1.678957676123803822e+01,7.071583049485478112e-01,-4.526279357521935109e-01,-8.080041408699669206e-03,-4.896464482872177684e-03,3.154293529271968554e-03,3.556712593568579450e+01,9.157478767307406997e+01,3.759176525911425415e+01,-5.577007593688938086e-02,-6.975006107128142219e+01,4.089446181623471784e+04,0.000000000000000000e+00,7.291924547803800669e+04
3.799999999999692513e+00,1.678955654525762853e+01,7.071430900660569119e-01,-4.526184791047733746e-01,7.193082262755643580e-04,2.096544516700566980e-03,1.157177528704928047e-03,1.538848464544489616e+02,1.857173574553231674e+02,-1.076111389704610701e+02,-5.581114003007044827e-02,-6.974402575031987794e+01,4.128502417807142047e+04,0.000000000000000000e+00,6.864880988232884556e+04
3.809999999999691411e+00,1.678954944091845647e+01,7.071508901528291702e-01,-4.526256538736381230e-01,1.237962134494356367e-02,8.389485612077212176e-03,-4.152202084736261213e-03,-6.174143986658327776e+01,-9.662954847309424622e+01,2.938806168765272560e+02,-5.579552337719918820e-02,-6.973234394886134169e+01,3.554762917885788193e+04,0.000000000000000000e+00,7.843076393584434118e+04
3.819999999999690310e+00,1.678951868970393946e+01,7.071289331542742751e-01,-4.526148736661404492e-01,-1.918548398600288148e-03,-2.351809040819120931e-03,2.931852939055721620e-03,6.223616688104198147e+01,9.672011860831614172e+01,8.175723469640524854e+01,-5.579838440889891421e-02,-6.977010780325571204e+01,3.817303105222229351e+04,0.000000000000000000e+00,7.177405140417622169e+04
3.829999999999689209e+00,1.678951635739165837e+01,7.071405932079513068e-01,-4.526194982649869858e-01,5.905059884656795456e-05,2.224753598447679753e-03,-2.804527942473872184e-03,-9.941276774182279041e+01,-1.492279592369852708e+02,4.114247096991919079e+02,-5.576212239837468471e-02,-6.977854663474595043e+01,3.203435371363718150e+04,0.000000000000000000e+00,8.079376441715398687e+04
3.839999999999688107e+00,1.678947768466509771e+01,7.071088922157992007e-01,-4.526023844403760377e-01,6.880260717814422507e-03,1.242561396700863664e-03,3.258218012077849688e-04,1.629216524026344359e+01,2.865962101087632163e+01,1.948801685198432097e+02,-5.576447260033151609e-02,-6.980370405100147480e+01,3.747484437127246201e+04,0.000000000000000000e+00,7.072515025997810881e+04
3.849999999999687006e+00,1.678949448598849159e+01,7.071192198509906879e-01,-4.525850385202317416e-01,6.600279317409387856e-05,-1.196852916639042677e-04,1.241118271477457144e-04,-2.157671627838135464e+01,1.280644757788854804e+01,2.082308126751922828e+02,-5.571698596083397848e-02,-6.974105808928008798e+01,3.574788756076416030e+04,0.000000000000000000e+00,7.391713227177596127e+04
3.859999999999685905e+00,1.678945226056450224e+01,7.071009957836996707e-01,-4.525621901789014800e-01,-9.388454361225940722e-03,-7.461105217975345233e-03,2.496261237176248746e-03,1.050514162022084292e+02,1.779518382744668656e+02,-6.805962710294670615e+01,-5.578513668821456772e-02,-6.969412334418912280e+01,4.029600468486921454e+04,0.000000000000000000e+00,6.979183138250962656e+04
3.869999999999684803e+00,1.678943974165473207e+01,7.071215765843541501e-01,-4.525846581383006217e-01,-1.882304637027060234e-03,2.680393445193571885e-04,-6.701640042672376077e-04,4.250698501836700416e+01,5.426198744012492625e+01,1.184959837102114761e+02,-5.577203535755256153e-02,-6.959061603025267573e+01,3.859561434327971074e+04,0.000000000000000000e+00,7.193613440404123685e+04
3.879999999999683702e+00,1.678942639397960335e+01,7.071090847103458366e-01,-4.525668995936763528e-01,-1.775398048318150342e-03,-4.508137974836733640e-03,9.964983903029179819e-04,2.029793632975042783e+01,9.209107330326173724e+01,6.237538502667939611e+01,-5.577455251999961089e-02,-6.952244774296214302e+01,4.134148385129866801e+04,0.000000000000000000e+00,7.259100839312492462e+04
3.889999999999682601e+00,1.678941870200220521e+01,7.071081723787979723e-01,-4.525733278051361497e-01,7.056171840458423314e-03,6.151771384198147577e-03,-5.862062440054163813e-04,-5.140040954338917345e+01,-7.117829236760735512e+01,3.054647791726874857e+02,-5.577951640863833965e-02,-6.955738341359705146e+01,3.481755898128991248e+04,0.000000000000000000e+00,7.636913178035592136e+04
3.899999999999681499e+00,1.678940207550586550e+01,7.070929622686246141e-01,-4.525536241791526804e-01,-1.392615254965529244e-02,-8.273990928169657616e-03,5.838794914901760703e-03,2.947034658337474866e+01,1.818765397148138163e+01,1.780996564931119792e+02,-5.576256487575229764e-02,-6.953423439616899770e+01,3.632520256181959849e+04,0.000000000000000000e+00,7.333159421215229668e+04
3.909999999999680398e+00,1.678938172021475239e+01,7.070882867517038761e-01,-4.525617140606981170e-01,-8.905590169920186983e-03,-4.984069459324529626e-03,-2.791877130384843447e-04,2.774049114149829620e+01,-1.087572680699508965e+00,2.268694152854923232e+02,-5.572454709453552452e-02,-6.961575411928052404e+01,3.721761685715879867e+04,0.000000000000000000e+00,7.291083746249976684e+04
3.919999999999679297e+00,1.678939376514004067e+01,7.070886313857012162e-01,-4.525535967088552547e-01,9.271041913358096451e-03,6.500470733456102657e-03,-3.229614642029078782e-03,-5.058172867365192360e+01,-1.161249029703685665e+01,2.490479076898868698e+02,-5.570699795541877303e-02,-6.962490800839418625e+01,3.652999508898284694e+04,0.000000000000000000e+00,7.440626676730341569e+04
3.929999999999678195e+00,1.678934519139674464e+01,7.070883402613069579e-01,-4.525529007033037843e-01,1.147432370694785077e-03,1.219618921112504417e-03,-1.867398212171698978e-03,6.032988843639532206e+01,3.972702406530012809e+01,1.191702830667536546e+02,-5.576580188255621240e-02,-6.961990808644297601e+01,3.578303726254130743e+04,0.000000000000000000e+00,7.437949750911018054e+04
3.939999999999677094e+00,1.678931921638903901e+01,7.070733915719410456e-01,-4.525426083558834467e-01,-2.984103926471278704e-03,5.414083040991920753e-07,-6.640168429191202655e-04,9.471472753665170785e+01,1.128139304238122236e+02,2.840946301256099105e+01,-5.572082754722323950e-02,-6.962292535066811183e+01,3.861368441955274466e+04,0.000000000000000000e+00,7.464770109182882879e+04
3.949999999999675993e+00,1.678930883313035949e+01,7.070722769475503711e-01,-4.525302096469465130e-01,2.648033174797941470e-03,-1.389270786370955506e-03,-7.927937538752541846e-04,-7.838381207801944583e+00,5.537013123806366366e+01,1.247848005363844095e+02,-5.574685395317561382e-02,-6.965201195787351196e+01,3.907688861843417544e+04,0.000000000000000000e+00,7.254689301794180938e+04
3.959999999999674891e+00,1.678929757626832853e+01,7.070437071418593789e-01,-4.525156457925620934e-01,-1.345744658011043850e-02,-7.840512867869041391e-03,6.644858351749176675e-03,1.297452493857310856e+02,1.968225299233442058e+02,-1.348983689602882805e+02,-5.573311718688113425e-02,-6.970467915693654959e+01,4.234945586406042275e+04,0.000000000000000000e+00,6.944941754193707311e+04
3.969999999999673790e+00,1.678928392459447139e+01,7.070420327659768800e-01,-4.524972275075550554e-01,-6.189506167353501717e-03,-1.881905101238854012e-03,1.344986563732235210e-03,-6.780806392157478513e+01,-8.484630520578662072e+01,3.343454515565908878e+02,-5.573530942355614526e-02,-6.974598005002275158e+01,3.315557733553438447e+04,0.000000000000000000e+00,7.885064735133625800e+04
3.979999999999672688e+00,1.678924509270365206e+01,7.070270222642360824e-01,-4.524805247738878933e-01,-2.818900244966698453e-03,6.073150630602424478e-04,1.697806044604785415e-03,5.038212420777881562e+01,-4.877832510693451695e+00,1.322559654546953425e+02,-5.574464365818226907e-02,-6.961060632808651860e+01,3.483576173729155562e+04,0.000000000000000000e+00,7.582014417362620588e+04
3.989999999999671587e+00,1.678925890438652502e+01,7.070280656412288867e-01,-4.524906448255548441e-01,1.257509327796591274e-03,-2.484672248462956533e-04,-1.035243928921809843e-03,1.688799506999521327e+01,3.330362924305075012e+01,1.937495549851864780e+02,-5.569299941330813075e-02,-6.953329851128302153e+01,3.880904713532023743e+04,0.000000000000000000e+00,7.127926834231888643e+04
3.999999999999670486e+00,1.678923226260721790e+01,7.070105641112567341e-01,-4.524716917624050927e-01,-7.509737797551128274e-03,-3.806485533853553888e-03,2.038710398432812786e-03,-2.128942513770130063e+01,-4.001173381932630946e+01,2.673560640787109151e+02,-5.574528875969655961e-02,-6.948938802285663030e+01,3.490745464318888844e+04,0.000000000000000000e+00,7.619877599409258983e+04
4.009999999999673825e+00,1.678921414960577607e+01,7.069909876569659968e-01,-4.524752013720027000e-01,-5.442957910750102074e-03,-4.700197955934956796e-05,-1.743507443856270357e-03,-5.994933839649854690e+01,-1.041356505407834447e+02,3.539294758022574570e+02,-5.574290407075553622e-02,-6.948661700279832587e+01,3.404339247752145457e+04,0.000000000000000000e+00,7.793955910150262935e+04
4.019999999999677165e+00,1.678920892501842488e+01,7.070061475788740335e-01,-4.524780394372198700e-01,1.790060169898678244e-03,3.054769112431101035e-03,-4.910899431404562772e-05,2.880648068490290825e+01,2.452782929873251305e+01,1.904916720984383574e+02,-5.572687613168052917e-02,-6.948672442850173070e+01,3.779287009514278907e+04,0.000000000000000000e+00,7.068429527031678299e+04
4.029999999999680504e+00,1.678919804009776584e+01,7.070009033150129740e-01,-4.524595926266881674e-01,3.810164384835083178e-04,9.616266160374272723e-04,1.245678649403592813e-03,1.636407903179429013e+01,3.149217534561500997e+01,1.762923433471014505e+02,-5.571877346457468350e-02,-6.942954164074657797e+01,3.838327374554172275e+04,0.000000000000000000e+00,7.138731447675467643e+04
4.039999999999683844e+00,1.678917770142093602e+01,7.069976338233340263e-01,-4.524507160540148232e-01,-5.823322557011366418e-03,1.070893864036909574e-03,-7.682701489720255130e-04,1.396966976374337719e+02,1.261536145407305582e+02,-5.618231719467394214e+01,-5.572518397516210142e-02,-6.935236259894422517e+01,4.038254293061917269e+04,0.000000000000000000e+00,7.141491715744507383e+04
4.049999999999687184e+00,1.678916186376883601e+01,7.069926056292041849e-01,-4.524523247990472341e-01,-7.074276940236715744e-03,-5.384369982805259011e-03,2.878423588942454446e-03,2.586342809336179016e+01,1.208817885850442053e+01,2.089913087808640739e+02,-5.571340393031103122e-02,-6.935514118928171001e+01,3.681109863155589119e+04,0.000000000000000000e+00,7.286146768019060255e+04
4.059999999999690523e+00,1.678916643052545865e+01,7.070015980360822017e-01,-4.524405857189165436e-01,1.390738158390109492e-03,3.960520107063617880e-03,5.333664400402392345e-04,7.253280798950072494e-01,8.950769123829445562e+00,1.857939941425693178e+02,-5.568312471724344570e-02,-6.929381769437897276e+01,3.872316245793638518e+04,0.000000000000000000e+00,7.403428867046328378e+04
4.069999999999693863e+00,1.678916722680972740e+01,7.069992290564586224e-01,-4.524296512072629728e-01,1.234430384066579657e-02,8.773032057242757462e-03,-6.741117841514012582e-03,-9.150893710263949288e+01,-1.497620523825777354e+02,4.056193022936777197e+02,-5.567063159651378101e-02,-6.933417047864541871e+01,3.404134117240100022e+04,0.000000000000000000e+00,7.784861755899933632e+04
4.079999999999697202e+00,1.678912785523590045e+01,7.069748273063195532e-01,-4.524168375758007010e-01,1.207668930976185098e-03,-1.289894964892858735e-03,-9.524258449531560703e-04,3.111603060750758232e+01,7.452918050352479895e+01,1.179658824904945504e+02,-5.571984411842865331e-02,-6.933059238321970952e+01,3.974646151329873828e+04,0.000000000000000000e+00,7.175069475879598758e+04
4.089999999999700542e+00,1.678911982301000094e+01,7.069712498930902367e-01,-4.524000507396625514e-01,1.080505126972946747e-02,7.242882323033589427e-03,-3.541725455039984333e-03,6.658311331842969594e+01,1.100710849583245192e+02,2.140206196943859140e+01,-5.568334464613790974e-02,-6.934440611842174462e+01,3.878548823723854002e+04,0.000000000000000000e+00,7.147242402216445771e+04
4.099999999999703881e+00,1.678910894124962638e+01,7.069790328660988665e-01,-4.524077286880254789e-01,1.304867136531111770e-02,1.036252299094656860e-02,-3.850177738149354774e-03,1.204406209281455631e+01,-1.065626358962447284e+01,1.984483344442605812e+02,-5.571203993846873814e-02,-6.938474376944745359e+01,3.766317738608424406e+04,0.000000000000000000e+00,7.340243596706785320e+04
4.109999999999707221e+00,1.678907997976885724e+01,7.069448043259590753e-01,-4.523826644301939814e-01,-5.295331637411787758e-03,-6.734219195934004754e-03,3.073628727394558339e-03,1.153503478634420389e+02,2.176691160606441997e+02,-9.860448834760859427e+01,-5.569425610556612977e-02,-6.935675548540753255e+01,4.192566841302529065e+04,0.000000000000000000e+00,6.899064112327279872e+04
4.119999999999710560e+00,1.678905562412240116e+01,7.069513434516511152e-01,-4.523786259916518504e-01,-1.652656416151081220e-03,-2.124406378264668410e-03,3.067443768001162658e-03,-3.640094233291029013e+01,-5.899953804229539855e+01,2.855326671075249578e+02,-5.569519749893748345e-02,-6.940607326666534505e+01,3.535609564870118629e+04,0.000000000000000000e+00,7.611373112768480496e+04
4.129999999999713900e+00,1.678905645779109790e+01,7.069311370612156864e-01,-4.523658980057605472e-01,-6.378079169199269219e-03,-1.283164594107590647e-03,-2.322834499760428970e-03,-6.063755127592321514e+01,-1.022088145548665352e+02,3.521322324256475440e+02,-5.567482004961923914e-02,-6.937756994987761061e+01,3.384805759479536937e+04,0.000000000000000000e+00,7.767084333174490894e+04
4.139999999999717240e+00,1.678902554637075895e+01,7.069252365152863815e-01,-4.523578992254782549e-01,4.300658336407975867e-03,1.513466715113122784e-03,2.587799794255709706e-04,6.509072437238273778e+00,-1.248894349475415311e+01,2.435062246463985502e+02,-5.568945832441397209e-02,-6.935048395854448700e+01,3.687353297344956081e+04,0.000000000000000000e+00,7.258816777983706561e+04
4.149999999999720579e+00,1.678900464713336760e+01,7.069071489926547214e-01,-4.523326600854242208e-01,-4.459602449408690827e-03,2.226132991687662351e-04,-6.901637836650577991e-04,1.085621729267284081e+02,1.593738529063454621e+02,-6.943193131805787743e+01,-5.570060803144641359e-02,-6.926298638937527130e+01,3.946795567697387014e+04,0.000000000000000000e+00,6.981060346309919260e+04
4.159999999999723919e+00,1.678897104668710583e+01,7.069176782042635443e-01,-4.523455552939538715e-01,-4.051639127974874404e-04,4.779138726409559723e-03,-2.202908661463308555e-03,-1.049172938059541593e+02,-1.495425875551079571e+02,3.983272115862650935e+02,-5.568532707700849654e-02,-6.915609874085370734e+01,3.212235730882523421e+04,0.000000000000000000e+00,8.093904378128769167e+04
4.169999999999727258e+00,1.678894934755938095e+01,7.069177623462202797e-01,-4.523514691639723972e-01,5.796690704461811110e-03,4.927225673261901445e-03,-5.180965073629839254e-03,-5.172400643580022006e+01,-7.722911827145128427e+01,2.869011723777289262e+02,-5.567767869282742865e-02,-6.905916713711420130e+01,3.517934953274573490e+04,0.000000000000000000e+00,7.864908305016474333e+04
4.179999999999730598e+00,1.678893044399145040e+01,7.069076817602378826e-01,-4.523482451564244111e-01,-2.434386494562014360e-03,8.896474798418020635e-04,1.611900069933586794e-03,-2.953427703958050188e+01,-8.197721849181800735e+01,2.547178845458915930e+02,-5.566485203723050418e-02,-6.903593059471398874e+01,3.578422030449791782e+04,0.000000000000000000e+00,7.836021149400553259e+04
4.189999999999733937e+00,1.678889987838676845e+01,7.068922920308747804e-01,-4.523330051854658751e-01,-1.901678164744060803e-03,1.611466803333401953e-03,-1.146807923526399790e-03,-2.515687327422062936e+01,3.878478668662978635e+01,1.487745049153822947e+02,-5.568090453754781510e-02,-6.900114467476269908e+01,3.759364040229249076e+04,0.000000000000000000e+00,7.486485411448031664e+04
4.199999999999737277e+00,1.678889585624330749e+01,7.068915314909414160e-01,-4.523344162106162636e-01,-5.890992422384981435e-03,-4.066251217420917968e-03,4.913787291737808580e-03,2.840428633652481949e+01,6.085308081127448077e+01,1.362200714656237324e+02,-5.565684905726394488e-02,-6.908074900248617212e+01,3.835483924802553520e+04,0.000000000000000000e+00,7.151519990069407504e+04
4.209999999999740616e+00,1.678890270919934480e+01,7.068897692901940921e-01,-4.523141340316660930e-01,-2.752293448845138414e-03,-2.172546740089453723e-03,3.274222812190605812e-03,-9.987061165466741386e+01,-1.467285095604233902e+02,3.858591881290331003e+02,-5.566125578300731847e-02,-6.901740006041136155e+01,3.283929490451789752e+04,0.000000000000000000e+00,8.044834908128589450e+04
4.219999999999743956e+00,1.678889093155029499e+01,7.068802067477862883e-01,-4.522881195227923534e-01,-1.277457066266970455e-02,-6.690544158994781408e-03,5.717086321754363300e-03,-2.739767941506170246e+01,-5.480100815625485211e+01,2.168588345996945463e+02,-5.566799944090797259e-02,-6.898121511543679674e+01,3.586261151346179395e+04,0.000000000000000000e+00,7.829979038789270271e+04
4.229999999999747295e+00,1.678886095139499801e+01,7.068668675532756573e-01,-4.522797537917276900e-01,-1.628047578941724943e-02,-1.131808175932986528e-02,6.044119687441028288e-03,1.737859955211254146e+02,2.256694174159287343e+02,-1.731490161918575268e+02,-5.561989150760685702e-02,-6.896814457467192483e+01,4.169680895741173299e+04,0.000000000000000000e+00,6.947331443756796943e+04
4.239999999999750635e+00,1.678882566662556286e+01,7.068617771851158915e-01,-4.522766204153250147e-01,-1.048381232508152627e-02,-5.815213453804283714e-03,4.806088646739552564e-03,6.277254384184197988e+01,3.813545507771092957e+01,1.098128573749872885e+02,-5.562209892072175060e-02,-6.900514883834166824e+01,3.702841456912318972e+04,0.000000000000000000e+00,7.421986271808714082e+04
4.249999999999753975e+00,1.678882933341789752e+01,7.068946395499778879e-01,-4.522759601725647727e-01,-5.823138274223474062e-03,-2.380600577764790027e-04,8.693963743794840470e-04,6.371274478615532644e+00,-1.088424987377152320e+01,2.085468151338673124e+02,-5.560570134441752271e-02,-6.898936160424871389e+01,3.661991126900968084e+04,0.000000000000000000e+00,7.577759779672649165e+04
4.259999999999757314e+00,1.678882249048273678e+01,7.068979441781534367e-01,-4.522574998575021876e-01,1.045697787663957441e-02,6.983132505223661919e-03,-1.683397607932527558e-03,-9.544986724357772800e+01,-1.239863186025112327e+02,3.481581989361402520e+02,-5.560299864537328329e-02,-6.905886911448966714e+01,3.435538453971570561e+04,0.000000000000000000e+00,8.024043623584572924e+04
4.269999999999760654e+00,1.678881441393250995e+01,7.068918206833009199e-01,-4.522445850960399860e-01,7.667663500310337339e-03,4.582493608908686476e-03,-3.771325213929505472e-03,-1.017252278556344436e+02,-9.522649236523534455e+01,3.678319323620607975e+02,-5.560039810123088705e-02,-6.909992312234197698e+01,3.389593014429569303e+04,0.000000000000000000e+00,7.893467739517026348e+04
4.279999999999763993e+00,1.678879959862792148e+01,7.068791377366135942e-01,-4.522381016480131466e-01,-4.966860514112284453e-04,-7.952880761199151733e-04,1.243859122103792509e-03,-6.112949216284414433e+01,-5.428908712871441367e+01,2.884423981052341333e+02,-5.561114958511038930e-02,-6.912590030581134215e+01,3.571721085237994703e+04,0.000000000000000000e+00,7.658935143753293960e+04
4.289999999999767333e+00,1.678877485632085964e+01,7.068677062542828571e-01,-4.522229316880636008e-01,-1.167507187667949026e-03,-2.709623359308643148e-03,1.674049079877704431e-03,-7.601169832321011199e+01,-9.688324066096743081e+01,3.056592196470669478e+02,-5.561481270714047076e-02,-6.903635553127085700e+01,3.410783331212463236e+04,0.000000000000000000e+00,8.058227095912788354e+04
4.299999999999770672e+00,1.678876171915674576e+01,7.068524449668935894e-01,-4.522358916814792074e-01,-1.118195464877928293e-02,-8.626083970307207513e-03,2.244686646951095203e-03,6.434052854089793527e+01,7.946244908265566664e+01,9.440742683819189551e+01,-5.559958764151869820e-02,-6.904292330477935025e+01,3.937453158508783235e+04,0.000000000000000000e+00,7.153788645569114306e+04
4.309999999999774012e+00,1.678876777146392740e+01,7.068451814628899932e-01,-4.522277369373571831e-01,2.103008666838220454e-03,2.550075082909222194e-03,-4.777553778494061779e-04,-7.967989360436388324e+01,-8.633706527046024348e+01,3.494162498670748391e+02,-5.557303020639169089e-02,-6.902660022330697132e+01,3.319220651517267106e+04,0.000000000000000000e+00,7.821584335224330425e+04
4.319999999999777351e+00,1.678873532611427777e+01,7.068381782406069069e-01,-4.522091547989350868e-01,2.013747602671587048e-02,1.118596224929964932e-02,-7.659940409837741500e-03,-8.047740471960241848e+01,-1.892132814174851774e+01,2.289414701976347715e+02,-5.560332246284385715e-02,-6.893693403544301646e+01,3.716498080701958679e+04,0.000000000000000000e+00,7.435158014069419005e+04
4.329999999999780691e+00,1.678871438124842896e+01,7.068300534499784016e-01,-4.522127764014300944e-01,-1.358287851402117117e-03,-1.430454517496968295e-03,1.284436013802651858e-03,-1.176548532018045989e+01,-4.754391743015307270e+01,2.296002358378691497e+02,-5.559388635958356639e-02,-6.894360498682189586e+01,3.368251483380452555e+04,0.000000000000000000e+00,7.856050778568511305e+04
4.339999999999784031e+00,1.678870576914614787e+01,7.068259263301369666e-01,-4.522049389841296119e-01,-7.592930507261176978e-03,-2.688905857223501498e-03,5.924565670669357199e-04,3.242856878676343513e+01,1.017132560298455246e+02,3.421111372855875743e+01,-5.561700522727969220e-02,-6.886939446299116696e+01,4.054236967333493521e+04,0.000000000000000000e+00,7.278713867453280545e+04
4.349999999999787370e+00,1.678869655461306110e+01,7.068168750926477895e-01,-4.522044915846519242e-01,-7.764812567912170692e-03,-5.217571334428625258e-03,3.132699004392786556e-03,9.971223758815222027e+01,1.890837520089944803e+02,-9.809157631256289278e+01,-5.562163180734026185e-02,-6.887175836238895954e+01,4.196695217345633137e+04,0.000000000000000000e+00,6.964075325463332410e+04
4.359999999999790710e+00,1.678865331886331802e+01,7.068124716755255221e-01,-4.521860571261767103e-01,1.963459729138790008e-03,1.171347340077729749e-03,-9.295776244832077741e-04,1.230027754468151215e+02,1.300683432511610818e+02,-3.437153913187489707e+01,-5.559373130825449177e-02,-6.882506929363188419e+01,4.054040586939367495e+04,0.000000000000000000e+00,7.105872036022304383e+04
4.369999999999794049e+00,1.678864699363165869e+01,7.068161587653069011e-01,-4.521912188559431556e-01,6.732492006372224440e-03,5.232886598433073889e-03,-2.924528218183831702e-03,-2.560784099883244380e+01,-7.701011132590173247e+01,2.643920810164077011e+02,-5.560714037697650491e-02,-6.880872519837707557e+01,3.520165893104078714e+04,0.000000000000000000e+00,7.885567625589395175e+04
4.379999999999797389e+00,1.678865887089556708e+01,7.068269324946988563e-01,-4.521978575278592372e-01,1.257084166742161420e-03,-3.283333941676429041e-04,-4.951072338066365422e-04,-1.070173304504955922e+02,-1.371048661354222986e+02,3.916469727081666861e+02,-5.556199158479401684e-02,-6.881925094828652334e+01,3.242779836565993901e+04,0.000000000000000000e+00,8.069933366074574587e+04
4.389999999999800728e+00,1.678863345834420429e+01,7.068184602513316594e-01,-4.521773671946487938e-01,-4.951826099322906120e-03,-1.323461292051994519e-03,1.790068443131048476e-03,-6.319926057981922440e+01,-1.118453245357766264e+02,3.477988989430468791e+02,-5.557712881397481458e-02,-6.882107997965020729e+01,3.467737605630736653e+04,0.000000000000000000e+00,7.754523726665231516e+04
4.399999999999804068e+00,1.678860772643790966e+01,7.068049340304493056e-01,-4.521775976805780251e-01,-7.607824464440992619e-03,-7.368044117562312124e-03,3.850237506645852719e-03,8.750031907544166643e+01,1.001090062785141299e+02,7.320536039825265107e+01,-5.558333027198799486e-02,-6.881368205842443331e+01,3.790373058907450468e+04,0.000000000000000000e+00,7.146049569602937845e+04
4.409999999999807407e+00,1.678861852102947338e+01,7.068202008756314658e-01,-4.521894919670068069e-01,1.510610882729703994e-02,1.156325049894632410e-02,-6.061729909561514723e-03,-9.311696549826308456e+01,-1.524898335819947306e+02,4.132614487924879541e+02,-5.556352113189631792e-02,-6.890164812748619738e+01,3.447574881592342717e+04,0.000000000000000000e+00,7.761968304951513710e+04
4.419999999999810747e+00,1.678859531608466682e+01,7.068126602781905632e-01,-4.521709583337059635e-01,1.677645962356660468e-03,1.500949555680612321e-03,3.147365212539076241e-03,2.646813416316422263e+01,-2.670124659721983562e+01,1.623432666373032589e+02,-5.556615266607038695e-02,-6.895250951585221344e+01,3.592312814438444184e+04,0.000000000000000000e+00,7.577662809486697370e+04
4.429999999999814086e+00,1.678858437976027318e+01,7.068152646101110159e-01,-4.521498292870831381e-01,-3.168943775261670853e-03,3.701510953947545826e-03,1.986446572539485658e-03,-1.134589630802588545e+01,-8.334064674756703539e+01,2.512554293384987432e+02,-5.557424811528537123e-02,-6.888236558043536206e+01,3.424776427996200073e+04,0.000000000000000000e+00,7.859477128939755494e+04
4.439999999999817426e+00,1.678857325978142967e+01,7.068072478311534512e-01,-4.521464086507636648e-01,1.720517658840603351e-03,7.970843867535128287e-05,-1.802007345494549637e-03,1.848774165375880330e+01,-6.035533525407259958e+00,1.511641628024713100e+02,-5.557863512549914703e-02,-6.882018336422055427e+01,3.561004662620367162e+04,0.000000000000000000e+00,7.818394752483947377e+04
4.449999999999820766e+00,1.678856735460769301e+01,7.068044389287395646e-01,-4.521455407534963333e-01,6.814112467389598152e-03,5.777204719151411358e-03,-3.457991195414697114e-03,-2.960848514160034028e+01,-5.783381509631226436e+00,2.552057193700002244e+02,-5.555369860870736087e-02,-6.887329348965671727e+01,3.694073972049883014e+04,0.000000000000000000e+00,7.369147696085272764e+04
4.459999999999824105e+00,1.678859508445914983e+01,7.068179274656274380e-01,-4.521377896354607517e-01,4.104051447949165661e-03,-2.313462019234457413e-04,9.118082990056657761e-04,-4.961197749132293211e+01,-6.736595956598159773e+01,2.538000238760687353e+02,-5.552343397015474524e-02,-6.885383951949918924e+01,3.589359486607377767e+04,0.000000000000000000e+00,7.826044970842625480e+04
4.469999999999827445e+00,1.678855836634249954e+01,7.067859405579550724e-01,-4.521249328942551493e-01,8.228043383467729130e-04,-2.829396391712326719e-03,6.631943906097066688e-04,8.676256579562755178e+01,1.245777450999462701e+02,3.222639268731882112e+00,-5.557786168379592190e-02,-6.889910573582149311e+01,3.964002927061046648e+04,0.000000000000000000e+00,7.107474858112992661e+04
4.479999999999830784e+00,1.678854113338797660e+01,7.067775951829687875e-01,-4.521105106979652066e-01,-4.395806177773545383e-03,-2.379275577693334715e-03,1.039613684931659779e-03,1.181218631273168285e+02,1.347318711532918769e+02,-3.250100102575129313e+01,-5.555948542716339367e-02,-6.893120644045268364e+01,3.880088912189860275e+04,0.000000000000000000e+00,6.943312197548200493e+04
4.489999999999834124e+00,1.678854475011073788e+01,7.067856248213282289e-01,-4.521059723016710441e-01,2.395011113134840313e-03,4.964570147535842665e-03,-1.847513522998502208e-03,-2.852934217066217570e+01,-2.367629927628559017e+01,2.532397188049994838e+02,-5.554418776034026478e-02,-6.881959202188718905e+01,3.722795864180788340e+04,0.000000000000000000e+00,7.390393517160949705e+04
4.499999999999837463e+00,1.678850750016966131e+01,7.067857691074970194e-01,-4.521138918613832325e-01,-8.021727309870085518e-03,-5.036607373920833769e-03,1.167848512661692371e-03,4.090110899014212009e+01,1.127259173957437497e+02,2.824256775665071473e+01,-5.554817880599453167e-02,-6.871803933684518029e+01,4.014461078103692125e+04,0.000000000000000000e+00,7.214648102131596534e+04
4.509999999999840803e+00,1.678849517326625573e+01,7.067857378584175843e-01,-4.521320315322071570e-01,2.931840673005897333e-03,2.278663215682011529e-03,-3.490054751125023103e-03,1.461657668633131379e+01,4.420019251323765275e+01,1.897688785213376832e+02,-5.555163631938254271e-02,-6.869576731278277748e+01,3.833222848433221952e+04,0.000000000000000000e+00,7.129477836767218832e+04
4.519999999999844142e+00,1.678849101867160698e+01,7.067839517721075104e-01,-4.521289131271437056e-01,3.069294316162518013e-04,1.097360256394384588e-03,-1.121047588609393880e-03,4.141381255283101837e+01,6.487835845502149823e+01,1.308952615863954634e+02,-5.553968032117407444e-02,-6.861556502895787446e+01,4.023939522539500467e+04,0.000000000000000000e+00,7.134519485346638248e+04
4.529999999999847482e+00,1.678850107120359425e+01,7.067764183747183848e-01,-4.521273483428667750e-01,5.661231558913021843e-03,-1.060545159922764461e-03,-1.214794978062194112e-03,-4.082682543823113974e+01,-5.187478925791106121e+01,3.002133330986725923e+02,-5.550156565165048628e-02,-6.868029451990562961e+01,3.484380132629787840e+04,0.000000000000000000e+00,7.630110537578293588e+04
4.539999999999850822e+00,1.678844123804354993e+01,7.067348622143228010e-01,-4.520920583589366770e-01,-7.143119585646425310e-03,-3.603513025647916979e-03,2.605725854087205182e-03,1.409380313999167811e+02,1.796109267977402340e+02,-8.986833115853028175e+01,-5.546903053776364861e-02,-6.869174547394364083e+01,4.297219770793593489e+04,0.000000000000000000e+00,6.913949530063281418e+04
4.549999999999854161e+00,1.678843784809167516e+01,7.067317937888770718e-01,-4.520823807698149399e-01,7.977879518366765314e-04,-1.949978282016197895e-05,1.709123040988888825e-03,1.036523919270214265e+02,1.172840743760887108e+02,2.733981391844281461e+00,-5.553584547689398992e-02,-6.870382966713665951e+01,3.954868494806239323e+04,0.000000000000000000e+00,6.940635635630782053e+04
4.559999999999857501e+00,1.678840206224988307e+01,7.067234188252583538e-01,-4.520907470670485484e-01,-8.528022402723229450e-03,-5.879093847757899637e-03,1.716137682533703775e-03,1.192004095039615095e+02,1.325444793821080225e+02,-1.732336230481564598e+01,-5.549780146530276098e-02,-6.876921131525668329e+01,3.954433782785676158e+04,0.000000000000000000e+00,6.979531465864757774e+04
4.569999999999860840e+00,1.678839383988696099e+01,7.067064448924318398e-01,-4.520907526018462796e-01,-3.341006715129888564e-03,-1.569759508318797642e-03,-6.642441172048462296e-04,8.220197743008725411e+01,6.993062722316366830e+01,6.767801067719346975e+01,-5.552953578577714960e-02,-6.872995740595706593e+01,3.578874318745901837e+04,0.000000000000000000e+00,7.729753638412010332e+04
4.579999999999864180e+00,1.678839841907446484e+01,7.067048938235961364e-01,-4.520934725635036844e-01,2.869186560914367169e-03,-1.893272584181021363e-03,9.678643324847053782e-05,-1.028777585892521529e+01,5.981475674007413090e+01,1.136711368077294537e+02,-5.554646481461929935e-02,-6.875695908923006527e+01,3.885074711665961513e+04,0.000000000000000000e+00,7.231779312857918558e+04
4.589999999999867519e+00,1.678839996840913074e+01,7.067012016963564180e-01,-4.521110802907074566e-01,2.452449948078864322e-03,1.962270474999446793e-03,-6.850168508283852736e-04,-1.778252968796937239e+01,3.130340682509267936e+01,1.700735349104566012e+02,-5.557407984661010686e-02,-6.872423264893089367e+01,3.769773306102758215e+04,0.000000000000000000e+00,7.518015643923137395e+04
4.599999999999870859e+00,1.678839586923784921e+01,7.066987614409238061e-01,-4.521083657151380164e-01,-2.652900044500619905e-03,-1.726525517636036920e-03,1.356169437138395311e-03,4.595917457490395464e+01,7.103260021315986705e+01,1.160386107750609881e+02,-5.553472329987334255e-02,-6.867751236256691527e+01,4.049043944238124095e+04,0.000000000000000000e+00,7.173551778045787069e+04
4.609999999999874198e+00,1.678836694130853502e+01,7.067001309668586861e-01,-4.521007992081723659e-01,6.676624080951469413e-03,4.394003847747506367e-03,-4.763727916864519789e-03,-1.880973613489459240e+00,6.424456965684089482e+01,1.291962050822849051e+02,-5.554125763980035518e-02,-6.858169285792223491e+01,3.866010988864555839e+04,0.000000000000000000e+00,7.215605683895775292e+04
4.619999999999877538e+00,1.678836602348969365e+01,7.066931219231364913e-01,-4.521299965444535718e-01,-7.525146655319421909e-04,-4.206108358089262304e-03,-2.745863600185486243e-03,-1.980793564775297000e+01,1.800122376471335883e-02,2.539947354697155788e+02,-5.553552778475869672e-02,-6.861864868279305085e+01,3.749649836564167344e+04,0.000000000000000000e+00,7.500062808800915082e+04
4.629999999999880878e+00,1.678831869123146703e+01,7.066726730902904707e-01,-4.521185571297581252e-01,-7.984732896158737089e-03,-1.716737205997121134e-03,3.024794026477584802e-03,5.795152143475888806e+01,8.449845950650200166e+00,1.286593073416065636e+02,-5.553477379443128720e-02,-6.863885147879980764e+01,3.566172951350349467e+04,0.000000000000000000e+00,7.620196200324638630e+04
4.639999999999884217e+00,1.678831490364865431e+01,7.066639000971107754e-01,-4.521003926054752986e-01,-1.392224116684668287e-04,-4.517498171350671173e-04,3.033015112860669178e-03,-2.603242847818989958e+01,-7.709448598242715889e+00,2.291466158664889008e+02,-5.554164166051273055e-02,-6.860317995121920376e+01,3.707214592196386366e+04,0.000000000000000000e+00,7.524246714287067880e+04
4.649999999999887557e+00,1.678829483044975035e+01,7.066625579966628878e-01,-4.520936592864985282e-01,-6.148556014690433232e-03,-2.338673657663572786e-03,1.636782836024954380e-03,3.857794455242662934e+01,4.624070525885667848e+01,1.713965021656936187e+02,-5.554356858918448742e-02,-6.852032936541542085e+01,3.903478283216916316e+04,0.000000000000000000e+00,7.169273531240779266e+04
4.659999999999890896e+00,1.678828744233497972e+01,7.066490155793390127e-01,-4.520841369426153444e-01,-1.714538772967339961e-02,-1.154544748949942745e-02,3.857254119924011324e-03,1.296252223548858638e+02,1.774793550804388929e+02,-1.025376586058514476e+02,-5.552027789758355591e-02,-6.841673781437192758e+01,4.097251543820028019e+04,0.000000000000000000e+00,7.277843907719281560e+04
4.669999999999894236e+00,1.678831408070457343e+01,7.066515990731541130e-01,-4.520936054044446539e-01,8.516683721698108112e-03,1.961284851139808143e-03,-2.843564242175982207e-03,4.648722081664004691e+00,3.721490883622936963e+01,1.873905562249328796e+02,-5.552899094050130213e-02,-6.853621835903338422e+01,3.753045621528621268e+04,0.000000000000000000e+00,7.226503153065066726e+04
4.679999999999897575e+00,1.678832365300965535e+01,7.066503878588501486e-01,-4.520822057208058187e-01,1.416418908062398209e-02,9.002311099790086604e-03,-5.040888013651111804e-03,-1.265816472436582671e+02,-1.827957331007946777e+02,4.466416840781309929e+02,-5.552428857363092551e-02,-6.852618766199600486e+01,3.265322735136731717e+04,0.000000000000000000e+00,8.125987260652928671e+04
4.689999999999900915e+00,1.678829854519279152e+01,7.066341272143751295e-01,-4.520590981128377872e-01,7.695124648750982857e-03,3.847895869763973999e-03,-3.124379184529654189e-03,3.055014212929836503e+01,1.051758491139227374e+02,3.179116865241940104e+01,-5.555476146273888999e-02,-6.846064624391915743e+01,3.802472745076475258e+04,0.000000000000000000e+00,7.387331893095627311e+04
4.699999999999904254e+00,1.678830328623399737e+01,7.066335843124511573e-01,-4.520722646818741697e-01,7.013446499839987545e-03,1.795220467936251962e-03,-2.247978831143279069e-03,-6.354101822035511304e+01,-4.847020481976426254e+01,3.082295855172865231e+02,-5.554828143017783576e-02,-6.856682837717352186e+01,3.484025795981787815e+04,0.000000000000000000e+00,7.692715904640917142e+04
4.709999999999907594e+00,1.678832519872310769e+01,7.066545523368369386e-01,-4.520734630993270553e-01,1.270650144200844572e-02,7.931032321232772339e-03,-2.201787992805899312e-03,-9.770086649882614438e+01,-1.313895290993611980e+02,3.679871816209788449e+02,-5.547058970852505877e-02,-6.860084228403380280e+01,3.377473833393515815e+04,0.000000000000000000e+00,7.901521359621456941e+04
4.719999999999910933e+00,1.678831107672460732e+01,7.066449647338891582e-01,-4.520600314867758152e-01,2.927890988388364476e-03,1.950041304543606926e-03,-5.397666595871172465e-04,-1.028693373842085066e+02,-8.056711168952392654e+01,3.409922056532527677e+02,-5.551412952460194755e-02,-6.847845249930557543e+01,3.349932516389776720e+04,0.000000000000000000e+00,8.011990616463396873e+04
4.729999999999914273e+00,1.678827284801160147e+01,7.066382195843300407e-01,-4.520525695877022354e-01,1.235161106621644050e-02,7.906317051546993616e-03,-6.180108315460099144e-03,-9.260793934071625699e+01,-8.547690808780612315e+01,2.879534808527791938e+02,-5.553803467789169418e-02,-6.846500048178349118e+01,3.640702196374724008e+04,0.000000000000000000e+00,7.776458785872432054e+04
4.739999999999917613e+00,1.678824515546294194e+01,7.066081943111955921e-01,-4.520547176801373856e-01,-1.640996525890095134e-02,-1.080552686735683672e-02,3.445686515196839505e-03,1.482556625810125297e+02,2.012610808660837733e+02,-1.233526911939081856e+02,-5.552328772452171102e-02,-6.850604957970124076e+01,4.232808259500299755e+04,0.000000000000000000e+00,7.026006656403142551e+04
4.749999999999920952e+00,1.678822704223983564e+01,7.066234147780884323e-01,-4.520638974393788034e-01,1.133114907941362237e-03,1.693845269147095699e-03,-1.614112082364644631e-03,-1.001916483918442964e+02,-1.597815611518598189e+02,4.103152493747647895e+02,-5.549992191339401387e-02,-6.851434423201727952e+01,3.256835401175937295e+04,0.000000000000000000e+00,8.142096734388703771e+04
4.759999999999924292e+00,1.678820323022726058e+01,7.066012107392413144e-01,-4.520505053146308683e-01,1.485514676883238280e-02,9.781178694111368824e-03,-7.993412865131683392e-03,-2.299235899659618099e+01,4.780522717899225427e+01,1.457961152720286009e+02,-5.552384905494307105e-02,-6.848527779146162686e+01,3.790968830474934657e+04,0.000000000000000000e+00,7.307617034862840956e+04
4.769999999999927631e+00,1.678820797951817312e+01,7.066141857322710829e-01,-4.520669340181526219e-01,7.042582196263266411e-03,3.716140477387308225e-03,-2.990235451052257077e-05,9.256181383557077424e+00,2.018050664208203671e+01,1.926820162694284591e+02,-5.552556863096425044e-02,-6.851496375834435071e+01,3.754003460567567527e+04,0.000000000000000000e+00,7.237726594936331094e+04
4.779999999999930971e+00,1.678820991685555697e+01,7.066285160018359601e-01,-4.520516924618204757e-01,2.643546187829669877e-04,1.188161556868536821e-03,6.794218899763719349e-04,3.979518368373646808e-01,1.696310984032220404e+01,1.778020012303099975e+02,-5.552258108205170711e-02,-6.844341050358481482e+01,3.835947754784636345e+04,0.000000000000000000e+00,7.513669552497789846e+04
4.789999999999934310e+00,1.678820097675685474e+01,7.066218719409899096e-01,-4.520324023002835756e-01,-4.605966594449282733e-03,-5.635029539100564269e-03,2.755109002078288006e-03,1.976856115857844998e+01,1.108639850993112077e+02,2.656409493234423280e+01,-5.551995126634828859e-02,-6.838634749697072834e+01,4.030427458984922851e+04,0.000000000000000000e+00,7.357121987569774501e+04
4.799999999999937650e+00,1.678821366625829725e+01,7.066360035821919183e-01,-4.520499106249872279e-01,-1.288267924617216616e-03,-2.184476211501910903e-03,1.351908337820892760e-03,-7.340590021442062607e+01,-1.079429449023787129e+02,3.385352191214997220e+02,-5.549815154305068332e-02,-6.849570154315622972e+01,3.417757862441171164e+04,0.000000000000000000e+00,7.901500900665750669e+04
4.809999999999940989e+00,1.678818020744488848e+01,7.066174264763047663e-01,-4.520285665718863921e-01,3.774456007678135289e-03,4.421862595196464525e-03,-1.038662767737871280e-05,-3.423905552417954823e+01,-5.130441556450705320e+00,2.266625785781184277e+02,-5.551307794885633473e-02,-6.850768982020005637e+01,3.688435454857819423e+04,0.000000000000000000e+00,7.512966449990081310e+04
4.819999999999944329e+00,1.678818736302513059e+01,7.066249808879087047e-01,-4.520074583777564103e-01,1.086369647291915083e-02,5.395447170731205479e-03,2.195874787121107811e-05,-1.079329760071141209e+02,-1.510371412584314612e+02,3.830847281324104188e+02,-5.551065599707166731e-02,-6.843251589379519828e+01,3.281277714733683388e+04,0.000000000000000000e+00,8.146020455828004924e+04
4.829999999999947669e+00,1.678815541224435748e+01,7.066092366719570750e-01,-4.520170094937829841e-01,3.376141872629805259e-03,1.821722087819270530e-03,-1.800661652244240447e-03,6.461767470806398705e+01,7.664060722901837153e+01,9.782803546946706774e+01,-5.551554006005041120e-02,-6.848357463508578746e+01,3.712920324280959176e+04,0.000000000000000000e+00,7.294513719024142483e+04
4.839999999999951008e+00,1.678814894067768648e+01,7.066027784367753251e-01,-4.520054729143915817e-01,-3.215720502656435392e-05,-1.852928809430747902e-03,1.904568249612008726e-03,8.875586936711465569e+01,7.160535458821902921e+01,1.556865373597611324e+01,-5.547380168571519610e-02,-6.849430501096037460e+01,3.747270616268737649e+04,0.000000000000000000e+00,7.608130369557984523e+04
4.849999999999954348e+00,1.678817496387161867e+01,7.066166500971539088e-01,-4.520041059670438233e-01,1.067371122319861823e-02,7.063898051588042744e-03,-2.065039353874593975e-03,-4.440782112768806655e+01,-1.083871786332861120e+01,2.513947268281981451e+02,-5.546175490296557237e-02,-6.844142109438242016e+01,3.690978333677761111e+04,0.000000000000000000e+00,7.473252288541645976e+04
4.859999999999957687e+00,1.678814996838650941e+01,7.066048851809846321e-01,-4.519876283440936726e-01,3.752920233760925848e-03,-1.830887472639658757e-03,-3.055145815859641777e-04,1.094798450016924107e+01,5.383211233928523143e+01,1.673715859998355882e+02,-5.549736960225069154e-02,-6.838572384244953639e+01,3.745591016578541894e+04,0.000000000000000000e+00,7.191164200812907075e+04
4.869999999999961027e+00,1.678815667280580115e+01,7.066009239139933173e-01,-4.519910178002108370e-01,1.431883381480880853e-03,1.188672481070996399e-03,-3.304588904887331095e-03,7.969234600608388064e+01,7.877582742544538519e+01,9.390323753984739596e+01,-5.551266375223991301e-02,-6.836757031959071185e+01,3.849117585122578021e+04,0.000000000000000000e+00,7.259675310597935459e+04
4.879999999999964366e+00,1.678815505560612920e+01,7.066018844381837249e-01,-4.520039255376377407e-01,-3.586726553605214338e-03,1.217850773066957810e-03,-1.951880451445810660e-03,4.497065258141810773e+01,5.405363011477095370e+01,1.273894073061178460e+02,-5.545599432490649905e-02,-6.830417349017136530e+01,3.997100772321031400e+04,0.000000000000000000e+00,7.288039870441849052e+04
4.889999999999967706e+00,1.678810350755484748e+01,7.065876802653441313e-01,-4.519997811660661502e-01,2.281529824471491101e-03,5.374675935954291266e-03,-4.542929277146267979e-03,8.819161461098360633e+01,7.809484792560428446e+01,8.611985163163808465e+01,-5.548864446259812316e-02,-6.831034372650535147e+01,3.690188317221715261e+04,0.000000000000000000e+00,7.279387002968144952e+04
4.899999999999971045e+00,1.678812327147376848e+01,7.066094266629535658e-01,-4.520048782518354957e-01,2.305653459367108978e-03,1.773191134081948911e-04,4.061678414182527024e-04,-1.077578843135743227e+02,-1.373395879663200958e+02,3.874807401023304010e+02,-5.546825108627321393e-02,-6.838893399421263553e+01,3.247670199987342494e+04,0.000000000000000000e+00,8.156057817759639875e+04
4.909999999999974385e+00,1.678807950500162605e+01,7.065845692307792802e-01,-4.519813093897881995e-01,-1.044715802351302639e-02,-4.808614468221061866e-03,2.647014207568776454e-03,1.170416383646645500e+02,1.370964808963865096e+02,-2.352047740422108291e+01,-5.547854385475928241e-02,-6.837340774309869573e+01,4.034102987537314766e+04,0.000000000000000000e+00,7.064210990508779651e+04
4.919999999999977724e+00,1.678810305901613376e+01,7.066039729821926851e-01,-4.519862399882492165e-01,1.262325027540336236e-02,8.295109902312129690e-03,-3.312733266657962635e-03,-9.119090877752717006e+01,-1.445217603139428775e+02,3.599984013887774381e+02,-5.544931401415623823e-02,-6.832259782362807243e+01,3.460349782759262598e+04,0.000000000000000000e+00,8.130849785887850157e+04
4.929999999999981064e+00,1.678809107625620456e+01,7.065845564816738422e-01,-4.519800460273667997e-01,7.788544481699180219e-03,1.534236481529378457e-03,-1.448156997780916623e-03,-6.819761918485482965e+00,1.307129162957483004e+01,1.956407776589362584e+02,-5.549039316817951789e-02,-6.832452303485122513e+01,3.740911573083372059e+04,0.000000000000000000e+00,7.497217249809947680e+04
4.939999999999984404e+00,1.678810450126151110e+01,7.065984540332594932e-01,-4.519740444691534575e-01,7.283649404984508281e-03,7.476104750726854722e-03,-4.044812262667052231e-03,-4.948652391634414016e+01,2.779462737064204703e+01,1.555331492880977748e+02,-5.545925431771057956e-02,-6.838224538934110797e+01,3.654103321015198890e+04,0.000000000000000000e+00,7.545966385859840375e+04
4.949999999999987743e+00,1.678808624310369879e+01,7.066005413182335770e-01,-4.519885229611456112e-01,-4.480684456764720491e-06,2.158951388665426331e-03,-4.383032527164929144e-03,1.243880106277097184e+02,1.367580313465877566e+02,8.582709721715218620e+00,-5.548612828112707562e-02,-6.843710123737658080e+01,4.014716578382174339e+04,0.000000000000000000e+00,7.004555833037347475e+04
4.959999999999991083e+00,1.678809479934001914e+01,7.066074457835840317e-01,-4.519961855036349618e-01,-4.562341903177921480e-03,-4.450094070840735112e-03,1.646427500708757879e-03,-9.789589681109760022e+00,5.326745071493633077e+00,2.226463822043092478e+02,-5.544773668166329272e-02,-6.846782256636375052e+01,3.709682778120161674e+04,0.000000000000000000e+00,7.519124758845362521e+04
4.969999999999994422e+00,1.678808889078169386e+01,7.066034831480658696e-01,-4.519823985335904015e-01,4.861306856568730142e-03,3.673192015145605293e-03,-3.382216560530215189e-04,-7.749217329148666522e+01,-1.297848276682800588e+02,3.584906058577007570e+02,-5.546494332302043945e-02,-6.842807842705803978e+01,3.412614666800884879e+04,0.000000000000000000e+00,7.896183168605389073e+04
4.979999999999997762e+00,1.678807347626828772e+01,7.065769498087712819e-01,-4.519572214573912006e-01,2.862902990846925410e-03,7.162007484920114879e-04,1.435945434322552419e-03,6.521357430826083146e+01,7.372275792802960837e+01,8.120498274602641686e+01,-5.547613169143071621e-02,-6.842364232133027713e+01,3.685827234851030516e+04,0.000000000000000000e+00,7.781699154596005974e+04
4.990000000000001101e+00,1.678808925881908465e+01,7.066025542599163600e-01,-4.519717103926638724e-01,-1.392150661089766248e-03,-5.978734251334966165e-04,3.061261167212081546e-05,4.145594437044223923e+00,-4.873727238901665260e+00,2.212055062144618205e+02,-5.542457478900968126e-02,-6.847887614963536862e+01,3.616074373132672190e+04,0.000000000000000000e+00,7.443395830088536604e+04
