time,x,y,z,vx,vy,vz,Fx,Fy,Fz,min_contact_distance,mechanical_energy,base_load,left_edge_load,right_edge_load
0.000000000000000000e+00,1.800000000000000000e+01,0.000000000000000000e+00,9.405731142999800287e-01,5.796462441051609460e+00,0.000000000000000000e+00,-1.549523529823934265e+00,-4.958110897795628489e+02,-4.179160778907458074e-01,2.599359995249146777e+02,-5.818037569708664654e-03,5.285817044853623656e+02,2.026116629779281539e+03,9.466632824543095239e+02,1.063010136028984107e+03
5.000000000000000971e-03,1.802792409514731631e+01,3.250791778954866487e-06,9.330134897950138617e-01,5.531732539807603821e+00,1.920703186022413786e-02,-1.509691953947609022e+00,0.000000000000000000e+00,0.000000000000000000e+00,0.000000000000000000e+00,-2.858361485799034915e-03,5.077636000138294889e+02,0.000000000000000000e+00,0.000000000000000000e+00,0.000000000000000000e+00
1.000000000000000541e-02,1.805629651908569144e+01,7.698279002296984309e-05,9.251541179540697657e-01,5.698594745565988440e+00,1.322340764888502683e-02,-1.597580553813241933e+00,0.000000000000000000e+00,0.000000000000000000e+00,0.000000000000000000e+00,0.000000000000000000e+00,5.074010193022904787e+02,0.000000000000000000e+00,0.000000000000000000e+00,0.000000000000000000e+00
1.500000000000000985e-02,1.808476692416034126e+01,1.428176804981335084e-04,9.170471659364680672e-01,5.682235499816433055e+00,1.314056162071754706e-02,-1.638340268234061314e+00,0.000000000000000000e+00,0.000000000000000000e+00,0.000000000000000000e+00,0.000000000000000000e+00,5.072524732502524785e+02,0.000000000000000000e+00,0.000000000000000000e+00,0.000000000000000000e+00
2.000000000000001429e-02,1.811303137609391456e+01,2.056935785278793947e-04,9.087780191517856876e-01,5.628690671014118685e+00,7.507851184604012913e-03,-1.666192958034263816e+00,-5.927892530569160101e+00,7.964524027281537633e-01,4.106831683671936872e+01,-1.742642830845099727e-04,5.072109229535553823e+02,4.144944706282235813e+01,0.000000000000000000e+00,0.000000000000000000e+00
2.500000000000001874e-02,1.814111871736441728e+01,5.295443663039206783e-05,9.003481883258036556e-01,5.621620958492473896e+00,-2.525209837755787098e-02,-1.704801319946081639e+00,6.052731874398432410e+00,6.937021117251068736e-02,5.016339971899273564e+01,-1.985177051736489087e-04,5.070761176581353880e+02,3.744758987234970959e+01,6.404911258188615619e+00,6.611927518829013195e+00
3.000000000000002318e-02,1.816931385800716114e+01,-3.101932348717156124e-05,8.916982328289617676e-01,5.647858934363929606e+00,-9.288043346305337872e-03,-1.749407124116050039e+00,2.059873643575438340e+00,1.192028598823832199e-02,1.660892850468653137e+01,-2.006826031415720468e-04,5.070327794173908842e+02,1.447224894278381413e+01,2.243051268327659997e+00,0.000000000000000000e+00
3.500000000000002415e-02,1.819760334351699882e+01,-2.985209434579149231e-05,8.828280834639158359e-01,5.668496697723731437e+00,1.679104007678786092e-02,-1.794636345044036574e+00,3.324251946290191828e+00,-5.015427770767840604e-02,2.712036456340382884e+01,-4.695819204345833171e-05,5.069951553788890806e+02,2.425674403045508853e+01,3.032516264639888881e+00,0.000000000000000000e+00
4.000000000000002859e-02,1.822598056479725770e+01,9.821237202460559408e-05,8.737407224069276834e-01,5.670962567319114633e+00,1.826576129432852871e-02,-1.834109729992888571e+00,2.006345763859858877e+01,2.387903808418193607e-01,1.041560637603290047e+02,-2.015219783079104116e-03,5.068168184299701124e+02,4.576850196083719879e+01,7.883355724005937759e+00,5.244870998217409408e+01
4.500000000000003303e-02,1.825424082395426595e+01,1.230704686242174468e-04,8.644919794730249185e-01,5.639222261610459697e+00,1.378888865682496867e-04,-1.861648099494320974e+00,2.321859779666925760e+01,1.250078728911698522e-01,1.350655681814927220e+02,-2.649839171463628639e-03,5.064244505085055721e+02,6.281559875178651708e+01,3.659266749140978447e+01,3.765490422958045258e+01
5.000000000000003747e-02,1.828243312752109517e+01,7.388106198892319685e-05,8.551062182503270659e-01,5.643372366242364713e+00,-2.217671540841431241e-02,-1.891025479623976047e+00,-1.537015211454435985e+03,-4.374928111509377260e+01,5.375852827731249590e+02,-4.961087668051776100e-04,5.062834868768359229e+02,1.968193636685844012e+03,4.875135177561087119e+01,1.494354714554999362e+02
5.500000000000004191e-02,1.830941414313618054e+01,1.097818427415654679e-04,8.463474539310521516e-01,4.662891865096240984e+00,3.523633838678247310e-02,-1.309522917518996632e+00,-6.509538189444555428e+03,-7.466271288114994320e+01,3.237037444377862812e+03,-1.754900366319676625e-03,3.891502669992277106e+02,7.461237682243235213e+03,9.388607865543272055e+02,9.739163850337899930e+02
6.000000000000004635e-02,1.833170879546982235e+01,2.292059863041865828e-04,8.411071410476778087e-01,4.478645631569194485e+00,1.332251000322457780e-02,-9.069065675880468858e-01,1.344847898888668283e+02,-2.459921874141207387e-01,8.205746134861267365e+02,-1.992967157721691179e-03,3.630555763230282196e+02,3.478927469021604111e+02,1.931539641026358254e+02,2.896783298407070788e+02
6.500000000000004385e-02,1.835418183354202526e+01,2.864973682932772008e-04,8.369414050218718648e-01,4.503906576900075009e+00,1.036563641902755323e-02,-7.888331971062547687e-01,7.737416196679653524e+01,-5.254936552325428778e-02,4.598954910737119803e+02,-1.049554370930985865e-03,3.627068788247746625e+02,2.629081968640794571e+02,6.520697565819311592e+01,1.378456093861138640e+02
7.000000000000004829e-02,1.837671148086063511e+01,3.309916405364774720e-04,8.330980028392399594e-01,4.509235450211740215e+00,6.240833812175664713e-03,-7.709157142982452360e-01,1.491894987128923056e+01,-1.115755893169739776e-01,1.369994595370039860e+02,-1.402415452282528658e-03,3.623982770905542452e+02,1.010617455729700822e+02,1.835184473091130997e+01,1.824267600726711080e+01
7.500000000000005274e-02,1.839852450978041887e+01,3.276468600866305650e-04,8.293360953654124179e-01,4.373046171032148877e+00,3.161412324545980097e-03,-7.652718766430430808e-01,2.485680241589678818e+00,-1.007043412855678777e-01,2.750002994269841849e+01,-2.425335355668288041e-04,3.514844785413299633e+02,1.365614134105978117e+01,7.320081760950433392e+00,6.601534004202490813e+00
8.000000000000005718e-02,1.842054407620307188e+01,4.471304422651122381e-04,8.253951461737834006e-01,4.418155299561428606e+00,3.842128417142030156e-02,-8.062104410899013640e-01,3.477645178358609535e+00,-1.928149949996277590e-01,4.736008413083929725e+01,-2.895177824972432028e-04,3.510608318462201396e+02,1.769441328729396190e+01,7.637328643019021257e+00,2.209672422778094258e+01
8.500000000000006162e-02,1.844266243431697205e+01,5.152623884046945296e-04,8.212721243040083108e-01,4.414546905847801739e+00,3.595606263304426328e-03,-8.364928595012057766e-01,1.053502570352168544e+00,-8.383371298235488267e-02,1.420582347809877177e+01,-1.079140739453578364e-04,3.510031929544179548e+02,1.422726677015600671e+01,0.000000000000000000e+00,0.000000000000000000e+00
9.000000000000006606e-02,1.846464643424130614e+01,5.417438773412172745e-04,8.170167392721903177e-01,4.391333857211308533e+00,7.433536003232532434e-03,-8.650315178811373018e-01,4.074181700460140831e+00,-2.080866863869981487e-01,5.495938297905357928e+01,-5.285743616956135350e-04,3.509291894382369037e+02,1.493259761756715776e+01,1.793021541750720260e+01,2.217874072279669662e+01
9.500000000000007050e-02,1.848665505660927622e+01,5.905467500236140236e-04,8.125910194314895918e-01,4.414210505041393340e+00,1.111424498660333084e-02,-9.023013741009587863e-01,0.000000000000000000e+00,0.000000000000000000e+00,0.000000000000000000e+00,0.000000000000000000e+00,3.508847022451133171e+02,0.000000000000000000e+00,0.000000000000000000e+00,0.000000000000000000e+00
1.000000000000000749e-01,1.850863199632150469e+01,6.533295252881020972e-04,8.080008777049345614e-01,4.232548465565637130e+00,2.575715215513064982e-02,-9.044897239721665372e-01,1.244363335299528117e+01,1.143334760811642203e+00,1.519998076100681033e+02,-3.653828132806874029e-03,3.461540292856972201e+02,4.842894424870510584e+00,5.666748785331784433e+01,9.091109853416878650e+01
1.050000000000000794e-01,1.853025320727421743e+01,6.000612845292179354e-04,8.033023566812947935e-01,4.347818958770674591e+00,-8.773477686122205937e-03,-9.576066538892153979e-01,1.620757006414379475e+01,3.829008283070613472e-01,1.292584835245309023e+02,-2.968960035208163296e-03,3.458113122330399847e+02,5.383014497926652808e+01,3.168689675726569988e+01,4.481345972395813959e+01
1.100000000000000838e-01,1.855198374147910556e+01,6.902439758755566854e-04,7.984418070429534220e-01,4.329754095368853584e+00,3.005578525030618703e-02,-9.822005571183169970e-01,5.074715005996441874e+00,9.298847704624207955e-02,4.272700710401441881e+01,-6.906090939048322754e-04,3.452029369789957514e+02,3.694298596809107949e+01,0.000000000000000000e+00,6.139419860632908232e+00
1.150000000000000883e-01,1.857369244668804242e+01,8.147267784680164949e-04,7.934253833923811117e-01,4.349430084452370338e+00,2.012304127488122318e-02,-1.019864329343648013e+00,3.142293609346590078e+00,-4.379686619016868732e-01,5.408367942632200709e+01,-4.798643204934759272e-04,3.451141059946178302e+02,1.929949391131045289e+01,1.146693077133627625e+01,2.334161331230961167e+01
1.200000000000000927e-01,1.859550719955004183e+01,9.651753510962512213e-04,7.886224127271875828e-01,4.379134880508806837e+00,2.738256807492419481e-02,-8.417699257242673427e-01,-2.205620358034310513e+01,2.086681398706048185e+01,1.748026086199420206e+03,-4.831228649507489370e-04,3.436248905204151924e+02,2.237763203915142753e+02,6.610921059165650604e+02,8.768734443748954845e+02
1.250000000000000833e-01,1.861701621807914364e+01,1.036928542229608764e-03,7.851152847308581206e-01,4.291693319398138584e+00,1.270437812305998462e-02,-6.381241444636694959e-01,6.858101170934088486e+01,8.267973370534653643e-01,5.535466919106650039e+02,-1.446651153792098167e-03,3.337655331571729675e+02,2.266094316329013623e+02,2.026090827713417184e+02,1.282720536046339248e+02
1.300000000000000877e-01,1.863850272064333424e+01,1.102136568781682865e-03,7.818978241789216188e-01,4.294798004602007779e+00,1.432170426479624156e-02,-6.561813731922131465e-01,1.193789816189215713e+01,4.338107653123662866e-01,8.590187447682315280e+01,-9.632789149980071873e-04,3.336526847122910908e+02,6.192706512296173571e+01,4.763879600475246612e+00,2.014422739961532471e+01
1.350000000000000921e-01,1.865996741760783806e+01,1.173995271597835094e-03,7.785344201825719068e-01,4.298270495627981802e+00,1.331154709096534980e-02,-6.875636639664053362e-01,2.112098432666385861e+00,-4.607761740932046490e-01,5.263733059844630446e+01,-4.218552542799051345e-04,3.335848871471430925e+02,3.366579232813891309e+01,1.076454401264213701e+01,8.184929743465493956e+00
1.400000000000000966e-01,1.868154173106041327e+01,1.195431636761937286e-03,7.749947246746325957e-01,4.323830758519675577e+00,5.981644828171211667e-03,-7.239476166672483837e-01,6.910535451917720451e+00,6.618016727688698086e-01,4.013596294622617933e+01,-4.037276392616199767e-04,3.335251144219495245e+02,3.722478951139667913e+01,0.000000000000000000e+00,3.454796276245699627e+00
1.450000000000001010e-01,1.870305014696624824e+01,1.272725423135492948e-03,7.713014872522662158e-01,4.281875220712241692e+00,1.873963274822821115e-02,-7.503292390425890801e-01,-1.799420840659858641e+03,1.701391293179753106e+01,2.531229912357638057e+02,-4.287806917019217848e-04,3.331945677409016753e+02,1.873789888413000654e+03,0.000000000000000000e+00,1.101448540662752009e+02
1.500000000000001055e-01,1.872419284418828056e+01,1.353713398302521268e-03,7.675031176233996222e-01,4.286280811478349051e+00,-1.233994912206921868e-02,-7.823571254905979933e-01,5.630409933681876922e+00,4.067215399994861258e-01,3.069638599180835214e+01,-3.729028852443466192e-04,3.291940522353744427e+02,2.771184587318834502e+01,3.458590707099349792e+00,0.000000000000000000e+00
1.550000000000001099e-01,1.874560606591020218e+01,1.388656337444140387e-03,7.635169260131099422e-01,4.276071897089380514e+00,4.643611654200248406e-02,-8.014561432898222870e-01,4.228112746431802549e+01,-2.540220660135059205e+00,3.978225066365694147e+02,-6.258482650213755341e-04,3.289938200322336002e+02,3.495431791872209146e+02,0.000000000000000000e+00,5.038326378453436405e+01
1.600000000000001144e-01,1.876701892206008537e+01,1.669458435879052002e-03,7.600500565762835503e-01,4.293032731157203408e+00,3.411922559525638193e-02,-6.129889710891643917e-01,6.230900295378320664e+01,2.487765265443332652e+00,6.240068141647846005e+02,-5.722085406053090476e-04,3.279027790147640076e+02,2.332668475160080277e+02,2.646888264362067957e+02,1.286490587767578688e+02
1.650000000000001188e-01,1.878841760202210409e+01,1.719848633021757575e-03,7.570076880731632096e-01,4.264623348557529781e+00,-2.298793541697097612e-02,-6.143790571256859678e-01,7.500823225281726181e+00,8.113640848543994810e-01,7.530545083336673429e+01,-6.347255152814915667e-04,3.276050795374283666e+02,1.546184157017235705e+01,2.510019167393869566e+01,3.511045968514102356e+01
1.700000000000001232e-01,1.880935435945497147e+01,1.679743479458160275e-03,7.539690905876852423e-01,4.198428695328266791e+00,2.736868461603795058e-02,-6.028011332732251537e-01,-1.517521862244607860e+02,-6.825976544228190335e+00,2.188859810655446836e+02,-5.764103309494517276e-04,3.166730888401152697e+02,1.006857486445650693e+03,2.526011750090289354e+02,7.883686981076417055e+01
1.750000000000001277e-01,1.883036065076824173e+01,1.793114686840320462e-03,7.509157035029864202e-01,4.183734200408938619e+00,1.941831946857888042e-02,-6.189963595288754394e-01,1.347817994434835320e+01,1.644277173279577786e+00,1.000644517219979548e+02,-7.604311753934471594e-04,3.161872134010675381e+02,7.487860456218790262e+01,8.486108169608378660e+00,1.754746079639520673e+01
1.800000000000001321e-01,1.885110110892005508e+01,1.893085319451122753e-03,7.477916883296882311e-01,4.128379589004405048e+00,2.000660120321348309e-02,-6.316476020484091958e-01,4.333731470585634327e+01,-6.242214705746319536e-01,4.860621017706218936e+02,-7.703109942721656465e-04,3.160209317434010927e+02,2.266868810147938120e+02,1.745073793969868916e+02,8.656283382640785362e+01
1.850000000000001366e-01,1.887187762917112721e+01,2.060401944344589405e-03,7.446920492252200319e-01,4.182022486155302587e+00,2.890863921051390825e-02,-6.317399389593213455e-01,2.979673596938948954e+00,-7.782345346201115233e-02,9.291143302383939329e+01,-5.890525908852288321e-04,3.157726643927254599e+02,4.443238171539502446e+01,3.668196612577283844e+01,1.178221804565660591e+01
1.900000000000001410e-01,1.889285423702495947e+01,2.163426116060596441e-03,7.419059383326491730e-01,4.188121821008886414e+00,7.842971717935100923e-03,-5.039517063250492646e-01,1.152142043636533408e+01,1.059301423397396080e+00,1.004513972735121428e+02,-5.967765855896395299e-04,3.150335201844037556e+02,6.676794232544293095e+01,3.082771430681560343e+00,3.117260941576911648e+01
1.950000000000001454e-01,1.891331909305570846e+01,2.201630692618029763e-03,7.393602630876185966e-01,4.126902548770631007e+00,-9.262335328818267766e-03,-5.259009412195748689e-01,1.649495670777338496e+00,7.782113791706989081e-02,1.006972800635290213e+02,-4.664014030784770313e-04,3.095353088353822386e+02,3.613678432931031637e+01,3.246232318349409951e+01,3.203802488429511897e+01
2.000000000000001499e-01,1.893406256192457349e+01,2.276705276368873928e-03,7.366653060581801471e-01,4.143686965708123005e+00,6.397748056545386752e-02,-5.464613011288828037e-01,9.147901069777947924e+00,7.925128925566724547e-01,8.258899413521470478e+01,-3.409791516078761447e-04,3.094075446611264510e+02,5.194695608171461743e+01,1.337477182393173869e-01,3.105950080957015302e+01
2.050000000000001543e-01,1.895462935958456896e+01,2.564680393503770972e-03,7.339980129255021524e-01,4.108799674230787957e+00,4.301285888354971360e-02,-4.804534927712832970e-01,4.352371996139443411e+01,-1.161291664466330698e+00,7.133564690580241177e+02,-6.550210517795847318e-04,3.089231481072686165e+02,7.000361150503750878e+02,0.000000000000000000e+00,1.400834420774047828e+01
2.100000000000001588e-01,1.897527779283397464e+01,2.564507002678662571e-03,7.317001369590749871e-01,4.141948054426123349e+00,-1.520552532591243691e-02,-4.692036152086612177e-01,7.052228486992825118e+00,5.962590897952884106e-01,5.312164299933956357e+01,-6.675156414259733519e-04,3.086797594383032219e+02,3.503236794679752109e+01,2.826600599554774274e+00,1.566704046402032446e+01
2.150000000000001632e-01,1.899593520619233189e+01,2.661589494413168187e-03,7.292797883985279173e-01,4.119274411444586725e+00,3.200483871098117744e-02,-4.963185462044039098e-01,-2.680233861350971747e+00,3.428998560301393939e-01,1.055611654883572612e+02,-5.599397096832782559e-04,3.085639378248630464e+02,2.236439602292877282e+01,6.147451232600286630e+01,2.163437309265218644e+01
2.200000000000001676e-01,1.901624943772626253e+01,2.753473645018430366e-03,7.267394495285479650e-01,4.106595912247930968e+00,-2.209554616457218984e-02,-5.270592801018398887e-01,2.923068401816207196e+00,3.186885209663179452e-01,1.028337317562202884e+02,-6.605323077811238539e-04,3.045480997120058646e+02,6.202410045181159859e+01,3.336930969126643731e+01,7.589108969876221522e+00
2.250000000000001721e-01,1.903688924604529831e+01,2.691120851253564136e-03,7.242111717725119302e-01,4.125811185258381641e+00,5.778313706187056080e-03,-4.342756628260977525e-01,4.710941675903071513e+01,2.561474110287491168e+00,8.078776711043595924e+02,-7.294153899195783639e-04,3.038656649771607476e+02,6.087487511266142519e+02,1.005926089340712792e+02,9.920281620020821833e+01
2.300000000000001765e-01,1.905736063978953965e+01,2.995543536270442800e-03,7.223029047332927277e-01,4.075130494378217172e+00,6.541495067063717028e-02,-3.786889929768764707e-01,-1.112229807190286301e+00,7.463874944709638193e+00,6.289111712377220442e+01,-7.670873672847658160e-04,3.035301439033198108e+02,4.129533712740408191e+01,8.804579488946492560e+00,2.024722959562474500e+01
2.350000000000001810e-01,1.907780382313838885e+01,3.239986469809591225e-03,7.203236444171913222e-01,4.104150994889513626e+00,3.978148871360592809e-02,-4.113665512044126227e-01,3.903125064733889538e+00,6.403590619385248761e-01,9.912230705034960465e+01,-4.926612344618105672e-04,3.034364618721865554e+02,9.076505251722441869e+01,0.000000000000000000e+00,8.599553031078391641e+00
2.400000000000001854e-01,1.909831748379330207e+01,3.380984783835945875e-03,7.181862250957524729e-01,4.094429095823595155e+00,2.581568110373567287e-02,-4.395519317651601643e-01,7.800789360245637738e+00,6.516644567188585313e-01,6.387183672800666301e+01,-2.388261147044075730e-04,3.033153898814611011e+02,3.059354250719031398e+01,1.807988210819303276e+01,1.559204034556927176e+01
2.450000000000001898e-01,1.911876573936406487e+01,3.376394726636584680e-03,7.159099540974259712e-01,4.104915896363546146e+00,-2.116905879867837792e-02,-4.691040368390630988e-01,2.126538456012244893e+00,-4.548721320933339030e+00,1.188739087075885550e+02,-8.999837908999200244e-04,3.031968677285110516e+02,6.856156229711649530e+01,1.033519759905558288e+01,4.047642786793124969e+01
2.500000000000001665e-01,1.913933326372399790e+01,3.390912907978358565e-03,7.139920633709405662e-01,4.109161064086477744e+00,3.595576149186867354e-02,-3.253204399629634480e-01,1.500109468728388684e+01,1.325774920183021122e+00,4.024965750932253741e+02,-6.715939082109715491e-04,3.023335222863060494e+02,3.290318452247054779e+02,1.464253797695098847e+01,5.899799685038263419e+01
2.550000000000001710e-01,1.915984611912368507e+01,3.668640108117247715e-03,7.123668171648906977e-01,4.105589938255852722e+00,5.706329388631199012e-02,-3.365226497920957294e-01,-5.754721498343049468e-01,3.048117220377667691e-02,1.474804737676699240e+01,-4.765394322019111950e-05,3.022531378271171434e+02,9.253010811385617984e+00,0.000000000000000000e+00,5.487721425998552505e+00
2.600000000000001754e-01,1.918038494891742829e+01,3.856839333672219556e-03,7.105964096959770382e-01,4.109889341330615231e+00,3.231400775423225180e-02,-3.693778078299947976e-01,2.740548434399298294e+00,6.731216291205521784e-01,9.451800178537646957e+01,-6.337385920034896425e-04,3.021523303168723942e+02,6.414108026469797608e+01,1.385087682311102952e+01,1.667696212249069987e+01
2.650000000000001799e-01,1.920092703093272135e+01,4.002527680119315548e-03,7.086643884071879285e-01,4.105232959449657493e+00,2.791504872570545887e-02,-3.994327025944957033e-01,2.925005966822164183e+00,4.894687515094593988e-01,1.150936216409939448e+02,-2.493759592389500207e-04,3.019843120459178181e+02,2.853809216028113838e+01,2.890158653460694893e+01,5.791723249173446675e+01
2.700000000000001843e-01,1.922150908363898836e+01,3.942692215132158860e-03,7.067251222704178382e-01,4.120531081587460065e+00,-3.433641482510243342e-02,-3.269235978880474791e-01,2.122369546232357251e+01,5.333911803712094724e+00,8.985698401002077844e+02,-4.430047075024102707e-04,3.014069711906259954e+02,4.850046226557732325e+02,2.041094341103735132e+02,2.089005191180536087e+02
2.750000000000001887e-01,1.924205392000724046e+01,4.101289206938497738e-03,7.053448348114234046e-01,4.098082689959168690e+00,6.342671827835258402e-02,-2.636207417033059608e-01,2.638491020730326042e+00,7.308433738842209371e-01,1.336046899528157041e+02,-4.902750949501624017e-04,3.009562326025272796e+02,7.522213920353978267e+01,2.240861991829526190e+01,3.614753023369465978e+01
2.800000000000001932e-01,1.926261648808947768e+01,4.326782697472020614e-03,7.039471914326671520e-01,4.117748160847082062e+00,4.126585466821485609e-02,-2.920456623093140580e-01,1.432337032413700362e+00,2.415259902724495866e-01,3.044989402449407123e+01,-8.514837753632919018e-05,3.009089837885745737e+02,2.040513545188370870e+01,1.947405854419617333e+00,8.184482300419862355e+00
2.850000000000001976e-01,1.928319660614640796e+01,4.542111968804317737e-03,7.024021133389395377e-01,4.122229959103029806e+00,3.756262755270790149e-02,-3.228285404911154233e-01,1.438434360929551126e+00,-9.778572881460528166e+00,1.296206565869068186e+02,-6.052980919587578734e-04,3.007841860943924530e+02,1.288305029466818041e+02,4.928591016328313756e+00,6.715547936347497249e+00
2.900000000000002021e-01,1.930347428626556550e+01,4.440360630745102816e-03,7.007899235052376108e-01,4.068176349895864519e+00,-9.082306350219265800e-02,-3.260147497335649236e-01,-4.801271950442839511e+02,2.496817691472322309e+01,2.905667400007572496e+02,-1.690086169384575742e-04,2.945883641205357435e+02,5.269261193595567420e+03,1.155648022505217568e+03,6.066923264375934650e+02
2.950000000000002065e-01,1.932370777700985442e+01,4.481360601610129106e-03,6.993590505171883853e-01,4.022145273305544499e+00,8.731207052950942793e-02,-2.405718263533315748e-01,6.652229942180278854e+00,3.119800473817047504e+00,7.841955778541964719e+02,-7.146927519739089841e-04,2.930101338912284064e+02,2.376080197966198853e+02,1.626787369085647867e+02,3.832931887539585318e+02
3.000000000000002109e-01,1.934379913138682738e+01,4.805531174340868170e-03,6.984541663007908241e-01,4.021034439825474927e+00,3.659269712266348396e-02,-1.428663089880447823e-01,1.596821623299028881e+00,1.275562479968074703e+00,1.664009681028461216e+02,-1.232243823331714058e-03,2.925160363739511240e+02,1.250508558331541025e+02,2.883952810296407421e+01,1.261115589179537899e+01
3.050000000000002154e-01,1.936394228611262491e+01,4.833480791926658172e-03,6.976679441502053880e-01,4.034781165178350726e+00,-3.925275380903672307e-04,-1.711482726622848560e-01,1.165417277622168069e+00,7.371467494364379647e+00,8.351832546879755625e+01,-5.413690147947115578e-04,2.924541875669634692e+02,3.146343994457219395e+01,3.400995355594814384e+01,1.937450658963544825e+01
3.100000000000002198e-01,1.938409959846709540e+01,4.895349048863372778e-03,6.967282195779007647e-01,4.022169643425212548e+00,4.236304474019859240e-02,-2.010286146536216234e-01,2.605134075421438489e+00,3.980106275181394260e-01,5.966476754131124949e+01,-4.088816147365473015e-04,2.923882432385450443e+02,4.691389941230791294e+01,0.000000000000000000e+00,1.284627542143454271e+01
3.150000000000002243e-01,1.940417620227578155e+01,5.049315025850320549e-03,6.956366972694550954e-01,4.027675429676962793e+00,-3.358017368026069982e-02,-2.339061149264999029e-01,-2.388030338357989724e+00,1.492266910932879664e+00,8.130768439236753409e+01,-6.395500123250691480e-04,2.922193834095878628e+02,1.852468501635317466e+01,2.731933266051834153e+01,3.565193285032710691e+01
3.200000000000002287e-01,1.942439541630781363e+01,4.815592770153747683e-03,6.943773813449969357e-01,4.044521045767671907e+00,-2.995239640122093067e-02,-2.652530484725083015e-01,3.757564240492825114e+00,-1.248226067306035525e-01,5.648098919948158425e+01,-1.039893539404694155e-03,2.921267768998419001e+02,4.224505102044624749e+01,1.432522909422394441e+01,0.000000000000000000e+00
3.250000000000002331e-01,1.944451549509939170e+01,5.012343861169285889e-03,6.930107836893057982e-01,4.015562714487132645e+00,1.024792555075018513e-01,-2.540388193519355631e-01,-1.133609198771237558e+01,6.230763104711543043e+00,1.082878490083126508e+03,-6.710316390477692305e-04,2.918105394618606852e+02,6.282822411534863249e+02,1.792062553458716536e+02,2.745557367631796524e+02
3.300000000000002376e-01,1.946462399774286567e+01,5.351861458915826639e-03,6.922512930322863856e-01,4.027816334694908740e+00,2.619917364548655231e-02,-1.010997276153325214e-01,-8.410631643983659256e-01,-2.902887509315753012e-01,1.486475755450331917e+02,-3.129724319036139048e-04,2.910227187667490512e+02,1.070366701772199320e+02,3.367874893533716829e+01,8.119749535528420381e+00
3.350000000000002420e-01,1.948476899468517232e+01,5.423900682214532858e-03,6.916833043344674525e-01,4.017140157361601460e+00,4.755937189809246457e-02,-1.264634895559505479e-01,1.172171566488580119e+00,-1.697752926991141331e+00,6.941096760801605114e+01,-2.226168404899941423e-04,2.909406846369127493e+02,4.194938025160498540e+01,1.083793616733741594e+01,1.670352109509046556e+01
3.400000000000002465e-01,1.950473455750462648e+01,5.420651531030967751e-03,6.909864120991588976e-01,3.961017364758151249e+00,-9.445320249467081819e-02,-1.437491851445575897e-01,-2.183846893519044041e+00,7.073824169947536822e-01,1.092974357537196539e+02,-2.935030554630515490e-04,2.858677003983811460e+02,4.845133556192679691e+01,3.293023938199055323e+01,2.812268054971631770e+01
3.450000000000002509e-01,1.952457414416335268e+01,5.229662067666561096e-03,6.901918233670291114e-01,3.963256324154724286e+00,3.493194247720263212e-02,-1.690162013728643275e-01,-4.921742284895285202e+00,1.484010690914554786e-01,1.480521902140444013e+02,-7.195666019599884083e-04,2.857685741805777297e+02,5.488702360516344925e+01,4.618570772218695453e+01,4.711487980579954638e+01
3.500000000000002554e-01,1.954438927994966946e+01,5.687561195770664269e-03,6.894926414486509669e-01,3.965416906434387823e+00,9.208955822680801873e-02,-7.821104648183502261e-02,-1.765137012722778920e+01,4.447602832786052396e+00,7.153432900672182768e+02,-7.199482868315719344e-04,2.851944490261034275e+02,3.484238371824083629e+02,2.346324591630719851e+02,1.319343815202557266e+02
3.550000000000002598e-01,1.956416006943139863e+01,5.882802551288332168e-03,6.892410541716661454e-01,3.946443309922098575e+00,2.090031342081575053e-02,-5.511642306294759625e-02,3.120443425539127791e+00,6.286033420775064551e-01,5.490062332622630237e+01,-4.037010757147125109e-04,2.849537668422811976e+02,1.982380148905403416e+01,1.235752393902003199e+01,2.273808867298313530e+01
3.600000000000002642e-01,1.958386282979728676e+01,5.994843033600207385e-03,6.888836555318665900e-01,3.943361165027803317e+00,-6.655898662881007399e-03,-8.550674489842449710e-02,-2.661620113219796746e+00,3.299008589734673813e-01,5.390039975037785780e+01,-4.288901990327715144e-04,2.848901835635890620e+02,2.644471808985254668e+01,1.553748676856188027e+01,1.206063778957671673e+01
3.650000000000002687e-01,1.960364847255915421e+01,5.862207890059646133e-03,6.883639571910312727e-01,3.953494097915843941e+00,-1.401113623194412058e-02,-1.185501928690585877e-01,-3.904525579549764647e+00,8.309861853970180734e-01,1.379124270987672389e+02,-5.525579714716788871e-04,2.844038934854789318e+02,5.840410602154087627e+01,3.678417393011429226e+01,4.300958774736738377e+01
3.700000000000002731e-01,1.962342887833679939e+01,6.076918383702751593e-03,6.877169070941657747e-01,3.966955151078666031e+00,5.184290991072038751e-02,-1.148346069578721346e-01,-4.224456533358933541e+01,6.540316593714941895e+00,9.900588850656012028e+02,-6.415946234709292862e-04,2.841799408307413159e+02,6.203875684069186036e+02,2.054869079156183886e+02,1.640951121317193326e+02
3.750000000000002776e-01,1.964317524226389722e+01,6.248083169773018322e-03,6.874039973529029179e-01,3.930586145543253807e+00,2.257730801121633768e-02,-3.506818965133817745e-02,-2.978405283871923004e+01,5.488457989686731153e+00,7.788648818248962016e+02,-7.629963223099590474e-04,2.835918961462202788e+02,3.262398457920892270e+02,2.765662664901205972e+02,1.759869971983715971e+02
3.800000000000002820e-01,1.966280724573223893e+01,6.336454527736701606e-03,6.875086062230543194e-01,3.927675890480371912e+00,1.529312736653178073e-02,2.885212391032406995e-02,-2.926553211838005097e+00,6.039865544076337134e-01,8.756129657281421430e+01,-3.448600752755960879e-04,2.832677354410643602e+02,4.290133481812367222e+01,2.478131718328148025e+01,2.007579877375636457e+01
3.850000000000002864e-01,1.968244207428714176e+01,6.539595465149954621e-03,6.875708733835478315e-01,3.930952385618536216e+00,2.998465285849055001e-02,-1.885947357864117043e-03,-2.793471253005808119e+00,3.662279913708552104e-01,5.741631566589090596e+01,-6.394040393738827273e-04,2.832128363110136888e+02,2.694828465302131093e+01,1.619690692440606483e+01,1.443421306094269596e+01
3.900000000000002909e-01,1.970212797484171929e+01,6.616116763367161160e-03,6.874659192620060644e-01,3.931259165413113710e+00,2.038460722463188851e-03,-3.617322328752047012e-02,-7.374363384119493325e+00,9.082242927561701151e-01,1.427723529416687995e+02,-5.382132757570305508e-04,2.827682911469964893e+02,4.722737052718954942e+01,3.747222578136762650e+01,5.848929274619018059e+01
3.950000000000002953e-01,1.972181698014044571e+01,6.654768866858702149e-03,6.872074415925781832e-01,3.934217882525787413e+00,2.992098794816280827e-02,-6.399952998901919932e-02,-8.442047103068411884e-01,2.614696492064946254e-01,3.464633077914930226e+01,-2.003664556736565756e-04,2.827298035339998705e+02,1.768840836963312313e+01,8.620220643222166856e+00,8.392005323664967875e+00
4.000000000000002998e-01,1.974145544701551813e+01,6.858784714556447580e-03,6.869791216494545161e-01,3.924691561118888838e+00,4.220348847500824535e-02,2.045844942278811016e-02,-4.841349122775536529e+01,9.223063674669091938e+00,8.418399838209292056e+02,-9.503130876486038086e-04,2.820838139624502787e+02,5.181767345382087342e+02,1.749020013124935815e+02,1.494570605219201411e+02
4.050000000000003042e-01,1.976105557901525600e+01,7.041443597981652570e-03,6.873386573368613917e-01,3.912621374716944711e+00,2.724492956997100895e-02,7.397404901856538539e-02,-5.109665357744153980e+00,1.891686749914089360e-01,4.157856743548642697e+01,-6.301635491194443502e-04,2.817668927251395417e+02,3.615279786049595856e+01,0.000000000000000000e+00,5.685573696791236920e+00
4.100000000000003086e-01,1.978064411934825628e+01,7.084399269253931555e-03,6.876250109427585189e-01,3.919872207716099677e+00,1.821359330569395293e-02,4.312430687989723260e-02,6.715897508468727795e-01,4.679150702894137592e-01,4.272377915966680462e+01,-5.795798416886072547e-04,2.817078259342064257e+02,4.267481500438535136e+01,0.000000000000000000e+00,0.000000000000000000e+00
4.150000000000003131e-01,1.980016067335135688e+01,7.353326305779816704e-03,6.877500350043553867e-01,3.895316472209081393e+00,5.448162772479818450e-02,1.018620662830029000e-02,-1.728439878166006565e+03,5.283974130576047479e+00,1.136693583454635359e+01,-5.563772147338936873e-04,2.815641447820800067e+02,1.763691518861727218e+03,0.000000000000000000e+00,6.062431863798007914e-01
4.200000000000003175e-01,1.981941797876540790e+01,7.426533368653892055e-03,6.877071458807606508e-01,3.905053075688285080e+00,-1.422691993776285108e-02,-2.053855483329706730e-02,-8.466940887787357539e+00,6.516681611276293751e-01,1.156511582804409386e+02,-6.515375100893969294e-04,2.781483575831197186e+02,4.894745353789233633e+01,4.466730349324718219e+01,2.244980439444999476e+01
4.250000000000003220e-01,1.983884079006153200e+01,7.100634656109704526e-03,6.878348803762166508e-01,3.829780395298882922e+00,5.507548807398517099e-02,7.081547478287669728e-02,-2.206091888898042974e+00,3.379225869131461946e-01,6.088060923439415717e+01,-1.162033975647892587e-03,2.747729740441818649e+02,3.101855157976718047e+01,1.160160477671442081e+01,1.836629024580215841e+01
4.300000000000003264e-01,1.985777692008229778e+01,7.348737948745008054e-03,6.882014210386185882e-01,3.780048447614038132e+00,1.738730566748150283e-02,1.179632485806884484e-01,-4.906966700293798311e+01,5.729003920661515536e+00,6.469947306320400457e+02,-1.130284795487576047e-03,2.743696626876240430e+02,2.381866621408964022e+02,2.748868823714837504e+02,1.351793696403707088e+02
4.350000000000003308e-01,1.987673809293461957e+01,7.244633600683314176e-03,6.889451951343489311e-01,3.809353600787098948e+00,-4.208067193700310710e-02,1.452583971445463584e-01,-5.882828992046818861e+00,7.474318301626178274e-01,9.640187294104698879e+01,-5.753098104909601298e-04,2.741555006688342360e+02,3.720537931779693963e+01,3.973931182399815754e+01,1.976414390000147137e+01
4.400000000000003353e-01,1.989581444979848968e+01,7.062737066159687459e-03,6.895971024268198191e-01,3.801692668458129809e+00,1.165455610036653599e-04,1.178829930584656821e-01,-1.484439031835957490e+00,2.745611022253241496e-01,5.850998248051012496e+01,-1.387549334364395186e-04,2.740821821070614988e+02,4.649204258098611575e+01,0.000000000000000000e+00,1.206340866684091395e+01
4.450000000000003397e-01,1.991477464310432666e+01,6.898779761826984158e-03,6.900947244670829761e-01,3.806602154333983190e+00,-7.051691405852532346e-02,8.445792763081264032e-02,-7.410980122047989838e+00,7.219824172984905530e-01,8.029052076125191206e+01,-7.413506742971790690e-04,2.735706616293787192e+02,3.139980898057938319e+01,2.404427638040396431e+01,2.527208743026758953e+01
4.500000000000003442e-01,1.993385761815787305e+01,6.589597972754184484e-03,6.904412957695222897e-01,3.814880376350473945e+00,-1.993415088513158379e-02,6.288740931770457621e-02,-3.205246612185405297e+01,1.474135491971001688e+00,3.682391961288142284e+02,-9.047153511383650756e-04,2.734144123354406020e+02,3.117611100808067590e+02,0.000000000000000000e+00,5.768822666124322041e+01
4.550000000000003486e-01,1.995280015210001423e+01,6.706068052601397989e-03,6.909581232005745921e-01,3.772590263130436661e+00,9.072090741739825479e-03,1.591596259437231264e-01,-5.932804689677826104e+01,1.160118175324214906e+00,6.500923920567310006e+02,-2.915145524716473025e-04,2.728627558617172895e+02,5.166500457812942386e+02,7.889087325356271663e+01,5.650306290807367304e+01
4.600000000000003531e-01,1.997166716603829784e+01,6.514396006732176003e-03,6.919294386352571324e-01,3.775195521836075319e+00,-6.233555701047453768e-02,1.893030599229760524e-01,-5.109525616593022512e+00,5.313500755757094574e-01,6.854396974142863996e+01,-5.946043534870301076e-04,2.726216266166051128e+02,2.582437847386190555e+01,2.953956713375677978e+01,1.346211337434197830e+01
4.650000000000003575e-01,1.999052390122076517e+01,6.257353520931410208e-03,6.927825736899876352e-01,3.767601108063115767e+00,-2.699103393999810474e-02,1.562030298000839923e-01,-6.547471033349782310e+00,5.937128521743615384e-01,7.721448335351729497e+01,-6.414189470008355414e-04,2.725207575408826415e+02,5.529697847294220026e+01,5.961516678322210439e+00,1.623940604842985636e+01
4.700000000000003619e-01,2.000935921372062509e+01,6.176440604609533501e-03,6.934818062633659741e-01,3.780620087399696239e+00,-2.328927594946900159e-02,1.285060064483412312e-01,-1.273293687780387629e+01,9.540017000314029438e-01,1.016212937374717740e+02,-1.530981235972662686e-04,2.723863084339229204e+02,2.927947582067371712e+01,3.606375772853181161e+01,3.707057615310101539e+01
4.750000000000003664e-01,2.002827782624915542e+01,6.172408996879851124e-03,6.940531998786715340e-01,3.766240661702703107e+00,2.029933346920408457e-02,9.994396437819494383e-02,-1.014658241638565102e+02,9.302489083403958858e+00,1.028756997034629194e+03,-3.966063057909828982e-04,2.722936327745171639e+02,6.379734857805848378e+02,2.165031234367751836e+02,1.782530675851680826e+02
4.800000000000003708e-01,2.004703919002766099e+01,6.173433975999308154e-03,6.950313448897235125e-01,3.748296415590953057e+00,-2.385935101921466545e-02,2.440606393708633637e-01,-1.893898928500077261e+01,2.398720030015900395e+00,2.043907968351161912e+02,-1.998768736411280639e-04,2.715799030883895284e+02,1.386589006532983035e+02,3.247440201890564992e+01,3.409372094589139834e+01
4.850000000000003753e-01,2.006578884188138190e+01,5.955447931452923470e-03,6.961903439997707554e-01,3.742193487027070997e+00,-4.201200974572116137e-02,2.170069422260162972e-01,-6.494269618510269737e+00,5.380916527557488838e-01,7.113922340401762767e+01,-4.964329179628016852e-04,2.715047682766278854e+02,3.779056305028919382e+01,1.933464336575710973e+01,1.438871357230525483e+01
4.900000000000003797e-01,2.008449768795755119e+01,5.781956470049356631e-03,6.971815966290987321e-01,3.746807965394423956e+00,-2.755595466183359543e-02,1.843465530242136274e-01,-1.262354378705243718e+01,5.135747705601817481e-01,1.151933791358274846e+02,-4.106590977561198896e-04,2.714064081179810728e+02,6.722049974616032841e+01,1.905468998257605051e+01,2.965260679608785210e+01
4.950000000000003841e-01,2.010324257038694995e+01,5.706683559416220533e-03,6.980304940629107335e-01,3.742561643417158912e+00,-1.647707167158876662e-02,1.562722569681588014e-01,-5.918993655830061762e+00,3.603718430623010227e-01,4.696377406242643104e+01,-1.387911742203437517e-04,2.713527618935466990e+02,6.950524522681069683e+00,2.075847511360798947e+01,1.963366424722867976e+01
5.000000000000003331e-01,2.012197854430526434e+01,5.705342978263949413e-03,6.989637166245781241e-01,3.737966929292218854e+00,-1.794139323586215915e-03,2.535307044395317400e-01,-7.901064921228234539e+01,-1.317887922894110631e+01,6.915990588537351869e+02,-8.305556731329020309e-04,2.706930274262051626e+02,1.412348086983080862e+02,2.223334993139043547e+02,3.430051279171331089e+02
5.049999999999997824e-01,2.014056697588311806e+01,5.613855903895794211e-03,7.002463110583465600e-01,3.709390164888112906e+00,-3.800462693936241393e-02,2.580777270162639137e-01,-9.953938530163469522e+00,7.352157831740818716e-01,9.597825566709099121e+01,-5.614048813772159422e-04,2.704958023996678094e+02,4.807855718606142403e+01,2.986640912645187385e+01,1.863210915686529034e+01
5.099999999999992317e-01,2.015914629758842125e+01,5.416622220034974025e-03,7.014678610678926063e-01,3.714999470614503974e+00,-5.578757961537583049e-02,2.323838039684228696e-01,-1.064605093224893828e+01,4.851664851135094603e-01,7.570488204125439324e+01,-3.310276184755832612e-04,2.704360597571555900e+02,3.241421622591839480e+01,2.481756535768031924e+01,1.918823368990291200e+01
5.149999999999986811e-01,2.017776188551216876e+01,5.292424262676872007e-03,7.025792568444841901e-01,3.713138920810775456e+00,-7.164723711795333190e-03,2.115900124566261753e-01,-1.206313659935850424e+01,6.184197246799258973e-01,1.065929349187914568e+02,-5.680541601949307996e-04,2.703056967714709344e+02,8.492786223595292938e+01,0.000000000000000000e+00,2.237034294678999657e+01
5.199999999999981304e-01,2.019628899696189350e+01,5.296061016536212848e-03,7.036880318496931963e-01,3.715315226366855850e+00,-2.013501952534964279e-02,2.267086711659644649e-01,-5.766092810039054228e+01,5.842104838113379550e+00,2.622549548632197798e+02,-2.151019598100323282e-04,2.700488492828574181e+02,1.175358173848235737e+02,2.225414202441040601e+01,1.311060843178235871e+02
5.249999999999975797e-01,2.021480323300486504e+01,5.022579279471938753e-03,7.050551030941866193e-01,3.678388856028816267e+00,-1.828329994636113988e-03,2.886506712930157481e-01,-2.810714035425592172e+01,6.909786521862647524e-01,2.159026923950266621e+02,-2.860793560265542223e-04,2.695519936722273542e+02,1.821075350203826417e+02,0.000000000000000000e+00,3.553113548812793709e+01
5.299999999999970290e-01,2.023319480464873621e+01,5.020874208242518538e-03,7.066289335740266742e-01,3.688315069765187637e+00,-2.017677365659253236e-02,3.114981402540294431e-01,-5.968610477946287851e+00,5.393093111153220987e-01,6.551523865790171897e+01,-8.029058266153556167e-05,2.693230758904174991e+02,2.311872935009698793e+01,1.501655657909616792e+01,2.762732305167887148e+01
5.349999999999964784e-01,2.025161085642314518e+01,4.946172545598776643e-03,7.081074386591507119e-01,3.681118083238901662e+00,-2.133600780296666943e-02,2.817406989492590719e-01,-1.245017675992865591e+01,8.875491816712671733e-01,1.013842924961223559e+02,-3.988748391337264970e-04,2.692470262861053811e+02,6.314958478674222420e+01,2.593705804135652926e+01,1.309496711897672583e+01
5.399999999999959277e-01,2.027001341938424872e+01,4.783945654162115486e-03,7.094357018875955267e-01,3.682362525172497847e+00,-4.561547428413722377e-02,2.528475491388344487e-01,-8.470698543639567646e+00,5.996105819059298625e-01,4.843870274452972779e+01,-2.386344052665726259e-04,2.691668533557772207e+02,4.568640946276526194e+01,0.000000000000000000e+00,3.437318190938214890e+00
5.449999999999953770e-01,2.028839706367769935e+01,4.646447151261268865e-03,7.107628098465866850e-01,3.668416273429961905e+00,1.230339849030192591e-02,3.105336413718304267e-01,-8.506425368081879412e+01,6.581537061452586990e+00,6.591869849978218099e+02,-6.116046702146244341e-04,2.687748283929281570e+02,3.365163886407538030e+02,1.712748772333203533e+02,1.561481603802646703e+02
5.499999999999948264e-01,2.030659908221425525e+01,4.476609485198433831e-03,7.123072064457274255e-01,3.599900457308814250e+00,-9.852750135258851738e-02,2.991462870744434066e-01,-2.016799703428062784e+01,1.155164603608139107e+00,1.485762492449711658e+02,-1.296859223933455579e-04,2.648588002103967938e+02,4.700566204164553596e+01,6.567338168371176721e+01,3.735114405770244872e+01
5.549999999999942757e-01,2.032458735943792760e+01,4.430118690256974225e-03,7.139617056628074776e-01,3.588695036524497617e+00,3.606078636569445134e-02,3.375905452349375335e-01,-4.828772709541611086e+00,1.820327660580418894e-01,3.121701925860047666e+01,-5.399582677829803563e-04,2.645740051850021359e+02,5.935016997570230046e+00,5.103690052751087336e+00,2.056913804963118508e+01
5.599999999999937250e-01,2.034255905787750862e+01,4.453715792700978227e-03,7.155821949152564310e-01,3.598265080381061409e+00,-3.556322983536132354e-02,3.214896517349315475e-01,-3.658462558458794689e+01,3.433426307257984700e+00,2.644042444967052461e+02,-1.069693620637109229e-03,2.644002245359325798e+02,1.627718298145176448e+02,1.040479990370393324e+02,0.000000000000000000e+00
5.649999999999931743e-01,2.036046177278877067e+01,4.261114051887805558e-03,7.171529989226079760e-01,3.578546314100338854e+00,-3.569658039251660808e-02,3.123809961864127960e-01,-1.542652212329707950e+01,9.314845627304693121e-01,1.110189974993091511e+02,-1.497890080428671521e-04,2.642726486944497992e+02,7.111999311027830117e+01,2.106820454591235503e+01,1.993067287975947721e+01
5.699999999999926237e-01,2.037831569186367631e+01,4.156950581415387591e-03,7.188741392349806691e-01,3.561151007161820203e+00,-9.560783894426444149e-03,3.432845028486300465e-01,-5.443381481707392666e+00,3.546957209849760373e-01,4.138299841446534799e+01,-2.783652423069328009e-04,2.640252257446977069e+02,2.112234570649309617e+01,9.954282011013976472e+00,1.069610341727734237e+01
5.749999999999920730e-01,2.039615921663514442e+01,4.086848498298852397e-03,7.205024623753304436e-01,3.564603113878147322e+00,-1.744944902136124840e-02,3.106089224970834950e-01,-1.866268313541375079e+01,1.096130667722381435e+00,1.089647586355398090e+02,-5.562520260430619395e-04,2.639174386244171160e+02,8.319988197476695291e+01,0.000000000000000000e+00,2.723757372798736753e+01
5.799999999999915223e-01,2.041385026922630175e+01,3.930675780346253555e-03,7.220897160371000378e-01,3.506929284466407282e+00,-6.409696215252596446e-03,3.382910092087637044e-01,-1.294505404312216790e+01,4.871069236374055977e-01,9.240272827670132472e+01,-2.551714022923990462e-04,2.598607486521233341e+02,9.323581777266754500e+01,0.000000000000000000e+00,0.000000000000000000e+00
5.849999999999909717e-01,2.043126870741371803e+01,4.006183277267653248e-03,7.239972926383460017e-01,3.480165137084981097e+00,-1.104064578121322776e-02,4.049991110554474472e-01,-1.518774515809975689e+01,7.786659225674237295e-01,1.028735646307092395e+02,-6.778829845004901225e-04,2.594606300986629890e+02,3.444885862202545468e+01,3.992817889671682963e+01,2.961875017949619249e+01
5.899999999999904210e-01,2.044864733076884278e+01,3.914209596904334211e-03,7.259377641475697196e-01,3.465742702737615311e+00,-1.804559343586028403e-02,3.721962328703200540e-01,-1.467058383064737370e+01,7.704734469879204184e-01,9.604589556413309026e+01,-8.224526722439323874e-04,2.593815414201362728e+02,3.086878749917904941e+01,2.792228400881973727e+01,3.840325576044554623e+01
5.949999999999898703e-01,2.046603930539400906e+01,3.755151111184517297e-03,7.277259164565090810e-01,3.485613086923909254e+00,-4.072464100256823621e-02,3.446583933191165183e-01,-1.169610793491466438e+01,5.807255464538383372e-01,7.368714647290434527e+01,-3.398303293526089373e-04,2.593354292849008971e+02,3.026313647099532389e+01,2.787853080728654831e+01,1.648608924582099888e+01
5.999999999999893197e-01,2.048343805230867787e+01,3.773551836888183741e-03,7.293579257560866003e-01,3.460900203977808065e+00,3.977242404699238287e-02,3.091036242552874236e-01,-1.454508636898085783e+01,1.013555494875340246e+00,9.478577173080860518e+01,-4.408615502910007752e-04,2.592658613963959624e+02,4.149725161348839464e+01,1.907830123641862130e+01,3.527817107805036301e+01
6.049999999999887690e-01,2.050049569511975633e+01,3.648696730990954283e-03,7.310976317537127844e-01,3.146451700054281986e+00,-1.963350934020720584e-01,4.502061163153390777e-01,-6.970880167538059879e+01,4.351212124742441567e+00,3.970500957088501082e+02,-3.944877246604761630e-04,2.396883604383768898e+02,2.908918920094993723e+02,6.429912497363689283e+01,4.747038230241269474e+01
6.099999999999882183e-01,2.051617333015972022e+01,3.283672517119084599e-03,7.333953825199748255e-01,3.135205364114796112e+00,2.556976023361684502e-02,4.484529896064724519e-01,-1.685875304030936217e+00,1.159906082569880925e-01,1.910536218887588689e+01,-1.532021955090415773e-03,2.393854297616954909e+02,1.001077859563584838e+01,9.145446639792700338e+00,0.000000000000000000e+00
6.149999999999876676e-01,2.053183294094960587e+01,3.453918717034159744e-03,7.355384063299559294e-01,3.120611776534390369e+00,2.290595035562685913e-02,4.110196730267528520e-01,-7.939855624244009036e+00,6.236452911077516870e-01,6.334943019384252239e+01,-1.755517688477380633e-03,2.393110299075075886e+02,1.114974248046795502e+01,2.888986716362707696e+01,2.379721862049482795e+01
6.199999999999871170e-01,2.054739535167730224e+01,3.503834754391857084e-03,7.374872522354738447e-01,3.113407709187647754e+00,1.125795861512834777e-03,3.735520478262792654e-01,-1.316669213433234731e+01,7.093724625186699217e-01,7.705476428171559178e+01,-1.035997295235879020e-03,2.392491231042079960e+02,0.000000000000000000e+00,3.730658701636970420e+01,4.089602469519641659e+01
6.249999999999865663e-01,2.056301184354330758e+01,3.465052770669023539e-03,7.392639061726158367e-01,3.130609192399085750e+00,-1.665704279513562439e-02,3.403768158176992409e-01,-1.009331136369123350e+01,6.194396889161742914e-01,5.968173578523101952e+01,-6.541704378518452007e-04,2.392297030549200088e+02,3.010049683287009259e+01,1.357043923639677629e+01,1.688019626073304735e+01
6.299999999999860156e-01,2.057869374085694147e+01,3.233419421307694858e-03,7.408720555186459888e-01,3.137595109831928131e+00,-4.795211460511540624e-02,3.055856508437566621e-01,-2.718325096603814828e+00,2.418142928726595697e-01,2.497283654376031947e+01,-3.682971374740747275e-04,2.392066771336986619e+02,2.508822752690122115e+01,0.000000000000000000e+00,0.000000000000000000e+00
6.349999999999854650e-01,2.059429690094775722e+01,3.162455756679241180e-03,7.422871328656701628e-01,3.110046942319691254e+00,-5.286770430852720352e-03,2.650616937620186020e-01,-1.452895541075846708e+01,9.563479364155798024e-01,7.678122594919993560e+01,-4.018255075312465990e-04,2.391350742970397505e+02,5.432965204472640153e+01,4.716060079089187340e+00,1.903079214328304403e+01
6.399999999999849143e-01,2.060983258578238519e+01,3.150107574485048155e-03,7.435842121503082325e-01,3.069746142615910500e+00,1.854924339312172613e-02,3.147319650392257917e-01,-1.510442411251815429e+02,8.929371876182548462e+00,8.493474021795203726e+02,-3.955045559177125525e-04,2.350517873176721935e+02,2.189928004041023257e+02,3.112493035470612881e+02,3.314214785680786690e+02
6.449999999999843636e-01,2.062502906969301009e+01,3.181887496949879247e-03,7.455620611853664981e-01,3.016049910350998786e+00,-3.277441915592094624e-03,4.443325104040406481e-01,-8.233194698747877283e+01,4.599775480563511820e+00,4.709185879897608515e+02,-6.362480516769559655e-04,2.344709086964568883e+02,1.770159842298302806e+02,1.919870418733444239e+02,1.085539654530193587e+02
6.499999999999838129e-01,2.063996772473975483e+01,3.112774789606689938e-03,7.478073838452887756e-01,2.979313021654596660e+00,-2.809524187755070568e-02,4.474678839538459019e-01,-1.579018045783935520e+01,9.753004244056803218e-01,8.917946497414320106e+01,-5.758925387256629783e-04,2.343504152825781262e+02,5.747266380930477681e+01,1.879148446555579710e+01,1.428862214072681880e+01
6.549999999999832623e-01,2.065491099281012310e+01,2.864737647531220930e-03,7.499637078857366301e-01,2.995516560741442458e+00,-4.828480207941801550e-02,4.167866319489664240e-01,-1.176046521946412682e+01,4.606771825641601259e-01,6.112592317643330375e+01,-3.857433540017172861e-04,2.342915197066621431e+02,1.430562074031950814e+01,2.332484413976282056e+01,2.461985565072717463e+01
6.599999999999827116e-01,2.066991506458585093e+01,2.783936928043885106e-03,7.519526675669365723e-01,2.994349553058984537e+00,3.349806036834366424e-02,3.808324194374909655e-01,-5.636305508345937021e+00,4.195694292013026350e-01,3.929261496193218761e+01,-5.351414692415254557e-04,2.342501064951335366e+02,2.247849697239876576e+01,7.007113650327022825e+00,1.020529639458498039e+01
6.649999999999821609e-01,2.068483784604819675e+01,3.026340266660847676e-03,7.537517130868230941e-01,2.990000832562185629e+00,3.430301946105055594e-02,3.451337951709014806e-01,-1.631661654258129701e+01,8.710959315037239969e-01,9.129200467259171603e+01,-7.425720170013961046e-04,2.341959905980170333e+02,4.679939079644474731e+01,2.135819577685312964e+01,2.457275806587827560e+01
6.699999999999816103e-01,2.069986887504595430e+01,2.945676088046913447e-03,7.554112553555553111e-01,3.013265831531689365e+00,-5.824189205641051859e-02,3.223051626039118434e-01,-2.461342550272183871e+01,2.513509005332320800e+00,1.407198673286632413e+02,-4.195429864761002041e-04,2.341118432348235103e+02,5.799914166230690427e+01,5.011184215322674618e+01,3.465841459604375530e+01
6.749999999999810596e-01,2.071477373108051623e+01,2.621101946052076335e-03,7.571308713002505852e-01,2.954350013975184375e+00,-4.381169799407358401e-02,4.003352914532085638e-01,-1.268763274893896238e+02,9.274686718984268552e+00,6.527729653846661222e+02,-4.683648827891789736e-04,2.335933342301489404e+02,3.592916556660341030e+02,1.849820064842540432e+02,1.199495181077042645e+02
6.799999999999805089e-01,2.072948637514092596e+01,2.512849331484687514e-03,7.594203075036320971e-01,2.935191029349460301e+00,3.709243064775491375e-04,4.877815205143555821e-01,-1.972851709800340103e+01,6.890687026916340052e-01,1.006465577940660694e+02,-3.772743103800889602e-04,2.332405328261429247e+02,3.634068457662696261e+01,2.628743562575182580e+01,3.988290492478873972e+01
6.849999999999799583e-01,2.074411649525595536e+01,2.746438092695343506e-03,7.617617293458536221e-01,2.917084605281565324e+00,7.461102212133259581e-02,4.511514465108175109e-01,-9.969841132021144858e+00,4.826745656884815494e-01,5.583982551316474030e+01,-3.521691787093229973e-04,2.331999015456174789e+02,2.687402457820141066e+01,9.653792635978575731e+00,2.020023552847587567e+01
6.899999999999794076e-01,2.075875247640460941e+01,2.939875243291982260e-03,7.639356670307021480e-01,2.935037100980477209e+00,-3.129568261920220862e-02,4.207510779531291600e-01,-7.020529992338555125e+00,7.853971799764545292e-01,4.180448596070496592e+01,-5.664218403447236067e-04,2.331377146019800080e+02,3.849421550387511104e+01,0.000000000000000000e+00,3.895562792022250420e+00
6.949999999999788569e-01,2.077341002828686811e+01,2.735076262035627051e-03,7.659396638079203345e-01,2.926700993401097239e+00,-3.312402542712825776e-02,3.837078237378671042e-01,-1.100320749649271335e+01,6.982463660219908608e-01,6.077334511546981588e+01,-1.877045017892435292e-04,2.330972104655219823e+02,3.121641360309509139e+01,1.654727095076950505e+01,1.400411063191975813e+01
6.999999999999783062e-01,2.078803799747718628e+01,2.620439874663743358e-03,7.677586517965926394e-01,2.929681668327592359e+00,-2.883204428744608888e-02,3.490938418923422160e-01,-1.096327581437796894e+01,7.155284197366619248e-01,5.654185875310188436e+01,-2.298724342100163555e-04,2.330659382948167035e+02,4.135609733875672589e+01,1.205459439859679804e+01,4.156631477063744029e+00
7.049999999999777556e-01,2.080272853372857256e+01,2.585360135998742304e-03,7.694734085330148243e-01,2.927018416145804380e+00,3.772503201398116207e-02,3.603413783449557761e-01,-4.470759791922306476e+02,1.347167992570676454e+01,1.297432193375506586e+03,-3.607245352951918369e-04,2.327886022419678795e+02,3.248645351614334231e+02,6.483616541791012651e+02,4.111047160689141151e+02
7.099999999999772049e-01,2.081717113756640458e+01,2.659264351284423584e-03,7.716665079268294480e-01,2.864864731091549821e+00,1.037549732955370682e-03,4.517943942583671491e-01,-5.842012046452540019e+00,5.116630738486555030e-01,3.398657543755972199e+01,-3.804469180067942755e-04,2.319394520583301471e+02,1.912770602649277052e+01,1.532508012957348598e+01,0.000000000000000000e+00
7.149999999999766542e-01,2.083144112646216684e+01,2.599791230300613383e-03,7.740073930134014901e-01,2.857427042561250019e+00,-2.542733198256177593e-02,4.655120750968025911e-01,-1.655075784884434853e+01,1.102020972124362119e+00,8.610434540721493590e+01,-6.158590060283764336e-04,2.317748752649865196e+02,3.932677846210535222e+01,3.524152699329046357e+01,1.307592140311312079e+01
7.199999999999761036e-01,2.084572227222005836e+01,2.471073782305294609e-03,7.762406121603158127e-01,2.856160025758078369e+00,-1.689547655624932046e-02,4.308545439639878682e-01,-1.651747259330112527e+01,8.554668160721170533e-01,8.342453415715563381e+01,-3.627971994659762774e-04,2.317218337915775237e+02,3.425881646413020576e+01,2.106781593932422680e+01,2.969243277594031483e+01
7.249999999999755529e-01,2.086005133561707581e+01,2.467458481339846518e-03,7.783199943804520737e-01,2.867032625835344017e+00,2.460414010401374210e-02,4.031262457289954138e-01,-2.520545221673844871e+00,1.397464072018476666e-01,1.315950565134170702e+01,-5.016836240386967488e-05,2.316878733213824830e+02,2.237333124256653427e+00,6.812902229348793526e+00,4.347622446615510228e+00
7.299999999999750022e-01,2.087434161856030457e+01,2.574017534339262999e-03,7.802274683066873218e-01,2.864857714937780298e+00,1.434098364706977262e-02,3.675342546661409249e-01,-2.118034998166688609e+01,1.114623238377018488e+00,1.065456263944130342e+02,-5.360007340610385349e-04,2.316256066774710973e+02,6.857132167698898684e+01,1.574854237687009118e+01,2.424704079658193123e+01
7.349999999999744515e-01,2.088858148416376537e+01,2.593377251946482782e-03,7.823422605671105368e-01,2.824024724957887589e+00,-1.380552619146164627e-03,4.571077850875994164e-01,-1.195063186503764818e+01,8.078485025379049667e-01,6.490146306177892654e+01,-2.833524999508118224e-04,2.312111869835613049e+02,3.884546384142398523e+01,1.105418842725997308e+01,1.608094244313754473e+01
7.399999999999739009e-01,2.090248360146430073e+01,2.511880322427471630e-03,7.845039675936903434e-01,2.799781747330068349e+00,-2.140256639811698516e-02,4.197772152971707138e-01,-1.172257586962091302e+01,6.832109540904652834e-01,5.686790679996514086e+01,-4.208521819545210998e-04,2.297852704033112445e+02,2.345734882949189881e+01,2.848761545244216364e+01,6.081857513334654186e+00
7.449999999999733502e-01,2.091655547877109100e+01,2.513268923455806107e-03,7.865670645467984778e-01,2.814256970985667294e+00,1.594966041392065562e-02,4.319770467983744533e-01,-1.466012660140937953e+02,9.314484400323282287e+00,6.944328771339427249e+02,-4.543216008783296667e-04,2.295265113081086383e+02,3.844175292919868525e+02,1.814544699023466023e+02,1.430634326082261794e+02
7.499999999999727995e-01,2.093043087064719643e+01,2.617048411276713497e-03,7.888343578872513140e-01,2.746087537934482903e+00,2.087561116283575408e-02,4.608930580771050667e-01,-1.079480099376419560e+02,5.918253119871258683e+00,5.050654780135439523e+02,-2.472343241535913776e-04,2.293082191448506251e+02,2.647627872997609870e+02,1.791032519512195336e+02,7.196280793247107965e+01
7.549999999999722489e-01,2.094418491283060035e+01,2.575239256865623824e-03,7.912113770210525976e-01,2.761054422942944786e+00,-2.802830190023188062e-02,4.649342981150906828e-01,-1.417308914163738187e+01,9.919081170034924622e-01,6.935746959761378605e+01,-3.320742770121121613e-04,2.291902422949016227e+02,4.329005133672868766e+01,1.875508522048719939e+01,8.714617610655384539e+00
7.599999999999716982e-01,2.095794079096251039e+01,2.559416339236043458e-03,7.934289030390664355e-01,2.745889088634336339e+00,2.142249731388209608e-02,4.266947408573604772e-01,-1.673968309334280846e+01,9.623209727415091841e-01,8.184578043514312640e+01,-3.055988646354812922e-04,2.291473746128452831e+02,3.631161351443763863e+01,2.321476531653285491e+01,2.396595060419043932e+01
7.649999999999711475e-01,2.097174552394745461e+01,2.609596904002993174e-03,7.955011454802235482e-01,2.772456789114437381e+00,-7.862300765961229357e-03,4.057154262091128838e-01,-1.430987570916320237e+02,1.031495646479525341e+01,6.757190320941708706e+02,-4.124928424528416255e-04,2.290817187701296689e+02,3.540195672375120353e+02,1.821707635649838721e+02,1.536873410936644859e+02
7.699999999999705969e-01,2.098545177789451799e+01,2.575357374153104239e-03,7.975444562997031639e-01,2.720283620609909025e+00,4.327192149945575050e-04,4.313775604353610738e-01,-1.265554182910502874e+02,7.783151149490870502e+00,5.958791595080272145e+02,-3.777563717651420336e-04,2.288157076313879088e+02,4.016873211810945463e+02,5.230250292515978572e+01,1.544295964068772946e+02
7.749999999999700462e-01,2.099901697885787399e+01,2.598664746180992524e-03,7.998809342514027199e-01,2.721437065843609115e+00,1.054396635818075252e-03,4.682836874699275453e-01,-1.729268780566764363e+01,8.156643858022120108e-01,7.419258639112553055e+01,-2.477387358562231287e-04,2.285794944281574885e+02,3.983138322746872007e+01,2.159455195005450889e+01,1.466100321586475985e+01
7.799999999999694955e-01,2.101260096674581135e+01,2.628091503230526194e-03,8.021361946581953006e-01,2.705811547691415075e+00,5.050431483033281967e-03,4.324335521197223975e-01,-4.841303570407895940e+00,3.993126331664390016e-01,3.082503280743855001e+01,-4.478274025226313629e-04,2.285093995633478130e+02,3.116187783179882231e+01,0.000000000000000000e+00,0.000000000000000000e+00
7.849999999999689448e-01,2.102611228330058424e+01,2.732897159563308503e-03,8.043227728584304570e-01,2.691855365232059594e+00,1.725942434184302848e-02,4.741467780198477810e-01,-2.153562837653348083e+01,1.201025849265058287e+00,1.006123619802366420e+02,-4.042171215059326035e-04,2.282536171502756304e+02,6.693372855209675265e+01,1.873186803717893412e+01,1.714730111226340270e+01
7.899999999999683942e-01,2.103953127977124637e+01,2.722541917918903844e-03,8.066817335291102120e-01,2.671818509193772950e+00,-2.195201423601155985e-02,4.620958589029746655e-01,-7.462592052921730890e+00,4.141764368823319664e-01,3.286043457337939344e+01,-2.891491395049432343e-04,2.281646997616668671e+02,2.611963615493271718e+01,7.554892303451604008e+00,0.000000000000000000e+00
7.949999999999678435e-01,2.105293145143859945e+01,2.669996961859514347e-03,8.088982021868130756e-01,2.677810447083057266e+00,2.570305741539406774e-02,4.270507440591402859e-01,-1.298976234274502417e+01,4.416089778367726093e-01,6.123805134825787633e+01,-5.940777538026768920e-04,2.281219727780184314e+02,4.393921057939444097e+01,3.475499657923187158e+00,1.514234522140375283e+01
7.999999999999672928e-01,2.106630067564524467e+01,2.886440692268767150e-03,8.111011668128697005e-01,2.664867284644359735e+00,3.229253753784737391e-02,4.755876484957497485e-01,-1.090583431489119732e+02,6.879266050950199940e+00,4.979167282160778996e+02,-4.073750522063277705e-04,2.278575334784980555e+02,1.876466115259038929e+02,1.983113799307412535e+02,1.231752547855943618e+02
8.049999999999667422e-01,2.107952640664290911e+01,2.967130904353458554e-03,8.134717482942993572e-01,2.643979010694013532e+00,-1.576102125684498631e-02,4.596445744731657568e-01,-8.571815279445438307e+00,5.377593091417609550e-01,3.844644820402655228e+01,-4.199437868355809442e-05,2.277873805623634667e+02,9.965436190203034172e+00,1.074218186225794014e+01,1.865770249997477137e+01
8.099999999999661915e-01,2.109275716026145986e+01,2.898700057022104200e-03,8.156724328246423017e-01,2.647025656798103199e+00,-8.747918482656377032e-03,4.239804815029995511e-01,-2.120262356188592534e+01,1.138344257630276690e+00,8.957175849424140779e+01,-2.711378742781414899e-04,2.277215582272878009e+02,7.161360844296855532e+01,9.455447824875779617e+00,1.086269111105223573e+01
8.149999999999656408e-01,2.110602310481013788e+01,2.962753205448491380e-03,8.177544931647684479e-01,2.645933943144586298e+00,4.411598351450467942e-02,4.272623539651335123e-01,-1.575023892975256672e+02,1.255451637299072054e+01,6.871890453453800092e+02,-2.931843457212588485e-04,2.275528977436904370e+02,3.241135229355606953e+02,2.349545200720064315e+02,1.450783673354356438e+02
8.199999999999650901e-01,2.111896789790684537e+01,3.080824984116834267e-03,8.199998711712237487e-01,2.593891941883068153e+00,2.463012495989740092e-02,4.464802416306689059e-01,-9.526093352133655046e+00,4.565882163623464773e-01,3.922765415013778778e+01,-4.744840076938586313e-04,2.263402158852979653e+02,2.079718859964938815e+01,1.516830465011357454e+01,4.350106637949674671e+00
8.249999999999645395e-01,2.113197190435986883e+01,3.153046683877234416e-03,8.222888698210403247e-01,2.594345405193219989e+00,-6.946634594662128926e-04,4.833906075110247502e-01,-1.141540867406540514e+02,6.577287556078200481e+00,5.035782108021697923e+02,-5.670672495621004606e-04,2.261141213483361696e+02,1.374542638529930514e+02,1.963623708156119392e+02,1.819234620908855788e+02
8.299999999999639888e-01,2.114482264804521350e+01,3.162237216579016474e-03,8.248042119366313374e-01,2.551439980078128222e+00,5.443982337317937459e-03,4.927898398484919507e-01,-1.282504510174857337e+01,7.370419194404422836e-01,5.911828695165072389e+01,-3.818362329113191185e-04,2.259933918844224081e+02,3.154492291067611731e+01,1.481683042898714753e+01,1.408839796761901297e+01
8.349999999999634381e-01,2.115760139284330066e+01,3.117650118067977292e-03,8.271686575003955877e-01,2.563831301549104769e+00,-1.645766316836639459e-02,4.573103962278925461e-01,-2.987971648346942288e+00,2.197235143281548730e-01,1.497312873942090761e+01,-1.489661333863875978e-04,2.259749085215156015e+02,1.264149985674350596e+01,2.612197786026857038e+00,0.000000000000000000e+00
8.399999999999628875e-01,2.117043852232630385e+01,3.192944310754186783e-03,8.293619328496245613e-01,2.565530849876933139e+00,4.872874302783224143e-02,4.238894328895619901e-01,-2.008261656399352191e+01,4.558074384794220668e-01,8.764578887221325942e+01,-3.897995460341488038e-04,2.259205757564282067e+02,5.748206134992162930e+01,3.557530033143563752e+00,2.880047386381793473e+01
8.449999999999623368e-01,2.118320918036475575e+01,3.428376439737246522e-03,8.313715051884362772e-01,2.561131457635545949e+00,3.461892156322689956e-02,3.881516901417700338e-01,-1.471991883099799381e+01,6.745393486961187568e-01,5.995615988399153196e+01,-2.672330612315556003e-04,2.258749838736347897e+02,5.167731915860464653e+01,0.000000000000000000e+00,9.982594253791797101e+00
8.499999999999617861e-01,2.119595212395610417e+01,3.491941891873585977e-03,8.335612120032934724e-01,2.524331250110378289e+00,1.263310982928200765e-02,4.878296671610382607e-01,-5.721587757061522098e+03,5.781231363821347031e+02,3.902712870482952781e+02,-2.825458885208278082e-04,2.252339124513761135e+02,5.854338548746733977e+03,5.154940428901244331e+01,3.665874096522770174e+02
8.549999999999612355e-01,2.120771707632828296e+01,3.591431606470871750e-03,8.359246493313107207e-01,2.356328246614554978e+00,4.388114058579620572e-03,4.572190690478702968e-01,-1.264016832253225786e+01,5.112840783294902991e-01,5.070250108290244384e+01,-3.452897068105806929e-04,2.183280351174079215e+02,5.218577269025712440e+01,0.000000000000000000e+00,0.000000000000000000e+00
8.599999999999606848e-01,2.121947286997288984e+01,3.716471207719247889e-03,8.381382829145782587e-01,2.338744641121396572e+00,5.230973271485498538e-02,4.274401999496777460e-01,-4.389322701953617845e+00,4.873717541084499616e-01,2.420910433926430017e+01,-3.581341165541621248e-04,2.170503264763769664e+02,2.457157645398555701e+01,0.000000000000000000e+00,0.000000000000000000e+00
8.649999999999601341e-01,2.123112232407779132e+01,4.015528955800111779e-03,8.401641853399064441e-01,2.334623171434691002e+00,5.288313557402289644e-02,3.911459021472968312e-01,-2.251489517751943836e+01,1.185012217331289142e+00,9.784452652550456264e+01,-4.168386873612645819e-04,2.170059441605279176e+02,5.318540967941769537e+01,3.049335696758408432e+01,1.662560133900410975e+01
8.699999999999595834e-01,2.124278291802844265e+01,4.071555498404583369e-03,8.421916094567816202e-01,2.310212105288345086e+00,-7.562241043037028730e-03,4.186470298625341591e-01,-7.897515495016409481e+00,3.678398022757475294e-01,3.423781155132594733e+01,-3.174003405611643559e-04,2.168036111925389946e+02,1.252408796328303531e+01,1.245876508039315311e+01,1.012519757191324921e+01
8.749999999999590328e-01,2.125423572148882201e+01,4.176753223842821078e-03,8.443982622801426974e-01,2.279175034187546078e+00,3.806093213681151222e-02,4.702699146466658431e-01,-4.867197843467685026e+00,3.649485385066040255e-01,2.358175950253410136e+01,-4.773010934801215008e-04,2.165981513225621597e+02,1.216320808151071908e+01,5.043924925571764639e+00,6.846472123888842631e+00
8.799999999999584821e-01,2.126566510274574284e+01,4.427990317771939542e-03,8.466572206767853936e-01,2.286185161862842374e+00,6.993373572743853683e-02,4.371197811533477640e-01,-1.024652988039762569e+01,5.219011519952568845e-01,4.574939426044588231e+01,-3.050562470152146533e-04,2.165605272598398301e+02,1.512969182012405689e+01,9.929281995594340771e+00,2.179027612019987004e+01
8.849999999999579314e-01,2.127706240831859930e+01,4.715656097799968138e-03,8.487322903930929474e-01,2.289092545890124786e+00,2.643927518293197679e-02,4.008935257211551639e-01,-1.131470336920877173e+01,6.256221126046561665e-01,4.795510191273970690e+01,-1.142008751992299939e-04,2.165338548697443173e+02,3.471311933319010024e+01,1.074072544513270699e+01,3.771224334287414770e+00
8.899999999999573808e-01,2.128850492832934194e+01,4.824782156784077590e-03,8.506382397028373621e-01,2.280971453803620985e+00,3.248927127293602113e-02,3.632329670467647209e-01,-1.709968136748823611e+02,8.224182504725062515e+00,6.821379735396188835e+02,-2.602949941841563308e-04,2.164919207084945754e+02,2.647497936137815486e+02,1.810838410549611979e+02,2.572254687519951517e+02
8.949999999999568301e-01,2.129980210842860089e+01,5.013061994014971108e-03,8.527535803419470373e-01,2.246515137471044365e+00,3.836113290011723687e-02,4.611635784485353384e-01,-9.542960831439613401e+01,5.750811104297276266e+00,3.919364974902799190e+02,-3.085518416632738060e-04,2.160911690151210678e+02,2.514983751706003545e+02,6.315118579103825169e+01,8.822532172630495495e+01
8.999999999999562794e-01,2.131097913925474074e+01,5.175648606299357649e-03,8.549852740900877324e-01,2.232628961246252430e+00,3.162599267997820429e-02,4.271883571783794409e-01,-4.474467182219183492e+00,4.517593860998996291e-01,2.330488250799780303e+01,-4.046182190609697027e-04,2.160499999347344442e+02,2.313259007926778210e+01,5.662932011791803610e-01,0.000000000000000000e+00
9.049999999999557287e-01,2.132216729009998701e+01,5.399540668033878631e-03,8.570294507574630627e-01,2.246080974846808243e+00,4.630023821212519985e-02,3.970932518239488340e-01,-2.498201253868154836e+01,1.309064005141475029e+00,1.042232967830748862e+02,-3.127198908734101293e-04,2.160070239557350078e+02,3.628671448465775029e+01,3.342571030990583836e+01,3.734896172916402435e+01
9.099999999999551781e-01,2.133330554836435056e+01,5.612973509056084012e-03,8.590914511648354290e-01,2.206107666391176725e+00,3.881951756805329667e-02,4.392086589821748155e-01,-1.135019326916197855e+02,6.139941905567310343e+00,4.651101105361436794e+02,-2.397181252962346347e-04,2.157835956599818701e+02,2.835052418568486132e+02,1.081605593963595169e+02,8.648217508259119768e+01
9.149999999999546274e-01,2.134429751318959134e+01,5.790643551761524323e-03,8.613237260549283514e-01,2.192926606039645510e+00,3.947405048757748891e-02,4.307180200338575626e-01,-6.838339270921584223e+00,3.996479221129447534e-01,2.935048320089621754e+01,-5.732616910617189566e-05,2.157120261227513822e+02,1.725778561779030085e+01,6.131185014042742409e+00,6.717875334860228698e+00
9.199999999999540767e-01,2.135531160676439910e+01,5.999242941170884399e-03,8.633915835342161893e-01,2.211126811201066911e+00,4.108508880141169967e-02,4.012583241156435498e-01,-1.039757161070622438e+01,6.455437341410116270e-01,4.575339953866658504e+01,-2.224352651665245824e-04,2.156670457337559981e+02,1.631055694529083411e+01,1.158611332234634972e+01,1.898230946747753478e+01
9.249999999999535261e-01,2.136628733214392639e+01,6.229219408266445206e-03,8.653586157897606990e-01,2.186536280057854054e+00,4.763102520700260994e-02,4.197885835465409166e-01,-1.188852935425036748e+02,6.721918653483739625e+00,4.878386674402330527e+02,-1.409219815939198768e-04,2.154952086520024181e+02,3.072638655412272897e+02,8.485289913929995009e+01,1.093545755609888772e+02
9.299999999999529754e-01,2.137712203986816917e+01,6.477048300094071127e-03,8.675320845764826760e-01,2.158759788321164219e+00,5.078232795339612110e-02,4.215900169098371619e-01,-1.501436841466047767e+01,8.553308503967153031e-01,6.157230827379243010e+01,-2.676672047010289924e-04,2.153818642442760165e+02,4.197368151419127003e+01,1.408807340528329277e+01,7.240402356374194603e+00
9.349999999999524247e-01,2.138797005444412491e+01,6.640023883353537992e-03,8.695586778044297471e-01,2.176290187149733324e+00,2.843013969536401300e-02,3.931985292635253315e-01,-2.046530388951453716e+01,2.792203480631339496e-01,8.173765766418041778e+01,-1.667486391021284070e-05,2.153425027100301463e+02,7.415077033747294877e+01,0.000000000000000000e+00,1.000214643645279011e+01
9.399999999999518741e-01,2.139873180884626791e+01,6.910674480446315007e-03,8.715890245181621143e-01,2.134593600799858937e+00,4.708261122693369743e-02,4.446158524755872143e-01,-1.393294588604524087e+01,7.582110757118660782e-01,5.778633246005922786e+01,-3.295139594057592929e-04,2.150223641289121588e+02,2.467548500421063551e+01,2.426404407634577609e+01,1.043988188354687452e+01
9.449999999999513234e-01,2.140940110612108427e+01,7.106352715978079583e-03,8.737085873134184943e-01,2.124548065088487370e+00,4.613901730725370604e-02,4.050590831817568183e-01,-1.346828950961376137e+01,7.806397487518921263e-01,5.632402810123495840e+01,-2.404710184983089184e-04,2.149950820894674735e+02,2.810767234088732280e+01,2.412911617155094746e+01,5.612183353178274992e+00
9.499999999999507727e-01,2.142005126485898714e+01,7.316389641618857402e-03,8.757217764020684969e-01,2.124486497803028229e+00,4.480785786917488439e-02,4.273494053113949809e-01,-1.139741572248469055e+02,6.815132795482789163e+00,4.543651541286617999e+02,-8.287224971422943974e-05,2.148090901530671886e+02,2.782445501201974025e+02,8.116911187258131122e+01,1.084227685229140974e+02
9.549999999999502220e-01,2.143057249179723556e+01,7.592627512174605041e-03,8.778914306702029213e-01,2.098457237920027030e+00,5.487347560540946356e-02,4.283786504893435931e-01,-1.499985856085262803e+01,8.617408736195856234e-01,6.186362185031667593e+01,-3.113582051290871879e-04,2.147048418570155661e+02,4.010068395197974667e+01,2.236377162241184635e+01,1.120980081688406571e+00
9.599999999999496714e-01,2.144108608604157595e+01,7.780643733438554963e-03,8.799427738657424891e-01,2.102674175668548529e+00,2.612195986482412566e-02,3.949357512530720093e-01,-1.072105728314117812e+01,6.679207188620585045e-01,4.579993854469699954e+01,-2.166745346625915773e-04,2.146676475520386589e+02,1.499919119374490251e+01,1.249651263556717495e+01,1.949486088465124212e+01
9.649999999999491207e-01,2.145152760619410870e+01,7.965787125389738738e-03,8.819946015318894661e-01,2.085858570963168290e+00,4.631674170671899737e-02,4.181917346841055316e-01,-3.041469732561374784e+01,4.710975467541739237e-01,1.211841142832602003e+02,-1.463778067598794398e-04,2.145164115565188467e+02,7.635125860679875132e+01,3.940717571439691369e+01,9.028142895455726347e+00
9.699999999999485700e-01,2.146190602325066266e+01,8.318953088383313280e-03,8.839925077521182395e-01,2.079167509419320048e+00,6.433608259299505860e-02,3.837141649964501133e-01,-1.792978954182780171e+01,9.631301282079942627e-01,7.351563744794555078e+01,-2.504514360557618703e-04,2.144737540907613607e+02,5.450261823979360543e+01,1.245599245548937262e+01,8.627266675800685292e+00
9.749999999999480194e-01,2.147227261412744781e+01,8.543947865122544436e-03,8.860059974196091703e-01,2.058354628257320851e+00,3.666650765874217982e-02,4.340866462301865569e-01,0.000000000000000000e+00,0.000000000000000000e+00,0.000000000000000000e+00,-1.079269653574464836e-04,2.142709478844494697e+02,0.000000000000000000e+00,0.000000000000000000e+00,0.000000000000000000e+00
9.799999999999474687e-01,2.148247701873445692e+01,8.733611760165207322e-03,8.881167926360552523e-01,2.043983806256021385e+00,4.244820086818408555e-02,4.127501036933236556e-01,-1.561673492615778613e+01,7.759697728645860160e-01,6.063785081479583994e+01,-2.126408984543595726e-04,2.142100609537624507e+02,3.349745757764969767e+01,1.066271375570677726e+01,1.837446436022651497e+01
9.849999999999469180e-01,2.149269752121027111e+01,9.026746544172495682e-03,8.900866141486858396e-01,2.038838649921391522e+00,6.194959507814753324e-02,3.774171125813535754e-01,-9.425971756785212818e+00,6.247345196178376581e-01,3.597089091226777668e+01,-1.613131921071105524e-04,2.141488181687572592e+02,3.063042938984098029e+01,0.000000000000000000e+00,6.504660056940325674e+00
9.899999999999463673e-01,2.150288580228044566e+01,9.240634085289932409e-03,8.920292558287812312e-01,2.018611086895607087e+00,4.681464467960012865e-02,4.207750298130046862e-01,-4.204052072595825848e+03,7.491649160553636477e+01,1.394656242032524005e+03,-4.205942586891122780e-04,2.138045890681235051e+02,4.848758723443635063e+03,2.888412725697767414e+01,5.110004990988084614e+02
9.949999999999458167e-01,2.151234528998951490e+01,9.514634842901756318e-03,8.941822974172074501e-01,1.894050838479262255e+00,5.562442960924859903e-02,4.120900927782946699e-01,-2.778498359464738243e+01,9.724375378622245325e-01,5.761985847545285822e+01,-2.525447375729401693e-04,2.099764479889000768e+02,1.405213256082688744e+01,1.797833837030059811e+01,3.331298077412161973e+01
9.999999999999452660e-01,2.152184698242491478e+01,9.768404649938781242e-03,8.961430799234274547e-01,1.897356004543955477e+00,6.158643095021747171e-02,3.742673984273580112e-01,-7.965692308747845729e+00,4.218933575480453557e-01,3.047312819984744436e+01,-5.804561244956269427e-05,2.099386820756794521e+02,3.145463280668259642e+01,0.000000000000000000e+00,0.000000000000000000e+00
1.004999999999944826e+00,2.153137384123513343e+01,1.004123049569530593e-02,8.979188744373158837e-01,1.904856816359840277e+00,6.717894386533831974e-02,3.378384100567132786e-01,-1.608807756868606731e+01,8.050332184169314287e-01,6.420393630332833368e+01,-3.289567623353149232e-04,2.099072266503222295e+02,3.413965723953251086e+01,1.542063338687930596e+01,1.655080207992169505e+01
1.009999999999944276e+00,2.154086276069116934e+01,1.035821702819418252e-02,8.996346497962585120e-01,1.877948097719886134e+00,5.894831165805287237e-02,3.704258585121785741e-01,-1.261276536031949291e+02,7.613727992318353621e+00,4.946022011331384647e+02,-2.487637513170612349e-04,2.097010496219934339e+02,2.216080301790089493e+02,2.003023168774257385e+02,8.784706668158426623e+01
1.014999999999943725e+00,2.155014763861957405e+01,1.061577070174812669e-02,9.016215206403087601e-01,1.847400367428586820e+00,3.308102682562039099e-02,4.087962545238242318e-01,-1.064695751680043934e+01,5.439914688792170105e-01,4.117338708120279023e+01,-1.300899847405580928e-04,2.095620638289253179e+02,3.897558996530003128e+01,3.497183952475090507e+00,0.000000000000000000e+00
1.019999999999943174e+00,2.155941278726823640e+01,1.085854384555846701e-02,9.035701058929814788e-01,1.851857322893976754e+00,7.043885677344965957e-02,3.729560074831402283e-01,-1.473136705706346916e+01,4.072424130690855959e-01,5.864342847364937228e+01,-3.294096058502370746e-04,2.095321568127808973e+02,1.255180779603847796e+01,2.513118262259092361e+01,2.271159313263984103e+01
1.024999999999942624e+00,2.156863477147058816e+01,1.125083707136920880e-02,9.053187666036761616e-01,1.849886822837349953e+00,7.284708556513885824e-02,3.343798021144894217e-01,-1.887386053422707022e+01,-4.115561067915847637e+00,7.506419239245435904e+01,-1.724349674332504353e-04,2.095029197981068023e+02,4.448905692228977671e+01,9.037309777039594039e+00,2.449244832179277864e+01
1.029999999999942073e+00,2.157787064547244427e+01,1.150181952133091240e-02,9.070785246976745819e-01,1.832889302632713324e+00,3.812783015428816702e-02,3.843170945601351307e-01,-1.102064384336807734e+02,1.515287262588946193e+00,4.245670517207350940e+02,-2.085826008185907507e-04,2.092989221456920177e+02,1.821005762658396065e+02,1.240014329892442504e+02,1.320445764676534566e+02
1.034999999999941522e+00,2.158690631005528360e+01,1.174966711308048604e-02,9.090195812219687976e-01,1.797495720621435256e+00,5.454265351770870573e-02,3.977814719156081424e-01,-1.466192885060826789e+01,1.042772589024342889e+00,5.797399388085589322e+01,-1.635068158369350124e-04,2.091754730993953331e+02,2.206052015347991357e+01,2.445260431525520417e+01,1.321877419161576483e+01
1.039999999999940972e+00,2.159592707578280368e+01,1.203788859216180056e-02,9.109178653933188707e-01,1.802081497234938379e+00,5.764587816262475156e-02,3.628403525281810871e-01,-8.799385962848324638e+00,4.957402679047577809e-01,3.531574913574124253e+01,-1.378653549956776383e-04,2.091521849555552421e+02,1.079465713656097137e+01,1.635176741241227205e+01,9.205287147377077872e+00
1.044999999999940421e+00,2.160493999593263581e+01,1.236796008425342618e-02,9.126272789640316185e-01,1.809702409402346612e+00,6.386641171078936974e-02,3.282789509173912323e-01,-5.281135253577322430e+01,4.901913682079945822e+00,2.083616839192742987e+02,-1.731338723670900349e-04,2.091197815017398511e+02,1.872414122292752552e+02,2.742473885587669002e+01,0.000000000000000000e+00
1.049999999999939870e+00,2.161388046381235384e+01,1.263593594761902410e-02,9.144036937875459348e-01,1.765635035199818237e+00,5.659625180409587342e-02,3.749384794773906737e-01,-1.248233993959589441e+02,6.016379726585670440e+00,4.395647394861202883e+02,-1.444679004098637590e-04,2.089182775914201216e+02,1.511987917392056424e+01,2.213507500161086341e+02,2.199949157724691702e+02
1.054999999999939320e+00,2.162266863577382736e+01,1.294835533451486193e-02,9.163651822244218703e-01,1.760757768310852844e+00,6.240569552281157589e-02,3.846460494932870677e-01,-1.357812830884400057e+01,7.617903437629511831e-01,5.354094399664916182e+01,-2.456839367270314579e-04,2.088236870284715110e+02,3.887539959563783754e+01,7.997217140789588896e+00,8.293492241057114356e+00
1.059999999999938769e+00,2.163144905404070784e+01,1.325910551502603070e-02,9.181733969512108073e-01,1.759090238797198280e+00,6.245859946879240426e-02,3.453988735584274661e-01,-1.795320600798499200e+01,1.151412402997523232e+00,7.087902275157655652e+01,-2.365732562423089602e-04,2.087984405342440937e+02,5.420647835269094372e+01,1.322096363495697346e+01,5.598816394517662332e+00
1.064999999999938218e+00,2.164021383539130738e+01,1.352801844724829672e-02,9.198913682307553463e-01,1.736704696912024781e+00,5.776059915576950421e-02,3.647588778418920930e-01,-1.016572061455058673e+02,5.207964246096087990e+00,3.891551735263642513e+02,-4.684494236363188555e-05,2.086642887091574892e+02,1.547656619874301214e+02,8.860921965537045253e+01,1.582927565283584954e+02
1.069999999999937668e+00,2.164885841283475187e+01,1.386919094880879368e-02,9.217111843200633814e-01,1.730451242930194145e+00,6.444484666823577235e-02,3.480364870648194886e-01,-1.285682989503100160e+01,6.846233948645475964e-01,5.048022640546925999e+01,-1.974383728077996891e-04,2.086085916809531966e+02,3.857647338125254777e+01,7.642791940538755213e+00,5.807196854339348846e+00
1.074999999999937117e+00,2.165748312465873227e+01,1.417112560531745731e-02,9.234371846044775456e-01,1.708202641433962166e+00,6.271555727960242965e-02,3.521817416963792802e-01,-1.103080314061341340e+02,5.789113467900294019e+00,4.250019685980994382e+02,-1.757046816088525271e-04,2.084990561783429257e+02,1.238178768629683049e+02,1.039367957728745893e+02,2.107407553410283185e+02
1.079999999999936566e+00,2.166602564386439056e+01,1.449962380381837612e-02,9.251959877276496602e-01,1.715150717688460835e+00,6.708105706094111276e-02,3.391103639408452053e-01,-1.183942242477157123e+02,6.836802925307194911e+00,4.540221480714763516e+02,-5.920502215137415924e-05,2.084464335258087715e+02,2.315218542511144335e+02,1.111585482493391623e+02,1.258868648847132761e+02
1.084999999999936016e+00,2.167450101991700606e+01,1.481192185963452201e-02,9.269445333706655132e-01,1.680887740187865242e+00,6.426298340472262616e-02,3.572778532482300262e-01,-1.302969835210794081e+01,7.296927809013122879e-01,4.973301996132332903e+01,-2.563319949515261657e-04,2.083138080194803479e+02,2.757551678864086853e+01,4.556242061229543339e+00,1.921069918515462405e+01
1.089999999999935465e+00,2.168293718095213407e+01,1.513299614670260071e-02,9.286692754970338193e-01,1.683034192378829896e+00,6.609897503148230713e-02,3.540641121142866776e-01,-9.707067320040707159e+01,5.096354922742096782e+00,3.714273869353811506e+02,-5.714366427927086364e-05,2.082315119786150035e+02,1.237716305281752085e+02,8.086643406008805357e+01,1.787405829113800166e+02
1.094999999999934914e+00,2.169128002689267731e+01,1.546438303946803122e-02,9.304037753781826403e-01,1.669127327163519414e+00,6.767203750362021930e-02,3.295149187570849403e-01,-1.288749346858740452e+01,6.399148666222431725e-01,4.978451238684406377e+01,-2.291615665324200132e-04,2.081845911726801432e+02,1.649511748747969975e+01,2.042179647497977868e+01,1.444223389463798668e+01
1.099999999999934364e+00,2.169959042178684783e+01,1.580168912888664512e-02,9.321239976739997823e-01,1.644491642523049357e+00,6.672731844162518855e-02,3.636281293004440252e-01,-8.549168428763795902e+00,3.960970846380536536e-01,3.495117570388439532e+01,-2.169461394773578109e-04,2.079792587774634285e+02,3.593630162074928336e+01,0.000000000000000000e+00,0.000000000000000000e+00
1.104999999999933813e+00,2.170781266004234666e+01,1.611116217081786858e-02,9.338394012274482403e-01,1.649265836862870316e+00,5.060725652000560432e-02,3.284097182327562758e-01,-3.003665478144722201e+01,4.139111038028598366e-01,1.133303823088046300e+02,-1.035666152174262965e-04,2.079580992792620862e+02,9.903594809698519441e+01,0.000000000000000000e+00,1.805226970237374573e+01
1.109999999999933262e+00,2.171597873645060517e+01,1.653442430489842491e-02,9.355197531719678938e-01,1.619283204423816347e+00,7.942709455653008954e-02,3.573407165942952268e-01,-9.414351792586472811e+01,5.683638238467120019e+00,3.579419907647613854e+02,-2.653354482670090223e-04,2.078210450015484128e+02,1.178268329819237010e+02,1.633147715014845005e+02,8.846967793477840303e+01
1.114999999999932712e+00,2.172404768289236188e+01,1.679883513727747565e-02,9.372680463241563897e-01,1.611281495274827336e+00,5.191825158818742098e-02,3.327055974369403923e-01,-1.526881567316157984e+01,8.096058555307599214e-01,5.903655896412096382e+01,-1.523938741934483324e-04,2.077779842502856980e+02,2.621215589519733413e+01,1.391746651162855919e+01,2.077029506037323969e+01
1.119999999999932161e+00,2.173207512866954616e+01,1.716711971292320116e-02,9.388802324765309626e-01,1.595977772373997849e+00,7.962434820073878428e-02,3.324358832713634748e-01,-2.223009066896932229e+00,2.143179332269641302e-01,9.055980198553504223e+00,-4.928439988107500072e-05,2.073267554139025606e+02,5.585976469469631667e+00,1.326293183560242284e+00,2.400528203214818301e+00
1.124999999999931610e+00,2.173998992903119287e+01,1.753592660999289676e-02,9.405482834940274151e-01,1.582307481930076420e+00,7.039122503056580160e-02,3.323066058358309371e-01,-1.679998554187570647e+01,1.196244601212155478e+00,6.527773916273986288e+01,-3.981732352907657504e-04,2.072361643121053305e+02,3.205203881122352527e+01,1.199542203176767430e+01,2.326960573639773244e+01
1.129999999999931060e+00,2.174785061520504215e+01,1.783961654491805424e-02,9.421667343190054389e-01,1.560489782689130411e+00,6.098195281574690652e-02,3.347445591437049339e-01,-8.762646562109317472e+01,2.835560707734413821e+00,3.337734482773683453e+02,-6.751507444140701121e-05,2.071518945080546814e+02,1.171146573674121356e+02,6.555523914654050088e+01,1.619508368218525334e+02
1.134999999999930509e+00,2.175563487581561972e+01,1.820162554120523940e-02,9.438194656365573865e-01,1.563830195244781063e+00,7.510716975111800253e-02,3.169792299277409131e-01,-1.577749146092562249e+01,7.335641235554803963e-01,6.022151771788284691e+01,-1.787813657772067358e-04,2.071043700561911578e+02,2.596544475347143077e+01,1.345311857432105995e+01,2.275306630096396177e+01
1.139999999999929958e+00,2.176339221121171619e+01,1.858703271989592051e-02,9.453842006638469853e-01,1.537633409388227790e+00,7.498349571430791560e-02,3.217873034622409922e-01,-1.105106304165422699e+02,6.127202481834979508e+00,4.197921589332790973e+02,-1.906487045253860233e-04,2.070011766912580242e+02,2.145421139134800512e+02,8.690105677577578547e+01,1.320558985627204152e+02
1.144999999999929408e+00,2.177104017065772013e+01,1.895749635991687138e-02,9.470456096047364936e-01,1.533151598324619336e+00,7.259980991230097214e-02,3.227016986124077169e-01,-1.164969539816235944e+01,7.770904067963662065e-01,4.366486040966729121e+01,-3.022347452644961324e-05,2.069342030738437188e+02,4.512900531061610820e+01,0.000000000000000000e+00,0.000000000000000000e+00
1.149999999999928857e+00,2.177864674462771077e+01,1.932234115631116175e-02,9.485983312258871036e-01,1.508098012111139141e+00,8.449882193675738173e-02,3.046194430439775336e-01,-1.691705452635796192e+01,9.705587971682207993e-01,6.581184723332246733e+01,-5.289254276529854748e-05,2.065006171288462156e+02,3.467623570867691285e+01,1.197924211660881966e+01,2.120724393586380430e+01
1.154999999999928306e+00,2.178612881689015168e+01,1.968556314053139522e-02,9.502123754378759557e-01,1.481664817099996423e+00,6.544198262115122344e-02,3.263625914447818022e-01,-4.181385618904226220e+00,2.171117093443321322e-01,1.645697534332268575e+01,-1.607816451337016998e-04,2.064013610520126178e+02,1.626641916516661013e+01,6.911436356698039685e-01,0.000000000000000000e+00
1.159999999999927756e+00,2.179356018396502748e+01,2.005243002971495228e-02,9.517366639950965990e-01,1.492979370181056531e+00,7.690322926751538835e-02,2.895797297587655028e-01,-1.723527251117400283e+01,9.254025163740888793e-01,6.598427814901978650e+01,-3.585589250894767339e-04,2.063748288085779450e+02,1.353269689698185019e+01,2.142307403887956241e+01,3.315080835394850567e+01
1.164999999999927205e+00,2.180095215981274492e+01,2.046485107701191686e-02,9.532211971839749109e-01,1.460575056925592863e+00,8.403720762313804382e-02,2.965984477370093852e-01,-1.198810119577305500e+02,6.707229999721187497e+00,4.508307289895728900e+02,-1.610255353153655731e-04,2.061997039471619360e+02,2.128610431147693589e+02,1.352900261752093343e+02,1.176995084574355701e+02
1.169999999999926654e+00,2.180822557760647484e+01,2.081252872360995695e-02,9.548082613896210491e-01,1.459342999487583947e+00,5.844490843620808729e-02,3.139546597326353661e-01,-2.286585497721649318e+01,2.167366772680985598e-01,8.569347845115984796e+01,-9.192509597805934712e-05,2.061127400844180784e+02,8.857389662792836305e+01,0.000000000000000000e+00,0.000000000000000000e+00
1.174999999999926104e+00,2.181545904364585198e+01,2.122543128299651111e-02,9.562991609164289697e-01,1.436070499964590352e+00,8.464046241776822244e-02,3.006871923655560219e-01,-1.099701964203334228e+02,5.961985305123581824e+00,4.137238212127550696e+02,-2.750697474085735811e-04,2.060441249547101847e+02,2.394532605830116267e+02,8.636143874721371105e+01,1.016813732948343727e+02
1.179999999999925553e+00,2.182262416085203327e+01,2.161840087348893685e-02,9.578378393745423658e-01,1.427154919802548161e+00,7.385448908307074012e-02,3.176783997844707108e-01,-2.003879171982550034e+01,8.799795889209860444e-01,7.636676737837481710e+01,-1.048508640233839547e-04,2.059541674155297812e+02,5.605420922681690854e+01,6.681644198612146646e+00,1.610987322171459013e+01
1.184999999999925002e+00,2.182972117612412077e+01,2.201640877810982777e-02,9.593264678242906518e-01,1.420205703688083965e+00,8.372627412065160313e-02,2.824309782228585641e-01,-1.056700673274945856e+01,5.769536432841576579e-01,3.938148787710454002e+01,-4.412400560786181730e-05,2.059323906375194326e+02,3.278796060012455627e+01,7.929420100422155393e+00,0.000000000000000000e+00
1.189999999999924452e+00,2.183678327549332820e+01,2.240687032426122091e-02,9.607950494714789791e-01,1.396762772863763713e+00,7.777411930116118199e-02,3.096929781329519349e-01,-9.318237103187070147e+01,5.109685712586627737e+00,3.505864656082027864e+02,-2.689168523704712002e-04,2.058125052705269127e+02,1.864080301436018487e+02,6.701799192487689538e+01,1.088285730156816982e+02
1.194999999999923901e+00,2.184374423277568766e+01,2.281539586584329163e-02,9.623210167030873396e-01,1.395383347997421586e+00,7.666353293336408692e-02,2.927399104828105059e-01,-3.529860944769291020e+00,2.659331107700789731e-01,1.431459796269732543e+01,-9.952965955183513264e-05,2.057726404989850550e+02,1.148866183502960503e+01,3.234021234149054180e+00,0.000000000000000000e+00
1.199999999999923350e+00,2.185068867190523534e+01,2.321603027351662810e-02,9.637249539649295205e-01,1.383756374574498516e+00,8.265914090861661845e-02,2.883964776267806118e-01,-1.846343925638142425e+00,1.528556458378724781e-01,7.485824423707276409e+00,-7.506308721558587783e-05,2.057016457277872234e+02,6.234337087788409448e+00,1.464970992030139030e+00,0.000000000000000000e+00
1.204999999999922800e+00,2.185752525037498728e+01,2.365058255159830855e-02,9.651698995742042930e-01,1.367870811494900751e+00,8.930459279109721760e-02,2.859766585523347837e-01,-1.730974074024659970e+01,8.737507019381902662e-01,6.555952833004941738e+01,-1.317566583664761537e-04,2.056286561282565231e+02,4.615516283020957644e+01,1.103938222160803484e+01,1.051812841176209012e+01
1.209999999999922249e+00,2.186433126687786554e+01,2.405104705644603783e-02,9.666338442827339117e-01,1.343243638302426657e+00,7.725362145719714968e-02,2.902914915641968130e-01,0.000000000000000000e+00,0.000000000000000000e+00,0.000000000000000000e+00,-1.837285637586952985e-05,2.055576995202926014e+02,0.000000000000000000e+00,0.000000000000000000e+00,0.000000000000000000e+00
1.214999999999921698e+00,2.187107044621894403e+01,2.446440174814270077e-02,9.679900113763829639e-01,1.351364695169060548e+00,8.805946238434927964e-02,2.663519968659535109e-01,-1.169364336627207450e+02,6.223569521367839918e+00,4.386186094209354565e+02,-1.423814166216805319e-04,2.055139626031122759e+02,1.669113542892219186e+02,1.379117774473063207e+02,1.484794850695670902e+02
1.219999999999921148e+00,2.187775059176237491e+01,2.489550563929080612e-02,9.694589766995476143e-01,1.325863221718623253e+00,8.347831163047736425e-02,3.044379829978731133e-01,-4.114754518512205195e+00,2.918608661185014830e-01,1.668184647627661121e+01,-6.682411461527283485e-05,2.053989412049147916e+02,1.352173648150126439e+01,3.635897113886164433e+00,0.000000000000000000e+00
1.224999999999920597e+00,2.188432212080795125e+01,2.532856478325273830e-02,9.708690339391934376e-01,1.320397631079674339e+00,9.034327235619502017e-02,2.675463119343960416e-01,-1.458513234153649485e+01,6.843546545757852595e-01,5.521781140975060964e+01,-9.872342090412795403e-05,2.053766835356526315e+02,1.628568387645009352e+01,1.807762256340920715e+01,2.266923067871191577e+01
1.229999999999920046e+00,2.189090722580819204e+01,2.576151869678166770e-02,9.722192143471150017e-01,1.297537066662894256e+00,8.385247105920116961e-02,2.773933473470677202e-01,-4.689309822984504272e+00,3.437681036288731118e-01,1.882556579851900125e+01,-1.985003069160330615e-04,2.052868649124985438e+02,1.937321353207329011e+01,0.000000000000000000e+00,0.000000000000000000e+00
1.234999999999919496e+00,2.189735041035394048e+01,2.618035719290059612e-02,9.735891362196926746e-01,1.295741962962683402e+00,8.261433910428919725e-02,2.648129655156555851e-01,-1.569880187747868305e+01,7.125978431006326774e-01,5.915999886980981870e+01,-1.441049172350885969e-04,2.052258613984912756e+02,1.373377039711869152e+01,2.271066744886719135e+01,2.467738305623519324e+01
1.239999999999918945e+00,2.190382273956833359e+01,2.660780292310762143e-02,9.749264834840115634e-01,1.283564483524205047e+00,8.608688268299891089e-02,2.856524344730627107e-01,-7.693952659756124035e+01,1.757759829225761461e+00,2.921558917054493349e+02,-1.703412505701994237e-04,2.051361218489379041e+02,2.402787427263271809e+02,6.142845075682399880e+01,0.000000000000000000e+00
1.244999999999918394e+00,2.191010471215929556e+01,2.705332473774836599e-02,9.763170498469495584e-01,1.255234837533878212e+00,8.766278202700958366e-02,2.699937378339770655e-01,-1.203171885819000408e+01,5.681924753808516027e-01,4.546061742754627488e+01,-1.560658009980067911e-04,2.050860193980651331e+02,3.726015057482367610e+00,1.840998515560383098e+01,2.482391291596647420e+01
1.249999999999917843e+00,2.191643840336356419e+01,2.747158626273590865e-02,9.776056915319160101e-01,1.274151048248193252e+00,8.324990831588621742e-02,2.478801620162911501e-01,-2.511357518823006174e+01,1.295751382552582820e+00,9.477400152887634022e+01,-1.493925767116982897e-04,2.050552323085487387e+02,3.143821308337061282e+01,3.603902806113944735e+01,3.043096654230274822e+01
1.254999999999917293e+00,2.192270600399817937e+01,2.791486498183457995e-02,9.788912444382672495e-01,1.229046127367917407e+00,9.128975100890833472e-02,2.719208951283831333e-01,-9.177344143782276831e+01,4.645444998534667747e+00,3.440054395281499069e+02,-1.676662873550457001e-04,2.049420130688239396e+02,1.344200382650003291e+02,1.306976616861461196e+02,9.041828597379533505e+01
1.259999999999916742e+00,2.192883735216132024e+01,2.836146832924520134e-02,9.802648746111481959e-01,1.231183255803145915e+00,8.852493457566647239e-02,2.661011647990654261e-01,-2.428566169926692098e+01,1.156452368904466788e+00,9.124337739606815489e+01,-3.070401615281074734e-05,2.048989978577245665e+02,2.967705544101418269e+01,3.696417500083307317e+01,2.764605442850778161e+01
1.264999999999916191e+00,2.193496871496715173e+01,2.879415813123368736e-02,9.815140017086898538e-01,1.227022750074198143e+00,8.555309641180017244e-02,2.376287147471320693e-01,-2.951120589345918077e+01,1.509541237171000638e+00,1.114465713146357615e+02,-1.599093453283405384e-04,2.048669065206713356e+02,3.990140603891644844e+01,2.944287598030112463e+01,4.578227967315765312e+01
1.269999999999915641e+00,2.194104963720153378e+01,2.924767901277672971e-02,9.827808391952698175e-01,1.191191985399891129e+00,1.145025890630538279e-01,2.661481365417348588e-01,-4.221557559215853672e+01,-2.892226172819551078e+00,1.620178912534872211e+02,-1.146119988028994688e-04,2.047667344285309241e+02,1.186634801151419225e+02,0.000000000000000000e+00,4.858021748627025715e+01
1.274999999999915090e+00,2.194697079529150585e+01,2.972120526735408039e-02,9.840911136038066331e-01,1.193433444054329939e+00,7.765426610949419106e-02,2.565548146944259256e-01,-2.768332503345752116e+01,1.373666749829943967e+00,1.045093625443356444e+02,-1.129900383192237578e-04,2.047190593118780839e+02,3.431491510035059633e+01,3.629479618027053789e+01,3.735212871468358742e+01
1.279999999999914539e+00,2.195291767047465470e+01,3.018882670138662433e-02,9.853187849863047632e-01,1.169952446533096158e+00,1.135577327877528298e-01,2.306649361776615947e-01,-3.383733726567372457e+01,2.294591782001832669e+00,1.275693654230901473e+02,-2.095307720474946008e-04,2.046839523585926202e+02,8.450668916215275317e+01,1.474676752304002569e+01,3.254522824140764214e+01
1.284999999999913989e+00,2.195875997570032823e+01,3.066616064729913577e-02,9.865556235804271434e-01,1.165960078931285393e+00,8.624794569119351162e-02,2.588340747218107474e-01,-3.850100182960737527e+01,2.299592241491625888e+00,1.449700357854289905e+02,-1.005600308952264536e-04,2.045904591136757631e+02,1.497814139077040352e+02,0.000000000000000000e+00,0.000000000000000000e+00
1.289999999999913438e+00,2.196456499781235649e+01,3.105893939998363024e-02,9.878043868270240946e-01,1.141719503669146984e+00,9.415202613339797300e-02,2.307572408348102233e-01,-1.580918043827060515e+01,1.864989888869263424e-01,5.965333506080673942e+01,-1.439232241642210506e-04,2.045625051651202284e+02,6.162939251172682731e+01,0.000000000000000000e+00,0.000000000000000000e+00
1.294999999999912887e+00,2.197029502463690420e+01,3.156932521936507002e-02,9.889531111357530158e-01,1.147698474468418883e+00,9.706044607340572061e-02,2.441933692857843896e-01,-8.590512680076294316e+01,4.449979014178545356e+00,3.218213925606195858e+02,-1.098686123977763145e-04,2.044786949480882754e+02,2.244125025835399185e+02,6.663079796640323593e+01,4.157922225611245182e+01
1.299999999999912337e+00,2.197597848020230060e+01,3.202610929069996809e-02,9.902291641111053977e-01,1.118336923978034969e+00,8.298743559808621773e-02,2.458454888820466588e-01,-2.196796553377520222e+00,1.520147467913038064e-01,8.241306781187550001e+00,-9.003614798608122402e-05,2.044309591560648300e+02,8.516889385249820421e+00,0.000000000000000000e+00,0.000000000000000000e+00
1.304999999999911786e+00,2.198156275233387902e+01,3.251742980479446071e-02,9.913890468220590835e-01,1.122524510066577053e+00,9.786145148013494777e-02,2.386261686457640807e-01,-8.460567064238271939e+01,4.481999049931789436e+00,3.178510138580336388e+02,-3.723789541386877955e-05,2.043751242552432359e+02,1.940759263565220749e+02,9.404032927967844557e+01,4.034564276177346187e+01
1.309999999999911235e+00,2.198711080662757666e+01,3.298472866844892604e-02,9.925604144295004927e-01,1.107799935404985447e+00,9.630360711153419795e-02,2.357119056494565157e-01,-8.083045935620062039e+01,4.878292373053349174e+00,3.044644124191869423e+02,-1.142932570959455645e-04,2.043212328777370317e+02,1.459146992380074721e+02,9.262328110573281492e+01,7.604812859611652698e+01
1.314999999999910685e+00,2.199257915801166519e+01,3.347407714852414923e-02,9.937106401578240655e-01,1.088758337993660286e+00,9.684558733234667482e-02,2.333308401465201687e-01,-1.594323916086301374e+01,1.531673554402219306e+00,6.096240127615893556e+01,-2.089180476333440950e-05,2.042662826224692196e+02,5.370884546019792083e+01,9.214068131561546693e+00,0.000000000000000000e+00
1.319999999999910134e+00,2.199796852783687484e+01,3.395911667221843122e-02,9.948288457354131920e-01,1.069691302539037547e+00,1.014674698032936584e-01,2.339495722763775265e-01,-5.150446812409159492e+01,4.670387291426159493e+00,1.978907092467795792e+02,-2.244745981834061349e-05,2.042103514790671568e+02,2.041898712437834433e+02,0.000000000000000000e+00,0.000000000000000000e+00
1.324999999999909583e+00,2.200331348633701722e+01,3.445136147332192311e-02,9.959075129734227261e-01,1.064591217555274083e+00,1.030463600722036771e-01,2.026484600138193093e-01,-8.280704000780841056e+01,4.021273403716524086e+00,3.205030636493050338e+02,-4.514830215904784561e-05,2.041874913136755652e+02,3.208527460614740221e+02,0.000000000000000000e+00,9.706305726648196242e+00
1.329999999999909033e+00,2.200858444006022907e+01,3.491492213888754831e-02,9.969695889495144847e-01,1.049075125443684309e+00,9.613002310949400608e-02,2.131367599552843606e-01,-5.826890308781754513e+00,1.809587114688535059e-02,2.265283917583887074e+01,-2.073831719921585826e-05,2.041218411695133739e+02,2.335904533057371424e+01,0.000000000000000000e+00,0.000000000000000000e+00
1.334999999999908482e+00,2.201379836594452044e+01,3.540665185903987822e-02,9.979807882744820002e-01,1.028687256074080514e+00,9.458938331258173737e-02,2.039937198606144308e-01,-5.309492638146936727e+00,-4.403201520027419380e-02,2.100832446939039500e+01,-2.202974036131588945e-05,2.040754353839761563e+02,2.164058300967770165e+01,0.000000000000000000e+00,0.000000000000000000e+00
1.339999999999907931e+00,2.201895999791726055e+01,3.589887376900588456e-02,9.989458488951362680e-01,1.018675190010149834e+00,9.426627868340288485e-02,1.910694883804972266e-01,-5.917951499794197900e+01,2.558504178839841714e+00,2.345924820019787660e+02,-3.673103057538502220e-05,2.040332297339393790e+02,1.688366705675412334e+02,7.276442634124616404e+01,0.000000000000000000e+00
1.344999999999907381e+00,2.202405904527334712e+01,3.641953630547500875e-02,9.998682161846420557e-01,1.019245039608672299e+00,1.072077906315012097e-01,1.743285920208951234e-01,-3.645190978163542894e+01,1.610991577889149484e+00,1.463767947024743989e+02,-3.667720519401253959e-05,2.039979473204004137e+02,7.005582096987562579e+01,6.256615890888311071e+01,1.801258916761914719e+01
1.349999999999906830e+00,2.202907278353047715e+01,3.691185074845343417e-02,1.000714928823114303e+00,9.906037659050687116e-01,9.442265523614701284e-02,1.683796392097272610e-01,0.000000000000000000e+00,0.000000000000000000e+00,0.000000000000000000e+00,0.000000000000000000e+00,2.039520045454142121e+02,0.000000000000000000e+00,0.000000000000000000e+00,0.000000000000000000e+00
1.354999999999906279e+00,2.203407076554921673e+01,3.742903637187779131e-02,1.001486016241420973e+00,9.847523985229247323e-01,1.042241153636774414e-01,1.458736431386474797e-01,-4.066307315873973494e+01,1.871188062566430999e+00,1.693949259742260267e+02,-6.265253424973349188e-05,2.039154540099261226e+02,8.488338426869199793e+01,6.687304929101104278e+01,2.220462466433321680e+01
1.359999999999905729e+00,2.203898577255564462e+01,3.793245331711306290e-02,1.002187249397900493e+00,9.896452099553115778e-01,1.078882755133260402e-01,1.307146752215873897e-01,-2.327640180220303279e+01,1.072877598718388281e+00,9.933687606517695201e+01,-4.554114296999095188e-05,2.038835947752397999e+02,4.951521169347414997e+01,3.904406805841733075e+01,1.332416331474939852e+01
1.364999999999905178e+00,2.204385014315823454e+01,3.846298155009364450e-02,1.002776475566877767e+00,9.616323826122411544e-01,1.002234412525911528e-01,1.101471317369644848e-01,-3.425244599420783942e+01,2.182919960533864501e+00,1.504586532480343521e+02,-1.006832931494570319e-04,2.038471428987657248e+02,1.540877072847845852e+02,0.000000000000000000e+00,0.000000000000000000e+00
1.369999999999904627e+00,2.204868918007350942e+01,3.890312585608252105e-02,1.003286506324176486e+00,9.723492715189452351e-01,9.989868285483935462e-02,8.998202864168690363e-02,-1.822675638840392409e+01,9.081729575208008498e-01,8.220815138462528182e+01,-8.788570921997962242e-05,2.038210527404362153e+02,6.640308219855722882e+01,1.768335927694117160e+01,0.000000000000000000e+00
1.374999999999904077e+00,2.205346787744917236e+01,3.941801011918211195e-02,1.003657425152350013e+00,9.427628340798978046e-01,1.039300310942211231e-01,6.337380772964681941e-02,-2.668523132477323756e+01,1.326687309714820628e+00,1.245802674432648729e+02,-1.156121717506837336e-04,2.037890927836232606e+02,7.859316792827283393e+01,2.985236294468928264e+01,1.878152027831989557e+01
1.379999999999903526e+00,2.205814710440282411e+01,4.001374386013618889e-02,1.003917753668173374e+00,9.412092767961788287e-01,1.358132695327977091e-01,3.981843063721827308e-02,-1.302345286787578260e+01,6.864458274576696883e-01,6.346577227782845654e+01,-1.182278090834047030e-04,2.037694202261848488e+02,6.469648059986955957e+01,0.000000000000000000e+00,0.000000000000000000e+00
1.384999999999902975e+00,2.206281473501043777e+01,4.062123441983781641e-02,1.004030315903323478e+00,9.264667483922440772e-01,1.109703336815336533e-01,9.638428783976360492e-03,-1.848619143088245664e+01,1.131751248780580976e+00,9.380748289672789042e+01,-3.283827288122593505e-04,2.037421579756075403e+02,9.547661613565605876e+01,0.000000000000000000e+00,0.000000000000000000e+00
1.389999999999902425e+00,2.206748440472155437e+01,4.098385903935791719e-02,1.004013049107877587e+00,9.446566978676166348e-01,3.806091987639385193e-02,-1.470776687097352479e-02,-1.518938850233362459e+01,8.383493348644541765e-01,8.206181571134681008e+01,-2.220476255530194967e-05,2.037301044674411798e+02,4.729342103426754562e+01,2.607850567109524675e+01,9.966084224199295960e+00
1.394999999999901874e+00,2.207209451663402433e+01,4.146263652971685781e-02,1.003849283405158666e+00,9.052071348022880937e-01,1.459686712661318331e-01,-4.814157204893089459e-02,-1.012418996014782380e+01,-8.277981012246888870e-01,5.962895639820879978e+01,-5.473107543634220598e-05,2.037100454556896807e+02,6.041240885573068908e+01,0.000000000000000000e+00,0.000000000000000000e+00
1.399999999999901323e+00,2.207662377371413953e+01,4.213117267890326145e-02,1.003520233279167950e+00,9.135204315720518720e-01,9.678278443399705722e-02,-7.971636483293834119e-02,-8.961634296453624415e+00,9.947951202337649290e-01,5.536397272658697233e+01,-2.173705295854318643e-04,2.036910055119070364e+02,5.599793581351773497e+01,0.000000000000000000e+00,0.000000000000000000e+00
1.404999999999900773e+00,2.208121722031117429e+01,4.247604426258057980e-02,1.003032871441823071e+00,9.108490489010846458e-01,8.880043058784922727e-02,-1.131486633428062522e-01,-5.938601689880993462e+00,-5.127719409705510101e-01,4.077492788401040968e+01,-9.588151444334873201e-05,2.036776906713232904e+02,4.115672496995961183e+01,0.000000000000000000e+00,0.000000000000000000e+00
1.409999999999900222e+00,2.208571955974239742e+01,4.307116133240775774e-02,1.002358878253784669e+00,8.941825571323955835e-01,1.157517975334319965e-01,-1.516456477706596417e-01,-6.978972616420714203e+00,3.892117150738777509e-01,4.881038867658562452e+01,-1.389089250829742862e-04,2.036619646286258671e+02,2.807465031898835761e+01,1.250853404730898966e+01,8.654271725692488815e+00
1.414999999999899671e+00,2.209019120316294149e+01,4.354593202729876295e-02,1.001506520373147024e+00,9.038550837434432550e-01,6.393569624928521766e-02,-1.855580130614927770e-01,0.000000000000000000e+00,0.000000000000000000e+00,0.000000000000000000e+00,0.000000000000000000e+00,2.036549056416853603e+02,0.000000000000000000e+00,0.000000000000000000e+00,0.000000000000000000e+00
1.419999999999899121e+00,2.209470337704995302e+01,4.399665309788829137e-02,1.000463270239752678e+00,8.930541547382996326e-01,9.796080954212842140e-02,-2.268749318253885372e-01,-4.644913427136309281e+00,3.696967649859841942e-01,4.120895336834976774e+01,-2.235844326593909321e-04,2.036400802092929325e+02,1.330896775006378441e+01,1.701578270546961136e+01,1.108703553580008361e+01
1.424999999999898570e+00,2.209912018126493294e+01,4.449685363386465115e-02,9.992287114448635821e-01,8.766093246393652505e-01,1.016383052016891914e-01,-2.626632092754572212e-01,-5.164309670919882578e+00,-1.076406901584980313e-01,4.930266918359917838e+01,-1.371524553370317284e-04,2.036308906952822042e+02,4.950763422287968041e+01,0.000000000000000000e+00,0.000000000000000000e+00
1.429999999999898019e+00,2.210348702651049635e+01,4.516563609669632662e-02,9.978111106517981721e-01,8.781340146663645374e-01,1.305939593984161151e-01,-3.015490702264219114e-01,-2.682900789307864464e+00,2.301335300652156413e-01,3.211875020018000271e+01,-1.817302102620874278e-04,2.036215616964747142e+02,3.141861096953302024e+01,0.000000000000000000e+00,7.652507608607780343e-01
1.434999999999897469e+00,2.210787650576454055e+01,4.571363307250778107e-02,9.961976140527479817e-01,8.783601624309146372e-01,9.239221866020724816e-02,-3.395002864683127064e-01,-3.039205205058368442e+00,4.497512866394757225e-01,4.496203088887646260e+01,-2.543554592723384217e-04,2.036094814899748258e+02,4.499670525429134216e+01,0.000000000000000000e+00,0.000000000000000000e+00
1.439999999999896918e+00,2.211230825202052941e+01,4.606159878404085528e-02,9.943968723908813701e-01,9.036410991554453265e-01,5.509251754949461705e-02,-3.790547470212265457e-01,-7.644355134581866107e-01,1.083967926838842188e-01,1.486437101077936518e+01,-4.621987892234778392e-05,2.036049833734625452e+02,1.074272379617462647e+01,4.120576078808076304e+00,0.000000000000000000e+00
1.444999999999896367e+00,2.211675140499050229e+01,4.643408945642993335e-02,9.923843919788054579e-01,8.768816090591086132e-01,8.663039443929186623e-02,-4.207982618771780592e-01,-1.011011516944642530e+00,3.570174974760936815e-01,3.596327738957159426e+01,-3.990802575989387153e-04,2.035902906347893975e+02,3.593199485842349361e+01,0.000000000000000000e+00,0.000000000000000000e+00
1.449999999999895817e+00,2.212107004197284610e+01,4.705702076373477483e-02,9.901942228517530697e-01,8.585566340330964552e-01,1.960785698415684897e-01,-4.250907262430268507e-01,-9.115543200061689504e+02,-4.585466781431773597e+01,1.601771452190008858e+03,-2.822735278820893284e-03,2.030216098420074502e+02,1.503936173463354862e+03,2.238723554590977756e+02,7.682897112044383903e+02
1.454999999999895266e+00,2.212441736554144711e+01,4.782327319243331876e-02,9.889365720731551068e-01,5.108801369644975221e-01,1.203493828760446027e-01,-1.392129697190886695e-01,-1.229500421104210545e+03,-1.315885488043885516e+02,1.013611338925639416e+03,-7.882585131494902753e-03,1.948444663590170478e+02,5.322213679317995229e+03,2.252328992022824423e+03,4.966156240460111803e+03
1.459999999999894715e+00,2.212619546583888663e+01,4.826056074216041741e-02,9.886981147621823895e-01,2.419708876977665069e-01,6.109627019920761681e-02,9.708211280220232012e-03,-7.375934398901143823e+02,-1.127897076857214245e+02,5.117883128783822713e+02,-9.646943940852964819e-03,1.922191632650346662e+02,7.574689244046621752e+03,3.260694592417371041e+03,6.233919409620509214e+03
1.464999999999894165e+00,2.212697899477716845e+01,4.847497116168316550e-02,9.889457146654656583e-01,1.019432109177492440e-01,3.226115232144659978e-02,7.589763033843179019e-02,-3.582114916028523908e+02,-4.936766405767919252e+01,3.388854831752796599e+02,-1.059754475572497953e-02,1.917701007927167041e+02,9.003560140962736114e+03,3.685664721727887809e+03,6.836761722242468750e+03
1.469999999999893614e+00,2.212729571698439912e+01,4.861438581598315212e-02,9.894383910390917025e-01,3.875383447162195072e-02,2.665913467373646345e-02,1.139753679208974357e-01,-1.573415063418097759e+02,5.489923707233108630e+00,2.626821480285374264e+02,-1.157427824481054197e-02,1.918643021557537338e+02,9.545702218066498972e+03,3.848868332227277278e+03,7.020124706904322011e+03
1.474999999999893063e+00,2.212742810542437510e+01,4.872427505311629353e-02,9.900517091548582949e-01,2.007421289495111769e-02,1.801174659877804660e-02,1.270749231766142295e-01,-3.328616714287338141e+01,-2.719797256374875971e+01,1.846090741305248741e+02,-1.249687797273689623e-02,1.920198587838110029e+02,9.166020668822793596e+03,3.909928674059826335e+03,7.014123329266237306e+03
1.479999999999892513e+00,2.212751121255573494e+01,4.880796674489354392e-02,9.906916858206868959e-01,1.549402426008829846e-02,1.756235778735770053e-02,1.276157967224095524e-01,-1.349919806100859887e+01,-1.267380943063601073e+01,1.621583253095396060e+02,-1.334807704631938742e-02,1.921563894637158398e+02,9.803550020183140077e+03,3.781067447457383423e+03,7.209188188637375788e+03
1.484999999999891962e+00,2.212757841884324250e+01,4.889260032586384419e-02,9.913195613820341423e-01,1.138336013404850702e-02,1.761084351812141485e-02,1.226587233442916341e-01,-1.706507744638276947e+01,3.838790253089336346e+01,1.430706060990609103e+02,-1.423685348107093032e-02,1.922454221313941787e+02,9.979592376797287216e+03,3.630061915441226574e+03,7.245469197218889349e+03
1.489999999999891411e+00,2.212764156450073827e+01,4.902012606729477806e-02,9.918946145658084079e-01,1.388723677793031810e-02,3.260920608104150853e-02,1.074156105376385950e-01,-1.767089981958597633e+01,2.980477434107809742e+01,1.193317533742848013e+02,-1.490533316126449806e-02,1.923525473876749459e+02,1.037560166302890866e+04,3.705833675555522859e+03,7.673614255355678324e+03
1.494999999999890861e+00,2.212771175177337568e+01,4.921747076480775113e-02,9.923745518274154076e-01,1.069928867524088355e-02,4.455249117578582302e-02,8.679174254017689438e-02,-8.851652286972451122e+01,-1.837662295695900383e+01,1.175842979389698826e+02,-1.549848021956508511e-02,1.925244445511026470e+02,1.101409240571670125e+04,3.701253816859392373e+03,7.367429380245808716e+03
1.499999999999890310e+00,2.212772105209391071e+01,4.945781337987648074e-02,9.927511185817357031e-01,-3.589262621792475762e-03,5.132840122374174308e-02,6.482579452473295756e-02,-4.608829331738749602e+01,3.878009986659331787e+01,9.552117912437647362e+01,-1.632473129963894765e-02,1.927361340681656543e+02,1.134426543077404676e+04,3.678405520061312473e+03,7.540585865264229142e+03
1.504999999999889759e+00,2.212764896767393452e+01,4.981114278469402773e-02,9.930123679726483577e-01,-2.945785588554153053e-02,9.390166099829332091e-02,4.341029054688511080e-02,-1.855585063039018223e+02,2.140042194303496785e+02,1.361660731228711825e+02,-1.731750820252473538e-02,1.930188389781514786e+02,1.140901047425396791e+04,4.632256244574751690e+03,8.832875827452095109e+03
1.509999999999889209e+00,2.212741107563281417e+01,5.040499585652442882e-02,9.931747178829976042e-01,-5.982318601320073259e-02,1.369463457332450451e-01,2.315905979015354943e-02,-2.177119256279226533e+01,1.962620068214148148e+02,1.016605194614038794e+02,-1.812243847525532928e-02,1.933454080323188293e+02,1.121096219611783999e+04,5.073538021603835659e+03,9.383624351441370891e+03
1.514999999999888658e+00,2.212711343411295317e+01,5.120910294920294481e-02,9.932210318756816703e-01,-5.577203957770302672e-02,1.743680873030159784e-01,-1.575934521604651804e-03,2.293645759839728271e+01,1.638217301019278693e+02,1.310464188557682235e+02,-1.874457062328405491e-02,1.936120456230253524e+02,1.104149658655049461e+04,4.481680672305556072e+03,8.959314642721939890e+03
1.519999999999888107e+00,2.212684831307624123e+01,5.219352691922429094e-02,9.932092427150944758e-01,-5.395314389299379204e-02,2.142018113977932903e-01,8.481204763830380022e-03,9.260615471272551247e+00,2.140538596477577755e+02,3.724859496747733942e+02,-1.918132337083790911e-02,1.940555613813776290e+02,1.178804771988114953e+04,5.023048899016598625e+03,9.496315770846324085e+03
1.524999999999887557e+00,2.212658941066102258e+01,5.336408870661282777e-02,9.933848790149893970e-01,-4.921524881094496706e-02,2.462720384105313298e-01,5.740743045016548363e-02,2.675405265110863695e+01,5.310817129912088319e+01,3.599908267218283413e+02,-1.953198569172277452e-02,1.946763729137040002e+02,1.174654111210330120e+04,5.399226108296948951e+03,9.715760998111296431e+03
1.529999999999887006e+00,2.212635601824989351e+01,5.460748780784437095e-02,9.937744517122472088e-01,-4.539195154136274613e-02,2.409439058260990085e-01,9.071446584083450726e-02,4.533445550061546214e+01,-1.285198352292842969e+02,2.590889813614705872e+02,-2.009225917433282022e-02,1.950420939776362843e+02,1.189912241043506765e+04,5.767928473009013942e+03,9.994488189614567091e+03
1.534999999999886455e+00,2.212612842024783788e+01,5.573492847831951896e-02,9.942897874113846290e-01,-4.349104037373239390e-02,2.188652851173812364e-01,1.133300378878498993e-01,9.373927459305431853e+01,1.850012262944551082e+02,2.875990552877022992e+02,-2.068639466948010361e-02,1.951616777034542736e+02,1.182588922206298048e+04,5.641519105753021904e+03,9.552245266038746195e+03
1.539999999999885905e+00,2.212594306320774251e+01,5.684011441585123947e-02,9.949308383448904891e-01,-3.313718509370123383e-02,2.230648052926885727e-01,1.420119201558924793e-01,6.223044255332098373e+01,1.846728854085855289e+02,3.204028912803813682e+02,-2.089959001136968905e-02,1.956530833794154489e+02,1.206059219576382020e+04,6.031631678858340820e+03,9.673926435884492093e+03
1.544999999999885354e+00,2.212579918937756318e+01,5.799523980813950375e-02,9.957379700162393155e-01,-2.626423348972898794e-02,2.360991383341458638e-01,1.782903395852777351e-01,2.733243585616726534e+01,2.218800158323640517e+02,3.379202922800585611e+02,-2.090227190524304030e-02,1.964978026417134629e+02,1.226955153814057303e+04,6.872783270337063186e+03,9.990004885846035904e+03
1.549999999999884803e+00,2.212564446473667701e+01,5.928734622790556019e-02,9.967416877964346833e-01,-3.480551270718955370e-02,2.698191444435275588e-01,2.193680156062273179e-01,-3.064766078807066663e+01,1.918311825379917224e+01,3.467651346260146852e+02,-2.098941614560279750e-02,1.976244640719687879e+02,1.373923057006937233e+04,7.530449856962647573e+03,1.094692070405778213e+04
1.554999999999884253e+00,2.212544401243573589e+01,6.069516096729269533e-02,9.979499124568701474e-01,-4.352666734101284102e-02,2.940957499421182897e-01,2.590411243110522510e-01,2.243005582633588801e+01,3.814052020072236360e+01,3.286066798450950728e+02,-2.128262080543272608e-02,1.987371335214940871e+02,1.347543583385348393e+04,7.728121445983101694e+03,1.071709890629902657e+04
1.559999999999883702e+00,2.212520097438655142e+01,6.222873212268453108e-02,9.993491059359319584e-01,-5.287621626238336869e-02,3.211260694844130792e-01,2.961325209764776312e-01,2.787664196315503773e+00,9.665893509629083269e+01,3.212955716895830847e+02,-2.170417348372458491e-02,2.000022143333478084e+02,1.425873984850248416e+04,8.029139996687405073e+03,1.098641259652287408e+04
1.564999999999883151e+00,2.212488007957491831e+01,6.386127318082407411e-02,1.000927452164047216e+00,-7.468081252445057938e-02,3.204079824781022046e-01,3.305782296652869379e-01,-1.889550225486510726e+01,3.174476515075057748e+01,3.036289643359590400e+02,-2.233257650699752711e-02,2.010431631400600452e+02,1.250904444635343498e+04,9.315766335089161657e+03,1.215724786907180533e+04
1.569999999999882601e+00,2.212444143031199673e+01,6.541454666861454270e-02,1.002652222329501575e+00,-9.787053471247683656e-02,3.007036975474186025e-01,3.551010050535084450e-01,1.838173557905604412e+02,-1.263697103337675713e+02,2.079778901890023235e+02,-2.289958024218361615e-02,2.017562436740021781e+02,1.255797250707811327e+04,9.768298420766312120e+03,1.280801129450124608e+04
1.574999999999882050e+00,2.212397191672352648e+01,6.697454956330893550e-02,1.004447844037734683e+00,-9.611786273769939992e-02,3.297836087109305425e-01,3.639351851873389720e-01,6.468562309636536156e+01,1.262993145301938540e+02,2.090078675046386820e+02,-2.360095265948934651e-02,2.022971421140069026e+02,1.264297663565808034e+04,9.327127140455148037e+03,1.132182551513867838e+04
1.579999999999881499e+00,2.212347307306643529e+01,6.876509250442870702e-02,1.006298747330714782e+00,-1.035003730005869815e-01,3.887378452060893941e-01,3.751624259161148167e-01,1.720269777716807269e+01,3.127615859224465567e+02,2.120161107497131070e+02,-2.482996451117343642e-02,2.031053083610135559e+02,1.354211074229393853e+04,9.161744885824189623e+03,1.102888830430115740e+04
1.584999999999880949e+00,2.212303955939086464e+01,7.090836075806614125e-02,1.008186737450727621e+00,-7.577648267212433453e-02,4.576245671853684249e-01,3.833702085269640736e-01,-2.630236845341480745e+01,3.232596873413581875e+02,2.898055882128847998e+02,-2.647638960883311188e-02,2.043118701373846022e+02,1.337417046902599941e+04,9.077289121604144384e+03,1.091050653210156634e+04
1.589999999999880398e+00,2.212264263669928255e+01,7.327752502572729143e-02,1.010181414086119611e+00,-8.741504428826224471e-02,4.867324205043765395e-01,4.121727558286313320e-01,-5.777355687529978923e+01,-8.101495557326356334e+01,3.570346997352228300e+02,-2.779012665325612114e-02,2.052726848913702611e+02,1.293174720928044007e+04,1.096856495724877459e+04,1.114177598076167487e+04
1.594999999999879847e+00,2.212223986490323924e+01,7.570794305510203381e-02,1.012326146369832092e+00,-5.940556791797834552e-02,4.731374064223925480e-01,4.420769021567191315e-01,1.601749127782704534e+02,1.001241554680262311e+02,3.093765567639067058e+02,-2.913938783633253718e-02,2.064354535882119990e+02,1.327298364882285023e+04,1.062062412717206280e+04,1.234325318718918425e+04
1.599999999999879297e+00,2.212205698600769921e+01,7.805553622207088427e-02,1.014634344557175494e+00,-3.402187694718764033e-02,4.608050917180637751e-01,4.806590595884378536e-01,1.098005980815230771e+02,-2.223985302861701427e+02,3.375883474165683538e+02,-3.033188217781678658e-02,2.076873687357821439e+02,1.262374184191817949e+04,1.235040180352326752e+04,1.232764546451952629e+04
1.604999999999878746e+00,2.212186535950807453e+01,8.019850941412912104e-02,1.017152992779182474e+00,-3.997193878230862613e-02,4.076024855108246747e-01,5.201713744386230465e-01,1.516620802961944037e+01,-1.707695930066100800e+02,3.137005122986121251e+02,-3.184706883043352671e-02,2.082514332989711932e+02,1.326160564831137162e+04,1.226663666587228363e+04,1.263161254992339309e+04
1.609999999999878195e+00,2.212172297505446750e+01,8.213085545213179295e-02,1.019812403746039875e+00,-1.604196613678991398e-02,3.669067404266945776e-01,5.388148366379151843e-01,3.154064949074864899e+00,-1.263376196444150139e+02,2.544415737051180031e+02,-3.364531973813032067e-02,2.086615593239777411e+02,1.336126376864518534e+04,1.226635903052844878e+04,1.296371920145559125e+04
1.614999999999877645e+00,2.212168970202285934e+01,8.393056017888239628e-02,1.022511421108482255e+00,4.536857792900354791e-03,3.498358233189668987e-01,5.371534820627171802e-01,1.619847036443823072e+02,-7.788850300730685206e+01,1.066433634918633970e+02,-3.559650445688071485e-02,2.090544681736507187e+02,1.211581938666930728e+04,1.240234026987823017e+04,1.325577668017537690e+04
1.619999999999877094e+00,2.212176028621775359e+01,8.564230458955901515e-02,1.025154091052619121e+00,1.723443589634555961e-02,3.313045420318966872e-01,5.215106460262748378e-01,1.901609646687421673e+01,-3.367493698500286570e+01,1.084801570402069046e+02,-3.747937110131072114e-02,2.095750543443644460e+02,1.386479703085715119e+04,1.195937518770953102e+04,1.356930316817750827e+04
1.624999999999876543e+00,2.212188225958404075e+01,8.724235149265797962e-02,1.027688137364083154e+00,2.731562806741415217e-02,3.111619020843953143e-01,4.946287748282101604e-01,-9.611044682504132197e+01,-7.448533986306712507e+01,1.203629011698270688e+02,-3.963504067548635074e-02,2.103822205323739070e+02,1.391872665593940837e+04,1.232089048564695804e+04,1.403608783164239321e+04
1.629999999999875993e+00,2.212203676306276634e+01,8.877976086682135004e-02,1.030066302107887521e+00,3.928875296987442700e-02,3.010597109852537479e-01,4.578514087167994129e-01,-6.089996724856257515e+01,-7.150206167583084138e+00,9.276243497452537667e+01,-4.188553508039786349e-02,2.114357857602283275e+02,1.428887611309888598e+04,1.177275854108740168e+04,1.426443893980444773e+04
1.634999999999875442e+00,2.212222853185353344e+01,9.025385796596402388e-02,1.032269504350461053e+00,3.814768692779469533e-02,2.947525923015070215e-01,4.249490146248281475e-01,2.882134041709136341e+00,-1.470360962145414874e+01,4.974969297466064688e+01,-4.421307028972063652e-02,2.126657368880163688e+02,1.401067572223551906e+04,1.264792171859679911e+04,1.489030955052289573e+04
1.639999999999874891e+00,2.212243741551261067e+01,9.171342533815092513e-02,1.034296273515159292e+00,4.041203204283801143e-02,2.876754384154969757e-01,3.925941730441663835e-01,6.781768912706739094e+00,-6.866857848800626130e+01,6.036554660965624208e+01,-4.649230169401093182e-02,2.141812968062721154e+02,1.384167009518446685e+04,1.281974312025720610e+04,1.525013168276990655e+04
1.644999999999874341e+00,2.212267202142993128e+01,9.312923352704936819e-02,1.036167095288727857e+00,5.097848842235222500e-02,2.764061719767563763e-01,3.609772945044731896e-01,3.393465244821810245e+01,-1.353924496333967227e+02,6.721575569911087200e+01,-4.874204982882298504e-02,2.159611257236508663e+02,1.488218517750862156e+04,1.285356928074715324e+04,1.596397715574969334e+04
1.649999999999873790e+00,2.212299591026028622e+01,9.444774787185972187e-02,1.037878376377624257e+00,7.799145434903952123e-02,2.595064793289796889e-01,3.254405900533047791e-01,1.992117480145716968e+01,-5.708425413651877989e+01,7.344200841991704465e+01,-5.103282009508437050e-02,2.178640314684883492e+02,1.454564141401910638e+04,1.329704364152253038e+04,1.578135128023257312e+04
1.654999999999873239e+00,2.212341370915459748e+01,9.572397825584001707e-02,1.039453652473920187e+00,8.597045197180497311e-02,2.498866255414396997e-01,3.062558311571372260e-01,-2.942605771624351974e+02,4.179697321417907574e+02,2.722360513745779258e+02,-5.353103181744312683e-02,2.201500783073640832e+02,1.662559604404697529e+04,1.226278842093942330e+04,1.567335880017424643e+04
1.659999999999872689e+00,2.212387382742067032e+01,9.695399645130220456e-02,1.040943875871560120e+00,9.846776641636265093e-02,2.415778349137124859e-01,2.906057931293005159e-01,-7.912649331946823850e+00,-1.306198765933332311e+02,1.211023549510592829e+02,-5.614815253314185683e-02,2.227074930290252155e+02,1.549008255985565120e+04,1.392483425747641377e+04,1.648313410925539574e+04
1.664999999999872138e+00,2.212436719084759318e+01,9.812455018239549243e-02,1.042358340370769465e+00,9.714078228518865932e-02,2.273538312281414009e-01,2.767945209866579659e-01,7.249404922629310022e-02,-1.092949205959816510e+02,9.681119650834608592e+01,-5.886413089942590937e-02,2.251487458452826331e+02,1.586379033147025439e+04,1.357733391891580504e+04,1.688634609133377307e+04
1.669999999999871587e+00,2.212484626137793242e+01,9.921531192622708162e-02,1.043701539430312186e+00,9.901336071570711328e-02,2.121622806866812205e-01,2.580563977919507757e-01,1.835449098931886169e+01,-8.104582577021017187e+01,6.516469595536608495e+01,-6.163545903505097956e-02,2.275039513656127212e+02,1.738775194732910313e+04,1.387641484024174861e+04,1.698159837212977436e+04
1.674999999999871036e+00,2.212536732213462543e+01,1.002408673344114265e-01,1.044919337664727443e+00,1.073277383860914286e-01,1.975022293109472971e-01,2.317119932933631721e-01,-1.855822121161125438e+01,-1.400310763181930724e+02,7.803309880307966750e+01,-6.440152038346644292e-02,2.295678629342606314e+02,1.698527396848725039e+04,1.448486880946860219e+04,1.734544239193492831e+04
1.679999999999870486e+00,2.212589256434329243e+01,1.011363260043652290e-01,1.046013943691852077e+00,1.064866271540182013e-01,1.623278494178946874e-01,2.054678902202014268e-01,4.195170821183154430e+00,-1.552423269897941793e+02,5.321736070146693010e+01,-6.720399845549800133e-02,2.316357648463354337e+02,1.737815970955253943e+04,1.501657791386601093e+04,1.878495500170628293e+04
1.684999999999869935e+00,2.212644065951420203e+01,1.018313721693140383e-01,1.046956643476574911e+00,1.075190595076500610e-01,1.248992237456403448e-01,1.781179861796831077e-01,-2.606074273010258935e+01,-1.724908050033333780e+02,7.581106394906913692e+01,-7.001553268106895656e-02,2.339459589878455290e+02,1.776242753392238228e+04,1.502587996985444079e+04,1.978246203578194400e+04
1.689999999999869384e+00,2.212695230828389015e+01,1.023800881661263984e-01,1.047767403245279505e+00,9.750764862357061413e-02,9.695526964989856222e-02,1.489614456409738552e-01,-1.175119465805094450e+02,1.769515821443198718e+02,1.168149797611839062e+02,-7.284264665084023982e-02,2.363674225543587397e+02,1.971344039746292765e+04,1.506630530210010693e+04,1.965724416121269678e+04
1.694999999999868834e+00,2.212746883114739305e+01,1.028022560587442541e-01,1.048427349395592456e+00,1.032635716090961470e-01,7.355036100535562726e-02,1.182382208840030563e-01,6.001312446251381516e+01,-1.692756923822998090e+02,4.438632573730194508e+01,-7.571667993337465041e-02,2.389840922628195301e+02,1.846069831197827079e+04,1.673480446227186985e+04,2.117703783473348085e+04
1.699999999999868283e+00,2.212795051403440993e+01,1.030598499046117417e-01,1.048979944241108297e+00,9.360160715001532294e-02,4.134204276344668333e-02,1.013433454478319534e-01,-7.438155237493134564e+00,-3.350297915320132347e+02,1.276348570346483200e+02,-7.882018398572764040e-02,2.420926837932987610e+02,1.890992028608026521e+04,1.781025254092686009e+04,2.188483739987368244e+04
1.704999999999867732e+00,2.212836187128014842e+01,1.031239924880549830e-01,1.049495868397189779e+00,7.601236355127309607e-02,-2.773856557413371401e-05,1.051890015003752177e-01,-1.702411909425173064e+01,-3.144485263921725391e+02,2.086817709846620232e+02,-8.047122045243429445e-02,2.458245969294752342e+02,1.943331235064059001e+04,1.885859093040502557e+04,2.188711319997430110e+04
1.709999999999867182e+00,2.212872842326814649e+01,1.029533585715472349e-01,1.050031800097675827e+00,7.045312403451932382e-02,-5.638674530352145303e-02,1.096317476685612358e-01,6.408431083412367002e+01,-4.649716306515204423e+01,1.627864319693510140e+02,-8.257781961287023742e-02,2.482690107495396603e+02,2.108235411277601452e+04,1.984721117189344295e+04,2.170439258649648400e+04
1.714999999999866631e+00,2.212903758506109142e+01,1.026245570572498905e-01,1.050584172982142572e+00,5.647099105397900692e-02,-7.213096928503799632e-02,1.104598606267653688e-01,3.352609560895920282e+01,-3.208173035255774863e+01,1.739478927493092897e+02,-8.426824804772041488e-02,2.492625523036154220e+02,2.144864400928928808e+04,2.013464309758181844e+04,2.217179668888622473e+04
1.719999999999866080e+00,2.212931031042775132e+01,1.022381902966931350e-01,1.051126832215061091e+00,5.459881797064515541e-02,-8.055233626850039075e-02,1.061378661715471627e-01,2.259765774934060545e+01,-1.988397042155209959e+01,1.714201475311470233e+02,-8.561962189232702469e-02,2.494041793113801759e+02,2.192671447568638905e+04,2.041328385997374426e+04,2.260814091618432576e+04
1.724999999999865530e+00,2.212958883727182524e+01,1.018173139225988094e-01,1.051616105187441752e+00,5.566452271450702399e-02,-8.735029820020059899e-02,8.904670112396191606e-02,2.429914453391126727e+01,-3.500484017672312120e+01,1.260849035270284020e+02,-8.682415995257905528e-02,2.490829252229214887e+02,2.186512072381511462e+04,2.076773970386765723e+04,2.313390881117815297e+04
1.729999999999864979e+00,2.212987233119635633e+01,1.013576203858155694e-01,1.052003632737945615e+00,5.873946223215321255e-02,-9.720736390778798863e-02,6.539897395932102453e-02,7.465983662650677388e+01,-7.447162547798706100e+01,6.219377115922881671e+01,-8.799106806699030781e-02,2.485249032820561297e+02,2.260670778321367834e+04,2.150143455886602896e+04,2.263907286929933980e+04
1.734999999999864428e+00,2.213016365714736366e+01,1.008274259041043175e-01,1.052243896872255835e+00,5.466334175867745143e-02,-1.131084702244750662e-01,3.543963930820018954e-02,-6.211215092545133132e+01,-7.656641218057517051e+01,1.302229033066223280e+02,-8.923348106408789115e-02,2.478963104339680683e+02,2.273715227948161555e+04,2.157162443719552903e+04,2.339524877072119853e+04
1.739999999999863878e+00,2.213041346372626705e+01,1.002691734790071149e-01,1.052375558634224051e+00,4.709087671929090141e-02,-1.052715908531471067e-01,2.026702307151964991e-02,-3.468885495876398295e+01,2.748858720383143606e+00,1.556700687394429394e+02,-9.053291738490039375e-02,2.471158698357452295e+02,2.381655324600025779e+04,2.143688666157891930e+04,2.418575856905246837e+04
1.744999999999863327e+00,2.213066860675613867e+01,9.976422390176624411e-02,1.052443478843101632e+00,5.707007905895102040e-02,-9.940082988268397757e-02,9.191229176241703935e-03,-7.193546751659110328e+01,5.270786169835223234e+01,2.547875774068742487e+02,-9.187434675522333782e-02,2.462888232023617547e+02,2.528486470867191747e+04,2.156763209856524554e+04,2.506624044988103196e+04
1.749999999999862776e+00,2.213096995509022236e+01,9.929500466449511786e-02,1.052520794718200703e+00,6.392410123662314869e-02,-8.963940988308766178e-02,2.360381720824056284e-02,2.511717959886183849e+00,4.148028629613204288e+01,2.991591438920671635e+02,-9.326430883047481801e-02,2.455102158689325620e+02,2.575575831553813623e+04,2.186291795648161860e+04,2.523025129893565463e+04
1.754999999999862226e+00,2.213133602572000669e+01,9.887712043054167066e-02,1.052735909968605776e+00,7.902406041076140419e-02,-6.952994760424044407e-02,6.768068843116915867e-02,1.711455431464495973e+02,-1.894540806060397813e+02,2.793537501243797010e+02,-9.372956933373068067e-02,2.437831844621525192e+02,2.606485348277979574e+04,2.226216765014088742e+04,2.549733720237909438e+04
1.759999999999861675e+00,2.213181451852995707e+01,9.855336011473435354e-02,1.053198651863052504e+00,1.123819758171853561e-01,-6.549043857347057462e-02,1.128991053250534143e-01,2.331294452534338575e+02,-1.392822464336057351e+02,3.088353620966732933e+02,-9.349358773436744485e-02,2.416676761098751740e+02,2.557303145601063807e+04,2.281886230790372429e+04,2.551323638712830871e+04
1.764999999999861124e+00,2.213247780833666667e+01,9.821176841325153506e-02,1.053910573922238525e+00,1.507747344118488819e-01,-6.321588457895627178e-02,1.687268134676878917e-01,2.148969215299681537e+02,-2.408058411655720761e+02,3.360740025293308122e+02,-9.400300876316916576e-02,2.402427457115212519e+02,2.610678690655695391e+04,2.289824142923531326e+04,2.592971081745464835e+04
1.769999999999860574e+00,2.213332117544197075e+01,9.787027337780757064e-02,1.054919864812051467e+00,1.839618976857695654e-01,-6.223704059097721203e-02,2.291823672828717240e-01,1.890725918463296580e+02,-3.485894800481164424e+01,3.352781420158785863e+02,-9.410180262472134238e-02,2.386663588156198159e+02,2.443045997894747779e+04,2.249814449280530971e+04,2.649032158170230468e+04
1.774999999999860023e+00,2.213431508850972307e+01,9.765354633840214738e-02,1.056225477401203872e+00,2.099113318369410508e-01,-3.101421347101918774e-02,2.854836111848601532e-01,1.673524021970625881e+02,-1.091441991752382421e+02,3.003374155484546009e+02,-9.427848835070030964e-02,2.361026147228625121e+02,2.446550022199703380e+04,2.288146027088660048e+04,2.686058137314064879e+04
1.779999999999859472e+00,2.213547046197941626e+01,9.750527757318391830e-02,1.057746979674830889e+00,2.509640378647343129e-01,-3.764419864519032155e-02,3.158196463430271717e-01,4.923821014899317561e+01,4.590483052530935879e+02,3.916585391128742231e+02,-9.444748069630454212e-02,2.334707289836404982e+02,2.474740221706741067e+04,2.385210614825047014e+04,2.636502370079694811e+04
1.784999999999858922e+00,2.213681995261980973e+01,9.726986315544508543e-02,1.059385807901927823e+00,2.810634492565049491e-01,-5.380410498035577416e-02,3.376346395549488788e-01,-4.120066349770354464e+00,4.860269887878080226e+02,3.688885791712282298e+02,-9.463083432399906070e-02,2.315304121594448929e+02,2.478528329747904718e+04,2.443833868360195265e+04,2.625573270036637041e+04
1.789999999999858371e+00,2.213825441615293244e+01,9.700347473633566531e-02,1.061131316857316653e+00,2.880088682787186882e-01,-5.084292373888485428e-02,3.580673479179117269e-01,1.447775856927927691e+02,-5.923791838064372541e+02,1.383821093704849545e+02,-9.480075854578072503e-02,2.299541567563552462e+02,2.557590624019085590e+04,2.566320047390563195e+04,2.672472101098422718e+04
1.794999999999857820e+00,2.213965660907407695e+01,9.677331460885146841e-02,1.062975436128272166e+00,2.738302279676699813e-01,-4.077256582036638266e-02,3.754340488861746539e-01,1.547718116437523861e+02,-7.515048245771437223e+02,6.606508861968939073e+01,-9.488532067440995366e-02,2.289895338583540649e+02,2.612002443723364559e+04,2.610784546195750227e+04,2.692222368557750451e+04
1.799999999999857270e+00,2.214101078315378857e+01,9.654256609304609493e-02,1.064845852980892182e+00,2.678026141899772505e-01,-4.845250914239276202e-02,3.707466251591629569e-01,1.421018944121338166e+02,-8.817174133617783127e+02,1.226031026994928652e+01,-9.488346924576154806e-02,2.286164426572610182e+02,2.676142219420851325e+04,2.687086268323668628e+04,2.729999309819071277e+04
1.804999999999856719e+00,2.214235469133631540e+01,9.608703530663183223e-02,1.066643698170984145e+00,2.652856695699277179e-01,-1.182503937026486290e-01,3.542886107641655125e-01,-3.279757551729413478e+01,-1.515672088340666903e+02,1.710716891243658893e+02,-9.483273473606687598e-02,2.290589534275318613e+02,2.976358171817728362e+04,2.429030004117335557e+04,2.838456758045270180e+04
1.809999999999856168e+00,2.214372002833513875e+01,9.528650991206863430e-02,1.068335438631214940e+00,2.830176063238403206e-01,-1.971450874089597238e-01,3.241863933912137452e-01,8.446605257478421436e+01,-3.341843906076525172e+02,9.580475199578495449e+01,-9.480726304170881968e-02,2.310304863541284419e+02,3.006670032353093484e+04,2.491937918481171801e+04,2.883839995110037125e+04
1.814999999999855618e+00,2.214519321660132789e+01,9.423159045707436843e-02,1.069908243596081832e+00,3.016255798365515828e-01,-1.951019940989822676e-01,3.115835722572669053e-01,-2.001658966870947722e+02,1.139729136700106551e+02,3.928379882770570930e+02,-9.603272608000402999e-02,2.348537353400503491e+02,3.383038646401197184e+04,2.521661576159079777e+04,2.750839083767100237e+04
1.819999999999855067e+00,2.214653764041640471e+01,9.358564700163655992e-02,1.071658233931685800e+00,2.387123333713155049e-01,-9.655313378971429328e-02,3.880364502457070985e-01,-2.276949982611628229e+02,-5.340650605918247038e+02,5.493969838620068913e+02,-9.810422036548159530e-02,2.409982523126365948e+02,3.322333596159332956e+04,3.018144063576716871e+04,3.065364804475726851e+04
1.824999999999854516e+00,2.214762321450515259e+01,9.305431274615051651e-02,1.073828296094966994e+00,2.065058300741129671e-01,-4.228392128695524638e-02,4.742394345040011339e-01,-8.078364932218494232e+01,1.313787984986594893e+03,5.943607219919458657e+02,-9.905253261055554925e-02,2.497801721425962285e+02,3.622250148755687405e+04,2.957615971825127053e+04,2.934568862221235759e+04
1.829999999999853966e+00,2.214873305354230126e+01,9.356590877118770022e-02,1.076414795820809678e+00,2.458399562687873519e-01,2.134645061369784269e-01,5.518812325498108073e-01,1.825650976679648352e+02,1.138686196102314170e+03,5.265638259455147363e+02,-9.731316373784196228e-02,2.617897290680572269e+02,3.631426857921888586e+04,2.959596880213375334e+04,3.052564419461816578e+04
1.834999999999853415e+00,2.215017082442318497e+01,9.526343252748142865e-02,1.079407461318245165e+00,3.238956413324209915e-01,4.377690653397758869e-01,6.407102129878251562e-01,3.513790904042034526e+02,8.351865653338463744e+02,5.151888140164783181e+02,-9.604716108262979779e-02,2.763311990129158744e+02,3.731708269632602605e+04,3.125692767176093184e+04,2.990503055789724749e+04
1.839999999999852864e+00,2.215183905333791259e+01,9.773558584290882589e-02,1.083044473755211401e+00,3.270145215134317440e-01,5.040503937652933697e-01,8.064922666658144168e-01,3.203057452600211263e+02,-2.902184293756445186e+02,5.164305972757265408e+02,-9.443167617125199087e-02,2.889256920285088768e+02,3.416567587794185238e+04,3.561440017443192482e+04,3.329348297813333920e+04
1.844999999999852314e+00,2.215348251621311704e+01,1.003076843503491605e-01,1.087459258963421993e+00,3.201243083070950957e-01,5.437828933463376702e-01,9.468636633552965920e-01,1.913343829828010598e+02,4.617315084490624031e+02,4.511790919450519368e+02,-9.249976236867354928e-02,2.989855349468656414e+02,3.510165506895702856e+04,3.748232540028887888e+04,3.680434513389188214e+04
1.849999999999851763e+00,2.215501647457141843e+01,1.031795502042221480e-01,1.092522392320490754e+00,3.076435929462257302e-01,5.946570325065764218e-01,1.046336742237608863e+00,1.484631075129594819e+02,3.780363198777604339e+01,2.133505876799042653e+02,-9.031868639839882307e-02,3.076250160468045465e+02,3.779955906999849685e+04,3.728850016516988399e+04,3.532587254057345126e+04
1.854999999999851212e+00,2.215666278658618538e+01,1.061645751036643520e-01,1.097740375117692402e+00,3.460231916974041977e-01,6.000117308656569559e-01,1.030108997203540655e+00,1.563894332197411359e+02,1.920133443190661637e+01,-6.094879514694457612e+01,-8.759184127872651771e-02,3.156861441657991350e+02,3.838098277845615667e+04,3.679925492171300721e+04,3.581961573325553036e+04
1.859999999999850662e+00,2.215843459122731218e+01,1.089168587911709674e-01,1.102699601991242950e+00,3.589677377956279614e-01,5.047925719277226442e-01,9.481840815321053162e-01,5.279742125037967071e+01,-3.871214648462437253e+02,-2.563792997499378998e+02,-8.493678707683570417e-02,3.205155297230843416e+02,3.537108122819037817e+04,3.904071115292446484e+04,3.851710488315376278e+04
1.864999999999850111e+00,2.216015493710447259e+01,1.112960855587969283e-01,1.107182405357370891e+00,3.041235211772327918e-01,4.784445046878309515e-01,8.797923420336758449e-01,-3.400316821960138896e+02,2.397052139772654300e+02,2.190053329978923102e+01,-8.290831865442298276e-02,3.229962966960838457e+02,3.390411971640038973e+04,3.970701331833934819e+04,3.946627762288502709e+04
1.869999999999849560e+00,2.216144333914983378e+01,1.138170708609766851e-01,1.111323823635807395e+00,2.250698881763499581e-01,5.381445447100999813e-01,7.701023401045559158e-01,-3.056350646057842368e+02,4.464376872148691291e+02,-2.865216183595701409e+02,-8.183969731752013810e-02,3.211961760975389097e+02,3.388389094918124465e+04,3.967866719499544706e+04,3.912435967442239053e+04
1.874999999999849010e+00,2.216235887078542532e+01,1.166902869057749176e-01,1.114743078065236759e+00,1.473366779156612960e-01,5.961793613460599772e-01,6.109220416879297400e-01,-3.784402865488336829e+02,1.757640657663564525e+02,-3.140199894131310430e+02,-8.138967137456513956e-02,3.168606920606304698e+02,3.409846066719634837e+04,3.975131210077500145e+04,3.905352987135552394e+04
1.879999999999848459e+00,2.216287906720765477e+01,1.197839564402112394e-01,1.117314756592322045e+00,6.688342465748500776e-02,6.275074791062313917e-01,4.374046698405245626e-01,-4.227125294839065646e+02,7.581225152604883988e+01,-2.466313259535075417e+02,-8.129595878781600837e-02,3.119285054689044614e+02,3.452838334872974519e+04,3.962192382568444737e+04,3.890322647722875263e+04
1.884999999999847908e+00,2.216294808466149036e+01,1.229890442101139736e-01,1.119126239700927172e+00,-2.377237483801859091e-02,6.347856572956112053e-01,2.958352377322809867e-01,-3.339783247258590109e+02,-7.005828993248048846e+02,-3.841518373371444568e+02,-8.124541896088592619e-02,3.066124515105514661e+02,3.620573070183894015e+04,3.932607596937273047e+04,3.483547214013321354e+04
1.889999999999847358e+00,2.216269856280847605e+01,1.258537840227821891e-01,1.120155411290734815e+00,-6.715063251850636461e-02,5.134852654984822795e-01,1.384686801361855457e-01,-3.197307200459218848e+02,2.582144419394227839e+02,-4.638462153746922922e+01,-8.060693801540212700e-02,3.013760861158539797e+02,3.424765842258150951e+04,3.797577558818098623e+04,4.002556665532356419e+04
1.894999999999846807e+00,2.216220728908905713e+01,1.283637153254955643e-01,1.120662836909235072e+00,-1.215585987753091818e-01,4.998111701609940227e-01,7.649504977945369155e-02,-1.950531668145225694e+02,4.302947982485312650e+02,-1.308405615290471360e+02,-8.018579991577376442e-02,2.998676130068166117e+02,3.870099567843735713e+04,3.089880072239060974e+04,3.377802239088896022e+04
1.899999999999846256e+00,2.216159756925353719e+01,1.311955827690250709e-01,1.120852483278901968e+00,-1.296677715548731624e-01,6.114460515109410021e-01,2.219841370082823243e-02,-1.686622194524854024e+02,1.087170873205309363e+02,4.297560451686092620e+01,-7.960890979811115209e-02,3.012835269300589403e+02,3.444263643286159640e+04,3.979237917517761525e+04,3.947963506195413356e+04
1.904999999999845706e+00,2.216085983371118218e+01,1.343070443756533561e-01,1.120918153363266168e+00,-1.510487328826390085e-01,6.352358677582981006e-01,-1.351522358353607345e-02,-1.732257141620482912e+02,-6.641306074431051911e+02,-2.649756695721301014e+01,-7.914409143589448692e-02,3.016567997956061049e+02,3.917187632189116994e+04,2.725042017872135330e+04,2.647500029079809610e+04
1.909999999999845155e+00,2.216010362288372804e+01,1.370943512040500578e-01,1.120682685256822131e+00,-1.618471792659967601e-01,5.046193672591515744e-01,-6.616155247892044344e-02,-2.585128516994578263e+02,-1.924259639940666375e+03,-1.923551155968016246e+01,-7.863454443359431389e-02,3.007960288046473352e+02,3.631072172154128930e+04,3.869185364465409657e+04,3.302000727695599926e+04
1.914999999999844604e+00,2.215919030369750686e+01,1.390008888639673590e-01,1.120213402580257922e+00,-2.019945297915981819e-01,2.749912708253016702e-01,-1.205118400818735724e-01,-2.900795884283070905e+02,1.497742800731607531e+02,-6.508556947964075334e+01,-7.813090301652338143e-02,2.992026011442491154e+02,3.507119750266811752e+04,3.881344425039715861e+04,4.023796294397675956e+04
1.919999999999844054e+00,2.215797875566130060e+01,1.401939470043791769e-01,1.119449787354379833e+00,-2.752950152849766852e-01,1.531942213131940178e-01,-1.877969305573474190e-01,-4.137516970736699591e+02,2.282385178235945205e+02,-1.089182499872958942e+02,-7.769249977060301016e-02,2.985412876661071664e+02,3.524394651039964810e+04,3.903121455799377873e+04,4.034503798328101402e+04
1.924999999999843503e+00,2.215631021467063277e+01,1.407444530438781150e-01,1.118294208652294897e+00,-3.856859675840522694e-01,7.908040376058729504e-02,-2.709071279823588863e-01,-5.920410239503687535e+02,-6.942961570833281257e+02,-1.142943645562568236e+02,-7.728666116145221920e-02,2.979610266411604584e+02,3.638174339704647718e+04,3.863825537030393753e+04,3.688487194310290943e+04
1.929999999999842952e+00,2.215405088850256732e+01,1.409352421127865185e-01,1.116617040060901012e+00,-5.059788945337176935e-01,8.308563843497987489e-02,-3.917018730854924802e-01,-7.026115549678729622e+02,1.218466091785951875e+02,5.634033466248018840e+01,-7.692851779104772914e-02,2.974566294083368234e+02,3.902307894244396448e+04,2.849261976438716374e+04,2.825058739061628876e+04
1.934999999999842402e+00,2.215115823275836604e+01,1.413927560696849051e-01,1.114323155452600966e+00,-6.436536272446713447e-01,5.990240798390928517e-02,-5.159677432545576314e-01,-6.539924806763139031e+02,-7.096002910133729529e+02,-2.101032472909744229e+02,-7.665081673915390137e-02,2.976687269583336501e+02,3.681734993903942814e+04,3.887885235384163389e+04,3.714344208044053812e+04
1.939999999999841851e+00,2.214753531990104207e+01,1.415136192607869825e-01,1.111394645014612603e+00,-7.873602702871592696e-01,-6.932902035256155102e-03,-6.469771574761145061e-01,-5.291375170130934293e+02,1.116422577155919953e+03,-2.603282468228911739e+02,-7.630682510877564995e-02,2.974618394248346362e+02,3.718456286317636841e+04,3.641820677251704910e+04,4.026566833633466740e+04
1.944999999999841300e+00,2.214330890726747469e+01,1.419179837986091208e-01,1.107747483532716126e+00,-8.905332085761439309e-01,1.008461749132744112e-01,-7.959962374757015846e-01,-4.750969379399656418e+02,-7.721605808930326020e+02,-2.962518226478734960e+02,-7.599397820302156159e-02,2.972089028920682381e+02,3.740461992187141732e+04,3.907932114725530118e+04,3.739472839194617700e+04
1.949999999999840750e+00,2.213859992786479225e+01,1.422297735971359278e-01,1.103395316183123143e+00,-9.824681540769015786e-01,4.927107609834775054e-02,-9.275702295477399328e-01,-2.700179223402619755e+02,1.755002021444129241e+02,-3.387752524665127112e+02,-7.564965552186450615e-02,2.964763893620381623e+02,3.952655622557475726e+04,3.332268705146230786e+04,3.435287179596938950e+04
1.954999999999840199e+00,2.213358713595566485e+01,1.424902636446505055e-01,1.098381817223964774e+00,-1.024267489825049227e+00,6.532636592121546237e-02,-1.052971023966306596e+00,-5.463642664946110017e+01,8.674573903899681682e+01,-3.794720783680822933e+02,-7.526744333060465808e-02,2.953011284110143038e+02,3.990319111176743900e+04,3.335316425655430794e+04,3.446474043207514478e+04
1.959999999999839648e+00,2.212848360676302661e+01,1.427927775156965506e-01,1.092775084879959335e+00,-1.018489615953615646e+00,3.326954905975141458e-02,-1.168910425024819455e+00,-2.463731831752191681e+01,4.682313257591886213e+00,-1.572980119997420161e+02,-7.489481025216628007e-02,2.936657773561122440e+02,3.788488899548386689e+04,4.006648758036890649e+04,4.122100538947201858e+04
1.964999999999839098e+00,2.212344172172045376e+01,1.431063973640968323e-01,1.086708501606868937e+00,-9.899699764640549349e-01,7.211999270931422623e-02,-1.250348737445388547e+00,4.095352199675781435e+01,-5.005912162277862762e+02,-4.648771078614527141e+01,-7.456144782319490405e-02,2.914569113048004283e+02,3.843870633225885831e+04,4.087481648990303074e+04,3.996785738893739472e+04
1.969999999999838547e+00,2.211855781831993184e+01,1.433047039424849567e-01,1.080331819778376667e+00,-9.554808550641654685e-01,1.364479435757015580e-02,-1.299664624473942487e+00,1.391469424540711088e+02,1.972664890425221529e+00,8.629634034143691679e+00,-7.422226590732552975e-02,2.886624906239039774e+02,3.898261628383087373e+04,4.040894072591745498e+04,4.147304737962103536e+04
1.974999999999837996e+00,2.211394430045725557e+01,1.436085184152184058e-01,1.073721453611549581e+00,-8.961884701808062736e-01,6.464934475634849520e-02,-1.337440912909142687e+00,1.526494112999392314e+02,-1.383555744883542502e+02,8.443196086717762228e+01,-7.392138036925102740e-02,2.855042543453719759e+02,3.954382570581099571e+04,4.057960167991496564e+04,4.173001313380838110e+04
1.979999999999837446e+00,2.210954497403445274e+01,1.438134786527726083e-01,1.067004302189469733e+00,-8.669323589022458476e-01,3.213567073624842146e-02,-1.347843588594953346e+00,6.274108139477907571e+02,5.641650838281216238e+02,-2.673835820482004237e+02,-7.361917014823969596e-02,2.814085195602525573e+02,4.267017440162955609e+04,3.124358570055261953e+04,3.539428862825176475e+04
1.984999999999836895e+00,2.210554723051733816e+01,1.440784400114857866e-01,1.060046894819283381e+00,-7.856193752169907674e-01,5.419145574799315301e-02,-1.401911686426929426e+00,2.240482783315700885e+02,-1.345302132380265903e+01,1.885208613178440373e+01,-7.345660569356236846e-02,2.775269997494760332e+02,4.045028668516260950e+04,4.061981160387161071e+04,4.176913347571741178e+04
1.989999999999836344e+00,2.210185580824512641e+01,1.443989981099119968e-01,1.052860483161471183e+00,-7.251532296790573762e-01,6.350796761149628267e-02,-1.451193446942873777e+00,1.152701531864609450e+02,-2.423775070114970731e-01,6.920025546623242008e+01,-7.341211185689097696e-02,2.735548733348091446e+02,4.097797325286389241e+04,4.082843454339011078e+04,4.204434843063632434e+04
1.994999999999835794e+00,2.209836741487753997e+01,1.448430863750689579e-01,1.045456178228502120e+00,-6.758236493276221779e-01,8.336356949439728548e-02,-1.505833345453221339e+00,2.030436743378947426e+02,-4.427921306553398608e+02,-3.581301474042766131e+01,-7.346338227053861303e-02,2.696580789964509677e+02,4.194919403018480079e+04,4.061994220426331594e+04,3.747320137668220559e+04
