time,x,y,z,vx,vy,vz,Fx,Fy,Fz,min_contact_distance,mechanical_energy,base_load,left_edge_load,right_edge_load
0.000000000000000000e+00,1.800000000000000000e+01,0.000000000000000000e+00,9.405731142999800287e-01,5.796462441051609460e+00,0.000000000000000000e+00,-1.549523529823934265e+00,-6.113581270582271827e+02,8.999657968493077753e-01,2.959758033333090452e+02,-5.818037569708664654e-03,5.285817044853623656e+02,2.458618739988311972e+03,1.191490251420342929e+03,1.264434393790954800e+03
5.000000000000000971e-03,1.802808386960862208e+01,-2.277826432360248305e-05,9.329733140928886392e-01,5.388855345147778309e+00,-4.372693296332844960e-03,-1.468111893777716448e+00,9.068836111135627931e+00,1.114013512052164784e-01,6.337433890605632314e+01,-2.976465749995976535e-03,4.848882263538046118e+02,3.327130314644037412e+01,3.068229205888377820e+01,0.000000000000000000e+00
1.000000000000000541e-02,1.805505656199944653e+01,-3.472565555175313051e-05,9.255224190878786894e-01,5.398207293407458529e+00,-1.655704280230118003e-03,-1.510084517323738496e+00,1.030512389891388603e+00,1.501733363968614163e-02,7.443894734775266642e+00,-5.627262219498954665e-05,4.847349542265131959e+02,2.923844973443231687e+00,4.581656972102440939e+00,0.000000000000000000e+00
1.500000000000000985e-02,1.808206453520653056e+01,-3.984387642415445290e-05,9.178392814496784125e-01,5.404813950727983318e+00,-2.075821152184796604e-04,-1.558266736033542932e+00,4.904248476958692926e+00,6.235376049061400194e-02,3.542589459837530086e+01,-4.269885302346102321e-04,4.846572756795925443e+02,1.634028386580142111e+01,1.937880046501448916e+01,0.000000000000000000e+00
2.000000000000001429e-02,1.810911758507993952e+01,-3.355588071132422224e-05,9.099263134213161353e-01,5.416390354706174470e+00,2.128720777561072131e-03,-1.601579047019737745e+00,2.548723537631787384e+00,2.981028384243666896e-02,1.841066323832044560e+01,-2.099500916053279043e-05,4.846001724761194964e+02,8.343683309565239625e+00,1.021935071096738668e+01,0.000000000000000000e+00
2.500000000000001874e-02,1.813622884018102965e+01,-1.531923195074947410e-05,9.018073110506832357e-01,5.427144873553954696e+00,5.371422050534296194e-03,-1.641945887111690094e+00,7.300156371990105697e+00,8.570425292684830110e-02,5.957435990209940258e+01,-1.796809571100426838e-04,4.844632387648732674e+02,2.904211930941566422e+01,3.090289406668109606e+01,0.000000000000000000e+00
3.000000000000002318e-02,1.816340235604270248e+01,1.880672728023912051e-05,8.934923830018653979e-01,5.440482444112519467e+00,7.769798534759082137e-03,-1.679987194023162544e+00,5.397294422138350534e+00,6.170312857056879652e-02,4.404569097125449417e+01,-4.435582289431599327e-04,4.843926469060252202e+02,2.112013662591527918e+01,2.319959284845628034e+01,0.000000000000000000e+00
3.500000000000002415e-02,1.819063528991431511e+01,6.751655585601755471e-05,8.849891037610020383e-01,5.451889922839656677e+00,1.144709158109367617e-02,-1.717110235366887006e+00,7.724565859367325871e+00,8.291892105347233033e-02,6.303766148664978886e+01,-4.166812930908889243e-04,4.843007298303491552e+02,3.114037114212285928e+01,3.228949466945812929e+01,0.000000000000000000e+00
4.000000000000002859e-02,1.821793244603538398e+01,1.344648182673135724e-04,8.763091124961405187e-01,5.465508340747319949e+00,1.434966845775893091e-02,-1.751124782991534845e+00,4.009245936151243583e+00,7.363507081711717639e-02,3.765435452747209411e+01,-3.333929410673439064e-04,4.842414028324452033e+02,8.952685934625668196e+00,2.886719967078577298e+01,0.000000000000000000e+00
4.500000000000003303e-02,1.824528709787741221e+01,2.122938307186294192e-04,8.674581242265887449e-01,5.475458523104053121e+00,1.633408695822357801e-02,-1.785652720255586301e+00,7.124080270229407930e+00,2.192279745197954766e-01,6.690010996090478557e+01,-7.844549130264549721e-04,4.841275945885608394e+02,3.666895930984212981e+01,3.052597782496548007e+01,0.000000000000000000e+00
5.000000000000003747e-02,1.827269704048281440e+01,3.020740890792172504e-04,8.584397453309934312e-01,5.487598247117058570e+00,1.969144452789597238e-02,-1.818189275605172739e+00,1.396007497790677121e+02,-1.587872047978812207e+00,8.227375857243698647e+02,-1.325086746019957240e-04,4.840780502313283478e+02,4.940994543449215826e+02,3.393570883663165887e+02,0.000000000000000000e+00
5.500000000000004191e-02,1.830041327337994517e+01,4.291175145412549452e-04,8.498004851769775936e-01,5.581554340304566431e+00,2.508980094347976544e-02,-1.662104943651105282e+00,-1.369239722503495614e+03,1.423031705022539199e+02,4.432023551140755444e+03,-6.588647828674014384e-04,4.820415756333422905e+02,0.000000000000000000e+00,8.791853744776387813e+00,4.626941989256431953e+03
6.000000000000004635e-02,1.832569690699708076e+01,4.655284733096195712e-04,8.435704361013850461e-01,4.872411174855558968e+00,9.282760794288955064e-03,-1.059963680933797336e+00,-6.159312334582548374e+02,-9.304741615761376750e+01,1.228291573374533073e+03,-5.907394883731625045e-03,3.984478493169709168e+02,3.098022288412767011e+03,1.719921779537203747e+03,1.235588338721209993e+03
6.500000000000004385e-02,1.834918265690641448e+01,5.436651413890274728e-04,8.388885864949056081e-01,4.525148409208537004e+00,2.991650636807541980e-02,-8.700264412430681604e-01,-1.341137787594190058e+03,1.977967286574900641e+01,6.311587114216247301e+02,-7.942579648676506565e-03,3.678957448257617671e+02,6.487539628236668250e+03,3.619723693370302499e+03,2.708308823603661040e+03
7.000000000000004829e-02,1.837067626279987564e+01,7.508338309510290262e-04,8.349170358856395913e-01,4.112186211078237896e+00,4.780566236054126922e-02,-7.273087360512716648e-01,-1.364786858682728962e+03,7.678592515636208482e+00,7.373145498984526967e+02,-9.150112618387655494e-03,3.372546142512205734e+02,7.469852962606442816e+03,3.972577556731735513e+03,3.443725890179643102e+03
7.500000000000005274e-02,1.838983490145789546e+01,9.840981860904192066e-04,8.317965029477127903e-01,3.342982230060524085e+00,3.773163612046187554e-02,-4.654455921387341544e-01,-5.600009982391524318e+03,-6.812464978276550198e+01,1.788761797377896755e+03,-1.024233513961264261e-02,2.855719387048565068e+02,8.538869892544691538e+03,3.380392672174180007e+03,1.900783468483155048e+03
8.000000000000005718e-02,1.840307219004847994e+01,1.210380620350052193e-03,8.311500837496360594e-01,2.133007731244477068e+00,5.645176590658784743e-02,1.582429666536461221e-01,-6.038020160835776551e+03,-7.242498244559970999e+01,2.361455477805041028e+03,-1.205308974764537043e-02,2.162009593050836145e+02,8.462240348677043585e+03,1.695727366309578883e+03,2.522514545379277934e+03
8.500000000000006162e-02,1.841032178857189194e+01,1.445531807754370452e-03,8.330425415670278388e-01,1.052666786346134531e+00,4.251825339805261755e-02,4.849376130635569826e-01,-2.491782236170218766e+03,-7.079482128162634069e+01,6.247560348933604928e+02,-1.243389045404104040e-02,1.847996467397575771e+02,5.830853833282320011e+03,1.907962659254349774e+03,2.279532176286706090e+03
9.000000000000006606e-02,1.841427154908517849e+01,1.627041258357111173e-03,8.356592090923579130e-01,6.182068074286410919e-01,3.637357431658171103e-02,5.446212654846238621e-01,-1.423422788298526029e+03,7.095364389843786057e+01,3.728276687887459957e+02,-1.245216037525128175e-02,1.787259748941579574e+02,4.691381940150601622e+03,1.836350189345577746e+03,2.128642575816717908e+03
9.500000000000007050e-02,1.841688522372598058e+01,1.837064111415690273e-03,8.383823424592373730e-01,4.935324670492238219e-01,4.429870328754156178e-02,5.331645715547457254e-01,-4.585706052838401661e+02,-1.802485418747290957e+00,1.612029590848489988e+02,-1.278776523794806358e-02,1.776820659942602276e+02,3.861935664924073535e+03,2.087648965072228293e+03,2.146735270385800504e+03
1.000000000000000749e-01,1.841924338795494265e+01,2.060876931233945105e-03,8.409572784178986904e-01,4.511592204324957334e-01,4.452559717568634057e-02,5.004798681162504481e-01,-4.694101996949494833e+02,-3.956511435036595969e+00,1.561082876044354180e+02,-1.347237786612365089e-02,1.775483384330195236e+02,4.105780673086887873e+03,2.247763038954459262e+03,2.381647009816603259e+03
1.050000000000000794e-01,1.842131654145163111e+01,2.287512837064143486e-03,8.433877132023734902e-01,3.796552252166041086e-01,4.625470764003380975e-02,4.772880041773609472e-01,-5.235657008345389158e+02,-1.463195920409853557e+01,2.154775822249083603e+02,-1.428905883407736825e-02,1.773011408704320786e+02,4.225581263557010971e+03,2.379812164768989078e+03,2.543553452663184089e+03
1.100000000000000838e-01,1.842295465481304362e+01,2.504327254858473070e-03,8.457672345759689181e-01,2.847960827785479543e-01,3.961344287066433795e-02,4.778876747810428816e-01,-4.348895477846283484e+02,-3.010186570311277166e+01,2.332654565112396767e+02,-1.508644751962460138e-02,1.768889648157177135e+02,4.579551863193508325e+03,2.507892622935993131e+03,2.915744000963993130e+03
1.150000000000000883e-01,1.842416880206595309e+01,2.675855627557600491e-03,8.481912649863423415e-01,2.122927158435608253e-01,2.959507764015286563e-02,4.921613542111930029e-01,-2.583957892719477059e+02,-3.456645121344143234e+01,2.394417648380371020e+02,-1.571829352681091904e-02,1.763763745054208698e+02,4.832446369327101820e+03,2.613559017385210609e+03,3.288718671206996078e+03
1.200000000000000927e-01,1.842507416333026526e+01,2.793372112849793875e-03,8.507152920367538895e-01,1.582852377758400819e-01,1.922450270057273966e-02,5.160723360879568844e-01,-8.956467709883429507e+01,-2.845898602485852535e+01,2.605499298475666592e+02,-1.614970142079809323e-02,1.759319382449967861e+02,5.067085470217309194e+03,2.732247011920875138e+03,3.497358125791638940e+03
1.250000000000000833e-01,1.842576061708416546e+01,2.867904411990548127e-03,8.533714190593920668e-01,1.228562121100657961e-01,1.172678752789335296e-02,5.438108228147003897e-01,5.255397888143954788e+01,-1.286115198367212287e+01,2.766544438139711701e+02,-1.646733886637898048e-02,1.758025919624361677e+02,5.256104045473945007e+03,2.790549168781725712e+03,3.674336423547674713e+03
1.300000000000000877e-01,1.842631951215518171e+01,2.908691738983420171e-03,8.561644496424734019e-01,1.048361347668494148e-01,5.543278699839717868e-03,5.702106427688381496e-01,1.357736970922199475e+02,-1.017448455078906022e+01,2.769760627894571599e+02,-1.676445908704647658e-02,1.760462019992264402e+02,5.381823378623283133e+03,2.867889625537719439e+03,3.762663999527914257e+03
1.350000000000000921e-01,1.842682213840758365e+01,2.924077773577773640e-03,8.590772224535909718e-01,9.816915062752580579e-02,1.362219045155612122e-03,5.917674974520854558e-01,1.525582043019360299e+02,-2.308801064287519367e+01,2.616175292629536671e+02,-1.709091959476633643e-02,1.765606754538286509e+02,5.427390672266632464e+03,2.955298885793666614e+03,3.816395723394531615e+03
1.400000000000000966e-01,1.842730155179544482e+01,2.919783630816831076e-03,8.620811738871274610e-01,9.371652394199292413e-02,-2.694300783296624778e-03,6.071776323865013536e-01,1.023087023567726987e+02,-2.346049560557402813e+01,2.351107653901889307e+02,-1.746937573483666253e-02,1.771749833036172959e+02,5.527622556114240069e+03,2.995181893705839229e+03,3.849305139912927643e+03
1.450000000000001010e-01,1.842774688536790251e+01,2.895376185616481673e-03,8.651427485574026965e-01,8.428432933162889606e-02,-6.627897078829051575e-03,6.152730336776491837e-01,2.012525299122717115e+01,-9.289614740937850002e+00,1.965210090906937239e+02,-1.787294693309876212e-02,1.777759877009157492e+02,5.636809582267734186e+03,3.004390812199570519e+03,3.883297347697300665e+03
1.500000000000001055e-01,1.842812654946499862e+01,2.852242989953153798e-03,8.682200255145511303e-01,6.841546961678876548e-02,-1.036337155676341111e-02,6.140219394878909664e-01,-7.133932385508546759e+01,-2.419520662720310256e+01,1.520104785221451493e+02,-1.828485825160345787e-02,1.783465760200166415e+02,5.680011637538145806e+03,3.067347839334230684e+03,3.857381017274669830e+03
1.550000000000001099e-01,1.842841702774276058e+01,2.791734116929889525e-03,8.712610544595569273e-01,4.995027639798820668e-02,-1.364906367071019345e-02,6.016921295996042751e-01,-1.267979915614108108e+02,-2.437135053950652619e+01,1.069530475638099460e+02,-1.869244679313913221e-02,1.789426883440155223e+02,5.735115361471538563e+03,3.125536419956125428e+03,3.849886488201720113e+03
1.600000000000001144e-01,1.842862182304398999e+01,2.716656443371711326e-03,8.742101459872374525e-01,3.450936890183635419e-02,-1.612943804251286070e-02,5.786531273303195944e-01,-1.387700403364190436e+02,-2.321873149146155413e+01,7.196419284313310527e+01,-1.909553018452968959e-02,1.796276280677166710e+02,5.808338923361347952e+03,3.184806242786956318e+03,3.878537960710139032e+03
1.650000000000001188e-01,1.842876903851649573e+01,2.624822310607948395e-03,8.770212032739712615e-01,2.653968236409735490e-02,-2.123023403572646059e-02,5.479066252080778687e-01,-1.227630255917509317e+02,-2.940887122943285803e+00,5.367880385977287006e+01,-1.950584558610219885e-02,1.804012411986229552e+02,5.851157939264126071e+03,3.103157597301979422e+03,4.044446479338437712e+03
1.700000000000001232e-01,1.842889593221717348e+01,2.504154759078805643e-03,8.796673312213372231e-01,2.514626558801686534e-02,-2.591010557521571112e-02,5.137810309803512165e-01,-8.719790824990980127e+01,1.460403060174128242e+01,5.265276704225993853e+01,-1.990802166476205587e-02,1.811905397264784483e+02,6.007761012269553248e+03,3.157763382081885084e+03,4.206652884311477465e+03
1.750000000000001277e-01,1.842906974313615365e+01,2.370551827264322838e-03,8.821376359687158608e-01,4.698984457166550943e-02,-2.703775161062579174e-02,4.775060018423663566e-01,6.829439269116505784e+00,-1.491627688374351735e+01,5.026363862689868256e+01,-2.030048644688512219e-02,1.818280352920995711e+02,6.817658628607867286e+03,3.767076853737813508e+03,4.777875457034318970e+03
1.800000000000001321e-01,1.842934544682933762e+01,2.233025511373248027e-03,8.844288959839522457e-01,5.929936080653383512e-02,-2.793349431259447083e-02,4.428971279240955794e-01,-1.559963987153344078e+01,5.868975739292390692e+00,6.754051816830224197e+01,-2.064546815008060782e-02,1.821318445236396144e+02,6.985432992217418359e+03,3.842608476519493706e+03,4.908619446798178615e+03
1.850000000000001366e-01,1.842964339701554977e+01,2.091134896008926478e-03,8.865536973094743090e-01,5.820653566589036737e-02,-2.870205646502052219e-02,4.105882807507720833e-01,-1.826527387966450533e+01,-1.306636940741388209e+01,8.309310474450660422e+01,-2.090460749977330820e-02,1.822145151221992876e+02,7.064699850362627330e+03,3.975526371091504643e+03,4.944627351153196287e+03
1.900000000000001410e-01,1.842991281284012572e+01,1.946407479731423681e-03,8.885217829945732948e-01,4.964762757629279100e-02,-2.918963332662440069e-02,3.799287587913247055e-01,-1.491423798441076087e+00,-1.310380187666383733e+01,9.481223229820557208e+01,-2.108357650840390549e-02,1.822127936446576086e+02,7.150330225910064655e+03,4.037375939123478020e+03,4.985048929553658127e+03
1.950000000000001454e-01,1.843013177002634961e+01,1.797908553473302317e-03,8.903396166765024100e-01,3.897451640715163951e-02,-3.007003498700356464e-02,3.502954497602077666e-01,1.574258192013826374e+01,-1.342532304568863211e+01,1.019002354840256430e+02,-2.121369041236269987e-02,1.822229676476622160e+02,7.209597592598700430e+03,4.079695664683459199e+03,5.013045885266225923e+03
2.000000000000001499e-01,1.843029832597694195e+01,1.645869223794365959e-03,8.920111091638812661e-01,2.887383538230071933e-02,-3.069403200347207289e-02,3.212829992295028747e-01,2.519213086686255565e+01,6.130129567716675609e+00,1.037748295515649488e+02,-2.131341770733959778e-02,1.822771364256502125e+02,7.259964713889739869e+03,4.100589049217211141e+03,5.048569156532235866e+03
2.050000000000001543e-01,1.843041921020268958e+01,1.491493922456053152e-03,8.935387038273010507e-01,2.053310602710259336e-02,-3.103888741177083729e-02,2.926825854461825305e-01,2.005708654213839282e+01,5.945648623071003058e+00,1.008727736558762444e+02,-2.140070084216336849e-02,1.823654833412642517e+02,7.293139958129859224e+03,4.126432214267693780e+03,5.056567345897723499e+03
2.100000000000001588e-01,1.843050292089536413e+01,1.334336161694251940e-03,8.949245206368204864e-01,1.391579800907294037e-02,-3.175343825413123877e-02,2.645495582036386240e-01,5.676999662703167360e+00,6.096564314675334550e+00,9.509811984237524030e+01,-2.148983341485111859e-02,1.824688008620063044e+02,7.322535079522220258e+03,4.144528742384605721e+03,5.064476289962920418e+03
2.150000000000001632e-01,1.843055813045861413e+01,1.173350585509881768e-03,8.961715224597400775e-01,8.924620542194833597e-03,-3.264534018837129958e-02,2.371454504959718823e-01,-1.325916750334255312e+01,-1.408573295262256408e+01,8.882774523501052499e+01,-2.158060001459241942e-02,1.825743374382029742e+02,7.344153124609567385e+03,4.169989644686457723e+03,5.055721159431837805e+03
2.200000000000001676e-01,1.843059235686918385e+01,1.006220919896909892e-03,8.972846309252842101e-01,5.347443483440170175e-03,-3.420178082900033473e-02,2.109734060096045416e-01,-2.719172921789572683e+01,-1.307244794810971200e+01,8.512866206569594851e+01,-2.167726997215072005e-02,1.826833985779268232e+02,7.375001757020266268e+03,4.183555907993565597e+03,5.073602209346838208e+03
2.250000000000001721e-01,1.843061095993613563e+01,8.299272585477633288e-04,8.982721716901184150e-01,2.484950203427394814e-03,-3.594187897933006498e-02,1.868898481680779100e-01,-3.674631725252589831e+01,-1.357336517570924173e+01,8.725476054115154056e+01,-2.177057184824005356e-02,1.828016997414295872e+02,7.468175189796445920e+03,4.176024121790484969e+03,5.064301479506210853e+03
2.300000000000001765e-01,1.843062018537462521e+01,6.485578304886998550e-04,8.991471940318770395e-01,1.564475679903723233e-03,-3.635327438487987589e-02,1.657674885452977975e-01,-3.117756653410873469e+01,-1.354769091099794487e+01,9.332927617866755554e+01,-2.184418814436298387e-02,1.829281633793640367e+02,7.461203898734308495e+03,4.218995010681178428e+03,5.122637640719820411e+03
2.350000000000001810e-01,1.843067957009026969e+01,4.743642618606178931e-04,8.999208033102110704e-01,1.557278289094606374e-02,-3.327077831222505222e-02,1.462790629313941992e-01,-7.062777281451366207e+01,4.836178352308845518e+00,1.034458576412262119e+02,-2.188860419063272736e-02,1.829053357465304259e+02,7.497975030525009061e+03,4.243607425028536454e+03,5.152383594512641139e+03
2.400000000000001854e-01,1.843072618665080142e+01,3.121526184400113353e-04,9.006091496292591980e-01,5.116459728793651580e-03,-3.210286352750809508e-02,1.310231852354284965e-01,-3.553955063809792136e+01,-1.759474073404354044e+01,1.130269329917608729e+02,-2.189568690345639057e-02,1.828410243479775659e+02,7.515092716604642192e+03,4.282718326818581772e+03,5.141390935476480081e+03
2.450000000000001898e-01,1.843073414735241755e+01,1.495714086419007351e-04,9.012288619591958261e-01,-7.588967027555539513e-04,-3.291886268744580180e-02,1.185726499382302457e-01,-3.723131886438693527e+00,4.529870659100762254e+00,1.265344029004817230e+02,-2.191389897968150716e-02,1.828353912345426124e+02,7.551091410860793985e+03,4.297156424581693500e+03,5.181801931807646724e+03
2.500000000000001665e-01,1.843072217192181128e+01,-1.717741891973263837e-05,9.017933756249358890e-01,-9.314693720049861507e-04,-3.337856197611765302e-02,1.083845913360129282e-01,1.218972632323432208e+02,3.024267410618208629e+01,1.272101516366795977e+02,-2.194804664849610287e-02,1.828724513838599535e+02,8.007967651505327922e+03,4.699039961614066669e+03,5.618410003543047424e+03
2.550000000000001710e-01,1.843074502144065718e+01,-1.777723017130443373e-04,9.023069960064041828e-01,1.746470094697892290e-03,-3.194309651488037860e-02,9.855032045329752133e-02,1.083378377864039521e+01,-1.967752146760441434e+01,1.435786631575659840e+02,-2.197731661246541193e-02,1.828178117345271119e+02,7.594094259411767780e+03,4.352064178574764810e+03,5.200355548617560089e+03
2.600000000000001754e-01,1.843075031759455484e+01,-3.382640165069379190e-04,9.027720293721812617e-01,2.403873768236531195e-03,-3.173589475015776290e-02,8.806511125738469836e-02,1.069017411049532029e+01,-1.265193121601999593e-01,1.425290869354105325e+02,-2.200700216501032605e-02,1.827989239492668219e+02,7.622732908319729177e+03,4.357214419251235995e+03,5.215972877799636990e+03
2.650000000000001799e-01,1.843076036064018197e+01,-4.951964468611206368e-04,9.031781088613752839e-01,1.657098720360859420e-04,-3.130556063936629912e-02,7.519803335473335126e-02,6.145464224122463293e+00,-4.464597894484898077e+00,1.334590191497970864e+02,-2.202265525552319497e-02,1.827616912959902038e+02,7.642857048688663781e+03,4.366223185660797753e+03,5.198092580951178206e+03
2.700000000000001843e-01,1.843076650882849421e+01,-6.514437938010500962e-04,9.035094863234777174e-01,2.141497801311913109e-03,-3.123102468592230466e-02,5.824052938228278797e-02,-1.915522727636090394e+01,-4.084291535109880300e+01,1.183700064899325071e+02,-2.203554285205482077e-02,1.827108579592545539e+02,7.724949038283292793e+03,4.392245278407183832e+03,5.137097989035958562e+03
2.750000000000001887e-01,1.843076686889850535e+01,-8.143295838999612887e-04,9.037441821471829950e-01,5.498041504889432732e-03,-3.212909074428947631e-02,3.650952865499308697e-02,7.638821533145733156e+01,3.381589480937743986e+01,9.027746284733370885e+01,-2.205872491134986541e-02,1.826211205644880522e+02,8.297270490807963142e+03,4.765943055922198255e+03,5.457627641587393555e+03
2.800000000000001932e-01,1.843078235907282192e+01,-9.733366971761220560e-04,9.038561324238699735e-01,5.408161370043801895e-03,-3.100239574179145322e-02,9.866491003081548708e-03,-6.068332204832034904e+01,-9.214157417734536892e+00,8.282074452751987792e+01,-2.206653694527487344e-02,1.824525750694066630e+02,7.879100173491590795e+03,4.358009533057849694e+03,5.050725018238517805e+03
2.850000000000001976e-01,1.843078921763125422e+01,-1.125576792476399050e-03,9.038221864837607811e-01,-2.938554613322474527e-04,-3.011963181996697714e-02,-2.116668060387637620e-02,3.922580173842004569e+01,9.764908998166314191e+00,5.644619477776586791e+01,-2.204723829420187145e-02,1.822710171907190499e+02,8.325188909133561538e+03,4.725062172488102078e+03,5.405232102982148717e+03
2.900000000000002021e-01,1.843078555086596282e+01,-1.272311325867563547e-03,9.036209455650758837e-01,-1.286829162906152728e-03,-2.870449417544169296e-02,-5.632940100804047917e-02,-9.213285830831756584e+01,-1.387563897249204992e+01,5.562410291788137329e+01,-2.200884080225138165e-02,1.820869315654897491e+02,7.870968481978162345e+03,4.301887187577271106e+03,5.065324370825393089e+03
2.950000000000002065e-01,1.843076014438203103e+01,-1.414919336631832811e-03,9.032374402412509662e-01,-6.159296194363768871e-03,-2.812356731916894684e-02,-9.371810104846828304e-02,1.158054738739957656e+01,1.285951508896802764e+01,4.125201702348726940e+01,-2.196165313816279135e-02,1.819405528861141761e+02,8.250389793866319451e+03,4.624671589769950515e+03,5.507471457143243242e+03
3.000000000000002109e-01,1.843072170242396624e+01,-1.553617890276691536e-03,9.026631452495322838e-01,-8.329756233724150069e-03,-2.762632629605683149e-02,-1.321568785931956369e-01,1.270063201442360423e+01,1.413669746333248689e+01,4.237299988483005109e+01,-2.192241152606420190e-02,1.818191888017969404e+02,8.244188860194082736e+03,4.600080785256999661e+03,5.536539584071634636e+03
3.050000000000002154e-01,1.843066829373109528e+01,-1.693028840464019845e-03,9.018985050304164641e-01,-9.749248570854825505e-03,-2.756561934455692767e-02,-1.698146521403900988e-01,2.171524951451328889e+01,3.962129464246517330e+01,4.928381116822026797e+01,-2.189843344036765047e-02,1.817259646545032297e+02,8.248906759538127517e+03,4.570665488551344424e+03,5.615640515670855166e+03
3.100000000000002198e-01,1.843059951186358347e+01,-1.830780676578003859e-03,9.009516375744902605e-01,-1.681518983243734597e-02,-2.777605967933438960e-02,-2.049490405428719686e-01,4.483296137832860495e+01,4.186669362893447044e+01,5.969659083231545083e+01,-2.188335399300958550e-02,1.816549808580161027e+02,8.254264273066117312e+03,4.563182685886806212e+03,5.665795012636427600e+03
3.150000000000002243e-01,1.843051339383227827e+01,-1.968397700219027061e-03,8.998366749412296528e-01,-1.637604137059139181e-02,-2.715689362352179462e-02,-2.372988405438264947e-01,-6.651031935962953412e+01,-1.342168942836312162e+01,8.380181493377472179e+01,-2.188877834346875453e-02,1.816030372913556050e+02,7.820215773218882532e+03,4.232638530638043449e+03,5.238202785890218365e+03
3.200000000000002287e-01,1.843040651321060963e+01,-2.106427531363495864e-03,8.985717862273511214e-01,-2.454857757871824891e-02,-2.800700070320055746e-02,-2.652700498763750914e-01,-4.225142690294563863e+01,-9.938934628540447846e+00,9.739610729415448986e+01,-2.191280234829189738e-02,1.815764974986691129e+02,7.844875936067072871e+03,4.238898027162987091e+03,5.297304449720613775e+03
3.250000000000002331e-01,1.843027726938727895e+01,-2.245201448122520049e-03,8.971767647228940934e-01,-3.106780177526464667e-02,-2.864526135328255077e-02,-2.893312126291058828e-01,8.691110090041973990e+01,2.789003138952663363e+01,9.846889527287385135e+01,-2.195589129193195599e-02,1.815701662672657335e+02,8.305763957094841317e+03,4.586921616237765193e+03,5.801159273232113264e+03
3.300000000000002376e-01,1.843013419545961540e+01,-2.382978756359739169e-03,8.956706132651079955e-01,-3.364749709519235937e-02,-2.819061456115697778e-02,-3.098798564782598852e-01,-2.932127764157092997e+01,-3.721329540563793614e+01,1.216134479787635883e+02,-2.201438370960905055e-02,1.815631778852254854e+02,7.869184155869776077e+03,4.277706018606191719e+03,5.370011258110777817e+03
3.350000000000002420e-01,1.842997192351045399e+01,-2.522390553338135517e-03,8.940719722979848516e-01,-3.467583433141472465e-02,-2.787072628775275757e-02,-3.270887184267043390e-01,-2.768853500517087696e+01,-3.193990667531916294e+00,1.307012950313738884e+02,-2.208440735762903437e-02,1.815628872978230959e+02,7.928421614854558356e+03,4.281395428838755834e+03,5.465396871453276617e+03
3.400000000000002465e-01,1.842978223365801682e+01,-2.663791130165941816e-03,8.923976740774793859e-01,-3.600027878897213429e-02,-2.769309693105385245e-02,-3.412188588358451846e-01,-3.324652273488595711e+01,-1.383218509268544949e+00,1.384582531599839967e+02,-2.216244592819008319e-02,1.815811252310336101e+02,7.959056202434618172e+03,4.296448047057209806e+03,5.518733415653179691e+03
3.450000000000002509e-01,1.842957414749339407e+01,-2.808248718412840669e-03,8.906608187775675312e-01,-4.035392843833180559e-02,-2.910744354679901599e-02,-3.525908781785019874e-01,-3.839367617797807952e+01,-2.999298288747030483e+01,1.442362398975956239e+02,-2.224882402059258357e-02,1.816044642582657218e+02,7.960172030901650942e+03,4.315580613462876499e+03,5.529770038306185597e+03
3.500000000000002554e-01,1.842934915184027034e+01,-2.958508734316305129e-03,8.888726918392150234e-01,-4.733790748345723109e-02,-3.054253322201725199e-02,-3.615960294017241949e-01,9.955341359188224715e+01,3.503892807161942358e+01,1.319986874089059938e+02,-2.234020786967403152e-02,1.816264776686038545e+02,8.444147922100573851e+03,4.649657136962027835e+03,6.058177729801869646e+03
3.550000000000002598e-01,1.842910382436829764e+01,-3.111510111822357420e-03,8.870427454350362506e-01,-5.293638820687986135e-02,-3.140064773166085371e-02,-3.690858688341552840e-01,1.142161267415073098e+02,5.522626722631639495e+01,1.340617034558543992e+02,-2.243116211579894090e-02,1.816514185418371881e+02,8.474375743898721339e+03,4.652417490806659771e+03,6.145290375115979259e+03
3.600000000000002642e-01,1.842884744142048348e+01,-3.267946974602454167e-03,8.851768630823226847e-01,-5.519193033558754402e-02,-3.213470322536771118e-02,-3.757787728105653757e-01,-2.755243370505939993e+01,-1.880373364261767932e+01,1.556445649857130320e+02,-2.252279141909733010e-02,1.816601698623556729e+02,8.048082937196976673e+03,4.339012456157094675e+03,5.673561206253220917e+03
3.650000000000002687e-01,1.842856615806475062e+01,-3.431953901170012484e-03,8.832820404352106358e-01,-5.459862332682172831e-02,-3.240592711661448994e-02,-3.817644342676428382e-01,-2.988119951415706055e+01,1.483290328370516420e+01,1.602918521630180066e+02,-2.261975072382356802e-02,1.816805299961986861e+02,8.103005006317715925e+03,4.335968616577159992e+03,5.769231295463048809e+03
3.700000000000002731e-01,1.842828336114459020e+01,-3.584068535317414678e-03,8.813591922082513186e-01,-5.590030513017542335e-02,-2.937983152509408488e-02,-3.872228342562275549e-01,4.868142844092574251e+00,-6.315211016016888834e+00,1.540943690556408683e+02,-2.271920934953711169e-02,1.816576033405864905e+02,8.533966378833043564e+03,4.454422549523255839e+03,5.718300693720451818e+03
3.750000000000002776e-01,1.842800386426053549e+01,-3.730937189071469127e-03,8.794048645225003291e-01,-5.650656825559537133e-02,-2.946727362381423507e-02,-3.940150984058002903e-01,-2.042012446394613789e+01,-2.814385831855536146e+00,1.557972670501576431e+02,-2.287519440741099877e-02,1.815655820012393633e+02,8.660672536424213831e+03,4.444299289513366602e+03,5.792231812019834251e+03
3.800000000000002820e-01,1.842770595649203358e+01,-3.878346611662390839e-03,8.774141897079333896e-01,-6.214965769512469790e-02,-2.943788206366168211e-02,-4.017034002556549299e-01,-2.135790671652614492e+01,-3.060178129301398542e-01,1.541512474447486056e+02,-2.302894634773383978e-02,1.814426932322139407e+02,8.718512447302880901e+03,4.450785301632050505e+03,5.862649494748402503e+03
3.850000000000002864e-01,1.842738941896750404e+01,-4.025794788553537645e-03,8.753800305844823271e-01,-6.232947033532520303e-02,-2.993628054580400530e-02,-4.115870949424264569e-01,5.040971933465186794e+00,-1.576127240711086230e+01,1.447726987901110078e+02,-2.318758333648055989e-02,1.813082863257967574e+02,9.261159072252456099e+03,4.587187993159093821e+03,5.573952366742231789e+03
3.900000000000002909e-01,1.842707759321836747e+01,-4.180198290603311800e-03,8.732892842410185930e-01,-6.284606776197032563e-02,-3.168919982067409241e-02,-4.238467641221468907e-01,-1.672526245787196331e+00,-1.592301892992167822e+01,1.388718194018023269e+02,-2.339106325633046046e-02,1.810966588585756369e+02,9.246903229579727849e+03,4.642602199791908788e+03,5.605488471065116755e+03
3.950000000000002953e-01,1.842675941039012244e+01,-4.343519910747128433e-03,8.711302502444788765e-01,-6.512913943907683301e-02,-3.342651105689450897e-02,-4.386189783361186256e-01,-2.378221406896528833e+01,-1.340567042657366770e+01,1.353762568514466693e+02,-2.361800139096946471e-02,1.808170038358856857e+02,9.358614171214312591e+03,4.644970469612075249e+03,5.727845324152889589e+03
4.000000000000002998e-01,1.842641792676027279e+01,-4.514413948481459278e-03,8.688920923089491488e-01,-7.121656858601435602e-02,-3.470696938405860854e-02,-4.552467066221502767e-01,-3.358912997300012648e+01,-1.030272341064137542e+01,1.322075953003211453e+02,-2.384607576196365666e-02,1.805030140500736024e+02,9.473161034804590599e+03,4.629070271671777846e+03,5.853841875664226791e+03
4.050000000000003042e-01,1.842604201655517571e+01,-4.690125152926920109e-03,8.665672907578959583e-01,-7.848016583430114657e-02,-3.541850724117950183e-02,-4.729924938704120896e-01,-3.571457916110051656e+01,-5.903899800031882528e+00,1.317880640526573188e+02,-2.406574108471998263e-02,1.801888832165874987e+02,9.586163115776895211e+03,4.596246074889144438e+03,5.985510548387082963e+03
4.100000000000003086e-01,1.842561122731236267e+01,-4.867429804249135544e-03,8.641566488435157289e-01,-1.000023829270806353e-01,-3.529485389060731809e-02,-4.881255516734765987e-01,-1.295668402543838624e+02,1.978172634129844454e+01,1.748324502743182620e+02,-2.427885473599711644e-02,1.799173636916062549e+02,9.179500746747293306e+03,4.108504779150444847e+03,5.934622341187992788e+03
4.150000000000003131e-01,1.842502966461012548e+01,-5.030976863124114219e-03,8.616878095371179880e-01,-1.271588775403864613e-01,-2.627742031440820011e-02,-4.969650344849514401e-01,-4.542717418118138539e+01,1.255356111444538527e+02,2.302626124574409232e+02,-2.451201967238958099e-02,1.797518695565021574e+02,9.881722588290122076e+03,4.127476112379783444e+03,7.027233804338704431e+03
4.200000000000003175e-01,1.842437494613562166e+01,-5.087905433108125958e-03,8.592003113221136079e-01,-1.331906738848517568e-01,-2.030828791356334775e-03,-4.957802510545064600e-01,-3.587502203344467944e+01,5.916205279286192109e+01,2.216886702846410344e+02,-2.480798132688344718e-02,1.798701183868721785e+02,1.048828579935336347e+04,4.168799533990356394e+03,7.778062583617178461e+03
4.250000000000003220e-01,1.842372118202982278e+01,-5.068946466985718713e-03,8.567409148135106678e-01,-1.217702123587156293e-01,5.985845605634197361e-03,-4.892687903492668466e-01,8.587422074891054535e+01,-7.578049363435042984e+00,2.115426038457570712e+02,-2.516742995499487989e-02,1.801015448801466903e+02,1.167691288601809174e+04,4.658640545580497019e+03,7.945934278803551933e+03
4.300000000000003264e-01,1.842317301037859067e+01,-5.033376811245368621e-03,8.543171538706096912e-01,-1.011050802471307880e-01,7.826982861169094058e-03,-4.797500163384112448e-01,4.283227415021002571e+01,-8.421551831869507510e+00,2.482669814496236995e+02,-2.555619197205399179e-02,1.801157041944576918e+02,1.176018656021535935e+04,4.735870492967808786e+03,7.977504936248882586e+03
4.350000000000003308e-01,1.842265331777199222e+01,-4.982459239174378933e-03,8.519744262700001958e-01,-1.061111752874152048e-01,1.180691483218997313e-02,-4.580293028355960083e-01,-5.836062883623867492e+00,-1.702669952242039031e+01,2.898261559724835479e+02,-2.592867770161692148e-02,1.800166540832127851e+02,1.108120663375268123e+04,4.526928065806490849e+03,7.902249521989542700e+03
4.400000000000003353e-01,1.842213369640218801e+01,-4.923431524890144184e-03,8.497607967109851446e-01,-1.015390693599279304e-01,1.198506355701148968e-02,-4.292056784586198992e-01,7.184593167591856400e+00,-4.569008334326900567e+00,3.088278374730376754e+02,-2.634614256545935243e-02,1.799506930820291473e+02,1.151059148253056082e+04,4.551714618452382638e+03,8.350393037938400084e+03
4.450000000000003397e-01,1.842164435577581827e+01,-4.863219109459344588e-03,8.477074531410232483e-01,-9.362672658552143035e-02,1.147323688010805191e-02,-3.947274205960982774e-01,3.588828348023355375e+01,-2.715602182807116449e+01,3.237023727843984489e+02,-2.680684617675101536e-02,1.798879084658246654e+02,1.127223390892643147e+04,4.697972423418890685e+03,8.437056658997880731e+03
4.500000000000003442e-01,1.842120510267752564e+01,-4.809758394018075027e-03,8.458414058797396606e-01,-8.400970475795031811e-02,1.029561540967120076e-02,-3.544610713047564032e-01,1.553383628158212559e+01,-8.793793618058719730e+00,3.628044700504250386e+02,-2.733761992980018873e-02,1.797922144226387218e+02,1.145639016935542895e+04,4.637871407732022817e+03,8.770074887031241815e+03
4.550000000000003486e-01,1.842080014727911674e+01,-4.770191814071148180e-03,8.442011561506352901e-01,-7.697783964129599477e-02,5.708317540248052102e-03,-3.050225395366204517e-01,3.204426535723121106e+01,-5.398567527016350454e+01,3.908764254186999096e+02,-2.793206297717680878e-02,1.798036624409416504e+02,1.123054848648259576e+04,4.694955598273595569e+03,8.735260577252558505e+03
4.600000000000003531e-01,1.842044970669676474e+01,-4.752348039196839340e-03,8.428359220541133956e-01,-6.441657435636855000e-02,1.999521288734175221e-03,-2.453206417943241402e-01,3.098850350819100186e+01,-2.863303760508290807e+01,4.299730784087656730e+02,-2.862637658910130098e-02,1.798595078731030981e+02,1.159953564871440904e+04,4.647732586310939041e+03,9.181888425854287561e+03
4.650000000000003575e-01,1.842015588080424493e+01,-4.752856337988924790e-03,8.417946138087469832e-01,-5.862489998313658024e-02,-2.359510122910923186e-03,-1.766376476254918892e-01,7.547813264618991980e+01,5.749682214995284824e+01,4.341943404088102625e+02,-2.936106063191325569e-02,1.799798694909099765e+02,1.275880871814249804e+04,4.534187508510798580e+03,9.620986260832120024e+03
4.700000000000003619e-01,1.841995291214102082e+01,-4.770362420075583906e-03,8.410874449545494569e-01,-1.204078645401988369e-02,-4.157235051374230834e-03,-1.168200055456578706e-01,2.397152267504312704e+02,1.102308659337843153e+02,3.772662942930296595e+02,-2.993520129918776293e-02,1.798962292103588254e+02,1.221364498660659774e+04,5.171507765160025883e+03,1.099651775331286444e+04
4.750000000000003664e-01,1.842006634265575826e+01,-4.792238279287886100e-03,8.406492914039335185e-01,4.693067531428381928e-02,-4.521978145160353638e-03,-6.260008380020663787e-02,1.643886682452246077e+02,5.393764556353607986e+01,4.082850203883583617e+02,-3.014089451746381973e-02,1.790330076683127913e+02,1.232471277064358583e+04,5.234274141203126419e+03,1.167907268821751677e+04
4.800000000000003708e-01,1.842036078008400679e+01,-4.826017345263634677e-03,8.404865240490071443e-01,6.592850465224589507e-02,-9.156835504243570831e-03,-9.136640820363988238e-03,4.332927818422405153e+01,-1.010658658587630043e+01,3.752625032096837003e+02,-3.002021625848253286e-02,1.776235579181655453e+02,1.248649577461866284e+04,5.170077917725367115e+03,1.142555633201307319e+04
4.850000000000003753e-01,1.842071324528027176e+01,-4.885511849678465107e-03,8.405739081408790669e-01,7.239635246839190574e-02,-1.397230276302736246e-02,3.839841039397585282e-02,-5.024261935939989598e+00,-2.141736429197231928e+01,3.551284752537185341e+02,-2.977413238625107456e-02,1.760161496961665648e+02,1.261999157123371697e+04,5.096793986514880999e+03,1.159700148384369459e+04
4.900000000000003797e-01,1.842095719816165555e+01,-4.979072154266228449e-03,8.409212191222272814e-01,2.941036789864595255e-02,-2.289250627663613410e-02,9.431751742485521006e-02,-1.356380246921065122e+02,-9.986853382772483201e+01,3.769725325488756198e+02,-2.963263984900538564e-02,1.748176020377458713e+02,1.359334814376346003e+04,4.453326567420841457e+03,1.020973988468718926e+04
4.950000000000003841e-01,1.842107975732221092e+01,-5.112648695114223145e-03,8.415098895992564332e-01,3.600255691118280088e-02,-2.838274051812832155e-02,1.316049174719050030e-01,1.145850418231163985e+02,2.078410120002925154e+01,2.881287652854174439e+02,-2.965884028663186636e-02,1.742059685684390331e+02,1.259828824608864670e+04,4.956507303171884814e+03,1.168928710436942129e+04
5.000000000000003331e-01,1.842133412045649976e+01,-5.263174984174736303e-03,8.422363960761929391e-01,6.040898613368320819e-02,-3.159947214977554958e-02,1.559536849000083825e-01,4.822988484259298048e+01,-9.924234604187915920e-01,2.727794178674364503e+02,-2.965017855097117419e-02,1.734596561038406719e+02,1.262411942894151071e+04,4.926761870134297169e+03,1.180050840120663634e+04
5.049999999999997824e-01,1.842167672874396445e+01,-5.433266492217697988e-03,8.430697550219029557e-01,7.460433280115537358e-02,-3.603567003484279413e-02,1.741727642330565540e-01,2.224507072189726387e+01,-5.492808086002099799e+00,2.444875777396464400e+02,-2.960475755113545215e-02,1.725856425470383329e+02,1.286687822163424426e+04,4.749324707882444272e+03,1.168670512217762189e+04
5.099999999999992317e-01,1.842205671666857825e+01,-5.620495446174162378e-03,8.439762558500057965e-01,7.481033153509661360e-02,-3.821119079891755616e-02,1.863083499239084062e-01,-3.468850197869545582e+01,-3.890306812781609835e+00,2.249980581448103294e+02,-2.955510175849215479e-02,1.716426096471045639e+02,1.312091610786356796e+04,4.675860789910509084e+03,1.202509047706207457e+04
5.149999999999986811e-01,1.842241334696712940e+01,-5.811864300903243213e-03,8.449255237444843747e-01,6.857707765037181213e-02,-3.799755757526056960e-02,1.915363947351962359e-01,-3.687334006253951202e+01,1.460809093425082139e+01,1.959385244577246112e+02,-2.947104460020850275e-02,1.708016803080953139e+02,1.375934320978655524e+04,4.270124407794505714e+03,1.226162616216066999e+04
5.199999999999981304e-01,1.842273295382736720e+01,-5.999947188456583071e-03,8.458798785882565285e-01,5.582205634068090200e-02,-3.861512926594797696e-02,1.895414067457128204e-01,-2.174561448386663187e+02,-1.582592504141519498e+02,1.709233185966153314e+02,-2.940834709337555170e-02,1.701107002364989285e+02,1.469614658400100961e+04,4.013481011160813523e+03,1.066477229066878863e+04
5.249999999999975797e-01,1.842296402423064094e+01,-6.199426314034237051e-03,8.468062219582704886e-01,4.541944324854170489e-02,-3.839916955824871497e-02,1.804308968078236763e-01,-1.667107696510856840e+01,2.132624044282586695e+01,1.416080600545342350e+02,-2.938854328520835307e-02,1.696713250341450419e+02,1.410832475207798780e+04,4.304698091576935440e+03,1.267791258826275407e+04
5.299999999999970290e-01,1.842317691021771964e+01,-6.383428357838490629e-03,8.476675563746773889e-01,3.951957960553495464e-02,-3.555090476267656896e-02,1.640453203690094564e-01,-2.329423502882980301e+01,9.903509133520692842e+00,9.686736247960584478e+01,-2.938370144591502184e-02,1.692624084999370666e+02,1.447818533798223143e+04,4.378295476901681468e+03,1.304430160454690122e+04
5.349999999999964784e-01,1.842335394921045477e+01,-6.536119051248177533e-03,8.484128760128513136e-01,3.216638451907254115e-02,-2.735451635171788284e-02,1.339996174936221585e-01,1.041034228709122544e+00,1.743798444158062466e+01,5.327163572870017560e+01,-2.937038768763170979e-02,1.688896165890748478e+02,1.295641889863613869e+04,4.326904708833975747e+03,1.349182015126766782e+04
5.399999999999959277e-01,1.842349041002821508e+01,-6.656811968276207803e-03,8.489750750027330595e-01,2.295115312627888510e-02,-2.079320599421132995e-02,9.426997072030658675e-02,-6.602240748143628934e+00,1.685426131637626312e+01,3.145057357081532246e+01,-2.935998572683201288e-02,1.686055107600082010e+02,1.287094752796061221e+04,4.293027447515896711e+03,1.364228333731640305e+04
5.449999999999953770e-01,1.842357317643661574e+01,-6.736064376405400712e-03,8.493375254471806635e-01,1.121720730236368258e-02,-1.294171808407275880e-02,5.445808286282782101e-02,-1.415947309252749164e+01,-2.759187179340989360e+01,2.923461849611089747e+01,-2.935074930442956379e-02,1.683994339311217345e+02,1.416054077417148801e+04,4.313333496946279411e+03,1.322711312750173420e+04
5.499999999999948264e-01,1.842359986297010366e+01,-6.799429792504889034e-03,8.494987436792263980e-01,7.322606255443250920e-04,-1.154729917842099718e-02,1.494230954494949089e-02,-1.424069203846414666e+01,-5.463430096694588123e+00,4.205242530387363331e+01,-2.936808504663415698e-02,1.682814421220319048e+02,1.414611592752578690e+04,4.276614234433293859e+03,1.327074930678915734e+04
5.549999999999942757e-01,1.842357832118558392e+01,-6.848542177458036111e-03,8.494732511032683231e-01,-8.414513131868552737e-03,-6.302115473740555092e-03,-2.031315850866498296e-02,-2.479014444300884179e+01,7.559796687861117448e+01,4.809723184304380084e+01,-2.942137752311605250e-02,1.682378601402197660e+02,1.354150769503816446e+04,4.106258108649415590e+03,1.392248246350127374e+04
5.599999999999937250e-01,1.842351476687534273e+01,-6.852367704191351765e-03,8.492666491293348052e-01,-1.580945299146272257e-02,2.338886621893463899e-03,-6.019263810675325177e-02,-6.886335840942876985e+00,3.096747951226370432e+01,3.294087969554630035e+01,-2.949092501293876928e-02,1.682322774210874741e+02,1.319437326165474769e+04,4.149725447991398141e+03,1.401325996777717592e+04
5.649999999999931743e-01,1.842341621864692769e+01,-6.823603357671588661e-03,8.488506832921256517e-01,-2.309497183863664510e-02,9.287656855645138113e-03,-1.008023425970143439e-01,-1.770383981739183810e+01,5.282426306742111421e+01,5.727042286954747397e+01,-2.958061537931050769e-02,1.682449590526163945e+02,1.344086663951901573e+04,4.077940875475333996e+03,1.418801069651403486e+04
5.699999999999926237e-01,1.842327996942892554e+01,-6.758368391434310153e-03,8.482514685348280237e-01,-3.035571217161989188e-02,1.334581121132270669e-02,-1.352896205697922127e-01,-2.308286630727695865e+01,-1.229576303580283003e+01,6.665343073724136502e+01,-2.968109689300876125e-02,1.682664127527993969e+02,1.427663202934768924e+04,4.184519370013996195e+03,1.351538739967922447e+04
5.749999999999920730e-01,1.842311289893227411e+01,-6.690348970352351897e-03,8.474955431862689625e-01,-3.564266028744389470e-02,1.418145698385159248e-02,-1.627737106929011413e-01,-2.810899580473335391e+01,4.644199764547245479e+00,1.037595137319563037e+02,-2.980927084307266606e-02,1.683193286708484209e+02,1.438644963841503886e+04,4.162787661362612198e+03,1.360670990239634375e+04
5.799999999999915223e-01,1.842292309817532825e+01,-6.599617337961877564e-03,8.466296891507042455e-01,-3.964735967623514434e-02,2.239654047136619558e-02,-1.808089839912415397e-01,-1.962386045758654518e+01,1.555351701641815154e+01,1.241437102086828190e+02,-2.994461882160828065e-02,1.683598249911988489e+02,1.321658852506243238e+04,4.088478102219269658e+03,1.416820995351656711e+04
5.849999999999909717e-01,1.842271877212693809e+01,-6.478665956333395926e-03,8.456763897758173831e-01,-4.191328081999113470e-02,2.557613744663978644e-02,-1.983162185126511878e-01,-1.527300430333917802e+01,1.165936091948902131e+01,1.326434937723315670e+02,-3.007173644065791809e-02,1.683632600673802528e+02,1.330274979641413665e+04,4.101954379990211237e+03,1.425985908946553536e+04
5.899999999999904210e-01,1.842250271485016455e+01,-6.343022594158993950e-03,8.446430628423003961e-01,-4.424202666531912992e-02,2.835274677612776434e-02,-2.130217209928115252e-01,-9.127850932077478774e+00,1.018861470539738079e+01,1.412254045469567245e+02,-3.019727041817383065e-02,1.683564295747928270e+02,1.336204152086645627e+04,4.112438380893611793e+03,1.433273330023647395e+04
5.949999999999898703e-01,1.842227622138025822e+01,-6.194932239132935892e-03,8.435462592109382873e-01,-4.606824859602178662e-02,3.055721711867554619e-02,-2.237803324640402214e-01,-2.244559353157342230e+00,9.389033226101140883e+00,1.598382538448209971e+02,-3.032020014468866237e-02,1.683609990151076090e+02,1.338446978077601489e+04,4.119120857833962873e+03,1.445525355769311500e+04
5.999999999999893197e-01,1.842204204229808084e+01,-6.027143736311186932e-03,8.424130841722040630e-01,-4.734042589216861524e-02,3.582414890697165760e-02,-2.281448966773284015e-01,2.733442634404354976e+00,2.211934680514021778e+01,1.843224251512124283e+02,-3.043297313676970178e-02,1.683710297048547488e+02,1.387087150386539906e+04,4.079452370600082759e+03,1.468815430371982984e+04
6.049999999999887690e-01,1.842180427145001431e+01,-5.857311963736536349e-03,8.412702258467874561e-01,-4.752620440659564155e-02,3.133137998673273666e-02,-2.279241905016855252e-01,3.977789935833925483e+00,-2.563761087167719666e+01,2.041797889916757640e+02,-3.054340304218816637e-02,1.683962902099889618e+02,1.478342598312235714e+04,4.225260114296401298e+03,1.402264074561456073e+04
6.099999999999882183e-01,1.842157014538582871e+01,-5.712157693244204922e-03,8.401519050537759048e-01,-4.597335974056142999e-02,2.734344353123420099e-02,-2.187249177369378905e-01,5.406055592065172277e+00,-1.566825830879807846e+01,2.407237810717462025e+02,-3.066768208711704788e-02,1.684624377304948837e+02,1.486469977190686950e+04,4.236853455836909234e+03,1.414682867967581660e+04
6.149999999999876676e-01,1.842134828968023541e+01,-5.571450175234317868e-03,8.391067780128694809e-01,-4.290503871019220317e-02,3.009313657092714880e-02,-1.998950976596962359e-01,9.509271430541900827e+00,2.514876969303786325e+01,2.744875267681914011e+02,-3.078595546791180332e-02,1.685302492781839305e+02,1.411684353087439376e+04,4.112015165528060606e+03,1.496293316154490094e+04
6.199999999999871170e-01,1.842114484017413290e+01,-5.417807957977940209e-03,8.381705581491467605e-01,-3.868555332382798279e-02,3.063007799394682623e-02,-1.764583438784813885e-01,1.690236496930509702e+01,2.484975806842889767e+00,2.854568757698418722e+02,-3.087642908915384440e-02,1.685334666064154590e+02,1.414714276375875488e+04,4.139230738331218163e+03,1.505347351049443751e+04
6.249999999999865663e-01,1.842096602052729892e+01,-5.275441406743035591e-03,8.373582809069960442e-01,-3.320649718639491488e-02,2.443322244442990357e-02,-1.507456379340058050e-01,2.103258231361780872e+01,-5.427893982065010192e+01,2.879841623896627425e+02,-3.095126145228742354e-02,1.684998467771796697e+02,1.505673728898538320e+04,4.303620450445798269e+03,1.438119788360789244e+04
6.299999999999860156e-01,1.842081740535500600e+01,-5.179907020272426187e-03,8.366839892317199379e-01,-2.674636549030321928e-02,1.524235645810314253e-02,-1.210957063496748420e-01,2.297975019826748166e+01,-3.386384242972113867e+01,3.065229402917345851e+02,-3.103868953200402195e-02,1.685196185230693970e+02,1.511233168602783917e+04,4.332250119905572319e+03,1.444608845283892879e+04
6.349999999999854650e-01,1.842070309692703489e+01,-5.114246371492218307e-03,8.361717124478851293e-01,-1.964917370375783567e-02,1.318792821513220526e-02,-8.666681938892026316e-02,2.459081335588621187e+01,1.219581710317115153e+01,3.248759176077917346e+02,-3.112765646646470721e-02,1.685810987737261826e+02,1.431686411096762822e+04,4.227245869039601530e+03,1.520764222432920724e+04
6.399999999999849143e-01,1.842062505636777203e+01,-5.052665222661869432e-03,8.358365299582211083e-01,-1.227495246956203032e-02,1.111988643889465049e-02,-5.100455661676948915e-02,2.628906193633616795e+01,-6.541360260248586300e+00,3.238394080140479900e+02,-3.119429487314472754e-02,1.686046091805197022e+02,1.437436276879398065e+04,4.260773802325729775e+03,1.521532781065036033e+04
6.449999999999843636e-01,1.842058438129125264e+01,-5.019965602896814434e-03,8.356779007831306449e-01,-4.727448461712344986e-03,1.443706997430779576e-03,-1.596747036706709297e-02,2.555687261490135143e+01,-4.977057372261491253e+01,3.169262433995761512e+02,-3.125648121907416421e-02,1.686133442325358942e+02,1.525545325752451754e+04,4.427965227000731829e+03,1.453369100074861672e+04
6.499999999999838129e-01,1.842058153109226382e+01,-5.038284236258560971e-03,8.356956738603811274e-01,2.819183019871138868e-03,-7.433489741506318742e-03,1.962098398076639674e-02,2.424575115473567166e+01,-3.307996274903857881e+01,3.198305603890031534e+02,-3.133681811480785312e-02,1.686816762117426265e+02,1.533820226532938614e+04,4.452893457163856510e+03,1.458574683359217670e+04
6.549999999999832623e-01,1.842061578797303056e+01,-5.076652517633018120e-03,8.358916588168913142e-01,1.005824142359521348e-02,-7.738076802292767793e-03,5.483093084851897031e-02,2.368151645947318684e+01,3.412733403293669809e+00,3.168394812240642295e+02,-3.141293501690387013e-02,1.687546779867302575e+02,1.451610134879163525e+04,4.358088153771230282e+03,1.528707976251404762e+04
6.599999999999827116e-01,1.842068433044925868e+01,-5.121145954608466618e-03,8.362545151347595684e-01,1.657887196964698967e-02,-1.008622166745180154e-02,8.640633883452067399e-02,2.311044100691378844e+01,-6.411633293404628731e+00,2.983996670346675728e+02,-3.147160623260399775e-02,1.687785940553403634e+02,1.451446241243226541e+04,4.384550287591418964e+03,1.527135560977647219e+04
6.649999999999821609e-01,1.842078305917930692e+01,-5.198681541386866028e-03,8.367620270367503998e-01,2.219234670921300598e-02,-1.993749351331361788e-02,1.133718014298008142e-01,1.851149640400933549e+01,-3.982266937299794307e+01,2.794965476891817389e+02,-3.153734335708729269e-02,1.688066210721398761e+02,1.542901830485331448e+04,4.541367995424271612e+03,1.455392151126047793e+04
6.699999999999816103e-01,1.842090745732411960e+01,-5.318060190743456074e-03,8.373964038090043749e-01,2.694494726454889355e-02,-2.669669551545013342e-02,1.375231734483267354e-01,1.636218295332139405e+01,3.988183602449841203e+01,2.775077420103998520e+02,-3.162303869709517934e-02,1.688919499620243414e+02,1.459729792898243068e+04,4.450092069079303656e+03,1.528303408837548886e+04
6.749999999999810596e-01,1.842105350389961416e+01,-5.442131753423758503e-03,8.381440092681584630e-01,3.085119761932668056e-02,-2.393785265356170033e-02,1.584544556457262721e-01,1.132764717368968377e+01,1.165339037385240317e+01,2.576825192183902118e+02,-3.170157302624104778e-02,1.689648291008259093e+02,1.466374901401081297e+04,4.472565680128813256e+03,1.530152944117400148e+04
6.799999999999805089e-01,1.842121521539334239e+01,-5.560815027299253338e-03,8.389788429146055604e-01,3.334823401954688932e-02,-2.372596721495966871e-02,1.728639680461506456e-01,7.610663862773833443e+00,2.065444797852510561e+00,2.291782659257539763e+02,-3.176384553502817343e-02,1.689972178876042790e+02,1.465456337002049258e+04,4.511220542965565983e+03,1.526420824889832511e+04
6.849999999999799583e-01,1.842138517393344799e+01,-5.699829617459041368e-03,8.398645425502830886e-01,3.433981608396416418e-02,-3.109993432857817083e-02,1.798721575526305017e-01,7.643824974797439609e-01,-3.106730845268624464e+01,2.027388804305129497e+02,-3.183310234665216037e-02,1.690451775773139218e+02,1.556657463360206020e+04,4.661244027307245233e+03,1.448272275411642295e+04
6.899999999999794076e-01,1.842155730451873552e+01,-5.867470871544266942e-03,8.407739053116390915e-01,3.438219270604365996e-02,-3.507179579638030481e-02,1.830363064221731673e-01,-3.492542246041011822e+00,5.287736274568746353e+01,2.014971884514735621e+02,-3.192269302292333882e-02,1.691501143674642549e+02,1.470310052408784395e+04,4.564629171347150987e+03,1.525134211853249690e+04
6.949999999999788569e-01,1.842172803292589123e+01,-6.023390882930758014e-03,8.416928716650746711e-01,3.377826056140328242e-02,-2.870895608733125756e-02,1.834444375684063377e-01,-7.515084856685689374e+00,2.457335845292646326e+01,1.809522083915821895e+02,-3.200507111081775380e-02,1.692425693164275060e+02,1.478006589568697200e+04,4.575376523819887552e+03,1.526781129692660215e+04
6.999999999999783062e-01,1.842189255144446136e+01,-6.156486187515918668e-03,8.425952392656721468e-01,3.201132306774440162e-02,-2.511108482916746959e-02,1.769533864723505101e-01,-9.059358634806642385e+00,1.492820096222179060e+01,1.526735097096568552e+02,-3.207060966086898446e-02,1.692998959727490274e+02,1.478338710474892287e+04,4.604079210594696633e+03,1.523222116142486448e+04
7.049999999999777556e-01,1.842204498192755224e+01,-6.279099347964446978e-03,8.434445638215627428e-01,2.902876990398621862e-02,-2.627899910240260803e-02,1.628083829230804191e-01,-1.351149132492690796e+01,-3.801100196537532128e+01,1.254563390786413493e+02,-3.213014846518952999e-02,1.693504806071071869e+02,1.557302985206350058e+04,4.750347500708010557e+03,1.444607823467604067e+04
7.099999999999772049e-01,1.842218071655780776e+01,-6.421106480039584681e-03,8.442128444184501257e-01,2.565927161523647373e-02,-2.944235070688437303e-02,1.464022107784986870e-01,-2.005194350006689774e+01,-1.058487318208965178e+01,1.278475462748255040e+02,-3.220990121182720073e-02,1.694560049710053136e+02,1.559069823642551273e+04,4.758961405809857752e+03,1.443685184843036222e+04
7.149999999999766542e-01,1.842230069134461345e+01,-6.563907824508284465e-03,8.449052843279404312e-01,2.261347421758361231e-02,-2.527618979538103633e-02,1.327556187489293826e-01,-2.269706544442328777e+01,5.311469805044779235e+01,1.455679981008850064e+02,-3.229961380455617648e-02,1.695937064876518718e+02,1.485971071514462346e+04,4.640915639334052685e+03,1.527649066239303465e+04
7.199999999999761036e-01,1.842240365534908975e+01,-6.667417393048259006e-03,8.455319981211109059e-01,1.892293440690445694e-02,-1.760346454049593889e-02,1.185062848746304548e-01,-1.577425650258481937e+01,2.662654943071556701e+01,1.289507421354828693e+02,-3.237139324145488217e-02,1.696813545032392199e+02,1.491627302752800642e+04,4.664583939647551233e+03,1.529862267538829474e+04
7.249999999999755529e-01,1.842248735908493273e+01,-6.740809067201809605e-03,8.460720555852417890e-01,1.488333136241196987e-02,-1.242590061962515341e-02,9.852874092013272356e-02,-7.901096592836324817e+00,2.015008832978753617e+01,1.035578529920111350e+02,-3.243151142941087806e-02,1.697318823731519046e+02,1.493203630739772962e+04,4.693294093220259128e+03,1.526329791791410389e+04
7.299999999999750022e-01,1.842254917910728551e+01,-6.790101436004223820e-03,8.464970956416428827e-01,1.020148745442708664e-02,-7.791165191653826559e-03,7.330319090191637910e-02,-5.757453973900510391e-01,1.437055431766507319e+01,8.265817760581148832e+01,-3.248631317409651775e-02,1.697829553428158817e+02,1.482186878462169261e+04,4.732671408423019784e+03,1.522209922970858861e+04
7.349999999999744515e-01,1.842258722178837616e+01,-6.832552741638933842e-03,8.467835977035622630e-01,5.416133660238043115e-03,-1.045350272941186071e-02,4.444788321560990546e-02,-1.304327706027976319e+01,-1.836128631407211032e+01,8.839104494373430043e+01,-3.254914180707484811e-02,1.698498096017085004e+02,1.566773164646143414e+04,4.850014967433073252e+03,1.446301391860673357e+04
7.399999999999739009e-01,1.842260119994226741e+01,-6.887582358418244469e-03,8.469422071629204574e-01,8.981429582146085652e-04,-1.099868186660784772e-02,2.221531752384025421e-02,-1.603436241913345839e+01,-4.938522977105108680e-02,1.134923089345755898e+02,-3.263420035110468215e-02,1.699557277832736872e+02,1.575370684163710212e+04,4.852849062241835782e+03,1.451059981423524550e+04
7.449999999999733502e-01,1.842259560971484689e+01,-6.931583583817412658e-03,8.470071443195674732e-01,-2.780110850792373318e-03,-4.677089974402610408e-03,6.516988340471325213e-03,-1.437899031283683371e+01,4.940141468516978307e+01,1.373123282186801362e+02,-3.272532575212006023e-02,1.700705169926151541e+02,1.509514546125765082e+04,4.760062894264213355e+03,1.525061777364711270e+04
7.499999999999727995e-01,1.842257241759607567e+01,-6.932540522081293184e-03,8.469969739222318328e-01,-6.134710447325966015e-03,2.872052479638534123e-03,-9.662785565881470279e-03,-6.026552061213578781e+00,2.611081040025352706e+01,1.234985065166218874e+02,-3.279980668877900685e-02,1.701273704895502590e+02,1.514593782257396015e+04,4.791172408137671482e+03,1.531690559334736463e+04
7.549999999999722489e-01,1.842253232149504782e+01,-6.903800093806328891e-03,8.468943214735932257e-01,-9.594854310790471366e-03,7.916894230234438126e-03,-2.997086278660611794e-02,-1.756943574376805373e+00,1.812176641842531311e+01,1.065806307068380647e+02,-3.286361407210061647e-02,1.701629609683305659e+02,1.512645233946494955e+04,4.829531200345176330e+03,1.531827669252268242e+04
7.599999999999716982e-01,1.842247390399984397e+01,-6.852445170280049153e-03,8.466828167355188173e-01,-1.344757099205481921e-02,1.211877286824313178e-02,-5.253167216844690374e-02,-2.839190919231498356e+00,-5.258432045671609956e+01,9.343070766357880075e+01,-3.292094199962868062e-02,1.702036117011145961e+02,1.590596754969920585e+04,4.964353870102731889e+03,1.460990271404065970e+04
7.649999999999711475e-01,1.842239698335822951e+01,-6.808591679639941670e-03,8.463543824775199287e-01,-1.674080694121504731e-02,7.008923033469225891e-03,-7.519927109184121328e-02,-1.413022426734897863e+01,-1.188470349410527227e+01,1.198905859443433428e+02,-3.299096785523165931e-02,1.702577422743721343e+02,1.593025971543159358e+04,4.983954664177806990e+03,1.457205719935267734e+04
7.699999999999705969e-01,1.842230521402831300e+01,-6.775923826525542121e-03,8.459388353941512673e-01,-1.946194641931588143e-02,6.367441417829313409e-03,-8.850148367647375780e-02,-1.773977850910279130e+01,-2.179003857672246802e+00,1.511503247128035810e+02,-3.307496019379212865e-02,1.703376159771297864e+02,1.606736485653997624e+04,4.994576168868417881e+03,1.466567984922172036e+04
7.749999999999700462e-01,1.842220221368394917e+01,-6.729456506526473522e-03,8.454771032019520183e-01,-2.147725296453248736e-02,1.321742732417419998e-02,-9.486415532088419977e-02,-1.276661696562331372e+01,3.800806375143345406e+01,1.702052305306849576e+02,-3.315522683073116733e-02,1.703883955822462326e+02,1.541593440229609223e+04,4.914691129524703683e+03,1.539729017631494207e+04
7.799999999999694955e-01,1.842209023498459430e+01,-6.647006708687694040e-03,8.449828117435863595e-01,-2.302867502249978174e-02,1.864116067124440418e-02,-1.027227132713708913e-01,-1.942508546649207801e+00,1.792892567177125684e+01,1.581406361024105536e+02,-3.321544379641449413e-02,1.703714415483325695e+02,1.540845031187184941e+04,4.956345009715050764e+03,1.551557638381972902e+04
7.849999999999689448e-01,1.842197292133492326e+01,-6.545572752088960056e-03,8.444399524109175159e-01,-2.389302501365966197e-02,2.144633824537697103e-02,-1.134285872878483675e-01,1.522316181642167976e+00,1.117137502124811732e+01,1.495522159314358532e+02,-3.326371675060846300e-02,1.703532809149997149e+02,1.538055227840803673e+04,4.999021499645948097e+03,1.547093990851912531e+04
7.899999999999683942e-01,1.842184975202739494e+01,-6.446423655206242297e-03,8.438432258365446970e-01,-2.521221782497202329e-02,1.705493684334486587e-02,-1.237338650372489246e-01,-2.955393827059651812e+00,-2.839241833418132543e+01,1.593723660162996794e+02,-3.331318268166533203e-02,1.703589575939841438e+02,1.618821484876432260e+04,5.130906985089015507e+03,1.472732762204787832e+04
7.949999999999678435e-01,1.842172210681265909e+01,-6.371654925209521009e-03,8.432127946297616194e-01,-2.560410061307055035e-02,1.362176402198902146e-02,-1.267285540704710112e-01,-6.828639495633069600e+00,-1.282606949329856860e+01,1.920011357249791217e+02,-3.337969541559157594e-02,1.704125110302140058e+02,1.626896501110978170e+04,5.147445938880834547e+03,1.480685457337564912e+04
7.999999999999672928e-01,1.842159587668635368e+01,-6.304326177024737604e-03,8.425905329718679226e-01,-2.482110696539271619e-02,1.553052581835238227e-02,-1.212098820884722067e-01,-4.192738349470516823e+00,3.901815656141603483e+01,2.269321124548987427e+02,-3.345080424558369292e-02,1.704808623060425248e+02,1.555251278377304698e+04,5.057571929558755983e+03,1.565208371201726186e+04
8.049999999999667422e-01,1.842147587849798640e+01,-6.214376973475562935e-03,8.420104732454484209e-01,-2.322901756468602474e-02,1.926185799839483237e-02,-1.116128376942405881e-01,2.716420139735646444e+00,1.300627980414338580e+01,2.312376656744614820e+02,-3.350199386753793113e-02,1.704903798078999841e+02,1.564924277204306418e+04,5.087233745023383563e+03,1.568254340108269025e+04
8.099999999999661915e-01,1.842136505653063949e+01,-6.115656489632269321e-03,8.414802710675135522e-01,-2.126288768007128516e-02,1.984824982822678413e-02,-1.014592791476375960e-01,9.614961291322629222e+00,2.806618692124040138e+00,2.273141740592201359e+02,-3.353811352140074337e-02,1.704586898670135895e+02,1.565956465207056681e+04,5.124115948304888661e+03,1.568215900715423231e+04
8.149999999999656408e-01,1.842126442741010450e+01,-6.028178093110099847e-03,8.409998795387103598e-01,-1.917765120368736254e-02,1.372342250762984515e-02,-9.172407929509228397e-02,1.258277731217367545e+01,-4.112534379520271699e+01,2.244975954680350014e+02,-3.357223024682091939e-02,1.704303270945412123e+02,1.651350574560648238e+04,5.265612556699370543e+03,1.497593680954192314e+04
8.199999999999650901e-01,1.842117542084788084e+01,-5.977923209837694533e-03,8.405744467358688965e-01,-1.656756953857481396e-02,7.497607332284627647e-03,-7.899800571611065303e-02,1.349974775988823694e+01,-2.462132028314610466e+01,2.418036411327730093e+02,-3.362644209510565196e-02,1.704641563524785113e+02,1.657075925610514241e+04,5.294015214644934531e+03,1.503520354786515600e+04
8.249999999999645395e-01,1.842110128843808425e+01,-5.936517529197942074e-03,8.402259665221817331e-01,-1.335094955614506661e-02,9.754087106930278694e-03,-6.171220744070998743e-02,1.604116799283394812e+01,1.560471916027457340e+01,2.571107486278804117e+02,-3.368199933852653732e-02,1.705127617814653149e+02,1.578983712044764252e+04,5.209067589979555123e+03,1.578322099344506569e+04
8.299999999999639888e-01,1.842104388497189404e+01,-5.885698679505903773e-03,8.399655542065964653e-01,-9.924778188795762429e-03,1.011254951507284047e-02,-4.437045406330900749e-02,1.818720261562566520e+01,8.610450342844284677e-01,2.523911555321299147e+02,-3.372142138796955374e-02,1.705215173227706487e+02,1.579522950238812700e+04,5.241099408240832418e+03,1.580281474915213039e+04
8.349999999999634381e-01,1.842100366904450226e+01,-5.850939625009461166e-03,8.397871185324650156e-01,-6.533990876072687422e-03,2.990821098946966350e-03,-2.873153014756599927e-02,1.499697390446988265e+01,-3.994742552531220525e+01,2.440121686863334389e+02,-3.376084811231494509e-02,1.705257804132238846e+02,1.666618139280233663e+04,5.379762548706138659e+03,1.508320612942198750e+04
8.399999999999628875e-01,1.842098063714479750e+01,-5.854208867707075964e-03,8.396889955292566876e-01,-2.984282850685932281e-03,-3.215709236832990474e-03,-1.186283279406535711e-02,1.151586469481833319e+01,-2.308519054902960121e+01,2.531742719684119720e+02,-3.381911171509634911e-02,1.705811322875622409e+02,1.673763945496832457e+04,5.399736181366775781e+03,1.514079567376677733e+04
8.449999999999623368e-01,1.842097619858000712e+01,-5.870088344685208195e-03,8.396819289758686855e-01,8.379976602402170382e-04,-1.734321871501387155e-03,7.332186437122867502e-03,9.746451137444296364e+00,1.892116041909300606e+01,2.634011769445514801e+02,-3.387829700362826602e-02,1.706500997085841504e+02,1.594234760223800549e+04,5.312938838479422884e+03,1.588717209410398573e+04
8.499999999999617861e-01,1.842099029738682603e+01,-5.875773223211290530e-03,8.397687418067868448e-01,4.369771048541331269e-03,-1.049169615051692706e-03,2.516796699217206668e-02,8.332727271981525519e+00,3.257562588378664969e+00,2.531687189697989879e+02,-3.391788746284378486e-02,1.706740203983687252e+02,1.596690246342560386e+04,5.342750052834850067e+03,1.588873550264349979e+04
8.549999999999612355e-01,1.842102063007960311e+01,-5.888022531467585786e-03,8.399358938672817354e-01,7.316611288488242618e-03,-5.659980627916903588e-03,3.950265566498675079e-02,4.655614107707037874e+00,-4.824635864161270860e+01,2.335529300944825764e+02,-3.394884682709448792e-02,1.706726268024768842e+02,1.682698472080527426e+04,5.485219269265133335e+03,1.514854813538312192e+04
8.599999999999606848e-01,1.842106413170002810e+01,-5.936449730708846621e-03,8.401679884979532664e-01,9.816134274538847182e-03,-1.237810376132317258e-02,5.207335978309089036e-02,3.018539606106514839e+00,-2.448152576716395501e+01,2.335584751821872942e+02,-3.399743762774723455e-02,1.707145888146912114e+02,1.687109871559305975e+04,5.506655115572455543e+03,1.516417254535271422e+04
8.649999999999601341e-01,1.842112006873401953e+01,-6.000218075813352862e-03,8.404643614557304465e-01,1.229294274068086154e-02,-1.113886898095700108e-02,6.526090269175395531e-02,3.323902204365822399e+00,2.294331575855099103e+01,2.385695685055542299e+02,-3.405205488003342634e-02,1.707819664099598640e+02,1.605170705622191599e+04,5.419939053673393573e+03,1.590443485556862652e+04
8.699999999999595834e-01,1.842113352069416621e+01,-6.049724597114026874e-03,8.408330746031530412e-01,-5.063946385282127975e-03,-9.245377391234365153e-03,8.006605992281329298e-02,-4.741420838510782687e+01,1.443204621045543767e+01,2.359078714802246850e+02,-3.414818055985465589e-02,1.709016324221409775e+02,1.655811779298302281e+04,4.956224670416384470e+03,1.547192800096585961e+04
8.749999999999590328e-01,1.842108240092331783e+01,-6.094244622562221790e-03,8.412594192330307141e-01,-1.329736442398048515e-02,-8.710020377414679979e-03,8.858514942005131509e-02,-1.474197260722309011e+01,5.899488879565479849e+00,2.087933400354460218e+02,-3.433364976867003121e-02,1.711400888330999237e+02,1.660207741682771302e+04,5.061689386411235319e+03,1.542056373487663768e+04
8.799999999999584821e-01,1.842100348177200786e+01,-6.151659627073414321e-03,8.417114790723175810e-01,-1.757003524578665266e-02,-1.522306924283346567e-02,9.134719541900715445e-02,-5.143410049888302638e+00,-3.593604826217578108e+01,1.922054214371321450e+02,-3.458892499717747954e-02,1.714834488843870304e+02,1.755224835725097364e+04,5.293369110616297803e+03,1.467381806496608988e+04
8.849999999999579314e-01,1.842091246621032852e+01,-6.236713347412842050e-03,8.421750593261604356e-01,-1.790664133865875474e-02,-1.564773646922387393e-02,9.420647085929359510e-02,8.535958834983830457e+00,3.555795605163827844e+01,1.994190301454825658e+02,-3.490676229536773117e-02,1.719421511519678916e+02,1.687429984463622532e+04,5.323291635689016402e+03,1.540454636304539417e+04
8.899999999999573808e-01,1.842082750851210449e+01,-6.302561051774843021e-03,8.426528114569702410e-01,-1.623261606386212572e-02,-1.165282440959189252e-02,9.620025825277207787e-02,9.795528393917834364e+00,1.526203155970897996e+01,1.918779626239680738e+02,-3.523801845781390080e-02,1.724169348962354320e+02,1.704307026860394035e+04,5.474628850960953969e+03,1.541927416817051198e+04
8.949999999999568301e-01,1.842075014567119595e+01,-6.354992696901115221e-03,8.431315869830355858e-01,-1.498028561248120581e-02,-9.681612893706656453e-03,9.485055895814774318e-02,9.347894871615494594e+00,9.687592262053138725e+00,1.768824098810822534e+02,-3.557223770929283241e-02,1.728835617756233489e+02,1.720736805071321214e+04,5.639644388517459447e+03,1.540967815555505877e+04
8.999999999999562794e-01,1.842067657616452436e+01,-6.398968068898323348e-03,8.435937861720422815e-01,-1.465991277652359259e-02,-8.083478226838941572e-03,8.996880883137656215e-02,6.912474719099350295e+00,7.413720311893976955e+00,1.624694700740850521e+02,-3.590641300468767894e-02,1.733441478271356573e+02,1.735942198112284677e+04,5.817549692044218318e+03,1.539938875449288935e+04
9.049999999999557287e-01,1.842060201971572297e+01,-6.438269952386745792e-03,8.440226591302044667e-01,-1.550600159478482051e-02,-9.581807486298301452e-03,8.186900403910206403e-02,-2.836481838841223180e+00,-4.248963989476840197e+01,1.562939323806367611e+02,-3.624077375845112525e-02,1.738008219994378578e+02,1.823532749928340127e+04,6.086122614520740171e+03,1.473192992647666506e+04
9.099999999999551781e-01,1.842052223695479896e+01,-6.500727949261939434e-03,8.444115127354333561e-01,-1.576395861063473527e-02,-1.416985133800136541e-02,7.504141884621438885e-02,3.219591330136267970e+00,-1.180252077940533617e+01,1.676450438419617512e+02,-3.659324204119484419e-02,1.742838638152317685e+02,1.848748704384024313e+04,6.239440220384214626e+03,1.479999972507120765e+04
9.149999999999546274e-01,1.842045172586374591e+01,-6.556489413062609704e-03,8.447779523077258990e-01,-1.362452825267964664e-02,-7.599959697931050508e-03,7.197461913330016614e-02,-9.049513070724515273e+00,4.534621310233842451e+01,1.760211792082654938e+02,-3.694066416909600609e-02,1.747456621079177808e+02,1.844078426309495262e+04,5.805303531280169409e+03,1.556910603699884996e+04
9.199999999999540767e-01,1.842038439825135399e+01,-6.579516975162978676e-03,8.451214083571103597e-01,-1.343506191790787112e-02,-2.523322512006396633e-03,6.517545780483270657e-02,-6.979516441364467028e+00,2.532820648500445770e+01,1.592249736796160278e+02,-3.725938567945128593e-02,1.751085429818538728e+02,1.869988755755472084e+04,6.006065495550627929e+03,1.567134123034353252e+04
9.249999999999535261e-01,1.842031508338494561e+01,-6.581764939946520288e-03,8.454168102927717143e-01,-1.441105184681564996e-02,1.147161423302718673e-03,5.346762478023765752e-02,-7.652699056738583749e+00,1.871281473947862040e+01,1.395561342569710632e+02,-3.755407131950392469e-02,1.754169093772941324e+02,1.892580241367727285e+04,6.228014204620139935e+03,1.570928408672528167e+04
9.299999999999529754e-01,1.842023779592993549e+01,-6.566840760670824943e-03,8.456441972002671781e-01,-1.642869862434587908e-02,4.461078808371650266e-03,3.864093514047545891e-02,9.559960778309891793e+01,-9.096042121396071423e+01,1.169796742264263685e+02,-3.783044638222529676e-02,1.757005141966617714e+02,1.819568357967701377e+04,7.670385941539730084e+03,1.611776650254802371e+04
9.349999999999524247e-01,1.842020933919086190e+01,-6.567457793679553138e-03,8.457908327080241317e-01,5.667737154367687635e-04,-4.227127377224002697e-03,2.245943430719895759e-02,2.888696372741503637e+01,-6.453087342686185934e+01,1.381906378480268813e+02,-3.803195097698362781e-02,1.757827376375778670e+02,1.905723271068962276e+04,7.946989253980862486e+03,1.547788345114293588e+04
9.399999999999518741e-01,1.842023158518891890e+01,-6.602808937356438070e-03,8.458743387003342384e-01,6.615666007593652351e-03,-8.729967226659536561e-03,1.295410554345120639e-02,-3.750807272856945929e+00,-2.539288515931801271e+01,1.630855340465260497e+02,-3.814888976732641601e-02,1.757275817819167116e+02,1.921714017670620524e+04,8.030562558280803387e+03,1.562285476225172351e+04
9.449999999999513234e-01,1.842026919833669751e+01,-6.645875279839677345e-03,8.459265681754009059e-01,7.716584228462182622e-03,-6.712287003606122286e-03,9.073505082643507427e-03,-1.290934803805430420e+01,2.362122108969492729e+01,1.782540281401015818e+02,-3.820307697155986976e-02,1.755782512615859901e+02,1.868976505309694039e+04,7.973554698560923498e+03,1.639618776729120873e+04
9.499999999999507727e-01,1.842030429322568708e+01,-6.668291473008977274e-03,8.459592693573303457e-01,6.180790328993338890e-03,-3.004438918729549803e-03,3.753298682880944898e-03,-7.943361178328586902e+00,1.087377637084873072e+01,1.630235828249574297e+02,-3.820215861807389063e-02,1.753341470065119836e+02,1.871870639468612353e+04,8.001629462063254323e+03,1.652042111812953954e+04
9.549999999999502220e-01,1.842032793289521564e+01,-6.676301549576360052e-03,8.459517656362157689e-01,3.407524920101931160e-03,-5.217801475629449447e-04,-6.452454876992752553e-03,-1.174364612811473307e+00,8.933500912814338335e+00,1.433361532062767765e+02,-3.817266669087011205e-02,1.750847217677609251e+02,1.866448154303357296e+04,8.003399338692869605e+03,1.657325283732536263e+04
9.599999999999496714e-01,1.842033557215824402e+01,-6.672693854100986491e-03,8.458840149998183566e-01,-6.632977415809946395e-05,1.735794452345284416e-03,-1.958715542841422963e-02,2.099893277177557138e+00,9.374219657626980506e+00,1.348958379835838741e+02,-3.813172288117752662e-02,1.748790431511824295e+02,1.858301093266981115e+04,7.987828456253280820e+03,1.657495509612882597e+04
9.649999999999491207e-01,1.842032550234881327e+01,-6.670889933533123359e-03,8.457474100341281220e-01,-3.478693691257550482e-03,-1.328977623734259187e-03,-3.315964512908633338e-02,-1.602326810051181383e+00,-1.631954415879999942e+01,1.442065361982333798e+02,-3.809855633944882886e-02,1.747339653589479553e+02,1.922467425508884480e+04,8.061651660561470635e+03,1.590390024507265844e+04
9.699999999999485700e-01,1.842030073709811333e+01,-6.682356666947579169e-03,8.455582083449559860e-01,-6.007399670252494203e-03,-2.832691862853130987e-03,-4.073308110088945388e-02,-6.157060328524153192e+00,-6.814324283705360585e+00,1.678887470131463715e+02,-3.808799013138820105e-02,1.746603533867496765e+02,1.931661976791517372e+04,8.041594471767969480e+03,1.599851807818499401e+04
9.749999999999480194e-01,1.842026543492384860e+01,-6.687800813507420103e-03,8.453478427832870068e-01,-7.871006873984206023e-03,1.458656303823380315e-03,-4.271577007180998864e-02,-1.568650639590714491e+00,2.645433639840112505e+01,1.821394755049733476e+02,-3.808698809076090097e-02,1.746074826485529172e+02,1.866191372146531285e+04,7.903356921220060030e+03,1.665855879107689907e+04
9.799999999999474687e-01,1.842020812042634148e+01,-6.665955843651754677e-03,8.451266733928666230e-01,-1.547601180759346218e-02,6.780543148460305668e-03,-4.604482934072955808e-02,2.417927739136234777e+01,-4.890936278633631673e+00,1.645682869028897812e+02,-3.809588855093622162e-02,1.745601824495013261e+02,1.865751281864535849e+04,7.886984387221238649e+03,1.671636460416044429e+04
9.849999999999469180e-01,1.842013841114729544e+01,-6.628731031287589393e-03,8.448753401511813754e-01,-1.319939065276956938e-02,7.955471033550626236e-03,-5.397315182016679258e-02,1.525399506526446203e+01,3.157955355909791706e-01,1.551347852345276124e+02,-3.811640901861167857e-02,1.745496956341123678e+02,1.860970154126975467e+04,7.893905965957088483e+03,1.670622174431778694e+04
9.899999999999463673e-01,1.842007260860490092e+01,-6.585755971413382454e-03,8.445813337296190770e-01,-1.334912022436180942e-02,9.132955348291746031e-03,-6.278739572212410636e-02,7.544204440970929681e+00,-4.848078151716919137e+01,1.496300422413801243e+02,-3.812611180940421451e-02,1.745412269394495866e+02,1.926885440389528958e+04,7.992819004970829155e+03,1.604940130705979936e+04
9.949999999999458167e-01,1.842000361480187109e+01,-6.555514053784012966e-03,8.442429940705034053e-01,-1.408028734821449926e-02,4.248685221163887860e-03,-7.075212251238084671e-02,-3.720840491463377475e+00,-1.749382373400982260e+01,1.683092676594992554e+02,-3.814429612347325360e-02,1.745502191518184816e+02,1.924874952446810858e+04,7.969191826798210968e+03,1.602191788445433849e+04
9.999999999999452660e-01,1.841991546765308030e+01,-6.537195305902623529e-03,8.438839190598041995e-01,-1.993344097041545304e-02,3.367343771719728124e-03,-7.197568065358819767e-02,7.592708398621880406e+00,-2.175309707494301392e+01,1.878343256135748334e+02,-3.819410237810124537e-02,1.746128210467659301e+02,1.934766275817739006e+04,7.949363005288851127e+03,1.611273829926782128e+04
1.004999999999944826e+00,1.841982729176433153e+01,-6.514394725307724211e-03,8.435299423245833372e-01,-1.621160603004515380e-02,6.547913532050586571e-03,-6.937497081171992153e-02,-5.188271909661352765e-01,1.678858960326053307e+01,2.026338087457216943e+02,-3.824812279452804303e-02,1.746643695739738860e+02,1.875311133937354680e+04,7.855300117468731514e+03,1.676135767183759162e+04
1.009999999999944276e+00,1.841974803896680513e+01,-6.476542116994184368e-03,8.431899881337056035e-01,-1.721848077233970042e-02,7.006207599430516915e-03,-6.646513067570913869e-02,-1.520876394168112711e+01,-1.799006463583509685e+01,2.073122143846634344e+02,-3.827704976028366290e-02,1.746398785956088204e+02,1.897734175973475794e+04,7.908400461328305028e+03,1.662315448280583223e+04
1.014999999999943725e+00,1.841966047926454664e+01,-6.442337892742401942e-03,8.428642758474691465e-01,-1.602471941528124319e-02,7.802919117089903919e-03,-6.500595928562880044e-02,1.094276892452649008e+01,1.086892745330669641e+01,1.876506968930174253e+02,-3.830322180365583473e-02,1.746241043092834104e+02,1.867908197863664464e+04,7.839213321637818808e+03,1.683968813331621277e+04
1.019999999999943174e+00,1.841958781653159605e+01,-6.398785352189425776e-03,8.425374334840630697e-01,-1.362516726149357905e-02,9.271671992683101077e-03,-6.566853479080959899e-02,6.237555324885192931e+00,6.061784062446008647e+00,1.871257191758583076e+02,-3.831437817490689068e-02,1.745954152481837127e+02,1.864819924436477959e+04,7.816160770559152297e+03,1.682217750866892675e+04
1.024999999999942624e+00,1.841951562038151735e+01,-6.348776409754504184e-03,8.422087572823065971e-01,-1.417155660194168582e-02,1.029373650614050575e-02,-6.589626722698234407e-02,7.745710580733430106e+00,-5.101528656516944693e+01,1.846049124234323244e+02,-3.832282306871684363e-02,1.745779816793291559e+02,1.930082250469469363e+04,7.902805689842823995e+03,1.614977255110416081e+04
1.029999999999942073e+00,1.841944061892096585e+01,-6.314146853370308961e-03,8.418805858847806523e-01,-1.694882277224964498e-02,5.017932388297159305e-03,-6.434963207789384798e-02,1.446192416056283037e+01,-3.110193434687738545e+01,1.982538882871820078e+02,-3.834638262009212178e-02,1.745977107309524570e+02,1.930003290809628015e+04,7.886338324990452747e+03,1.614017996458512425e+04
1.034999999999941522e+00,1.841936908867862499e+01,-6.298788752839019900e-03,8.415737048904353701e-01,-1.240586216974984279e-02,1.664738322302202747e-03,-5.803631314445904799e-02,4.057196681624873236e+00,-1.780125347984863993e+01,2.225104069651985128e+02,-3.838692948357339679e-02,1.746592264115319324e+02,1.936737421184937921e+04,7.887911101092520767e+03,1.622954378775195983e+04
1.039999999999940972e+00,1.841931218693872552e+01,-6.281604634437515204e-03,8.413154396717550387e-01,-1.101077704553843697e-02,4.969859895885584550e-03,-4.609724709236442952e-02,1.088856254372717558e+01,5.028832268567953179e+00,2.351813023997914343e+02,-3.841667101466105655e-02,1.746913700508582394e+02,1.869619701533039188e+04,7.782515439596705619e+03,1.694538500466511323e+04
1.044999999999940421e+00,1.841926843746553288e+01,-6.254817330683322928e-03,8.411162956902130672e-01,-7.132344371540462122e-03,5.414530627179024724e-03,-3.485031458554788131e-02,1.169860792682959527e+01,-2.062423848987890551e+00,2.301268560965163488e+02,-3.843021365020121011e-02,1.746766101236255508e+02,1.870820180884561341e+04,7.782465866663591441e+03,1.695090111683880241e+04
1.049999999999939870e+00,1.841923930323097736e+01,-6.229274504763313534e-03,8.409699754044026587e-01,-7.039645782416560985e-03,5.128436232829594252e-03,-2.450239281752975701e-02,2.269423306551072983e+01,-9.823236127509545668e+00,2.188145539207617958e+02,-3.843055566896640823e-02,1.746386635492900439e+02,1.867694119998557289e+04,7.771035812469485791e+03,1.691778551624848842e+04
1.054999999999939320e+00,1.841921468328201428e+01,-6.207963596761015106e-03,8.408698338848695775e-01,-3.483400928731025890e-03,2.451138413425518487e-03,-1.666622353754269870e-02,1.743433105640804115e+01,-4.705903363996213784e+01,2.123247139899141303e+02,-3.843331289895944580e-02,1.746220326821789968e+02,1.934814430393618022e+04,7.867558147240472863e+03,1.622006740002892184e+04
1.059999999999938769e+00,1.841919552271949811e+01,-6.213193864981701384e-03,8.408102681873258488e-01,-5.405604666130138514e-03,-3.211631309936231575e-03,-7.286569515351637785e-03,2.513117310245445424e+01,-3.242361716235123481e+01,2.195265591329405197e+02,-3.845361382438348269e-02,1.746559757947582057e+02,1.935943769325843095e+04,7.856872182370088922e+03,1.622821347772416266e+04
1.064999999999938218e+00,1.841918371099547613e+01,-6.235766449242579994e-03,8.408040956679820876e-01,-1.663726226737003062e-04,-4.204420130309222126e-03,4.321791881386934098e-03,1.459383044467233503e+01,1.487790473948774661e+01,2.379700093373033951e+02,-3.848987259600542693e-02,1.747293939168046109e+02,1.869139754677679593e+04,7.766665985879255459e+03,1.693990205232873996e+04
1.069999999999937668e+00,1.841919335390879908e+01,-6.252075000859994534e-03,8.408612730296806115e-01,3.452905097861885732e-03,-2.881213736937209263e-03,1.706791330772256324e-02,9.607528703346247312e+00,1.897257487207269833e+00,2.356317365483438380e+02,-3.850517855402168371e-02,1.747542797449497414e+02,1.870677714094596377e+04,7.758983785194732263e+03,1.695867056071177285e+04
1.074999999999937117e+00,1.841921022481618664e+01,-6.265657764555843112e-03,8.409786350748659212e-01,4.626947097548247435e-03,-2.917813140669037620e-03,2.800407934450645578e-02,1.234955917507602408e+01,-5.582045153889396261e+00,2.220938833082244628e+02,-3.851528273842656780e-02,1.747567206714153940e+02,1.868168284400214179e+04,7.756895715872725305e+03,1.694048152849110193e+04
1.079999999999936566e+00,1.841924113113698169e+01,-6.282482723885653500e-03,8.411405136624039436e-01,7.227984163753348353e-03,-3.726507149149011714e-03,3.551169300513340454e-02,7.727117369151187631e+00,-5.098018891631204497e+01,2.065048110389191152e+02,-3.851369036191117090e-02,1.747361281962786563e+02,1.934161880824943364e+04,7.844827273168268221e+03,1.624291403328874003e+04
1.084999999999936016e+00,1.841927098177798072e+01,-6.319834402949210325e-03,8.413336123492430874e-01,4.722463801291107779e-03,-9.783372038015004588e-03,4.136701889662909581e-02,1.428030907208687950e+01,-3.186743684214755490e+01,2.055826157202321838e+02,-3.852878842448656527e-02,1.747555098810350103e+02,1.933610711890260063e+04,7.840778427559932425e+03,1.623458671080196655e+04
1.089999999999935465e+00,1.841930628627681088e+01,-6.374665926779692765e-03,8.415575256226089929e-01,8.653490464128931262e-03,-1.047274026423731554e-02,4.801914285608938071e-02,3.576558096282951738e+00,1.688671943321091362e+01,2.172631329306359476e+02,-3.855760043254845282e-02,1.748110187148009516e+02,1.865476993710410534e+04,7.754729600473610844e+03,1.695013553128553031e+04
1.094999999999934914e+00,1.841935149759081014e+01,-6.419596213725226388e-03,8.418173621412892160e-01,8.828502326476203935e-03,-8.043944384689456426e-03,5.483776273715399580e-02,7.292593985018811509e+00,1.190979726561636198e-02,2.089585601658158112e+02,-3.857248823740559718e-02,1.748291702721869569e+02,1.869015407911087459e+04,7.747453274484161739e+03,1.696096560418896115e+04
1.099999999999934364e+00,1.841940254993224357e+01,-6.458422587024998177e-03,8.421010613712149873e-01,1.103466605271294192e-02,-7.622501152718823975e-03,5.777527339985120275e-02,4.204054017673229282e+00,-4.054798393277962987e-01,1.940046369399474315e+02,-3.857770045022384381e-02,1.748215705349014115e+02,1.866525170336172596e+04,7.749784105314868611e+03,1.693034076204294252e+04
1.104999999999933813e+00,1.841945728124183645e+01,-6.495414000263399247e-03,8.423902591537045792e-01,9.184161140931812808e-03,-6.889635935312041215e-03,5.761592034902438680e-02,1.048171995222810438e+01,-5.679445408433338116e+00,1.769995340043890337e+02,-3.857447552714361738e-02,1.748024514352234462e+02,1.860279592365579083e+04,7.743885213753449534e+03,1.688966761215167207e+04
1.109999999999933262e+00,1.841950664310117602e+01,-6.539483826591489281e-03,8.426681129058517516e-01,1.019520052878258344e-02,-1.133397709168957983e-02,5.384549386951657107e-02,-9.997879765498976212e+01,5.558243717844361242e+01,1.980469522072598920e+02,-3.857981626602589864e-02,1.748114461436088050e+02,2.017491059589868019e+04,6.586819082534793779e+03,1.576005181196493140e+04
1.114999999999932712e+00,1.841954452273040488e+01,-6.603848086162486704e-03,8.429350573958359627e-01,7.365554966803616183e-03,-1.396830998631802545e-02,5.326857401412529724e-02,4.560237199368089023e+00,2.857583460134890174e+01,1.908879534628744068e+02,-3.861280105966272830e-02,1.748859123800900477e+02,1.864968052612658721e+04,7.741703572709620857e+03,1.686285570741352058e+04
1.119999999999932161e+00,1.841958816158391699e+01,-6.660328613244795304e-03,8.432061703116333629e-01,9.524265872345501899e-03,-9.702680738014285086e-03,5.463535258439097125e-02,-2.227729402145348558e+01,-2.164502381642776641e+01,2.044530781607041945e+02,-3.863799961411346073e-02,1.749353346921731713e+02,1.885531992556367913e+04,7.786436823378337067e+03,1.673384956230601892e+04
1.124999999999931610e+00,1.841961461091565866e+01,-6.715081285339753910e-03,8.434879628125714346e-01,2.040722120192514383e-03,-1.160140231408522508e-02,5.755576565083856538e-02,1.808609178109009008e+00,-1.575598104544587841e+01,1.943751049105654829e+02,-3.866423854150385225e-02,1.749825812116632449e+02,1.885723599796987764e+04,7.781011696075572218e+03,1.675451308159700420e+04
1.129999999999931060e+00,1.841963515224452053e+01,-6.771781359983079958e-03,8.437791770018866488e-01,6.792215427564179259e-03,-1.050074621238604802e-02,5.882730408441198128e-02,-1.306431197072515715e+01,-2.827699243649726668e+01,1.884551731849752514e+02,-3.865829405882569014e-02,1.750239350612817475e+02,1.883329965847777203e+04,7.759855895240016253e+03,1.673845618365424889e+04
1.134999999999930509e+00,1.841965991229406896e+01,-6.830472036318885158e-03,8.440758957419218778e-01,3.813672062117850516e-03,-1.254712212396811091e-02,5.968156977831860083e-02,-6.718262257794549441e+00,-1.460135502759573001e+01,1.883409598611003730e+02,-3.862623254874592016e-02,1.750385685252835231e+02,1.881209323335508816e+04,7.756948987511414998e+03,1.670513496632630631e+04
1.139999999999929958e+00,1.841967543015070063e+01,-6.887993395381902806e-03,8.443769771784892519e-01,3.525458263985500103e-03,-9.845093543522993179e-03,6.060165856320583189e-02,-7.304814425833683345e+00,-4.055300052580102488e+01,1.824895500279100133e+02,-3.859926202689990121e-02,1.750617904618241312e+02,1.881230769240846712e+04,7.737010426533861391e+03,1.670559727909499998e+04
1.144999999999929408e+00,1.841969265982547554e+01,-6.943065453168618950e-03,8.446770749616917540e-01,4.213970036673525370e-03,-1.131517633112988537e-02,5.949637823045429708e-02,-1.134400515699996959e+01,-2.742227995562359411e+01,1.810730755782939241e+02,-3.855747110976678882e-02,1.750631405754221248e+02,1.879951076192833716e+04,7.744307298271098261e+03,1.667585570521655973e+04
1.149999999999928857e+00,1.841971362367337051e+01,-7.001780909055258136e-03,8.449697548722762130e-01,3.802362318614057116e-03,-1.208844789061592519e-02,5.763457627531462513e-02,-1.310872908069677578e+01,-1.431443503291268371e+01,1.771251273860814308e+02,-3.851885467388017209e-02,1.750481728378497905e+02,1.880935633907505326e+04,7.723429361596154195e+03,1.667356429556888543e+04
1.154999999999928306e+00,1.841973273294803448e+01,-7.055443940431032311e-03,8.452516923534675319e-01,3.758088540273943345e-03,-9.720671129456737170e-03,5.494126590040474684e-02,-1.345211760956283342e+01,-3.140871249085628847e+01,1.664021412857758833e+02,-3.846257322910198034e-02,1.750052912848410642e+02,1.877653291970734426e+04,7.707284273143382961e+03,1.666894047133842832e+04
1.159999999999927756e+00,1.841973694240520132e+01,-7.103714241875889665e-03,8.455113246009537953e-01,2.888045457941641313e-03,-8.741783500849632099e-03,4.902721157948996406e-02,-1.388667130035287300e+01,-3.415592393705652796e+01,1.569104093704385150e+02,-3.841656172826014154e-02,1.749704521658268561e+02,1.874302901351516266e+04,7.709856497542143188e+03,1.664946003895766626e+04
1.164999999999927205e+00,1.841973905390214128e+01,-7.150795587998059685e-03,8.457339256349927226e-01,-1.553481496973257471e-03,-8.365031308286198855e-03,4.101312164987114262e-02,7.817697790855970652e+01,9.274135071063341229e+01,1.698311688074337553e+02,-3.837653327975035916e-02,1.749320449894435114e+02,1.791984654465817948e+04,7.712996435153769198e+03,1.726358239632281402e+04
1.169999999999926654e+00,1.841973234178131236e+01,-7.185888420565534306e-03,8.459150182314046917e-01,-3.583734441493412019e-03,-7.531650326084148375e-03,3.171638229588353425e-02,-6.349981147543985571e+00,-2.545790609003992699e+01,1.470074789807429170e+02,-3.831473403819030815e-02,1.748876115276221128e+02,1.866093006617915671e+04,7.696597319166644411e+03,1.658957158934631298e+04
1.174999999999926104e+00,1.841971853884211185e+01,-7.218330457375141465e-03,8.460473794480934950e-01,-5.991670611948934390e-03,-6.097498497079987222e-03,2.220522271794584529e-02,-6.010738985684042746e+00,-2.666645967230508063e+01,1.461046695183738393e+02,-3.826672217521392277e-02,1.748470491608505597e+02,1.862876182741785306e+04,7.682531589852138495e+03,1.656271538442802557e+04
1.179999999999925553e+00,1.841969353546641841e+01,-7.241837624018660630e-03,8.461323119709704965e-01,-5.541641957798520979e-03,-3.698688287200638594e-03,1.271747382580937051e-02,6.927993150761415109e+01,8.695058149860854257e+01,1.669378939027424167e+02,-3.821565828581144353e-02,1.748051903469180957e+02,1.783262215209523492e+04,7.685294763262438209e+03,1.717190647085693854e+04
1.184999999999925002e+00,1.841966271664867705e+01,-7.259707655436747203e-03,8.461687708667573471e-01,-1.015432187106493980e-02,-3.717495276615970928e-03,2.832270131469109917e-03,7.783767998874577643e+01,9.747755050118261977e+01,1.685330076967522928e+02,-3.816461375869072137e-02,1.747540223865522933e+02,1.781388235358058591e+04,7.679610456808316485e+03,1.715289137052747174e+04
1.189999999999924452e+00,1.841962387344945640e+01,-7.267069000359858977e-03,8.461588354774446374e-01,-1.004949209885391305e-02,-1.836800143770296644e-03,-6.462362815621180111e-03,-9.718487712122623634e+00,-2.871838263368610455e+01,1.484372797270608544e+02,-3.810003723968311690e-02,1.746918302412659614e+02,1.856956976319049500e+04,7.656313155003315842e+03,1.649150404478674682e+04
1.194999999999923901e+00,1.841957609527679196e+01,-7.271594880079313393e-03,8.461015047590875193e-01,-1.564359995046516252e-02,-1.780347384156352611e-05,-1.519817496453271417e-02,8.519997510147516095e+01,8.624686608020584799e+01,1.679080917774645059e+02,-3.805215559553763727e-02,1.746352970559388211e+02,1.778278347021700029e+04,7.659111466644735629e+03,1.711452251048423204e+04
1.199999999999923350e+00,1.841952108704674629e+01,-7.264115056084314084e-03,8.460017862022198853e-01,-1.180150816629219578e-02,6.018241578923153685e-04,-2.415756016260535780e-02,-1.169127378947257512e+01,-2.917722586716257638e+01,1.525335005398001158e+02,-3.798370180621205017e-02,1.745648744383460098e+02,1.853524112222638360e+04,7.644977058955077155e+03,1.644413746610907037e+04
1.204999999999922800e+00,1.841946429818126063e+01,-7.258412982044993612e-03,8.458587000943347256e-01,-1.483859995348286304e-02,1.658755502852460231e-03,-3.191023924367557274e-02,-1.238686125495008810e+02,6.175299298264827286e+01,1.721168244970151591e+02,-3.793353798038670566e-02,1.744929393235385646e+02,1.944419317986452006e+04,6.390576461984741400e+03,1.594584862249556318e+04
1.209999999999922249e+00,1.841939378762452151e+01,-7.240846628333066567e-03,8.456805420234769777e-01,-1.429222454365090822e-02,2.846967060692191884e-03,-3.910849114388131875e-02,-1.029414704344651454e+01,-3.227518526039693825e+01,1.570669131567419754e+02,-3.787152382679144502e-02,1.744239947556314405e+02,1.849042707195287221e+04,7.626020834816201386e+03,1.639928670884456369e+04
1.214999999999921698e+00,1.841932033149022985e+01,-7.221502599373025473e-03,8.454672047826826686e-01,-1.653623166889524668e-02,5.171432752858530837e-03,-4.527834244906683153e-02,-5.869178843841723392e+00,-4.482786123777179910e+01,1.574828559300082134e+02,-3.781962367943172976e-02,1.743570838159919276e+02,1.847442677584770354e+04,7.608455274070302949e+03,1.638773465816724274e+04
1.219999999999921148e+00,1.841924176693987292e+01,-7.197574525971289945e-03,8.452232242974175858e-01,-1.550825044599152616e-02,4.514222841235989749e-03,-5.146569598049013233e-02,-1.149033462169779796e+01,-3.241154793392738043e+01,1.632111198747935532e+02,-3.776911097829957487e-02,1.742893755654591530e+02,1.845373086119120489e+04,7.607355857037597161e+03,1.636400556699221670e+04
1.224999999999920597e+00,1.841915740562405546e+01,-7.169239601791608726e-03,8.449527301071619867e-01,-1.763934545764729231e-02,6.385670160574523704e-03,-5.619348385715192129e-02,-7.760956401721387010e+00,-4.289784075936202612e+01,1.642522945619292614e+02,-3.771923260686237123e-02,1.742251058343600789e+02,1.843937645166443690e+04,7.592105099301970768e+03,1.634929676838042178e+04
1.229999999999920046e+00,1.841907185827481541e+01,-7.139472261158505417e-03,8.446590677602302533e-01,-1.692264314685406473e-02,5.696323572635684195e-03,-6.061488503639281267e-02,-1.216006457432933985e+01,-3.093090394454853254e+01,1.707276883449811749e+02,-3.767036124247786361e-02,1.741546413112665448e+02,1.841986618176118282e+04,7.582696744445485820e+03,1.633325702824940527e+04
1.234999999999919496e+00,1.841897905565512517e+01,-7.102974662455513802e-03,8.443482940986765106e-01,-1.878057735463057806e-02,6.845865495846223045e-03,-6.377685639128566342e-02,-9.369852308884333070e+00,-3.826933418902211770e+01,1.715527286578761732e+02,-3.761383536015208001e-02,1.740853678810901499e+02,1.840295343622746441e+04,7.578096632931639760e+03,1.630604575191682306e+04
1.239999999999918945e+00,1.841888374838030984e+01,-7.069570236206117880e-03,8.440216211832315407e-01,-2.403333417120436313e-02,7.289731357539385066e-03,-6.580965146873862803e-02,8.461585210711700711e+01,7.327364280440764333e+01,1.866000868678485176e+02,-3.757482372856836561e-02,1.740200932874107593e+02,1.761987004744949809e+04,7.580683435264419131e+03,1.695396843835023174e+04
1.244999999999918394e+00,1.841878715542000577e+01,-7.029901034939357689e-03,8.436865838870774015e-01,-1.976044895089806158e-02,6.604870990178771974e-03,-6.786915848273988860e-02,-9.602508540783446733e+00,-3.388115698391015940e+01,1.833445950871152945e+02,-3.751037220456228394e-02,1.739401232671674506e+02,1.834595571436441242e+04,7.563575729545647846e+03,1.625616131332051918e+04
1.249999999999917843e+00,1.841868819477655350e+01,-6.993305564969965783e-03,8.433489974294963165e-01,-1.925931614043417672e-02,8.478918924950510499e-03,-6.678538640903476653e-02,-1.245512685909625361e+01,-5.245524996822234698e+01,1.885506310848733165e+02,-3.746348155834211546e-02,1.738761737760868584e+02,1.832076019363077648e+04,7.542322490201299843e+03,1.625197230164363827e+04
1.254999999999917293e+00,1.841859538613200087e+01,-6.957713527928569702e-03,8.430197384990218978e-01,-1.684098533573583426e-02,6.835087484402797495e-03,-6.468573289459048081e-02,-1.849197315458059165e+01,-3.657767580718717682e+01,1.988851876169341040e+02,-3.740928507439583023e-02,1.737984686342553857e+02,1.830523392883129054e+04,7.531728487562926603e+03,1.627467783167511152e+04
1.259999999999916742e+00,1.841850038827494629e+01,-6.922398765046742716e-03,8.427087521072514908e-01,-1.776490937819488400e-02,6.862583912767883203e-03,-6.050115822852139558e-02,-1.103203932584574432e+01,-4.669551010157189808e+01,2.010405545747565839e+02,-3.735475401049626748e-02,1.737186123568466769e+02,1.829543723660437172e+04,7.533137246144625351e+03,1.622942944134479694e+04
1.264999999999916191e+00,1.841841583465333798e+01,-6.893508123961018114e-03,8.424181029613404537e-01,-1.840099390956958028e-02,5.626910412877973722e-03,-5.551492406982848349e-02,-4.213324122392009485e+00,-4.239232597099898214e+01,2.045204131874983204e+02,-3.730581601125905478e-02,1.736323857664988850e+02,1.827261388886113491e+04,7.522462560967363061e+03,1.622090090480230901e+04
1.269999999999915641e+00,1.841833187535829097e+01,-6.866195204344460040e-03,8.421558481953957953e-01,-1.586116998153153795e-02,4.930010562911717534e-03,-4.984225380804068600e-02,-5.478042876318568233e+00,-4.214655424120729776e+01,2.084024834729261784e+02,-3.725443088054352508e-02,1.735537548073641858e+02,1.826769005311168075e+04,7.512540223529249488e+03,1.620205346530745555e+04
1.274999999999915090e+00,1.841825645329450367e+01,-6.842952362829059568e-03,8.419250593911519198e-01,-1.701167143671812945e-02,4.501630363745890567e-03,-4.260183320715902472e-02,4.137711351536268012e+00,-4.887877816424297350e+01,2.091591911735712301e+02,-3.719832012062305321e-02,1.734767223535266680e+02,1.824544413234877356e+04,7.499910676918454556e+03,1.618713932287185344e+04
1.279999999999914539e+00,1.841818563393104213e+01,-6.825737174797090988e-03,8.417302216291918660e-01,-1.311810200294609083e-02,2.273512593373356629e-03,-3.572150450840236996e-02,7.673063759998206024e+01,7.347968757809896090e+01,2.192241371705914617e+02,-3.715403889059481352e-02,1.734136255498726484e+02,1.743206547476175547e+04,7.522529340083849092e+03,1.681996027937280815e+04
1.284999999999913989e+00,1.841812309280375004e+01,-6.813345160320801071e-03,8.415748782698729835e-01,-1.167893295625867765e-02,2.553709857433718138e-03,-2.728255612603164987e-02,4.549048837873215234e-02,-5.090941052881439077e+01,2.140468724174204453e+02,-3.710502793423674228e-02,1.733533837405959730e+02,1.819736374267308929e+04,7.481398707742148872e+03,1.615159691181095150e+04
1.289999999999913438e+00,1.841807117816760808e+01,-6.807178051066144035e-03,8.414605510426645951e-01,-8.252018419083436210e-03,1.541856593222699998e-03,-1.914845005760773544e-02,-5.055514809960186540e+00,-5.231166951358065376e+01,2.154958763445083605e+02,-3.705750418542119035e-02,1.732961479386077599e+02,1.816934802298142313e+04,7.470489267648348687e+03,1.613194816075502786e+04
1.294999999999912887e+00,1.841802730464808135e+01,-6.805991831581106877e-03,8.413888847137862559e-01,-6.061603325993253702e-03,2.660390489124725747e-04,-1.071704890185341298e-02,-7.163237756900912245e+00,-5.112368775686636013e+01,2.157301095783515166e+02,-3.701004248482450687e-02,1.732449331019033423e+02,1.814346787883065190e+04,7.465303136020364036e+03,1.610771300045068710e+04
1.299999999999912337e+00,1.841799079622649060e+01,-6.812092276569091907e-03,8.413593586024535886e-01,-3.771079292983463109e-03,-7.925532587909083935e-04,-2.456666555220765342e-03,-1.045777826949222344e+01,-5.211047464368814985e+01,2.149764093747882043e+02,-3.696906095823614125e-02,1.731980266934039889e+02,1.811546744708330516e+04,7.455350672901342477e+03,1.608812261013954776e+04
1.304999999999911786e+00,1.841796164562959248e+01,-6.823710387803405032e-03,8.413706322768805812e-01,-3.622707026341071435e-03,-2.729185395482006376e-03,5.540834390985631581e-03,-8.272424990119361610e+00,-4.481238511274241887e+01,2.136243804453674784e+02,-3.692767234343819621e-02,1.731518748664085194e+02,1.807460858802939038e+04,7.455464207738043115e+03,1.606159525626190771e+04
1.309999999999911235e+00,1.841793883236275065e+01,-6.840787903227533648e-03,8.414200343615338973e-01,-6.725080574145237897e-03,-4.196914193410286424e-03,1.349500069957446785e-02,8.149273880355826805e+01,6.634991987518434087e+01,2.126363157898190366e+02,-3.688879497023918319e-02,1.731095331616234034e+02,1.727293873922302737e+04,7.467711515296889047e+03,1.669695877975853364e+04
1.314999999999910685e+00,1.841792570925560213e+01,-6.861830090786266712e-03,8.415031654112176129e-01,-1.582277991783162746e-03,-4.208586738249681276e-03,1.939606705561857172e-02,-9.857313407557057872e+00,-4.928301923130047157e+01,2.067034085998742512e+02,-3.684217441936729620e-02,1.730596393130452100e+02,1.802753029331809375e+04,7.434483077020627206e+03,1.601750369977128685e+04
1.319999999999910134e+00,1.841791523241417394e+01,-6.886312306575197856e-03,8.416160308133329160e-01,-1.518701283393545732e-03,-4.666704672977212837e-03,2.499239822003263348e-02,6.962545145218405196e+01,5.538273066177724502e+01,2.058809350359105110e+02,-3.680560354767094949e-02,1.730228916773290280e+02,1.722851587135326918e+04,7.453376080291258404e+03,1.665333533432253898e+04
1.324999999999909583e+00,1.841791360328595317e+01,-6.915789031429488663e-03,8.417518485242427850e-01,7.993072585216424303e-04,-6.613173241997295435e-03,2.883316136405529931e-02,6.413092013327809582e+01,7.051591754527011346e+01,2.055809721258531226e+02,-3.676948483556700259e-02,1.729792185793293129e+02,1.720017437235062971e+04,7.457444708667229861e+03,1.662606356428371146e+04
1.329999999999909033e+00,1.841791487871380539e+01,-6.946918666214917278e-03,8.419069626649824389e-01,7.295191860893125583e-04,-5.864902835369873065e-03,3.246218299864661594e-02,6.517114997189673886e+01,5.838548984539136200e+01,1.982980965701617606e+02,-3.672413192278842914e-02,1.729296999068877483e+02,1.722332799116476235e+04,7.437890518836853516e+03,1.661936038501960138e+04
1.334999999999908482e+00,1.841792034849056137e+01,-6.981520347111557986e-03,8.420735342191976169e-01,-4.185713710226134310e-05,-8.180093992541489362e-03,3.387842699329312451e-02,-9.992556503616469854e-01,1.658309345814449500e+02,2.115994739825656552e+02,-3.668374473334395924e-02,1.728758375748825529e+02,1.808752689118435592e+04,6.382465001284936079e+03,1.629222164874312693e+04
1.339999999999907931e+00,1.841792838393959286e+01,-7.012726720682881804e-03,8.422441892712356770e-01,9.815273664742826115e-04,-7.252855855437972954e-03,3.389477363089598433e-02,-1.202384141564573383e+01,-3.710180409854555705e+01,1.824873353219124965e+02,-3.663205449901805327e-02,1.728209086464568998e+02,1.787699939670854292e+04,7.416275231839727894e+03,1.591511992699487746e+04
1.344999999999907381e+00,1.841793203493901743e+01,-7.046912579088748969e-03,8.424112041293582154e-01,-1.406131526437285392e-04,-5.884980727487777209e-03,3.304797995922169329e-02,-9.665349950610902852e+00,-5.156103134710286895e+01,1.741967922388840861e+02,-3.659722045880371699e-02,1.727813979841763512e+02,1.783279973905847510e+04,7.401141399091718085e+03,1.589819931803037616e+04
1.349999999999906830e+00,1.841793016113805237e+01,-7.079992557463159197e-03,8.425686858485724740e-01,-1.967710800475740932e-03,-6.597943952926510480e-03,3.040700443044816459e-02,7.145037641238070591e+01,6.849767924531070662e+01,1.797799760669601028e+02,-3.656576873903297914e-02,1.727492936409088600e+02,1.709527160499847378e+04,7.415629941054770825e+03,1.651593970371927207e+04
1.354999999999906279e+00,1.841792796800516285e+01,-7.108971971389834409e-03,8.427110770407759688e-01,2.052278976757279053e-03,-4.761146205186923830e-03,2.673078978821503277e-02,-2.113263900181129884e+01,-5.338852147578114682e+01,1.678893303138411284e+02,-3.651780261936429101e-02,1.727105204972459944e+02,1.776478352286565860e+04,7.385703244783400805e+03,1.584276204611709181e+04
1.359999999999905729e+00,1.841791988180947470e+01,-7.138018230945699510e-03,8.428335450843891241e-01,-2.450942031128948385e-04,-5.267606175922640369e-03,2.240189796781947434e-02,7.568161053125140825e+01,9.257128652916249223e+01,1.712575594543786792e+02,-3.648611081304788117e-02,1.726799752826387930e+02,1.707128841671495684e+04,7.345235596735845320e+03,1.662403790040453532e+04
1.364999999999905178e+00,1.841791627730455971e+01,-7.155021921388965249e-03,8.429294093831725121e-01,2.011371200071975993e-03,-1.748272504020131120e-03,1.609482238852202873e-02,-1.165594329285950721e+02,5.261760066472506026e+01,1.815959688129743199e+02,-3.644594412494778918e-02,1.726386292392236896e+02,1.876733118549851497e+04,6.105167220842766255e+03,1.547397755351440173e+04
1.369999999999904627e+00,1.841790955510928995e+01,-7.163577274602821350e-03,8.429929104633758774e-01,1.292410142924856325e-03,-1.137738514759371964e-03,9.817059196062332543e-03,-2.997792035635347929e+01,-5.344741398867159887e+01,1.610538811406819377e+02,-3.641465799243000234e-02,1.725993584194908692e+02,1.763153593033268044e+04,7.358017950718467546e+03,1.574700564593527088e+04
1.374999999999904077e+00,1.841788716419495131e+01,-7.172305477297653137e-03,8.430275575924507381e-01,-2.833491973812216676e-03,-1.354290100912106977e-03,4.047832108183291658e-03,-2.142454834095838123e+01,-5.017531183312496523e+01,1.592913648835179856e+02,-3.637707835034891674e-02,1.725678007314959075e+02,1.759412643945934542e+04,7.354426726133235206e+03,1.571312276854680567e+04
1.379999999999903526e+00,1.841786628462511999e+01,-7.178895242023875141e-03,8.430274156269208508e-01,-3.133156074242529881e-03,-2.030673703867820891e-04,-3.480269517869871362e-03,6.816222298609000063e+01,9.349563532975282953e+01,1.670038875875706026e+02,-3.635258476878466816e-02,1.725306344707875326e+02,1.689008675734271310e+04,7.315579443167210229e+03,1.649053170893697825e+04
1.384999999999902975e+00,1.841784260390527095e+01,-7.175748283583174326e-03,8.429926752449136140e-01,-6.823387212505961814e-03,1.033654696003041829e-03,-9.540207061155729987e-03,-1.767024205551331306e+01,-4.832083713950355275e+01,1.616536227848399676e+02,-3.631928881994517938e-02,1.724910787536444730e+02,1.751000608934478441e+04,7.330298133538233742e+03,1.566332031398351683e+04
1.389999999999902425e+00,1.841780997801072672e+01,-7.173155707712383124e-03,8.429281524801608416e-01,-7.198709922607190483e-03,1.146017867495283278e-04,-1.555691256662131150e-02,-1.078753972361989781e+02,7.148094034401800911e+01,1.832649010825031155e+02,-3.628859122328264436e-02,1.724536785815081430e+02,1.854460765516613901e+04,6.063553645046968995e+03,1.531842387381880690e+04
1.394999999999901874e+00,1.841777183247634042e+01,-7.164122492009338851e-03,8.428342151865264587e-01,-8.977072477506739881e-03,9.436119257072366840e-04,-2.138012862625628813e-02,-1.610537122269477095e+01,-3.196902333388749184e+01,1.674145017478417685e+02,-3.626293088574726597e-02,1.724183613514088620e+02,1.745741725922216210e+04,7.319157157398740310e+03,1.561223543911015804e+04
1.399999999999901323e+00,1.841772772878764641e+01,-7.155428231205538357e-03,8.427145310718912041e-01,-1.302513903755518274e-02,1.320225793047586109e-03,-2.565283932860384919e-02,3.767218039047634193e+00,-1.481609563735906931e+01,1.646006783461608620e+02,-3.623181825976407033e-02,1.723814555143328278e+02,1.758942376756269732e+04,7.268699307416552074e+03,1.573596368096082369e+04
1.404999999999900773e+00,1.841768250215736913e+01,-7.140074759872020935e-03,8.425701774378879794e-01,-1.010099338810833101e-02,2.295124482024928601e-03,-3.098284204203569439e-02,-1.681691427394798666e+01,-3.496438504715021622e+01,1.707939824008269625e+02,-3.618886206733980260e-02,1.723350746650968119e+02,1.740845275720053905e+04,7.304457225046112399e+03,1.557394815871127867e+04
1.409999999999900222e+00,1.841763020272879814e+01,-7.127738903762956615e-03,8.424047597694325207e-01,-8.119969599034007612e-03,3.878658105933357678e-03,-3.478411035126099254e-02,-1.310913330543808115e+02,3.054581586682117234e+01,1.950493501423982252e+02,-3.616337709132292494e-02,1.723005381480309381e+02,1.826719524302194623e+04,6.068152627549534373e+03,1.510553623338932084e+04
1.414999999999899671e+00,1.841756999669060946e+01,-7.110048428480589440e-03,8.422232632589065071e-01,-8.812385728282917316e-03,5.033097319242558002e-03,-3.821510528556883862e-02,-1.463172016798944242e+01,-2.730968308976309800e+01,1.743148893334365539e+02,-3.613866672863089852e-02,1.722717238211421602e+02,1.751836517418635412e+04,7.248421939673860834e+03,1.569452951518958616e+04
1.419999999999899121e+00,1.841751481799052570e+01,-7.091810998537179632e-03,8.420254534790249101e-01,-9.761566002089194435e-03,3.718665867861711220e-03,-4.059953264909803294e-02,-1.330275613268929646e+01,1.560250272325719152e+02,2.005743486562300859e+02,-3.611756461959756553e-02,1.722324030169397702e+02,1.751346363817603924e+04,6.218142683752398625e+03,1.588482966116602802e+04
1.424999999999898570e+00,1.841744961233406741e+01,-7.071373640665444896e-03,8.418205228506311366e-01,-1.229833486152760724e-02,3.765088881650286833e-03,-4.172267378616020816e-02,-1.530525433129321300e+01,-4.002780138655096209e+01,1.815971979493539266e+02,-3.608100512653091702e-02,1.721988482594232721e+02,1.733412827796595593e+04,7.273099621431949345e+03,1.553147600231265824e+04
1.429999999999898019e+00,1.841739211646950736e+01,-7.051384534282206969e-03,8.416082212078308533e-01,-1.151980043064861070e-02,3.734895975582667831e-03,-4.284958531418434774e-02,-1.827769849786909617e+01,-3.390974503636556392e+01,1.865940486858706890e+02,-3.604464840492530020e-02,1.721505112501425288e+02,1.731376595464649654e+04,7.269407418099130155e+03,1.551746065955734593e+04
1.434999999999897469e+00,1.841732922740756351e+01,-7.034004118133037158e-03,8.413947553214372599e-01,-1.443509749970853240e-02,4.078798852478453078e-03,-4.210398138733780632e-02,2.138807366463879589e-02,-2.384833018831193385e+01,1.857836141847692488e+02,-3.602317978606815740e-02,1.721140358492040150e+02,1.745018055758436094e+04,7.216207208925990017e+03,1.565574976570464059e+04
1.439999999999896918e+00,1.841726835703065746e+01,-7.011329031052533980e-03,8.411835388173105610e-01,-1.229084899698564166e-02,3.625162172060113035e-03,-4.194593357965789582e-02,-1.519188646399368281e+01,-3.817791654244629740e+01,1.924627264656375019e+02,-3.598852077533443855e-02,1.720714555086755695e+02,1.728090133819246694e+04,7.265892985026476708e+03,1.546267731931004892e+04
1.444999999999896367e+00,1.841721316349392623e+01,-6.992025957402889409e-03,8.409777842864807340e-01,-1.182399361044137072e-02,4.201248329433967393e-03,-4.001535082211661598e-02,-1.529961748628375062e+01,-4.602098677124256199e+01,1.952876829104887975e+02,-3.595833476835253589e-02,1.720274659767839012e+02,1.725799249334544947e+04,7.249723533346885233e+03,1.545825345085554545e+04
1.449999999999895817e+00,1.841715523838740864e+01,-6.973986601544169238e-03,8.407849213322324822e-01,-1.170091271233428265e-02,4.649274854548733106e-03,-3.702547132272429597e-02,-3.904806428884171510e+00,-2.635778911668580804e+01,1.983517274938515129e+02,-3.594135514255700908e-02,1.719963213193232434e+02,1.739699202523743952e+04,7.197868289612778426e+03,1.562220713238951794e+04
1.454999999999895266e+00,1.841710389788509872e+01,-6.953086086877125968e-03,8.406077587846917387e-01,-1.009288782661505596e-02,3.007675496341071127e-03,-3.389111140132242128e-02,-1.432301955066498067e+01,-3.801515058630928934e+01,2.025277905191787795e+02,-3.591829711568564343e-02,1.719584174688712324e+02,1.722990780972151333e+04,7.240670111812232790e+03,1.543206020278840151e+04
1.459999999999894715e+00,1.841705343523596738e+01,-6.941677988418572948e-03,8.404504079434210739e-01,-1.031706676237933822e-02,1.906002922039334814e-03,-2.926970708341841698e-02,8.177686661761151754e+01,8.885414012787320814e+01,2.027878476289756691e+02,-3.589352007477594753e-02,1.719245100620397011e+02,1.654250380317728923e+04,7.189733606552572382e+03,1.625414948195366378e+04
1.464999999999894165e+00,1.841701088336256475e+01,-6.929038727493889993e-03,8.403167397740057831e-01,-8.759111527806629979e-03,2.330837363643463098e-03,-2.438620992635361084e-02,8.111267415064037323e+01,9.098923577523653705e+01,2.053047689543185470e+02,-3.586886436449431698e-02,1.718869049705316741e+02,1.651713169299773290e+04,7.191847481190741746e+03,1.623781907948974367e+04
1.469999999999893614e+00,1.841697296709178389e+01,-6.916785621772346231e-03,8.402082416694683920e-01,-7.742895556192419017e-03,1.075511197878375709e-03,-1.946043298505330255e-02,-1.011017929855233888e+01,-3.876197352263650941e+01,2.063526502278341468e+02,-3.584480505140123091e-02,1.718523623935125499e+02,1.715490088358115463e+04,7.224262129526225181e+03,1.539205456319151199e+04
1.474999999999893063e+00,1.841693667392296163e+01,-6.915472110101744327e-03,8.401254565482842995e-01,-9.893908420417037858e-03,-8.871746205696277084e-04,-1.359200474984119562e-02,9.168856646475342131e+01,9.483839475779927852e+01,2.048432846711409638e+02,-3.582162255546702395e-02,1.718258378123709633e+02,1.646465964945209271e+04,7.174791184524801793e+03,1.619811053053397154e+04
1.479999999999892513e+00,1.841691480485305732e+01,-6.911709823377846194e-03,8.400692785587566824e-01,-4.468563805207686167e-03,5.799602991456904479e-04,-8.691883554709697521e-03,-3.918810161056285324e+00,-1.881466487503016083e+01,2.089074369182172859e+02,-3.577694661525237380e-02,1.717797910947576270e+02,1.727332050693303245e+04,7.167197152996654040e+03,1.551867271218684982e+04
1.484999999999891962e+00,1.841688816620380820e+01,-6.913548401013892494e-03,8.400413676034498289e-01,-2.136849869472656760e-03,4.668667391686151221e-04,-3.588662882048439338e-03,5.856118859041089308e+01,5.222700606593251393e+01,2.040059545674447463e+02,-3.577909271299940103e-02,1.717692459924566037e+02,1.632644234773746030e+04,7.198813515258642838e+03,1.601441580957642509e+04
1.489999999999891411e+00,1.841687386622192335e+01,-6.920023048652521221e-03,8.400372182282070943e-01,-4.513233221798320337e-03,-2.931444071715852938e-03,1.620213424376046145e-03,9.391120078521453252e-01,-6.495501122608089872e+00,2.069580448979097582e+02,-3.574378380232883651e-02,1.717339399143463936e+02,1.722400019212669213e+04,7.159032760089869953e+03,1.548449603730261515e+04
1.494999999999890861e+00,1.841686162460925758e+01,-6.928238978123859443e-03,8.400582125231617070e-01,-1.231506392174615966e-03,-8.904220643268844024e-04,6.203314263486679227e-03,-6.687092699354934666e+00,-2.533092223432029755e+01,2.038925353724126808e+02,-3.572810112599106303e-02,1.717140565815824402e+02,1.720853753939118542e+04,7.145367321589739731e+03,1.547648214135988383e+04
1.499999999999890310e+00,1.841685725287929642e+01,-6.935273249756006286e-03,8.400997151486705450e-01,-2.237586552772655217e-05,-2.131707770864995147e-03,9.746325358308034412e-03,-1.829144646971815291e+01,-4.070927102856742863e+01,2.008946995933202970e+02,-3.571052180301841766e-02,1.716871518261060885e+02,1.701992883330610493e+04,7.186558546681040752e+03,1.528763578449443230e+04
1.504999999999889759e+00,1.841685017562454973e+01,-6.952543502218713062e-03,8.401584566851587610e-01,-2.881659172289203260e-03,-4.032383676113453046e-03,1.347770198863795961e-02,-3.810493323778700869e-01,-1.445699865028191766e+01,1.977456064824953046e+02,-3.569579160944522100e-02,1.716701260500886406e+02,1.715410229011890260e+04,7.141582021961317878e+03,1.544378344864609062e+04
1.509999999999889209e+00,1.841685119881525168e+01,-6.967155206189451846e-03,8.402315224537323379e-01,9.717038958377702118e-07,-2.927858270632115439e-03,1.578422051892390890e-02,-8.553900645558996985e+00,-1.690660819587974117e+01,1.969772539778870168e+02,-3.566421397972883295e-02,1.716398222899633765e+02,1.713471610820556089e+04,7.141759216320260748e+03,1.542044132092202017e+04
1.514999999999888658e+00,1.841685515546805263e+01,-6.980257904519933040e-03,8.403151559273173143e-01,-4.422885671769175649e-04,-2.056374549565281439e-03,1.770020984699890998e-02,-6.083623073536955417e+00,-2.591495658642807598e+01,1.912460537294384721e+02,-3.565563856976342733e-02,1.716181703523046451e+02,1.709759964889107141e+04,7.128011773337855630e+03,1.539845772729542841e+04
1.519999999999888107e+00,1.841685583279927485e+01,-6.996469503142611727e-03,8.404051309218167898e-01,-5.433568537107994747e-04,-4.500248660530777739e-03,1.837494586660230050e-02,-1.502902951663008935e+01,-3.160712106365305374e+01,1.906847189324653300e+02,-3.564016953184058478e-02,1.716025140352290066e+02,1.690600731961141719e+04,7.170336002428848587e+03,1.521180940171120710e+04
1.524999999999887557e+00,1.841686382732574501e+01,-7.014478103307953544e-03,8.404971768439130075e-01,9.593656968828493878e-04,-3.471651231656168284e-03,1.863215532486150669e-02,-1.081626189664336835e+01,-1.326094796207269155e+01,1.889939488070158404e+02,-3.561312318888649325e-02,1.715740200326152376e+02,1.706150904137078032e+04,7.126381876813530653e+03,1.535826514259289252e+04
1.529999999999887006e+00,1.841686919147468515e+01,-7.028522875269498094e-03,8.405897155853865321e-01,8.101897929675054653e-04,-2.432709488465453762e-03,1.825272172759075107e-02,-9.971059004094286138e+00,-2.131549836879698034e+01,1.843923757048308971e+02,-3.560472016334550321e-02,1.715576958620693233e+02,1.704386143423723843e+04,7.119631065984442102e+03,1.534134090664101677e+04
1.534999999999886455e+00,1.841687681664067711e+01,-7.041301121158603793e-03,8.406762627228883122e-01,3.657182014804159125e-04,-3.636795933738991467e-03,1.661644547005207764e-02,-1.853750930488706672e+01,-3.273558098568446439e+01,1.805644803983061593e+02,-3.558548620262624168e-02,1.715338231283489847e+02,1.682752947323127228e+04,7.152207800340214817e+03,1.517952630352980668e+04
1.539999999999885905e+00,1.841687898880977059e+01,-7.062167746483103033e-03,8.407537130406257386e-01,6.060573552266456396e-04,-4.371508450701686553e-03,1.450564027645383919e-02,-2.099549892411096153e+01,-3.189281390079241874e+01,1.787722145156134275e+02,-3.556115841635783953e-02,1.715100848692537738e+02,1.680493866722482926e+04,7.142081532653804970e+03,1.516710180393299197e+04
1.544999999999885354e+00,1.841687116677557512e+01,-7.079617571104332950e-03,8.408210696584772492e-01,2.670528015091532328e-03,-1.518818638485122316e-03,1.171690068479764625e-02,-2.005122234691202721e+01,-3.029016785609415763e+01,1.767883602172062183e+02,-3.554977195128859041e-02,1.715056073233213851e+02,1.697788387476056596e+04,7.104031385788211992e+03,1.529561242219545966e+04
1.549999999999884803e+00,1.841687226972921820e+01,-7.088810625544990016e-03,8.408719096692311989e-01,-1.371142789821385268e-03,-2.007368677416487314e-03,8.782235907936744232e-03,-1.052077268291282053e+01,-1.343126194622610114e+01,1.760174647036836859e+02,-3.552445881248385978e-02,1.714792646721041933e+02,1.694913693989245439e+04,7.113376070437134331e+03,1.526240393501407925e+04
1.554999999999884253e+00,1.841687034286656655e+01,-7.095270521749730969e-03,8.409053509537113280e-01,1.482413084652204434e-03,-3.235149408235265134e-04,4.815696420398662449e-03,-2.118824975267693844e+01,-2.349313228819586641e+01,1.746673653674023399e+02,-3.551464514457190746e-02,1.714640820101803911e+02,1.691778066988630962e+04,7.095995619833690398e+03,1.525119749337874600e+04
1.559999999999883702e+00,1.841685449615660275e+01,-7.103344497612886811e-03,8.409224919227675787e-01,-3.533376752481997250e-03,-1.386649619991666728e-03,1.885994882986588572e-03,7.333486616585526008e+01,9.180384669998609581e+01,1.734758723641219831e+02,-3.551547931262298563e-02,1.714635267777090633e+02,1.605620990203662586e+04,7.089922696841519610e+03,1.588752395299909949e+04
1.564999999999883151e+00,1.841684645010237986e+01,-7.104650510983129622e-03,8.409203278585779540e-01,-3.162558401662686394e-03,-4.061817832983460864e-04,-2.003688076050414660e-03,-1.215061144484593569e+01,-1.477286453338649608e+01,1.752910100501524084e+02,-3.548328696201068916e-02,1.714368072488978783e+02,1.688439541123964955e+04,7.098122741189298722e+03,1.521343084569352141e+04
1.569999999999882601e+00,1.841683230261761040e+01,-7.104303856358504254e-03,8.408996092669094313e-01,-3.406122705394913739e-04,9.913404064810973221e-04,-6.118771541215076507e-03,-3.192291691644561524e+01,-4.252560831928308005e+01,1.759983133906468993e+02,-3.547743270273227140e-02,1.714251600454352626e+02,1.668863542694363059e+04,7.108361077070119791e+03,1.506982051002656954e+04
1.574999999999882050e+00,1.841681099761496299e+01,-7.108809828110554743e-03,8.408616931804685501e-01,-6.718189768831841352e-03,-2.042772256123656996e-03,-8.763838910605338886e-03,-5.945896318145628356e+00,-9.504703265637886034e-01,1.764782169244557508e+02,-3.546864803406433314e-02,1.714115768922197560e+02,1.684182434212348380e+04,7.092247493730503265e+03,1.518979918014599025e+04
1.579999999999881499e+00,1.841679161496331929e+01,-7.108133774674003751e-03,8.408079612933657687e-01,-6.549106030601624384e-03,8.193513947146422198e-04,-1.168341725166262626e-02,-1.636154471967984136e+01,-3.676539050062947922e+01,1.769741046076430848e+02,-3.543943257695694737e-02,1.713838265010933242e+02,1.665050252039080078e+04,7.098442072345522320e+03,1.505087907805350733e+04
1.584999999999880949e+00,1.841675952294467677e+01,-7.108311571679252518e-03,8.407417868222049062e-01,-5.120749796405161397e-03,-7.522576998968679644e-05,-1.451641506754252492e-02,-2.198521413696130367e+01,-3.559862605724592299e+01,1.791749418475895936e+02,-3.542726169688645982e-02,1.713755301750782962e+02,1.663882160876310445e+04,7.100318919377989914e+03,1.505094853019077709e+04
1.589999999999880398e+00,1.841672693605700317e+01,-7.111826222194140602e-03,8.406641350728611961e-01,-4.733216564760694967e-03,2.659462497286359684e-04,-1.659930642387037400e-02,-1.566942160342307488e+01,-1.639955259242867669e+01,1.820724122929732403e+02,-3.541027109347704566e-02,1.713597085048277506e+02,1.683145697723243939e+04,7.072893617482273839e+03,1.518640947722564488e+04
1.594999999999879847e+00,1.841669821139581842e+01,-7.108045700196171345e-03,8.405770947253077274e-01,-3.279709655054797307e-03,2.044477424373930367e-03,-1.844734089060491231e-02,-2.001954641610541330e+01,-2.239953310781879736e+01,1.839091607304828813e+02,-3.539768611658115210e-02,1.713399434063992430e+02,1.683679310724335301e+04,7.062879562860403894e+03,1.518247578498270195e+04
1.599999999999879297e+00,1.841666898185126655e+01,-7.102102315025219346e-03,8.404821661713106629e-01,-6.295643285406975903e-03,5.382388927217522266e-04,-1.954558312802907177e-02,5.707493429891462711e+01,7.743887988664954491e+01,1.847463344675019243e+02,-3.538796905380715146e-02,1.713192108691935687e+02,1.584066090179703860e+04,7.078340958862716434e+03,1.570171519433290086e+04
1.604999999999878746e+00,1.841663252579134635e+01,-7.099750276928227036e-03,8.403830911935713521e-01,-7.933346821059877180e-03,1.033624679818291960e-04,-2.004383131559277914e-02,-1.443899166902838260e+01,-3.220416362788517972e+01,1.852226156879806922e+02,-3.535894568379546743e-02,1.712975335289373220e+02,1.662156046952897304e+04,7.081014135122811240e+03,1.503775813707839916e+04
1.609999999999878195e+00,1.841659368161209187e+01,-7.100808787879138786e-03,8.402822472711269919e-01,-7.495163661165948378e-03,8.588951610594494166e-06,-2.013423635284434382e-02,-7.602544502612886390e+00,-1.107286995290135678e+01,1.903355762586720630e+02,-3.533790001235106309e-02,1.712813899270980755e+02,1.682395300356792723e+04,7.056784458057029951e+03,1.517315620043016861e+04
1.614999999999877645e+00,1.841656389859687692e+01,-7.095036501936137496e-03,8.401819154355716357e-01,-5.927339318982482140e-03,1.563080312862073600e-03,-1.983124688450302320e-02,-1.193963451474428439e+01,-1.675203780450324587e+01,1.919231015137058876e+02,-3.531274117218670405e-02,1.712525740919903683e+02,1.680599707917213163e+04,7.054433131359990512e+03,1.516934974134178083e+04
1.619999999999877094e+00,1.841653308191392213e+01,-7.087659471657270158e-03,8.400845366283641313e-01,-5.644213450845191396e-03,1.090318787013488510e-03,-1.929481154294395567e-02,-1.970153739847353336e+01,-3.303527849182125919e+01,1.913140499470669056e+02,-3.530738566967128733e-02,1.712335835139027154e+02,1.660283600347532774e+04,7.070123223174317900e+03,1.502856574921007086e+04
1.624999999999876543e+00,1.841649669619216212e+01,-7.085714584460738388e-03,8.399918141508880831e-01,-6.699208545486309667e-03,3.054745451206237940e-04,-1.815436029237221457e-02,-1.569884606347829958e+01,-3.715345596275022899e+01,1.909811979528576558e+02,-3.528978882886581181e-02,1.712174142541542210e+02,1.659615027622860725e+04,7.062617545776074621e+03,1.502805954520205523e+04
1.629999999999875993e+00,1.841646303427378584e+01,-7.087559137297709012e-03,8.399047720424751562e-01,-6.921875294137990950e-03,-8.799584206100653522e-04,-1.666669109327807013e-02,-1.460577143314094428e+01,-2.905907802170413845e+01,1.954033987505854384e+02,-3.525989754411219118e-02,1.711939192257455034e+02,1.660045195650381356e+04,7.068247045111950683e+03,1.502489302146658883e+04
1.634999999999875442e+00,1.841643558670354963e+01,-7.088342344343863399e-03,8.398263555799506674e-01,-2.922473026465106233e-03,1.069590468337301486e-03,-1.505347991992775358e-02,-1.755859007816138728e+01,-2.329261650755933033e+01,1.983116117704778389e+02,-3.523525914931831954e-02,1.711678893069350522e+02,1.679901311915379119e+04,7.031062594491576419e+03,1.515848493064958529e+04
1.639999999999874891e+00,1.841640900505441536e+01,-7.084730222743739272e-03,8.397589091311982168e-01,-8.805529681587268703e-03,9.032844162951428281e-05,-1.193455227273458076e-02,-6.091003557548674507e+00,-3.174359669124433481e+01,1.951714961140274909e+02,-3.522892694275533976e-02,1.711484276320347817e+02,1.658588741982134525e+04,7.061325869718200920e+03,1.501391048319610491e+04
1.644999999999874341e+00,1.841638565486305623e+01,-7.084356016299269213e-03,8.397013741293776201e-01,-3.296501648488993266e-03,-2.809971972365307171e-04,-1.085406036394533438e-02,-2.142062512659595086e+01,-4.084196833330517507e+01,1.951692131505536736e+02,-3.519106147789372030e-02,1.711175940001289746e+02,1.657295789075288485e+04,7.054139592513165553e+03,1.500081996054818592e+04
1.649999999999873790e+00,1.841635715325890033e+01,-7.093041571871605208e-03,8.396550266340875313e-01,-7.108000109133032207e-03,-2.701971977526476491e-03,-7.940508350734374471e-03,-8.795187389880425144e+00,-1.983447068539834390e+01,1.990666600712293075e+02,-3.518279812568800985e-02,1.711039535678702634e+02,1.657477233798541783e+04,7.063149359741119952e+03,1.499893943577965365e+04
1.654999999999873239e+00,1.841633524085720452e+01,-7.103151251048145202e-03,8.396214483413154683e-01,-3.792120892504233665e-03,-1.446823207234151573e-03,-5.371449804369473301e-03,-9.598078929273128779e+00,-1.332568461132046878e+01,2.016602550285708730e+02,-3.517011586301690279e-02,1.710878421433234848e+02,1.677060140664853316e+04,7.023856607540552432e+03,1.514317952181378132e+04
1.659999999999872689e+00,1.841632024725297612e+01,-7.104905848433188190e-03,8.396028238435506719e-01,-2.417288870047533227e-03,-2.994783884165639351e-04,-2.584592633869451424e-03,-1.906492254188947300e+01,-4.234327449441671831e+01,1.979205525970422741e+02,-3.514450307002133650e-02,1.710637438347217483e+02,1.656883854773977509e+04,7.047309307626423106e+03,1.499793386716958958e+04
1.664999999999872138e+00,1.841630305347773700e+01,-7.114063352749639725e-03,8.395972016320805142e-01,-4.208962138147190530e-04,-1.728624257212074992e-03,-5.093566057213999923e-04,-2.334853934122463670e+01,-4.143769976587230985e+01,1.968985133326885943e+02,-3.514090422473548775e-02,1.710538762525253276e+02,1.654708066604464329e+04,7.043019596178483880e+03,1.499461900793568930e+04
1.669999999999871587e+00,1.841629050401874679e+01,-7.129123819322093041e-03,8.396030824366841339e-01,-9.189803761084953818e-04,-3.003720827821867133e-03,2.094036444333695780e-03,-2.056125441171934654e+01,-3.502192253924559395e+01,1.981706703863161465e+02,-3.512394739462862403e-02,1.710358359721090835e+02,1.654162921054248000e+04,7.039684977426390105e+03,1.499368270436829334e+04
1.674999999999871036e+00,1.841627937981247953e+01,-7.141969345672617014e-03,8.396226410717657629e-01,-1.960630853210970723e-03,-2.145431050298437017e-03,5.093657632263547640e-03,-8.030805097885604482e+00,-1.930346629771079847e+01,1.986648585327837964e+02,-3.509536056063446152e-02,1.710167950432361010e+02,1.675863992794182195e+04,7.010507671146142457e+03,1.511754589706094703e+04
1.679999999999870486e+00,1.841627339531537899e+01,-7.151924976199400437e-03,8.396540160515310047e-01,-6.651827237373424649e-04,-2.391931272206378450e-03,7.092590357739734716e-03,-1.827780550096952084e+01,-3.639212188707702467e+01,1.958429167449770603e+02,-3.508984611212481036e-02,1.710054161816179601e+02,1.652786403478274224e+04,7.041371689590830101e+03,1.497345514375032872e+04
1.684999999999869935e+00,1.841626929680547420e+01,-7.168622103888193549e-03,8.396943166374686296e-01,-1.653116856449460444e-03,-4.177053506153519287e-03,8.949586049901420495e-03,-3.526810438985762630e+00,1.506268723751827849e+02,2.114225587654011633e+02,-3.507979767998757603e-02,1.709922166675038113e+02,1.661748431093277759e+04,5.971269364646546819e+03,1.531891661037479571e+04
1.689999999999869384e+00,1.841626327284253506e+01,-7.188381906736478200e-03,8.397436369476458662e-01,-1.708382509198251749e-03,-4.596101616175142165e-03,1.066612165160918911e-02,6.094653188115569264e+01,7.319776349202901145e+01,1.922434753960161515e+02,-3.506134410886974778e-02,1.709833661931867255e+02,1.576656093660836814e+04,7.030065417305925621e+03,1.563520357931200306e+04
1.694999999999868834e+00,1.841626191567941717e+01,-7.208548246415298275e-03,8.398008026561232242e-01,-1.372028890898561266e-03,-3.029212268452184838e-03,1.253177652960281614e-02,-7.087947562327258311e+00,-2.524605691223715098e+01,1.936092335973009995e+02,-3.504273090413167341e-02,1.709706458164282310e+02,1.672541867996650035e+04,6.992916729504347131e+03,1.510263649113658175e+04
1.699999999999868283e+00,1.841626394904064057e+01,-7.220943834495519194e-03,8.398653454361956205e-01,-3.423499028301900415e-04,-3.079352062549542846e-03,1.337866283352944982e-02,-1.713351113075100329e+01,-3.769700110739562149e+01,1.909682174679848004e+02,-3.502122502643613411e-02,1.709533017637194803e+02,1.649961164887125051e+04,7.033789976748830668e+03,1.494491363827074929e+04
1.704999999999867732e+00,1.841626345535201636e+01,-7.240708404765009917e-03,8.399332943059546475e-01,8.559593939749162708e-04,-4.228248130101837712e-03,1.362114126952899615e-02,5.416225974271515042e+01,6.913510722210556025e+01,1.877761036750135872e+02,-3.501755652266084345e-02,1.709457597253162646e+02,1.573868781679362655e+04,7.021153664274374023e+03,1.561196124208592846e+04
1.709999999999867182e+00,1.841626335305019779e+01,-7.263267920778723567e-03,8.400030043223416509e-01,1.172558806550997191e-03,-3.906850396921518129e-03,1.396392475540068033e-02,-2.189694000031875021e+01,-4.515939051473004895e+01,1.874727925105822806e+02,-3.499418493773112648e-02,1.709298892617474337e+02,1.648913883115696444e+04,7.010456025686692556e+03,1.494286681455703911e+04
1.714999999999866631e+00,1.841626102183618841e+01,-7.286620227938913133e-03,8.400742171149822024e-01,1.988785153701768619e-03,-3.586145157707961491e-03,1.397559657392559093e-02,-1.782935730194628832e+01,-2.336881819847710062e+01,1.894792533341877743e+02,-3.497809588978541273e-02,1.709186991452303346e+02,1.669794088682712027e+04,6.983868649989936785e+03,1.507247977917595381e+04
1.719999999999866080e+00,1.841626354075001970e+01,-7.301437577590582165e-03,8.401449394878445220e-01,2.068648332494839141e-04,-2.723637549371888799e-03,1.396153451405012132e-02,-1.960041481123846552e+01,-4.399574260033296014e+01,1.849959893861203000e+02,-3.495919896441372632e-02,1.709024873088935124e+02,1.646929550939973342e+04,7.018084792865415693e+03,1.492313391612987289e+04
1.724999999999865530e+00,1.841626329118698635e+01,-7.320055193050840729e-03,8.402119631187259241e-01,-1.055839266168750491e-03,-4.584892627518594513e-03,1.302111098954541503e-02,-1.621453741759137301e+01,-3.007604353681044529e+01,1.836689939265584144e+02,-3.494995990769977912e-02,1.708918844583796783e+02,1.644950058086512945e+04,7.019929367215749153e+03,1.490788302800775818e+04
1.729999999999864979e+00,1.841626124023449051e+01,-7.341483377596988609e-03,8.402737739142233098e-01,-3.014750054400059612e-03,-4.821426476078916057e-03,1.223233430581001542e-02,-1.106857155908994628e+01,-3.106142248748351165e+01,1.826576833088814737e+02,-3.492928787728055706e-02,1.708765998796086478e+02,1.645358540119541794e+04,7.010979944456568774e+03,1.490611165826748947e+04
1.734999999999864428e+00,1.841625763240996250e+01,-7.363248346957259119e-03,8.403302011600897181e-01,-1.474194693500977199e-03,-4.401248383057705313e-03,1.086084393908798296e-02,-9.899461659329404029e+00,-1.192413829867365394e+01,1.851990361229596829e+02,-3.490720744236935902e-02,1.708621786093251558e+02,1.667724682297534309e+04,6.976905174113886460e+03,1.503560730562418394e+04
1.739999999999863878e+00,1.841625670249598912e+01,-7.376571694958268186e-03,8.403804396643563823e-01,-4.156317631731952316e-04,-2.203117810394178075e-03,9.366044632041844661e-03,-2.071680496055660115e+01,-4.303726552984713294e+01,1.818416222478956570e+02,-3.488771620362062648e-02,1.708464666351417520e+02,1.643863723056943491e+04,7.009558504925978013e+03,1.489460432414221214e+04
1.744999999999863327e+00,1.841625456385057547e+01,-7.391628265033949562e-03,8.404220972107357968e-01,-3.007718918586430598e-04,-3.397049105935895548e-03,7.461177277166767229e-03,-2.189939280320015769e+01,-3.626140655111478850e+01,1.807033916091257879e+02,-3.487601620103099320e-02,1.708321037700395095e+02,1.641694430587023453e+04,7.004036959010541977e+03,1.488343129418542048e+04
1.749999999999862776e+00,1.841624612438698705e+01,-7.408323729243901021e-03,8.404558426165296137e-01,-1.450512181373769132e-04,-3.048584715709003364e-03,5.720274620601567550e-03,-2.326677640018783677e+01,-4.234094496545415609e+01,1.802013457251439377e+02,-3.485398657592476274e-02,1.708193677129954153e+02,1.642337048457008495e+04,6.994470005105803466e+03,1.488113979007931630e+04
1.754999999999862226e+00,1.841622877763087374e+01,-7.427907589704098139e-03,8.404819684503151977e-01,-2.824830706522772541e-03,-3.487299864441074405e-03,4.491306406151772401e-03,5.719328005898989886e+01,6.483052676792871694e+01,1.818575427529962099e+02,-3.485745428195857060e-02,1.708247616333428596e+02,1.569325382254829492e+04,6.999692725631070061e+03,1.556837114836539149e+04
1.759999999999861675e+00,1.841622856634248606e+01,-7.437324331580056312e-03,8.404980589071792130e-01,-1.552421304061608800e-03,-1.750029811054277292e-03,2.576314774300327536e-03,-1.482318459963289570e+01,-2.100215972862932290e+01,1.825418816334228040e+02,-3.480473315079405522e-02,1.707831154559587503e+02,1.664513524114390020e+04,6.962759735963114508e+03,1.499656296924382696e+04
1.764999999999861124e+00,1.841620808103500906e+01,-7.447740983152283979e-03,8.405075587020902628e-01,-1.418631012250780744e-03,-1.690471987793353004e-03,7.000893051758756572e-04,5.126984574749383228e+01,5.907554957978543086e+01,1.801966956302932203e+02,-3.482682475970137748e-02,1.707955593036000153e+02,1.566754030537684775e+04,6.991763176356795157e+03,1.554918545960042684e+04
1.769999999999860574e+00,1.841620066254905552e+01,-7.458604212394232165e-03,8.405055498701832217e-01,-3.902032829632724222e-03,-3.286379678194006025e-03,-9.934300166631660801e-04,-1.588806507489118758e+01,-2.787627622952874162e+01,1.813570103121835473e+02,-3.479274443138888340e-02,1.707664008715717330e+02,1.638758696861160934e+04,6.990850207739165853e+03,1.485069918667173079e+04
1.774999999999860023e+00,1.841618288230051093e+01,-7.471322496767415257e-03,8.404966087052005985e-01,-3.467549791438766411e-03,-2.708322848689844516e-03,-2.520993261214156660e-03,-1.825049243374940033e+01,-3.589917653170000733e+01,1.824261345025227001e+02,-3.477515835983535641e-02,1.707549065900346363e+02,1.639274085785539864e+04,6.983436011773576865e+03,1.485615289490692703e+04
1.779999999999859472e+00,1.841616605293018338e+01,-7.483189089450379729e-03,8.404806332100308586e-01,-1.883401507775168092e-03,-1.363127431466076844e-03,-3.877848599351902022e-03,-1.780698950169210093e+01,-2.842705507282968824e+01,1.838655317471826720e+02,-3.475556602129756256e-02,1.707421665616388395e+02,1.662054718378655161e+04,6.943011251081608862e+03,1.499353092720967834e+04
1.784999999999858922e+00,1.841614527870244800e+01,-7.489633127382555773e-03,8.404593918414544618e-01,-5.866382658181588071e-03,-1.046981485530629153e-03,-4.474554894114753968e-03,6.118560555217936781e+01,6.198726782129622848e+01,1.825463867800444859e+02,-3.476311873283401133e-02,1.707410318091538102e+02,1.566786901838618178e+04,6.980746152978492319e+03,1.553859833166437238e+04
1.789999999999858371e+00,1.841613296528982957e+01,-7.493538021517500564e-03,8.404309103630562827e-01,-4.081316256820695550e-03,-1.868907164092305012e-03,-6.157525280192104392e-03,-1.781187946952252332e+01,-3.565626447249690045e+01,1.828377535430377065e+02,-3.472140780824418266e-02,1.707068448183326836e+02,1.636894093440400684e+04,6.977724763018903104e+03,1.483465131758863754e+04
1.794999999999857820e+00,1.841610854220137838e+01,-7.503454488572408772e-03,8.403980629714798978e-01,-1.071684479326535109e-03,-6.888652560896479536e-04,-7.418985236364440509e-03,-2.721811223485042319e+01,-5.256920415464507812e+01,1.833561128303539363e+02,-3.471950503355428208e-02,1.707043524096891076e+02,1.637170636352016299e+04,6.959905649820084363e+03,1.484926285197258767e+04
1.799999999999857270e+00,1.841608469759342981e+01,-7.512580207082841799e-03,8.403613953203017406e-01,-4.359710490971083381e-03,-1.600248380175484271e-03,-7.600557680129712938e-03,5.491929503521475908e+01,5.891778849013569186e+01,1.851865196197347814e+02,-3.470335894681400579e-02,1.706919857997394558e+02,1.565182095052400109e+04,6.974126147545897766e+03,1.552689062601578917e+04
1.804999999999856719e+00,1.841606630386710464e+01,-7.520631932701683960e-03,8.403218728150569916e-01,-4.231557203906006711e-04,-2.251227963459051702e-04,-8.431330568292684513e-03,-1.132616434945516630e+02,4.094519520398776535e+01,2.113922299547137982e+02,-3.468051917424460479e-02,1.706712400142193076e+02,1.749081365661518794e+04,5.712268848633505513e+03,1.452626909119315860e+04
1.809999999999856168e+00,1.841604482537269050e+01,-7.524295448259575581e-03,8.402819369143839090e-01,-3.422466410720917222e-03,-1.099710556478552528e-03,-8.288093861416330477e-03,-2.013113982264951574e+01,-4.139546999358570645e+01,1.869850276482841309e+02,-3.467060057842200754e-02,1.706580175660712371e+02,1.636022606123544756e+04,6.962448137279551702e+03,1.483352208759988571e+04
1.814999999999855618e+00,1.841602352201947923e+01,-7.531067831317590951e-03,8.402408932254696872e-01,-3.021170622146062204e-03,-1.073607140290797068e-03,-8.386816338766575618e-03,-2.129585443007886170e+01,-4.710158340410370670e+01,1.865601368475394111e+02,-3.465514217185647339e-02,1.706427829997170420e+02,1.634209290291556317e+04,6.956670158645609263e+03,1.483158832428580172e+04
1.819999999999855067e+00,1.841600147708352964e+01,-7.539440246418983860e-03,8.402002426478683006e-01,-5.493642859695997520e-03,-2.108879827730592536e-03,-7.868616476272856375e-03,5.909355751402301848e+01,6.576537765136680491e+01,1.881478204574275424e+02,-3.464322278665608879e-02,1.706322766469550913e+02,1.564397015829349220e+04,6.965383995203735140e+03,1.551134586104902519e+04
1.824999999999854516e+00,1.841598209359935368e+01,-7.546966986720440168e-03,8.401613681472507311e-01,-2.625017300852169021e-03,-6.789021820963694496e-04,-7.631283312316563226e-03,-1.616139386931831723e+01,-3.189111377490485211e+01,1.905501030948450989e+02,-3.461946543038463969e-02,1.706151588561230881e+02,1.659808333572162519e+04,6.912094955019622830e+03,1.496248728103057147e+04
1.829999999999853966e+00,1.841596425188449970e+01,-7.551999919248521265e-03,8.401253763400502450e-01,-9.927513679379254032e-04,-7.139172417062122303e-04,-7.316327917232138406e-03,-2.623832614592652135e+01,-4.878559567166510647e+01,1.902460774448861685e+02,-3.461021519399450075e-02,1.705996950283075932e+02,1.633243319235169474e+04,6.949473673091135424e+03,1.482409276666542428e+04
1.834999999999853415e+00,1.841594020761095862e+01,-7.557851701802492835e-03,8.400940261945546439e-01,-4.407711743214796050e-03,-1.553370919362266102e-03,-6.081167659319023158e-03,-1.493114435049551503e+01,-4.456065548505820573e+01,1.889793366113941602e+02,-3.459155506968295685e-02,1.705898163492802837e+02,1.633815852836634986e+04,6.952908124135040453e+03,1.481108342570277273e+04
1.839999999999852864e+00,1.841592297292521607e+01,-7.567538205517577304e-03,8.400648888198281039e-01,-1.182876250787085783e-03,-1.655793776994577424e-03,-5.770177969061351594e-03,-2.452641190614804145e+01,-4.572543569324089674e+01,1.913500453585174910e+02,-3.457661978289067878e-02,1.705738007981329361e+02,1.632355879463214660e+04,6.950407671213899448e+03,1.481026413591729579e+04
1.844999999999852314e+00,1.841590832978701187e+01,-7.578779116436413360e-03,8.400403546411187028e-01,-1.849138060258197908e-03,-1.063908791393544141e-03,-4.397353911549072014e-03,-2.171599138392275563e+01,-5.756732321037388544e+01,1.903460558570535568e+02,-3.456222944928229179e-02,1.705578870623317016e+02,1.633212596592597583e+04,6.931314852325580432e+03,1.482212226096447375e+04
1.849999999999851763e+00,1.841589343264620737e+01,-7.588906294820805219e-03,8.400221242361127771e-01,3.381672070496683749e-04,-9.680767085518054505e-04,-3.548985872887945679e-03,-2.252696302543472484e+01,-3.398080680339388948e+01,1.937746038060307683e+02,-3.454965057086895747e-02,1.705456915572814296e+02,1.657195145901896831e+04,6.901661087758805479e+03,1.494583625336444311e+04
1.854999999999851212e+00,1.841588023353155990e+01,-7.596618312313842616e-03,8.400100109064396747e-01,-8.841638455331812156e-04,-1.334026302163446483e-03,-2.178877550143900124e-03,4.920438058576030471e+01,5.029385713197400776e+01,1.897166854210986457e+02,-3.454301533596303153e-02,1.705338573573401675e+02,1.562301624536237068e+04,6.943609304035901005e+03,1.549037538392500755e+04
1.859999999999850662e+00,1.841586678891655637e+01,-7.607463600849786664e-03,8.400031713923052923e-01,-2.372816306019758393e-03,-2.235707126263608048e-03,-9.269948659270604114e-04,5.435825454240261934e+01,5.559070638807864384e+01,1.892059281950347440e+02,-3.452935735613520823e-02,1.705195740640741633e+02,1.561089359092301129e+04,6.942647086708533607e+03,1.548273717900583870e+04
1.864999999999850111e+00,1.841585554619432585e+01,-7.619601746199371542e-03,8.400013950806588525e-01,-2.789573893037688122e-03,-1.957980274037866408e-03,3.304175394192477178e-04,-1.560404046203711914e+01,-5.397382840346608646e+01,1.895164363309231703e+02,-3.451085325302272883e-02,1.705064878018987997e+02,1.630484725328204513e+04,6.926440873018459570e+03,1.479970483908095048e+04
1.869999999999849560e+00,1.841584284812000405e+01,-7.633072923725827026e-03,8.400055080731544388e-01,-3.162620363436501048e-03,-3.454601554081875286e-03,1.383023923959606893e-03,5.785610981272748177e+01,6.535868741334058996e+01,1.912568702107469107e+02,-3.450499224976294466e-02,1.705047618385590624e+02,1.561422045372405773e+04,6.951789650526767218e+03,1.547455326840646740e+04
1.874999999999849010e+00,1.841583541605742269e+01,-7.648942616744163273e-03,8.400145676365398106e-01,-5.063798827697666913e-03,-3.958506482839249142e-03,2.977545963477005921e-03,6.400668613929508410e+01,6.731202487316178917e+01,1.907615259007435498e+02,-3.449585683828623045e-02,1.704934983557046166e+02,1.560773012682833541e+04,6.945177486839304038e+03,1.547735780847273600e+04
1.879999999999848459e+00,1.841582466048724598e+01,-7.662895805471874391e-03,8.400310945147851927e-01,-4.769691521012140063e-03,-3.289778372084418111e-03,4.263064751897558541e-03,-7.953685706589794790e+00,-4.644547219517394865e+01,1.895758463452436899e+02,-3.446977108153247843e-02,1.704794039602448379e+02,1.628869927967397598e+04,6.934936171463053142e+03,1.478805185626843013e+04
1.884999999999847908e+00,1.841581670298038276e+01,-7.678092889059320164e-03,8.400527942009253790e-01,-9.709428679372612619e-04,-2.947694097915446419e-03,4.695726169738177400e-03,-1.415929987155675462e+01,-2.549364935509780139e+01,1.925341647585651117e+02,-3.445045437592974408e-02,1.704662972175033246e+02,1.654573518882807548e+04,6.898247942069956480e+03,1.490743191713080523e+04
1.889999999999847358e+00,1.841581476599323608e+01,-7.692427631122692247e-03,8.400781949889783995e-01,-9.022130821746553620e-05,-3.280717623248394135e-03,5.323268615880372666e-03,-2.101763814657579132e+01,-3.934432395981001207e+01,1.909545842701378433e+02,-3.444246188106917655e-02,1.704483462128188478e+02,1.627651706611089685e+04,6.927340152735807351e+03,1.476939312342934136e+04
1.894999999999846807e+00,1.841580793360964918e+01,-7.706708057423661794e-03,8.401082594265389947e-01,1.863173844789020291e-03,-2.210106280272448789e-03,5.724754277719038172e-03,-2.652572980663353519e+01,-5.819159193587607604e+01,1.873237827418753341e+02,-3.441886735431767819e-02,1.704334621179215503e+02,1.626932335887990484e+04,6.914428656067090742e+03,1.476536684612946192e+04
1.899999999999846256e+00,1.841579864766030639e+01,-7.725378508058743272e-03,8.401400071569641304e-01,-5.145344267644839931e-03,-4.663906770122979925e-03,6.988155897390651607e-03,6.606163379822430670e+01,6.960361110652429772e+01,1.873602627216766905e+02,-3.442040604967217671e-02,1.704288936590255048e+02,1.557087722133962779e+04,6.936228642534144456e+03,1.544625279864948425e+04
1.904999999999845706e+00,1.841579038576662342e+01,-7.742528559262163747e-03,8.401735566071640848e-01,-4.868240984341251111e-03,-3.831322073890022859e-03,7.347229669105058078e-03,6.525688434509231683e+01,5.616723625407773568e+01,1.850603508611418420e+02,-3.440576825747358042e-02,1.704207165194519860e+02,1.557439049234312006e+04,6.927835235827118595e+03,1.544529859884995130e+04
1.909999999999845155e+00,1.841578413190777752e+01,-7.759743026647996679e-03,8.402074912842727450e-01,5.901136332852376922e-04,-3.347658292070085015e-03,6.489816793736380256e-03,-2.266228100704222470e+01,-4.756570004403411644e+01,1.874115051117491930e+02,-3.438893397133239299e-02,1.704107561937638593e+02,1.625722592732199337e+04,6.916811834209100198e+03,1.474978424218891087e+04
1.914999999999844604e+00,1.841578112024749814e+01,-7.778998038365200415e-03,8.402406815531078266e-01,-3.179286107038126110e-03,-3.480123824002830709e-03,7.161182142930809860e-03,5.968892328447373075e+01,5.078293560926650230e+01,1.841276323726120836e+02,-3.438074374664123328e-02,1.703996319559438746e+02,1.555451871351452064e+04,6.919045277312225153e+03,1.544316719109819314e+04
1.919999999999844054e+00,1.841577768614166288e+01,-7.795891195775260692e-03,8.402737720907690333e-01,-3.206128989632253245e-04,-3.712055037938379130e-03,6.398581173806736772e-03,-2.037178390257940919e+01,-4.429798553187845300e+01,1.863637643732002971e+02,-3.436111570978838542e-02,1.703865548454990630e+02,1.623074265567094517e+04,6.914729259541171814e+03,1.474274299806408635e+04
1.924999999999843503e+00,1.841577238265871586e+01,-7.813518027968152299e-03,8.403057867874843545e-01,-7.718614236493446515e-04,-3.219015188864464850e-03,6.235646111385976902e-03,5.213012951627524671e+01,5.025116186884322644e+01,1.844208858031124691e+02,-3.435627789289729533e-02,1.703835890554929620e+02,1.555395938111595569e+04,6.920191967569178814e+03,1.543597239983235522e+04
1.929999999999842952e+00,1.841576918666342877e+01,-7.831021471998609110e-03,8.403356944723449073e-01,-2.990158353731911956e-03,-3.866077293249601567e-03,6.331943575772993119e-03,3.330522058545932396e+01,6.219358347852153202e+01,1.917554036446831560e+02,-3.434518952776867418e-02,1.703738068865361868e+02,1.608031943150402731e+04,6.922524799003367661e+03,1.543237623374341092e+04
1.934999999999842402e+00,1.841575548572766863e+01,-7.846697224432480980e-03,8.403668138071235250e-01,-2.807856095071887062e-03,-2.984230240748806783e-03,5.924919703971283022e-03,5.710927175120889387e+01,4.964570922106948103e+01,1.821284625568670208e+02,-3.432226529880755272e-02,1.703586372675179632e+02,1.554233379329501986e+04,6.906168012278353672e+03,1.542396769180267984e+04
1.939999999999841851e+00,1.841574563074355808e+01,-7.862202765301952445e-03,8.403931538438725868e-01,-1.878098384404876774e-03,-3.094272539060692259e-03,4.840774375858978434e-03,5.354646798928968110e+01,5.170090307144013764e+01,1.824802930120534938e+02,-3.430468519135543293e-02,1.703467614713759417e+02,1.553554146031140772e+04,6.906474754583452523e+03,1.541524591813689040e+04
1.944999999999841300e+00,1.841573740466199638e+01,-7.877942156491917272e-03,8.404144090640028875e-01,-3.189526762547836326e-03,-2.810343964310225724e-03,4.122393738864666736e-03,5.672625396728358282e+01,4.657451643641825001e+01,1.810024479778005571e+02,-3.429020359987642458e-02,1.703353075017807328e+02,1.552239716611274343e+04,6.903715578095072487e+03,1.541344407016364494e+04
1.949999999999840750e+00,1.841572917090612549e+01,-7.893091222842108998e-03,8.404304938203396302e-01,-2.174234397061933395e-03,-3.676517637851092930e-03,2.726456351483961659e-03,5.324276517361931838e+01,6.205879878934233318e+01,1.840589370234822582e+02,-3.427951512884514634e-02,1.703266483766598753e+02,1.552618121401915050e+04,6.911555695253736303e+03,1.540392347961151972e+04
1.954999999999840199e+00,1.841572326870156928e+01,-7.905281285703212937e-03,8.404411228533177347e-01,-2.039208553070760016e-03,-2.261340548198782947e-03,1.690037530399758538e-03,-1.825616923794996183e+01,-4.800991634318214096e+01,1.816343922118912815e+02,-3.426440903246665698e-02,1.703068195349146663e+02,1.618835591909002142e+04,6.890505879635626115e+03,1.469923763388805310e+04
1.959999999999839648e+00,1.841571465515172434e+01,-7.916327912916621551e-03,8.404451187042455418e-01,-2.236360970828150680e-03,-2.678434634079950374e-03,7.653247815810821958e-05,-1.840893867841100473e+01,-4.532277572947788258e+01,1.801803732200847890e+02,-3.424904270360833863e-02,1.702881285691655933e+02,1.615503667142145787e+04,6.889729253961621907e+03,1.468248026753829254e+04
1.964999999999839098e+00,1.841570359769670162e+01,-7.927614212639136695e-03,8.404412342541687231e-01,-4.048909338504005050e-03,-2.531633186611523256e-03,-1.247783010156763373e-03,-1.362840399784397505e+01,-4.795498959078045687e+01,1.791911290094615197e+02,-3.423522841851675547e-02,1.702760056154610027e+02,1.614503908350501661e+04,6.885686876744335677e+03,1.467510081091756183e+04
1.969999999999838547e+00,1.841569156494517046e+01,-7.940350169237608835e-03,8.404293890879276363e-01,-1.463369625167831953e-03,-2.569368111970988730e-03,-3.175023571359761928e-03,-1.167538988224339391e+01,1.311840611903480180e+02,1.994216958541413760e+02,-3.423111774307147775e-02,1.702693417848143156e+02,1.631813789850103967e+04,5.877373124509125773e+03,1.507666335837316728e+04
1.974999999999837996e+00,1.841567680805288987e+01,-7.950074427614800890e-03,8.404116509130027390e-01,-3.026322647229288520e-03,-2.397372940660800599e-03,-4.177718513617301871e-03,-1.835152679314956004e+01,-4.559287433201618001e+01,1.826282365752065289e+02,-3.421610588393624031e-02,1.702627286380458429e+02,1.614045769578673753e+04,6.884968983464263147e+03,1.466835712254630744e+04
1.979999999999837446e+00,1.841566152608034912e+01,-7.961590216212869817e-03,8.403880436679390664e-01,-5.610017298462739027e-03,-2.051556140154790937e-03,-4.640450266901768005e-03,5.962608804473529744e+01,5.052734625053172124e+01,1.816961441437312033e+02,-3.421279250231099023e-02,1.702577380622356884e+02,1.546877274195865539e+04,6.882465117230117357e+03,1.537116907288607945e+04
1.984999999999836895e+00,1.841564558406891905e+01,-7.969237540038835374e-03,8.403605654082639820e-01,-4.779371808227141603e-03,-1.899371413708522477e-03,-5.679741980433817769e-03,-1.408748951441702957e+01,-4.205139700865160535e+01,1.838406116383374638e+02,-3.419620302857853678e-02,1.702448363080376339e+02,1.612710623138783194e+04,6.883085274951305109e+03,1.465765699230756036e+04
1.989999999999836344e+00,1.841562820295451885e+01,-7.976656581167279603e-03,8.403290258287392511e-01,-5.212953191786873046e-03,-1.438377279168230214e-03,-6.367936134021779174e-03,5.760697979440885774e+01,4.913386559898880535e+01,1.816496887270099023e+02,-3.418882066087339938e-02,1.702330865771766923e+02,1.544556035777169564e+04,6.875821998554623860e+03,1.535497395595507805e+04
1.994999999999835794e+00,1.841561276064729213e+01,-7.984155598840214987e-03,8.402929694514168490e-01,-6.522940229597028097e-04,-1.166586940508817583e-03,-7.914446743425855926e-03,-2.733578158506986711e+01,-5.245303460886819380e+01,1.848006816817646722e+02,-3.417035252366574377e-02,1.702159368548217344e+02,1.611236246689831023e+04,6.861206761883752733e+03,1.465082066716398003e+04
